scenario,start_hour,wind_across_m_s,wind_along_m_s,gust_across_m,gust_along_m,line_across_m,fix_lost_s,fix_restored_s,link_lost_s,link_restored_s,cell_failed_s,crew,part_1_ending,part_1_time_s,part_1_nearest_person_m,part_3_ending,part_3_time_s,part_3_nearest_person_m,part_4_ending,part_4_time_s,part_4_nearest_person_m
0,13.26,0.09,5.18,-1.10,-0.31,101.0,81,,99,128,118,4,TippedAndRolled,124,168.7,Safe,127,59.2,Safe,123,75.2
1,19.44,0.21,0.13,-0.70,-0.17,80.8,65,,58,,106,8,TippedAndRolled,94,32.4,Safe,100,51.5,Safe,116,55.4
2,1.38,0.17,0.08,0.56,-1.82,90.8,24,,52,108,59,3,HitTrees,65,20.1,Safe,82,10.7,HitTrees,63,19.5
3,15.96,0.23,-0.97,-0.62,0.54,100.4,75,93,71,126,,4,HitTrees,92,24.2,TippedAndRolled,114,47.0,Resumed,126,-1.0
4,21.46,1.07,-2.95,1.14,-0.62,68.7,40,,59,,,8,Safe,90,93.4,TippedAndRolled,129,84.9,Safe,125,117.2
5,1.44,1.78,4.78,0.08,0.13,45.6,79,,70,,,0,HitTrees,96,-1.0,Safe,134,-1.0,Safe,147,-1.0
6,8.55,-2.46,-3.17,0.39,-0.07,76.4,38,75,45,,85,0,Ditched,76,-1.0,Safe,110,-1.0,TippedAndRolled,99,-1.0
7,15.87,-0.73,2.42,0.40,-0.49,54.6,78,,96,,,5,TippedAndRolled,127,74.7,Safe,185,133.8,Safe,166,137.7
8,0.42,-0.36,2.35,1.74,0.24,95.2,36,,18,,36,5,TippedAndRolled,50,142.4,Fell,61,102.5,Safe,47,92.4
9,20.85,-0.52,-0.43,-1.23,-1.53,67.7,88,,72,100,93,4,TippedAndRolled,105,145.8,Fell,118,195.2,TippedAndRolled,107,93.0
10,10.47,-0.25,-0.16,-0.62,-0.44,93.5,79,107,82,,90,2,TippedAndRolled,102,30.5,Fell,115,53.7,TippedAndRolled,104,12.4
11,18.40,-0.60,-1.22,0.07,-0.06,53.1,45,,36,,74,5,TippedAndRolled,74,107.6,Fell,99,199.2,TippedAndRolled,88,136.6
12,3.82,2.66,0.21,-0.00,0.00,107.9,70,101,85,,,8,IntoRavine,116,69.7,Safe,118,11.6,Safe,109,16.0
13,21.55,-1.89,-2.30,0.10,1.90,52.5,56,93,49,88,109,2,Ditched,85,149.6,TippedAndRolled,101,127.4,Safe,108,131.8
14,18.35,-1.93,0.80,-1.17,-0.77,94.1,37,,47,,54,0,TippedAndRolled,66,-1.0,Fell,79,-1.0,TippedAndRolled,68,-1.0
15,12.13,-4.06,-3.12,0.73,-0.57,52.2,24,,28,,,7,Ditched,59,153.8,Safe,69,18.2,Ditched,493,1298.4
16,3.13,-1.10,0.40,0.88,-0.00,55.6,89,,77,,123,6,TippedAndRolled,118,103.7,Safe,148,238.6,TippedAndRolled,137,170.6
17,19.99,-1.82,2.38,1.91,-0.12,101.1,22,56,20,78,,7,TippedAndRolled,51,54.9,NearPerson,59,9.6,Resumed,78,-1.0
18,0.40,-1.26,-1.82,0.20,1.13,95.6,43,,43,,,4,TippedAndRolled,74,57.5,Safe,136,160.8,Ditched,493,1105.2
19,2.33,0.75,-2.35,-0.55,1.90,103.0,34,53,40,,89,4,TippedAndRolled,71,43.9,Safe,76,26.9,Safe,73,31.7
20,19.75,0.13,0.12,0.63,-1.71,47.5,30,,58,,,0,TippedAndRolled,89,-1.0,Safe,117,-1.0,Safe,168,-1.0
21,9.43,-1.22,5.56,0.03,-0.00,52.2,89,132,103,,,4,Ditched,134,189.6,Safe,141,16.7,Ditched,483,414.1
22,13.07,-0.97,-1.71,1.45,-0.39,35.7,50,,78,,102,5,Ditched,106,74.9,Fell,127,85.7,TippedAndRolled,116,101.2
23,13.43,1.87,-1.67,1.68,0.96,26.2,58,,80,,93,0,TippedAndRolled,102,-1.0,Safe,103,-1.0,Safe,95,-1.0
24,21.61,0.26,2.68,-0.64,1.54,72.1,78,,68,,134,6,NearPerson,107,6.6,TippedAndRolled,133,131.2,TippedAndRolled,148,194.7
25,13.88,-3.94,1.26,-1.02,0.46,96.7,34,,50,,,7,Ditched,81,158.5,Safe,121,75.6,Safe,104,80.2
26,6.87,3.57,-0.59,0.21,-0.12,92.6,42,,43,83,,1,TippedAndRolled,74,117.1,Safe,81,31.8,Safe,132,207.3
27,20.92,0.84,-2.05,1.05,-0.60,67.9,37,,39,,57,6,TippedAndRolled,64,13.6,Fell,82,82.2,HitTrees,65,28.5
28,13.50,2.15,-2.77,-0.54,0.89,43.9,30,,39,,70,3,Safe,70,112.4,Safe,83,46.6,TippedAndRolled,86,51.2
29,19.87,-3.82,3.62,0.33,-0.85,83.1,66,,52,,75,7,Ditched,85,60.0,Fell,100,43.4,Safe,84,38.8
30,10.16,-2.17,-2.40,1.11,-0.57,24.3,67,,69,,107,1,Ditched,100,118.4,Safe,116,73.4,TippedAndRolled,121,106.1
31,14.42,-1.02,-0.69,0.19,0.26,66.5,80,96,99,124,133,1,TippedAndRolled,147,255.7,Fell,158,198.3,TippedAndRolled,149,86.9
32,15.32,-0.42,-1.07,1.36,0.10,93.8,24,,24,,63,8,TippedAndRolled,55,17.9,NearPerson,65,6.2,Ditched,77,84.4
33,13.76,-1.68,3.91,0.34,-1.03,105.3,36,57,36,52,91,5,TippedAndRolled,67,29.3,Safe,80,15.4,TippedAndRolled,106,270.2
34,16.41,1.88,-3.66,0.27,-1.08,97.1,78,123,77,,78,8,NearPerson,92,8.9,Fell,103,13.1,TippedAndRolled,92,33.2
35,1.40,-0.46,-0.32,-0.95,0.82,27.9,37,75,32,,41,6,TippedAndRolled,54,34.9,Fell,66,52.9,TippedAndRolled,55,29.1
36,14.62,1.00,1.47,-0.19,0.03,47.5,38,89,41,,68,0,HitTrees,61,-1.0,Safe,71,-1.0,Safe,73,-1.0
37,23.02,0.28,-4.87,0.79,-1.23,103.8,20,68,11,61,,6,TippedAndRolled,49,213.7,Safe,54,83.2,Safe,52,37.5
38,5.66,3.99,-1.63,-0.05,-0.01,86.3,73,,56,,,5,TippedAndRolled,102,235.1,Safe,126,104.2,Safe,97,101.4
39,9.46,1.51,-0.92,-1.03,-1.03,98.6,57,,63,,,5,TippedAndRolled,94,72.1,Safe,94,17.7,Safe,96,13.3
40,13.34,-0.37,-0.93,-1.02,0.39,97.7,32,,35,,,5,TippedAndRolled,66,17.1,Safe,74,25.0,Safe,96,69.8
41,1.31,0.39,-3.78,-0.18,0.05,42.4,38,83,51,,,3,TippedAndRolled,82,112.2,Safe,129,92.8,Safe,115,96.7
42,2.08,-0.59,3.77,-0.20,0.37,77.1,76,132,59,,,5,TippedAndRolled,105,46.1,Safe,117,107.8,Safe,108,104.0
43,16.17,-1.49,5.74,-0.02,0.01,63.7,35,,53,73,87,1,Ditched,84,282.3,Fell,112,142.2,TippedAndRolled,102,145.0
44,16.51,-2.00,1.53,0.40,-0.71,74.6,68,,73,107,73,5,HitTrees,81,50.7,Fell,98,15.8,HitTrees,81,21.1
45,7.77,-1.10,-1.34,-0.41,-0.03,74.8,83,,98,157,141,3,TippedAndRolled,129,41.5,Fell,166,155.1,TippedAndRolled,155,130.5
46,1.93,-0.88,4.13,-0.92,-1.29,25.2,34,,18,,,3,Ditched,63,68.7,Safe,82,118.8,Safe,59,114.9
47,1.08,0.28,-0.98,-1.16,0.18,50.8,89,,116,141,170,3,TippedAndRolled,147,26.5,Fell,195,184.6,TippedAndRolled,184,195.4
48,11.37,1.00,0.96,0.02,0.09,57.4,59,,68,,,8,HitTrees,93,19.1,Safe,105,31.5,Safe,98,27.8
49,8.66,-4.65,-2.49,0.03,0.43,40.4,28,,15,47,59,0,Ditched,57,-1.0,Safe,70,-1.0,Ditched,71,-1.0
50,23.33,2.64,-3.86,-0.31,1.31,43.5,30,,48,,,4,TippedAndRolled,79,157.5,Safe,105,44.2,Safe,111,51.0
51,3.41,1.94,2.73,1.03,0.14,38.9,55,,61,,,0,TippedAndRolled,92,-1.0,Safe,92,-1.0,Safe,301,-1.0
52,15.87,1.24,1.27,1.74,0.01,82.3,61,,63,,87,7,NearPerson,91,7.1,Safe,95,30.1,Safe,94,29.3
53,19.44,-0.98,-0.13,-0.53,-0.23,59.3,24,,44,79,,0,Ditched,75,-1.0,Safe,87,-1.0,Safe,252,-1.0
54,5.34,4.20,0.14,-1.12,-0.19,81.2,70,,66,,,1,IntoRavine,99,155.2,Safe,134,121.7,Safe,133,124.3
55,20.56,-1.87,3.57,0.30,0.59,72.3,37,,21,,71,3,TippedAndRolled,66,74.1,Safe,74,105.4,Ditched,85,140.5
56,3.84,-0.93,-0.16,0.48,-1.61,27.5,49,,35,,,0,Ditched,78,-1.0,Safe,103,-1.0,Safe,120,-1.0
57,0.58,3.39,3.16,0.29,0.76,54.2,81,116,75,125,131,6,TippedAndRolled,110,68.8,Safe,153,162.2,TippedAndRolled,145,74.9
58,23.61,0.13,0.32,-0.50,-0.35,35.7,48,,56,,100,7,NearPerson,87,6.5,Fell,125,148.2,TippedAndRolled,114,94.3
59,15.36,0.02,-0.12,1.46,-0.95,61.3,46,,39,61,,1,HitTrees,63,43.7,Safe,130,207.9,Safe,134,211.9
60,13.78,-4.36,-2.43,1.41,-1.19,86.9,22,,44,,,4,Ditched,75,272.2,TippedAndRolled,80,35.1,Safe,68,37.6
61,10.01,-1.85,-2.66,-1.79,-0.52,107.6,24,68,38,,,3,TippedAndRolled,69,120.1,Safe,75,16.5,Safe,90,40.5
62,6.77,0.14,-0.05,0.51,1.48,41.2,60,84,67,,,2,TippedAndRolled,98,30.0,NearPerson,106,9.3,Safe,198,294.7
63,3.34,4.64,-0.70,-1.84,-0.42,59.0,54,,39,,97,2,TippedAndRolled,83,219.6,Safe,107,269.2,TippedAndRolled,111,241.6
64,19.34,1.06,-3.78,1.40,-0.66,92.5,85,135,91,,,3,Safe,122,107.4,Safe,194,182.7,Ditched,490,760.8
65,19.77,3.52,0.95,-0.30,0.20,100.4,81,105,91,139,,4,TippedAndRolled,122,73.6,Safe,126,22.5,Safe,120,22.3
66,21.95,-0.32,-0.33,0.29,1.46,51.7,56,92,52,,90,7,HitTrees,82,27.1,Safe,85,22.4,Safe,95,15.6
67,8.71,2.34,2.25,-0.70,0.64,100.6,45,60,27,41,,5,TippedAndRolled,353,339.4,Safe,360,343.8,Resumed,41,-1.0
68,7.15,-2.45,1.04,-0.22,0.05,67.7,22,69,44,,77,6,Ditched,75,93.5,Safe,80,21.3,TippedAndRolled,91,119.2
69,13.79,2.49,1.86,0.60,-0.75,85.3,27,,23,,74,2,TippedAndRolled,56,74.9,Safe,76,59.5,Safe,75,65.1
70,20.16,1.14,3.16,-0.10,-0.25,85.3,42,99,35,,,0,TippedAndRolled,71,-1.0,Safe,117,-1.0,Safe,120,-1.0
71,12.75,-0.31,0.32,-0.73,1.15,77.0,64,,54,,,5,TippedAndRolled,93,54.1,Safe,102,35.6,Safe,377,326.5
72,3.79,3.76,-4.29,0.32,1.05,52.2,52,92,48,,63,0,Safe,72,-1.0,Fell,88,-1.0,TippedAndRolled,77,-1.0
73,0.09,-3.17,0.50,0.37,-0.12,97.7,46,,28,,,2,Ditched,75,223.8,Safe,75,215.2,Safe,69,102.3
74,6.75,1.65,-1.50,-1.58,1.11,87.6,60,,57,68,103,6,Safe,89,28.3,Safe,96,18.0,TippedAndRolled,117,73.4
75,4.74,-1.45,2.57,-0.31,-0.74,46.0,53,101,59,,,8,Ditched,90,54.5,Safe,95,13.4,Safe,92,14.1
76,1.23,-0.17,1.45,0.99,-0.00,64.0,20,,13,,41,2,Safe,45,20.3,Safe,50,20.6,TippedAndRolled,54,48.7
77,0.60,-0.30,-4.04,-0.49,-0.57,52.0,80,105,106,132,110,1,TippedAndRolled,124,120.6,Fell,135,103.5,TippedAndRolled,124,60.5
78,7.97,-0.67,1.85,1.25,0.83,30.2,43,,58,111,103,5,Ditched,89,50.0,Fell,128,166.4,TippedAndRolled,117,145.6
79,20.39,0.26,-0.81,-1.34,-0.13,102.2,55,,40,,108,7,TippedAndRolled,84,151.3,Safe,90,129.3,Safe,81,41.5
80,14.08,1.56,-1.29,0.39,0.32,31.9,88,138,101,127,,0,TippedAndRolled,132,-1.0,Safe,171,-1.0,Safe,158,-1.0
81,16.17,0.72,1.91,1.19,-0.04,41.7,48,,71,,104,6,TippedAndRolled,102,64.6,Fell,129,138.6,TippedAndRolled,118,138.4
82,2.12,-2.13,-0.22,0.36,-1.21,71.0,84,,67,,140,3,Ditched,113,182.0,Safe,116,175.5,Safe,139,179.0
83,9.09,-4.11,-0.03,0.95,1.49,93.2,79,,91,,116,7,Ditched,119,128.1,Fell,141,83.0,TippedAndRolled,130,49.8
84,22.93,-1.27,4.56,1.61,0.33,57.6,45,103,28,60,53,5,TippedAndRolled,64,136.0,Safe,65,216.2,TippedAndRolled,67,176.0
85,22.70,0.90,-1.66,0.40,-0.75,74.1,57,,61,,,8,TippedAndRolled,92,25.4,NearPerson,92,4.9,Safe,186,268.6
86,11.73,-2.61,-2.51,0.24,0.36,30.2,41,,41,58,74,1,Ditched,72,123.7,Fell,99,164.4,TippedAndRolled,88,96.2
87,17.76,-3.86,1.32,-1.72,0.26,58.0,20,,3,,26,4,Ditched,38,103.2,Ditched,38,103.2,TippedAndRolled,40,13.2
88,8.34,3.22,4.14,-0.04,0.39,28.4,86,102,80,,88,4,TippedAndRolled,102,53.6,Fell,113,52.6,TippedAndRolled,102,24.2
89,4.50,-0.92,4.65,0.96,1.24,52.8,56,,54,,,5,TippedAndRolled,85,109.8,NearPerson,86,7.0,Safe,188,273.0
90,22.11,-0.70,-3.55,-0.04,-0.24,100.5,53,,43,,108,7,TippedAndRolled,82,165.0,Safe,89,61.6,Safe,84,14.9
91,22.19,-2.05,-0.47,-1.93,-0.26,92.7,85,,103,117,128,7,Ditched,131,85.6,Fell,153,127.8,TippedAndRolled,142,111.2
92,7.98,1.42,0.68,1.66,-0.44,91.1,25,,25,,,7,NearPerson,56,9.8,Safe,71,27.2,Safe,71,22.0
93,5.44,-2.66,-0.71,-0.40,0.06,71.3,47,,48,,,3,Ditched,79,52.6,TippedAndRolled,152,186.3,Safe,151,189.7
94,20.88,-0.44,3.49,-0.55,0.05,47.4,74,,61,71,111,0,TippedAndRolled,125,-1.0,Safe,127,-1.0,Safe,121,-1.0
95,15.47,3.57,1.64,-0.49,-0.16,97.2,65,,48,91,70,8,TippedAndRolled,82,139.9,Safe,86,160.9,TippedAndRolled,84,114.0
96,17.19,-0.16,0.62,0.79,0.71,105.3,41,,31,,,4,TippedAndRolled,70,22.7,Safe,75,45.6,Safe,72,21.3
97,9.18,5.76,0.41,-0.35,-0.58,98.2,77,,58,,,4,TippedAndRolled,106,239.5,Safe,110,193.2,Safe,104,121.5
98,15.61,-2.69,1.55,1.22,-1.02,88.9,39,67,54,,,4,TippedAndRolled,85,42.7,Safe,138,142.2,Safe,123,146.3
99,11.15,4.40,2.17,-0.78,-0.09,36.1,41,57,69,,,2,TippedAndRolled,353,321.2,Safe,401,175.2,Resumed,57,-1.0
100,3.27,-1.63,-1.68,-0.05,1.15,35.7,79,,63,,,1,Ditched,108,289.9,Safe,111,229.9,Safe,146,294.2
101,3.11,1.44,-0.03,-1.06,0.90,90.4,35,,35,64,,1,Safe,66,39.1,Safe,107,130.1,Safe,107,134.3
102,6.90,-0.49,-3.05,0.78,-0.13,96.4,39,90,33,44,65,2,TippedAndRolled,67,67.9,Fell,90,107.0,Safe,70,34.3
103,17.11,-0.79,-1.75,-0.06,0.02,31.3,72,,63,113,,2,Ditched,101,91.8,Safe,113,83.0,Safe,122,86.9
104,20.84,-0.76,-1.49,-0.21,1.14,60.1,31,55,33,43,88,8,TippedAndRolled,64,18.1,Safe,91,41.0,TippedAndRolled,106,204.2
105,17.87,0.03,-4.10,0.50,0.33,101.2,71,,93,,,3,TippedAndRolled,124,174.1,Safe,130,29.3,Safe,113,27.6
106,2.51,0.88,-4.29,-0.80,-0.06,91.8,70,,74,,74,3,TippedAndRolled,88,24.2,Fell,99,33.0,TippedAndRolled,88,41.2
107,7.04,4.48,0.84,0.66,1.66,75.8,88,,104,,,6,TippedAndRolled,135,199.8,NearPerson,154,4.3,Safe,143,14.8
108,20.24,3.04,1.35,0.71,-0.87,74.6,64,115,80,117,,7,IntoRavine,111,107.2,Safe,122,26.5,Safe,121,25.0
109,9.43,-2.28,-2.97,-0.31,0.87,76.4,29,,47,106,69,5,Ditched,74,114.8,Safe,89,42.6,TippedAndRolled,84,57.9
110,19.73,0.93,-2.24,1.54,0.85,47.5,22,,7,45,,4,TippedAndRolled,51,191.1,TippedAndRolled,51,191.1,Ditched,493,1345.8
111,7.90,1.13,2.87,-0.58,-1.72,49.8,53,105,60,86,84,2,TippedAndRolled,88,44.8,TippedAndRolled,90,37.4,Safe,88,31.8
112,11.93,2.09,-1.38,-0.58,0.04,66.5,42,,28,79,64,1,Safe,68,179.4,Safe,71,167.6,TippedAndRolled,78,160.5
113,18.84,-1.54,0.81,1.04,-0.17,79.1,88,,75,,127,5,TippedAndRolled,117,84.9,Safe,140,208.0,TippedAndRolled,141,172.2
114,8.97,1.29,0.92,-0.39,0.53,36.7,24,,11,,,7,TippedAndRolled,53,98.8,TippedAndRolled,53,98.8,Safe,74,89.7
115,15.67,0.80,2.42,-0.70,0.44,71.8,67,,49,84,,5,TippedAndRolled,96,143.5,Safe,105,235.6,Safe,262,239.9
116,13.19,-0.68,-1.72,0.15,-0.33,63.9,58,76,44,,,8,TippedAndRolled,87,134.1,Safe,125,221.3,Safe,142,225.6
117,0.05,-2.88,-1.79,0.12,0.29,27.4,32,,55,97,,2,Ditched,86,161.9,Safe,118,70.9,Safe,95,75.1
118,12.35,2.82,-0.95,-0.14,0.02,76.9,74,104,80,,94,4,IntoRavine,103,62.8,Fell,119,65.6,TippedAndRolled,108,19.3
119,0.57,2.31,-3.95,1.23,-0.21,94.5,56,,53,,,0,TippedAndRolled,85,-1.0,Safe,87,-1.0,Safe,94,-1.0
120,5.17,-3.48,4.07,-1.29,-0.03,60.1,66,,75,,,4,Ditched,106,180.8,Safe,106,29.5,Safe,105,36.4
121,0.73,-1.09,1.66,0.54,0.64,24.8,62,,86,,140,0,Ditched,117,-1.0,TippedAndRolled,130,-1.0,TippedAndRolled,150,-1.0
122,2.86,-0.04,-0.87,-0.68,0.01,65.0,78,116,90,,130,4,HitTrees,109,31.1,Fell,155,115.7,TippedAndRolled,144,96.3
123,10.99,-0.47,-0.19,0.16,-0.66,93.2,82,107,65,122,94,1,TippedAndRolled,103,232.6,Safe,103,229.6,TippedAndRolled,108,197.7
124,19.91,4.36,0.46,1.36,-0.38,106.1,26,,38,,,5,TippedAndRolled,69,170.1,Safe,74,42.7,Safe,315,37.4
125,19.31,-2.29,-0.00,0.72,1.07,64.8,89,105,94,,98,4,TippedAndRolled,112,54.0,Fell,123,42.0,TippedAndRolled,112,21.1
126,10.25,-4.04,3.37,-0.31,0.27,102.4,72,,98,,116,5,Ditched,123,262.6,Safe,128,15.4,Safe,115,13.6
127,17.03,-0.94,5.37,1.69,-0.18,71.1,51,,42,82,84,2,TippedAndRolled,80,32.1,Fell,109,182.5,TippedAndRolled,98,102.1
128,21.06,-1.39,0.71,-0.64,-1.25,98.1,31,,45,,,4,TippedAndRolled,76,38.0,Safe,84,13.5,Safe,70,16.6
129,6.26,3.72,0.59,0.00,0.01,76.0,76,101,70,,126,3,TippedAndRolled,105,94.2,Safe,136,98.3,Ditched,140,137.2
130,16.38,3.18,-1.80,0.39,1.39,48.4,62,,45,,,4,TippedAndRolled,91,249.8,Safe,134,322.1,Safe,101,102.4
131,1.38,-0.01,0.16,-0.99,-0.14,28.4,88,102,108,162,145,4,TippedAndRolled,159,226.9,Safe,160,223.1,TippedAndRolled,160,15.4
132,10.82,-3.27,-2.28,-0.08,-0.11,93.8,54,,73,126,,6,Ditched,104,136.7,Safe,109,29.3,Safe,93,31.7
133,2.54,-0.83,-0.32,1.40,-0.18,67.3,63,,78,,,5,TippedAndRolled,109,18.0,NearPerson,125,6.6,Safe,151,124.6
134,12.66,2.64,1.13,1.45,1.15,32.1,20,,44,74,,1,TippedAndRolled,75,174.0,Safe,77,17.0,Ditched,490,439.0
135,4.76,2.67,3.05,1.76,0.34,51.0,31,,50,88,77,6,TippedAndRolled,79,181.3,Safe,80,14.0,TippedAndRolled,90,16.0
136,1.96,-0.74,-5.83,0.50,-0.63,101.8,51,61,77,,97,5,TippedAndRolled,111,145.0,Safe,118,107.8,Safe,106,104.6
137,12.57,-4.73,-0.45,-0.56,-0.10,69.7,71,,84,,125,3,Ditched,115,198.6,Safe,139,110.8,Safe,132,114.4
138,6.84,5.39,-2.32,1.85,0.75,56.3,29,,46,,,6,TippedAndRolled,77,255.1,Safe,101,80.8,Ditched,493,1198.8
139,23.03,-5.59,-0.62,0.39,-0.05,60.6,40,,38,,,3,Ditched,69,152.5,Safe,123,146.2,Safe,125,149.4
140,5.11,0.28,-0.27,-0.21,0.06,60.1,59,,87,,104,4,NearPerson,111,5.9,Safe,114,13.7,TippedAndRolled,118,79.7
141,17.49,3.12,-0.37,-1.18,-1.40,41.8,82,101,86,,140,7,TippedAndRolled,117,57.4,Fell,165,150.8,TippedAndRolled,154,120.6
142,19.75,-0.67,0.75,1.51,0.18,102.1,32,,31,54,64,0,TippedAndRolled,62,-1.0,Safe,67,-1.0,Safe,68,-1.0
143,16.21,-0.63,0.52,-0.90,0.87,33.4,21,,2,,,6,TippedAndRolled,50,144.8,TippedAndRolled,50,144.8,Safe,75,22.5
144,20.01,-2.72,-0.45,1.69,-0.59,94.6,76,,76,96,,4,Ditched,107,58.1,Safe,158,112.3,Safe,157,116.4
145,1.31,5.32,-1.71,0.38,0.40,32.9,37,,49,,,6,TippedAndRolled,80,209.4,Safe,126,84.7,Safe,113,88.3
146,1.37,0.79,1.20,0.98,-0.75,97.9,39,,66,,,2,TippedAndRolled,97,59.9,Safe,104,31.7,Safe,78,34.8
147,2.01,2.00,4.91,-0.41,-0.63,66.3,20,,20,60,,6,Safe,51,127.9,Safe,56,15.0,Safe,189,22.0
148,14.88,-0.21,0.85,0.19,0.54,97.1,24,,13,50,,1,TippedAndRolled,53,59.5,Safe,61,92.1,Safe,54,24.1
149,7.82,0.11,1.13,1.18,0.86,46.7,76,,77,,133,8,TippedAndRolled,108,25.5,Safe,147,101.4,Safe,146,105.2
150,1.12,-1.85,-3.90,0.38,-1.08,47.7,53,,49,84,,1,Ditched,82,193.0,Safe,91,50.8,Ditched,483,273.7
151,0.07,0.33,-2.37,-1.29,-0.57,40.9,71,123,75,,,3,TippedAndRolled,106,32.1,Safe,142,56.5,Safe,137,60.5
152,22.44,0.56,-0.05,-1.09,0.25,41.9,57,,80,,107,0,TippedAndRolled,109,-1.0,Safe,109,-1.0,Safe,96,-1.0
153,10.25,0.01,-1.50,-1.13,-1.41,74.7,27,,23,,81,6,TippedAndRolled,56,23.3,Safe,75,28.9,Safe,76,31.6
154,3.02,-0.48,0.97,-1.54,0.85,38.4,25,,27,,48,8,HitTrees,46,24.4,NearPerson,61,4.2,Ditched,62,50.9
155,4.53,-0.28,0.40,-0.14,-0.12,56.2,54,86,52,88,,1,TippedAndRolled,83,67.9,Safe,87,62.1,Resumed,88,-1.0
156,7.50,-2.18,-4.01,1.97,0.17,91.6,49,,47,,85,1,TippedAndRolled,78,155.8,Fell,110,210.4,TippedAndRolled,99,135.2
157,22.87,1.98,-0.55,-0.68,0.32,102.7,33,88,45,70,,0,TippedAndRolled,76,-1.0,Safe,81,-1.0,Safe,72,-1.0
158,18.46,-2.79,1.77,0.49,-0.63,99.4,78,,80,117,139,4,Ditched,111,66.6,Safe,120,46.2,Safe,123,47.1
159,6.56,0.39,5.19,-0.92,-0.96,35.8,86,,113,,,7,TippedAndRolled,144,250.2,Safe,225,227.4,Safe,219,291.5
160,18.44,0.34,-0.48,-0.46,-0.89,49.9,37,63,21,,82,3,TippedAndRolled,66,146.7,Safe,80,92.0,Safe,68,88.0
161,7.03,1.49,-0.02,-1.06,-0.02,30.3,27,,8,61,42,7,TippedAndRolled,49,162.6,TippedAndRolled,49,162.6,Safe,49,15.9
162,8.45,-0.52,1.00,-0.77,1.02,104.2,70,,52,,,6,TippedAndRolled,99,134.7,Safe,105,163.0,Safe,93,61.7
163,2.38,-1.15,0.93,-1.28,1.08,36.9,49,,47,89,,4,Ditched,78,42.2,Safe,148,166.8,Safe,150,171.2
164,6.43,0.76,0.88,0.60,-1.85,90.8,73,,54,,,2,TippedAndRolled,102,173.9,TippedAndRolled,135,96.3,Safe,95,92.4
165,1.19,0.21,0.02,0.45,1.56,105.6,86,105,68,,,6,TippedAndRolled,115,171.0,TippedAndRolled,118,180.9,Safe,109,69.5
166,23.69,-1.69,4.66,0.41,1.26,84.6,56,,79,,126,2,Ditched,110,268.2,Safe,111,39.0,Safe,95,40.7
167,3.50,3.52,-0.87,0.02,0.21,59.8,65,108,82,,,7,TippedAndRolled,113,120.3,Safe,134,25.3,Safe,114,38.1
168,16.11,0.74,3.74,-0.55,-1.41,54.8,62,,78,,104,1,TippedAndRolled,107,207.4,Safe,115,27.6,Safe,112,32.2
169,21.25,-0.91,-0.04,1.58,-1.07,82.5,88,,83,139,96,1,NearPerson,107,5.0,Fell,121,97.8,TippedAndRolled,110,28.3
170,12.44,1.70,1.92,1.30,-0.16,56.0,44,,72,104,72,8,Safe,86,60.8,Fell,97,38.7,HitTrees,80,40.4
171,12.16,-2.52,-1.86,0.46,-0.05,66.0,27,,43,54,90,5,Ditched,74,100.5,Safe,92,12.3,Safe,77,17.5
172,18.12,4.70,-1.55,1.33,-1.43,77.9,51,,40,53,66,3,TippedAndRolled,80,190.4,TippedAndRolled,84,122.4,TippedAndRolled,79,56.2
173,10.02,0.09,0.15,0.08,0.38,95.2,88,,85,,129,8,TippedAndRolled,117,21.7,Fell,154,133.7,TippedAndRolled,143,59.7
174,4.30,4.48,3.34,0.01,0.20,84.6,55,99,54,,110,0,TippedAndRolled,85,-1.0,Safe,86,-1.0,TippedAndRolled,120,-1.0
175,18.71,2.09,-2.46,1.20,-0.42,32.2,58,,73,,,8,Safe,104,110.5,Safe,105,14.5,Ditched,493,1212.5
176,20.88,-1.81,-4.22,1.60,0.34,46.7,20,,18,,,4,Ditched,49,134.0,Safe,49,30.8,Safe,59,34.0
177,0.94,-4.94,-2.02,0.55,1.75,26.2,44,77,47,64,71,1,Ditched,75,176.6,Fell,96,134.6,TippedAndRolled,85,73.8
178,4.50,1.36,-3.36,-0.77,-1.14,80.9,65,101,47,57,,3,TippedAndRolled,353,475.2,Safe,371,437.4,Resumed,57,-1.0
179,6.14,1.59,-2.19,0.84,-0.41,66.1,80,,93,130,,0,TippedAndRolled,124,-1.0,TippedAndRolled,130,-1.0,Safe,119,-1.0
180,15.79,3.07,-2.85,0.03,0.61,40.2,48,,66,95,121,2,TippedAndRolled,97,178.9,Fell,146,171.8,Safe,105,46.2
181,7.48,-0.72,3.89,-0.93,1.59,86.7,62,,86,,139,4,TippedAndRolled,117,177.5,TippedAndRolled,133,18.7,TippedAndRolled,148,98.9
182,10.91,-2.21,1.47,-0.06,-0.90,57.8,20,,23,70,,5,Ditched,54,55.8,Safe,56,17.4,Safe,59,22.2
183,17.25,0.24,-0.08,-1.72,0.17,65.8,56,,78,92,80,1,TippedAndRolled,94,24.0,Safe,94,21.8,Safe,88,17.8
184,12.53,0.75,-1.37,-0.70,-1.38,46.3,73,,78,,,3,HitTrees,100,22.2,Safe,151,101.9,Safe,145,105.9
185,4.41,3.92,1.61,0.26,0.07,70.6,73,111,59,73,76,7,TippedAndRolled,90,102.1,Safe,96,86.3,TippedAndRolled,90,58.3
186,23.04,-3.33,-3.63,0.16,-0.71,75.9,21,,2,,,7,Ditched,50,247.8,Ditched,50,247.8,Ditched,493,1379.7
187,8.29,4.12,4.28,0.46,-0.21,44.0,75,,69,,86,8,Safe,95,55.7,Fell,111,82.7,TippedAndRolled,102,27.4
188,15.34,2.10,-1.95,0.55,1.27,102.8,47,,71,,,3,TippedAndRolled,102,128.3,Safe,107,27.6,Safe,93,26.9
189,2.30,-0.89,4.14,-1.39,0.84,86.3,70,119,55,87,93,0,TippedAndRolled,96,-1.0,Safe,105,-1.0,Safe,99,-1.0
190,8.61,-0.92,-2.64,0.27,1.05,83.5,84,,72,,,5,TippedAndRolled,113,151.8,Safe,141,162.5,Safe,155,166.5
191,16.20,2.61,-3.94,-0.01,0.02,50.2,21,65,14,,27,2,TippedAndRolled,39,71.6,Safe,48,26.1,Safe,37,29.2
192,20.70,-3.30,-3.21,1.07,1.03,32.2,76,87,73,,87,5,Ditched,96,20.8,Fell,112,64.8,TippedAndRolled,102,14.1
193,1.35,-1.66,-3.53,-0.65,-1.67,71.8,68,90,67,,,7,TippedAndRolled,98,56.8,TippedAndRolled,99,14.4,Ditched,493,1172.1
194,18.20,3.45,-0.48,0.35,-0.52,46.2,47,,74,116,,1,TippedAndRolled,105,182.7,Safe,178,277.7,Safe,151,282.2
195,16.08,-1.29,-2.82,-1.55,0.47,38.4,42,69,64,106,,7,Ditched,95,50.5,TippedAndRolled,153,153.3,Safe,131,156.0
196,11.83,-0.52,0.65,0.71,0.06,74.0,77,,69,,,4,TippedAndRolled,106,37.1,Safe,108,34.3,Safe,110,35.5
197,22.06,1.93,-2.08,-0.57,-1.50,92.6,86,,113,,121,3,TippedAndRolled,133,105.6,Fell,146,51.4,TippedAndRolled,135,64.9
198,22.40,-2.78,0.92,0.63,0.83,31.9,67,117,80,,81,2,Ditched,95,86.5,Fell,106,114.8,TippedAndRolled,95,75.6
199,6.94,-4.20,-1.89,0.81,-0.30,44.6,76,,89,147,108,7,Ditched,114,162.1,Fell,133,86.9,TippedAndRolled,123,58.2
200,0.20,-1.63,-1.08,-0.65,0.67,66.4,35,,52,,,8,Ditched,83,67.5,Safe,110,52.8,Safe,93,57.2
201,15.86,3.61,0.27,-1.28,0.29,37.0,32,,37,,39,8,TippedAndRolled,53,37.8,Fell,64,18.7,HitTrees,47,14.7
202,8.52,1.15,-1.98,1.10,1.17,107.9,63,,57,,70,3,Safe,81,61.4,Safe,83,37.0,Safe,89,33.9
203,22.41,-0.44,0.55,0.73,0.12,49.2,76,111,84,,,8,NearPerson,115,5.7,Safe,162,97.9,Safe,154,101.2
204,8.63,3.45,2.23,0.96,0.94,97.6,78,99,106,133,128,5,TippedAndRolled,142,87.8,Safe,148,107.0,Safe,137,56.4
205,22.84,-1.64,2.26,0.62,0.53,67.8,23,47,20,,,7,TippedAndRolled,52,34.4,Safe,63,25.2,Safe,137,28.3
206,3.54,1.61,1.80,1.32,0.36,77.9,39,60,25,70,44,2,TippedAndRolled,56,90.4,Safe,56,114.1,TippedAndRolled,58,82.0
207,21.80,-2.44,-1.71,-0.70,-0.99,72.7,67,,70,,101,6,Ditched,101,68.5,TippedAndRolled,106,24.2,Safe,107,30.3
208,17.35,0.50,-1.05,-1.40,1.20,98.1,42,,29,77,76,3,TippedAndRolled,71,127.7,Safe,77,100.0,Safe,72,46.1
209,21.54,5.20,-1.77,0.20,0.00,72.6,87,,83,,119,8,TippedAndRolled,116,122.8,Fell,144,128.3,TippedAndRolled,133,55.1
210,10.30,-0.20,-5.86,1.16,-0.65,35.9,29,,34,83,90,0,TippedAndRolled,65,-1.0,Safe,87,-1.0,Safe,96,-1.0
211,18.42,5.06,-2.34,-0.08,-0.60,31.5,71,,86,144,,2,TippedAndRolled,117,261.8,Safe,153,105.5,Safe,137,109.1
212,11.55,3.73,-1.49,1.21,-0.08,29.7,61,,86,120,142,7,TippedAndRolled,117,189.1,TippedAndRolled,127,27.7,Safe,101,27.7
213,1.36,-4.86,1.55,1.66,0.55,56.9,49,,74,,,3,Ditched,105,242.8,Safe,185,187.5,Safe,160,190.8
214,23.73,2.07,4.53,-0.99,-0.59,96.5,57,110,79,,96,6,TippedAndRolled,103,180.2,Safe,105,31.6,Safe,96,28.5
215,2.67,2.89,-0.05,1.15,-1.01,25.3,64,86,75,,,7,TippedAndRolled,106,46.3,TippedAndRolled,125,10.3,Safe,213,306.5
216,16.75,-2.94,2.12,-0.43,-0.53,24.1,33,,52,,99,1,Ditched,83,170.8,Safe,110,153.6,TippedAndRolled,115,157.5
217,21.24,-3.66,-1.86,1.26,1.33,26.6,45,,64,,,5,Ditched,95,204.0,Safe,162,188.8,Safe,142,192.6
218,21.19,0.49,0.75,-0.21,0.14,67.0,60,,44,,82,3,TippedAndRolled,86,120.1,Fell,107,273.6,TippedAndRolled,96,148.0
219,22.18,1.26,-0.86,-0.00,0.02,39.8,43,,65,100,108,6,TippedAndRolled,96,65.1,Fell,133,197.7,Safe,110,57.6
220,10.90,-0.01,-0.11,0.84,-1.63,61.9,39,88,55,,,8,TippedAndRolled,86,24.4,Safe,138,115.3,Safe,121,119.1
221,21.94,-3.77,-1.08,1.15,-0.85,61.6,72,111,85,,,1,Ditched,116,168.1,Safe,155,132.5,Safe,142,136.0
222,2.15,-4.77,1.34,-0.37,-0.63,55.8,39,91,53,70,,8,Ditched,84,196.0,Safe,112,35.4,Safe,98,40.8
223,1.52,0.37,-0.29,-0.15,-0.93,89.7,69,128,80,,107,8,TippedAndRolled,109,12.7,Safe,115,42.8,Safe,110,48.2
224,8.26,1.74,-3.71,-0.75,0.34,43.7,44,,32,89,61,8,TippedAndRolled,67,183.7,Safe,70,89.7,Safe,67,53.8
225,7.32,-0.03,1.62,-0.10,-0.16,55.1,38,,42,94,60,0,TippedAndRolled,67,-1.0,Fell,85,-1.0,HitTrees,68,-1.0
226,23.74,0.74,-0.09,0.37,1.47,89.8,62,,79,,,6,Safe,110,17.1,Safe,123,43.6,Safe,393,327.2
227,18.44,1.14,0.55,-0.61,-1.71,78.2,42,,48,89,,7,TippedAndRolled,79,15.4,Safe,140,144.0,Safe,133,148.8
228,19.25,1.75,-1.80,1.19,0.37,76.3,20,58,29,,,1,TippedAndRolled,60,66.7,Safe,61,34.8,Ditched,483,1140.6
229,10.04,0.86,4.80,-1.06,-0.42,76.8,44,,29,59,74,4,TippedAndRolled,73,18.4,Safe,79,177.8,Safe,86,181.8
230,15.70,2.33,-1.85,0.44,-0.13,34.2,84,,74,117,102,2,TippedAndRolled,108,97.1,Fell,127,165.0,TippedAndRolled,116,70.1
231,2.06,1.32,1.02,0.45,0.26,29.3,66,,77,119,,0,TippedAndRolled,108,-1.0,Safe,133,-1.0,Safe,121,-1.0
232,14.85,3.01,4.99,-0.45,0.57,87.2,55,,50,85,76,0,TippedAndRolled,80,-1.0,Safe,82,-1.0,TippedAndRolled,94,-1.0
233,11.56,-2.02,2.20,-1.28,-1.32,57.6,29,77,43,,,5,Ditched,74,109.1,NearPerson,80,8.8,Safe,86,46.3
234,10.59,-0.70,-2.19,0.11,-1.39,100.7,65,,62,,100,4,TippedAndRolled,94,79.4,NearPerson,101,9.4,Safe,108,78.2
235,15.25,2.81,-4.46,-0.56,0.21,33.0,63,,63,,,7,TippedAndRolled,94,125.4,Safe,100,12.3,Safe,107,27.8
236,11.79,-0.73,-3.13,-0.20,-0.54,89.7,33,,17,38,,1,TippedAndRolled,62,283.9,Safe,88,118.0,Safe,58,95.5
237,19.15,3.61,-0.55,0.08,-0.19,29.3,39,,20,,,2,Safe,68,230.3,Safe,93,119.2,Safe,65,115.4
238,7.61,-0.14,-4.02,-0.40,0.36,79.5,70,,56,111,,2,TippedAndRolled,99,291.9,Safe,117,130.3,Safe,170,344.9
239,7.32,3.07,-0.30,-0.21,-1.19,67.7,38,,63,,63,6,TippedAndRolled,77,91.6,Fell,88,21.5,TippedAndRolled,77,18.6
240,22.99,0.54,0.46,-1.48,0.71,94.1,61,,88,140,,5,Safe,119,28.1,Safe,130,25.1,Safe,390,308.1
241,12.93,0.05,-0.07,-1.04,-0.46,107.0,42,56,58,115,70,3,TippedAndRolled,84,62.3,Safe,89,65.5,Safe,80,14.6
242,7.88,2.27,0.57,1.14,1.13,38.4,23,,40,,74,7,TippedAndRolled,71,107.6,Safe,78,10.2,Safe,80,95.8
243,6.91,5.26,-1.03,1.17,-0.19,83.0,43,,31,,,6,TippedAndRolled,72,205.1,TippedAndRolled,74,127.4,Safe,94,151.4
244,4.27,2.64,-1.93,0.72,1.19,63.6,61,,69,120,,1,TippedAndRolled,100,88.3,Safe,110,20.9,Ditched,483,1133.6
245,14.25,2.21,1.46,0.31,-0.10,37.9,41,68,68,111,78,0,TippedAndRolled,92,-1.0,Fell,103,-1.0,TippedAndRolled,92,-1.0
246,15.84,2.99,-4.12,0.27,1.26,99.9,89,113,107,,,8,TippedAndRolled,138,101.8,NearPerson,143,6.8,Safe,135,32.0
247,5.94,-0.01,3.28,-1.19,0.24,56.9,42,59,34,,,7,TippedAndRolled,71,35.2,Safe,112,151.1,Safe,116,155.0
248,7.18,-0.40,-0.79,-0.72,0.50,88.5,42,,51,,105,4,TippedAndRolled,82,34.7,Safe,95,33.2,Safe,104,69.0
249,6.51,2.29,0.93,-1.85,-0.55,47.1,57,99,57,,,0,TippedAndRolled,88,-1.0,Safe,89,-1.0,Safe,372,-1.0
250,5.20,1.92,2.91,-1.90,0.02,69.4,86,145,90,,,5,Safe,121,83.0,TippedAndRolled,146,16.5,Safe,263,43.1
251,8.78,4.75,3.29,-1.00,-0.93,26.5,38,,20,77,47,1,TippedAndRolled,57,135.9,Fell,72,118.5,Safe,56,116.6
252,8.02,1.91,0.96,-1.42,0.85,101.2,39,92,47,,,2,TippedAndRolled,78,67.4,NearPerson,83,7.3,Safe,78,15.3
253,12.36,-0.25,0.28,1.13,-0.90,76.9,37,,48,,,0,Safe,79,-1.0,TippedAndRolled,79,-1.0,Safe,76,-1.0
254,23.68,0.20,0.46,-0.60,-0.26,61.9,35,65,63,,85,0,Safe,99,-1.0,Safe,102,-1.0,Safe,90,-1.0
255,9.24,-3.78,4.34,1.34,0.51,69.6,57,,85,,137,5,Ditched,116,287.3,Safe,119,33.9,Safe,96,33.8
256,11.38,-2.09,2.17,1.07,0.33,49.2,84,105,100,,115,0,Ditched,123,-1.0,Fell,140,-1.0,TippedAndRolled,129,-1.0
257,17.23,-1.92,-0.34,0.25,0.48,32.8,79,,68,,,8,Ditched,108,90.1,Safe,129,126.1,Safe,141,130.0
258,19.57,-0.68,4.88,0.41,0.53,97.8,23,,27,48,36,4,TippedAndRolled,47,85.1,Safe,53,37.5,TippedAndRolled,50,29.5
259,2.72,0.08,0.65,-0.07,0.38,81.3,30,,53,,,2,TippedAndRolled,84,68.5,Safe,113,42.9,Safe,89,46.2
260,1.86,-0.57,2.36,-0.10,1.05,71.6,81,139,80,,101,4,NearPerson,106,4.5,Fell,126,93.9,TippedAndRolled,115,35.6
261,1.90,0.76,-1.75,-1.78,-0.75,58.6,33,,15,,,1,TippedAndRolled,62,218.4,Safe,98,64.8,Safe,56,62.4
262,14.62,-3.39,-3.58,-0.26,0.09,55.8,89,,114,155,,7,Ditched,145,238.0,Safe,228,222.2,Safe,391,242.3
263,4.03,-3.54,-0.51,0.38,0.22,81.6,57,95,57,,71,2,Ditched,80,102.1,Safe,80,44.6,TippedAndRolled,83,37.0
264,7.67,-2.22,-4.16,-0.11,-0.33,37.8,21,,48,,76,3,Ditched,78,286.2,Safe,78,45.9,Safe,60,51.2
265,8.69,5.27,-0.10,-0.11,-0.21,93.7,60,,59,,,7,TippedAndRolled,90,147.4,Safe,96,20.2,Safe,99,16.5
266,11.53,4.90,-2.87,0.46,0.93,51.2,29,,54,,,7,TippedAndRolled,85,273.4,NearPerson,90,8.2,Safe,72,16.8
267,6.65,3.16,-0.85,0.48,-0.04,57.7,84,,67,,105,3,TippedAndRolled,109,225.3,Safe,110,205.7,TippedAndRolled,119,194.0
268,16.22,2.93,-1.02,0.53,0.17,38.9,52,99,44,69,105,7,Safe,81,77.6,Safe,85,19.8,TippedAndRolled,119,17.6
269,10.13,-1.30,-2.25,0.60,0.68,78.0,58,,54,81,79,7,TippedAndRolled,83,68.0,Safe,84,14.2,TippedAndRolled,89,11.9
270,7.34,1.64,5.22,0.01,-0.01,52.3,42,87,25,36,,3,TippedAndRolled,353,300.9,Safe,401,155.3,Resumed,36,-1.0
271,16.64,-3.67,-3.14,-1.23,0.39,35.7,48,72,55,103,,7,Ditched,86,73.0,Safe,160,177.0,Resumed,103,-1.0
272,2.32,0.09,0.32,-0.06,-0.11,72.4,60,,68,94,,0,TippedAndRolled,99,-1.0,Safe,107,-1.0,Safe,118,-1.0
273,11.07,-4.96,-2.20,0.64,-0.54,106.2,80,90,88,,,3,TippedAndRolled,353,591.4,Safe,358,593.0,Resumed,90,-1.0
274,16.70,2.82,-0.69,-0.38,1.19,80.6,27,49,21,,,6,TippedAndRolled,56,49.7,Safe,65,47.6,Safe,68,52.8
275,23.33,-2.92,3.48,-0.00,-0.10,45.9,80,95,84,,,1,Ditched,115,76.3,Safe,179,193.3,Safe,174,196.9
276,4.16,1.66,1.38,-0.43,-0.68,90.7,80,,66,,123,4,TippedAndRolled,109,159.6,Safe,118,217.1,Safe,128,221.0
277,9.83,4.10,1.82,-0.37,0.16,35.4,83,,82,,91,2,TippedAndRolled,102,91.8,Fell,116,48.5,HitTrees,99,17.2
278,14.43,0.08,-0.51,-0.75,-0.21,44.0,39,,33,58,,1,TippedAndRolled,68,18.8,Safe,109,129.4,Safe,91,86.2
279,9.77,-0.37,-0.97,0.16,0.76,53.4,64,110,67,100,,0,TippedAndRolled,98,-1.0,Safe,116,-1.0,Resumed,110,-1.0
280,22.56,0.02,-4.39,-1.53,-0.43,68.8,37,,40,50,71,2,Safe,71,141.7,Safe,74,13.0,Safe,74,17.8
281,20.41,0.09,-1.02,0.49,-1.24,74.1,24,,10,46,,7,TippedAndRolled,53,132.3,TippedAndRolled,53,132.3,Safe,53,16.8
282,5.42,0.17,-0.28,0.40,0.68,47.0,31,65,60,94,,3,TippedAndRolled,91,32.5,Safe,100,38.4,Safe,70,39.6
283,0.08,-0.08,0.87,-0.18,-0.96,70.3,64,,59,,,8,TippedAndRolled,93,20.9,Safe,107,14.9,Safe,108,18.8
284,7.84,-4.75,0.88,-0.21,0.15,32.4,85,96,94,,94,4,Ditched,108,46.5,Fell,119,18.4,TippedAndRolled,108,15.9
285,11.62,4.80,-1.12,1.48,-0.83,49.4,28,,43,55,99,5,TippedAndRolled,74,184.9,TippedAndRolled,96,42.3,Safe,91,41.1
286,0.19,4.76,3.21,-0.42,-1.23,107.5,76,,97,,151,7,TippedAndRolled,128,262.8,Safe,129,28.5,Safe,118,31.9
287,13.16,-0.43,5.66,0.48,-0.71,69.3,81,,102,,,4,TippedAndRolled,133,249.3,Safe,201,182.8,Safe,179,186.8
288,2.75,-1.60,0.01,1.16,-0.14,99.6,38,54,31,,73,6,TippedAndRolled,67,24.9,NearPerson,74,5.8,Safe,72,30.1
289,11.93,3.88,3.98,0.82,-0.89,29.2,40,,32,,61,4,Safe,65,78.6,Fell,86,109.1,TippedAndRolled,75,50.0
290,20.61,-0.22,-0.26,0.37,0.88,93.1,21,64,16,,,3,TippedAndRolled,50,31.7,Safe,50,22.5,Ditched,483,958.7
291,23.52,4.81,1.52,0.74,-1.18,33.8,40,64,38,,69,8,TippedAndRolled,69,84.1,Fell,94,124.2,TippedAndRolled,83,51.7
292,2.35,-1.82,2.43,-1.44,0.64,29.4,63,,68,89,,2,Ditched,99,135.0,Safe,117,16.2,Safe,111,21.2
293,6.52,1.02,-4.82,-0.17,0.13,39.8,89,115,113,154,132,3,TippedAndRolled,146,261.4,Fell,157,218.6,Ditched,146,90.3
294,20.06,5.36,-0.99,-0.49,-0.68,85.1,66,96,95,148,,8,TippedAndRolled,353,479.0,Safe,401,333.6,Safe,136,38.7
295,22.97,-2.16,-1.06,1.02,1.11,76.1,37,,42,,91,4,Ditched,73,78.7,Safe,106,85.2,TippedAndRolled,105,76.6
296,11.76,3.42,-3.20,1.66,-0.18,38.7,71,113,59,,,0,TippedAndRolled,100,-1.0,Safe,104,-1.0,Safe,108,-1.0
297,7.15,3.93,-1.60,-0.67,-0.20,70.0,34,,23,58,73,2,TippedAndRolled,63,221.7,Safe,64,145.4,Safe,75,149.2
298,10.40,-2.09,-3.60,1.43,-0.98,26.4,40,,52,,57,6,Ditched,70,99.8,Fell,82,49.5,TippedAndRolled,71,20.9
299,21.54,-3.55,-2.85,-0.05,-0.05,103.1,28,,41,,,3,Ditched,72,192.1,Safe,80,22.7,Safe,67,26.5
300,6.10,-2.17,4.76,0.19,-0.41,65.5,24,39,24,,39,0,TippedAndRolled,47,-1.0,Safe,57,-1.0,TippedAndRolled,53,-1.0
301,8.48,1.50,1.59,-1.55,0.91,90.1,76,,102,,,5,TippedAndRolled,133,98.4,Safe,180,84.8,Safe,157,101.2
302,2.97,-2.04,1.91,-0.15,0.99,41.0,62,,51,90,80,8,Ditched,86,41.1,Safe,97,15.0,TippedAndRolled,90,14.1
303,10.99,-0.69,0.05,0.23,-1.40,31.3,62,,48,,82,6,TippedAndRolled,87,148.3,Fell,107,270.0,TippedAndRolled,96,154.4
304,11.54,-3.17,-2.34,1.83,-0.09,86.8,30,,47,,,6,Ditched,78,147.8,Safe,105,48.0,Safe,87,53.2
305,11.77,-2.76,-1.54,-1.38,-0.44,104.6,39,,64,,100,3,Ditched,95,164.3,Safe,101,15.4,Safe,93,17.7
306,22.33,2.34,1.08,-0.33,-0.74,84.4,27,49,12,25,29,4,Safe,43,107.8,Fell,54,54.1,TippedAndRolled,43,18.8
307,6.69,0.22,-4.64,0.21,-0.54,97.4,24,,33,63,92,4,TippedAndRolled,64,133.3,Safe,72,24.6,Safe,63,34.9
308,18.87,0.67,4.23,0.22,-0.23,106.9,53,,60,,,4,Safe,91,118.5,Safe,95,21.8,Safe,92,24.7
309,17.77,-2.43,-0.84,0.81,1.17,45.7,42,,58,,,7,Ditched,89,88.4,Safe,149,125.7,Safe,132,129.8
310,0.10,0.42,-2.78,-1.88,0.43,40.4,59,110,86,,,4,TippedAndRolled,117,129.6,Safe,121,27.0,Ditched,493,934.6
311,20.45,1.90,0.37,-0.24,0.38,26.0,60,,65,,80,0,TippedAndRolled,88,-1.0,Safe,92,-1.0,Safe,90,-1.0
312,19.72,-0.13,0.04,0.63,0.42,74.7,79,118,82,,,7,TippedAndRolled,113,11.5,Safe,167,112.9,Safe,163,117.4
313,3.04,1.44,-0.56,0.46,1.15,46.9,42,64,61,108,,7,TippedAndRolled,353,284.1,Safe,401,138.3,Resumed,64,-1.0
314,5.50,2.16,-0.01,1.41,0.73,56.6,20,55,19,,43,0,TippedAndRolled,47,-1.0,TippedAndRolled,48,-1.0,Safe,51,-1.0
315,16.13,-4.50,-0.82,0.97,0.79,67.3,80,,77,,111,8,Ditched,109,103.2,Fell,136,145.7,TippedAndRolled,125,71.9
316,19.98,2.23,-4.83,0.31,0.90,34.2,74,,70,,,7,TippedAndRolled,103,103.0,Safe,105,23.8,Safe,111,30.5
317,21.45,-1.38,-1.26,-0.78,1.55,27.5,64,,79,,102,1,Ditched,106,93.2,TippedAndRolled,115,86.8,Safe,107,90.8
318,13.40,-2.36,4.90,-1.56,-1.07,55.6,69,101,94,142,120,1,Ditched,123,198.3,TippedAndRolled,126,63.5,Safe,108,64.1
319,17.71,-0.61,0.43,0.50,1.31,38.2,75,,68,,,8,TippedAndRolled,104,14.4,Safe,136,97.4,Safe,141,101.4
320,19.88,-1.92,2.95,-0.09,-0.35,94.0,22,,3,,28,4,TippedAndRolled,40,125.7,TippedAndRolled,40,125.7,TippedAndRolled,42,56.6
321,4.96,-2.10,2.07,-0.46,0.78,41.6,77,121,74,,,2,Ditched,106,46.6,Safe,161,200.9,Safe,161,205.3
322,20.47,0.26,-0.39,0.05,-1.60,92.9,55,,55,114,,6,TippedAndRolled,86,24.6,TippedAndRolled,88,27.2,Safe,375,253.5
323,3.94,1.69,0.63,-0.83,0.05,101.2,24,,11,,40,0,TippedAndRolled,47,-1.0,Safe,49,-1.0,Safe,46,-1.0
324,15.55,1.35,-2.23,0.01,-0.05,88.3,30,,30,,,3,Safe,61,41.9,Safe,88,55.7,Ditched,483,845.7
325,23.66,-0.71,1.65,0.68,-0.30,78.1,67,84,67,,119,3,TippedAndRolled,98,47.5,Safe,123,36.8,TippedAndRolled,130,38.8
326,22.22,5.60,-1.96,-1.03,0.38,61.6,33,,50,,,1,TippedAndRolled,81,255.3,Safe,92,59.7,Ditched,492,1275.6
327,10.46,-3.69,3.18,-0.18,-0.11,46.9,74,86,60,,,1,Ditched,103,155.1,Safe,105,181.1,Safe,111,177.8
328,23.40,0.41,-0.46,1.78,-0.38,31.1,78,,60,,97,1,TippedAndRolled,102,275.2,Safe,110,218.2,Safe,104,214.2
329,9.46,-4.69,-0.05,1.19,0.28,98.4,26,,27,,,6,Ditched,58,124.2,Safe,69,16.3,Safe,74,48.8
330,23.65,-0.80,-2.84,0.02,0.01,95.3,68,116,82,,,7,TippedAndRolled,113,81.6,Safe,141,39.3,Safe,126,43.3
331,22.77,-0.07,0.30,-0.01,-0.02,67.8,83,,98,,129,3,TippedAndRolled,129,15.2,Fell,154,175.6,TippedAndRolled,143,150.6
332,15.59,0.22,0.01,-0.68,1.10,89.0,30,55,33,,,5,TippedAndRolled,64,22.4,Safe,92,73.7,Safe,89,77.1
333,14.59,2.31,2.39,0.55,-1.06,62.0,84,,68,,,4,Safe,113,77.7,Safe,123,162.2,Safe,141,166.8
334,7.69,-1.08,0.56,-1.03,-0.20,91.9,38,53,35,,,2,TippedAndRolled,67,15.0,Safe,117,171.1,Safe,141,154.0
335,15.87,-0.86,-1.62,-0.29,1.95,44.6,36,,47,,78,7,Ditched,78,70.9,Fell,103,85.7,TippedAndRolled,92,71.9
336,20.16,-2.03,0.99,1.87,0.02,29.2,69,,52,92,128,5,Ditched,98,150.6,Safe,130,59.8,Safe,93,54.6
337,1.49,0.00,-0.00,-1.51,0.64,69.2,54,,56,,114,1,HitTrees,75,57.4,Safe,91,70.3,TippedAndRolled,128,79.2
338,4.99,1.26,-4.24,0.97,0.10,79.0,25,,52,87,,8,TippedAndRolled,83,208.9,NearPerson,95,4.9,Safe,81,27.3
339,9.16,-3.80,-1.14,-0.16,-0.20,39.7,51,67,59,,,1,Ditched,90,81.4,Safe,173,200.0,Ditched,493,1021.5
340,13.27,3.26,-3.99,0.79,-0.83,90.6,83,,90,,,3,TippedAndRolled,121,131.4,Safe,129,18.3,Safe,168,121.5
341,18.19,-5.20,-0.93,0.06,0.20,76.3,58,,49,79,87,7,Ditched,87,188.5,Safe,98,24.8,TippedAndRolled,101,55.6
342,1.05,5.10,-2.24,-1.55,-0.83,30.3,78,,101,118,104,6,TippedAndRolled,118,203.5,TippedAndRolled,119,23.4,TippedAndRolled,115,19.2
343,3.30,2.94,-4.57,0.56,-1.73,41.6,58,,84,,,5,TippedAndRolled,115,279.6,Safe,115,12.1,Safe,97,17.4
344,22.78,4.53,-2.92,-0.80,-1.24,45.7,66,,86,,,3,TippedAndRolled,117,255.2,Safe,139,75.9,Safe,119,80.8
345,7.45,-2.72,-4.97,0.01,-0.02,72.2,61,,56,,,6,Ditched,90,142.2,NearPerson,92,6.4,Ditched,493,920.9
346,6.44,2.76,-2.22,-1.47,-0.50,84.7,47,95,36,,65,4,TippedAndRolled,71,160.8,Safe,82,137.8,TippedAndRolled,79,101.7
347,12.23,0.45,-0.13,0.23,-0.72,35.8,36,,38,,,3,TippedAndRolled,69,30.4,Safe,113,87.1,Ditched,493,1168.6
348,3.48,-3.47,-3.52,0.45,-0.34,106.9,68,,49,,83,6,TippedAndRolled,90,281.3,Safe,94,195.5,Safe,87,67.8
349,11.55,0.03,2.94,0.92,0.10,102.0,87,,115,,158,6,TippedAndRolled,146,122.4,Safe,152,22.6,Safe,126,24.5
350,10.74,5.50,-1.03,-0.04,0.31,90.8,50,95,35,91,,7,TippedAndRolled,79,234.6,Safe,101,218.2,Safe,120,222.3
351,16.00,-1.35,0.97,-0.92,-0.04,81.3,73,108,66,107,77,7,NearPerson,90,9.7,Fell,102,70.9,TippedAndRolled,93,14.4
352,1.71,0.93,0.49,-0.14,0.30,26.9,20,,7,,79,5,TippedAndRolled,49,88.2,TippedAndRolled,49,88.2,TippedAndRolled,89,25.2
353,16.25,1.26,-5.25,0.32,0.05,24.4,54,101,79,115,98,1,TippedAndRolled,104,307.1,Safe,108,57.7,TippedAndRolled,111,142.0
354,17.18,-1.41,-3.48,0.18,-1.09,38.8,44,99,37,89,69,3,Ditched,71,160.1,Fell,94,212.6,TippedAndRolled,83,121.9
355,14.53,-0.35,-5.28,-0.39,0.39,104.7,37,,25,,43,2,TippedAndRolled,55,164.6,Safe,55,86.4,Safe,56,57.8
356,15.60,0.25,4.08,0.41,0.86,34.5,21,,9,,23,1,TippedAndRolled,37,82.4,TippedAndRolled,37,82.4,TippedAndRolled,39,60.1
357,1.50,2.28,-4.41,0.41,0.33,43.6,38,,59,,,0,TippedAndRolled,90,-1.0,Safe,137,-1.0,Safe,93,-1.0
358,16.15,0.39,0.79,0.58,0.23,58.4,82,,76,,85,4,TippedAndRolled,98,14.4,Fell,110,86.7,TippedAndRolled,99,23.2
359,6.70,-0.57,0.08,-0.88,0.74,59.8,47,,28,,67,3,TippedAndRolled,72,185.5,Safe,73,176.4,Ditched,81,133.4
360,10.53,-0.27,1.29,0.85,-0.49,100.0,67,,84,,128,2,HitTrees,109,16.1,Safe,122,45.5,Safe,110,40.0
361,20.49,0.85,-2.38,-0.02,0.00,88.4,55,,52,90,57,0,TippedAndRolled,71,-1.0,Safe,74,-1.0,TippedAndRolled,71,-1.0
362,2.90,0.59,-1.11,-0.31,-0.04,60.5,26,76,47,,69,6,TippedAndRolled,74,28.6,Safe,82,47.1,Ditched,83,82.6
363,3.89,0.02,-0.04,-0.49,-0.27,71.8,80,108,71,102,,6,HitTrees,97,55.3,Safe,144,159.2,Resumed,108,-1.0
364,19.81,-0.79,0.75,0.53,0.34,83.5,58,81,52,,,2,NearPerson,87,9.1,Safe,91,10.2,Safe,182,280.7
365,0.56,-1.10,-4.42,1.62,-0.39,59.0,21,,25,,71,6,TippedAndRolled,56,126.3,Safe,57,10.9,Ditched,85,132.8
366,0.62,1.81,-0.29,0.31,1.64,94.2,79,,94,,,4,TippedAndRolled,125,64.5,Safe,133,39.4,Safe,118,42.1
367,21.73,-1.76,1.73,-0.54,1.12,59.5,42,,42,,,0,Ditched,73,-1.0,Safe,134,-1.0,Ditched,493,-1.0
368,0.27,-0.92,-1.79,0.01,0.01,94.1,89,,77,,,3,TippedAndRolled,118,137.6,Safe,160,217.2,Safe,174,221.1
369,11.69,1.25,0.99,-1.26,0.84,83.4,56,,64,86,,6,Safe,95,40.3,Safe,95,26.0,Safe,95,27.2
370,16.96,-2.58,-0.17,0.54,1.05,46.8,61,,81,,,8,Ditched,112,109.1,Safe,123,16.2,Safe,102,15.5
371,6.91,3.66,-2.85,-0.08,-0.46,45.9,41,76,26,,62,1,TippedAndRolled,66,264.4,Safe,67,179.5,Safe,75,175.2
372,1.17,5.41,0.42,0.15,-0.89,45.5,64,,64,90,,0,TippedAndRolled,95,-1.0,Safe,114,-1.0,Safe,114,-1.0
373,8.30,2.18,4.69,-0.02,0.02,32.0,81,114,83,,141,1,TippedAndRolled,114,141.6,Fell,166,237.7,TippedAndRolled,155,209.8
374,4.25,-5.22,0.03,1.63,0.25,49.3,24,,47,74,80,7,Ditched,78,256.7,Safe,85,29.7,Safe,67,35.4
375,6.73,-0.20,3.64,1.84,0.22,105.1,64,,81,,122,1,TippedAndRolled,112,135.3,Safe,117,37.6,Safe,116,101.8
376,23.99,-0.10,3.67,1.49,1.32,31.2,82,,107,,164,0,TippedAndRolled,138,-1.0,Fell,189,-1.0,Safe,173,-1.0
377,10.59,2.32,-0.48,1.72,-0.87,63.6,89,143,91,,127,4,TippedAndRolled,122,43.9,Safe,140,71.4,Safe,139,73.7
378,3.97,-2.74,-3.46,-0.87,-1.69,101.7,68,,67,,,5,TippedAndRolled,98,94.2,Safe,106,18.8,TippedAndRolled,485,21.5
379,13.66,0.00,-0.17,1.66,1.04,89.8,88,,98,119,107,2,TippedAndRolled,118,42.3,Safe,120,33.5,TippedAndRolled,118,39.2
380,10.83,2.13,-1.59,-0.59,0.68,62.3,45,,45,,,7,Safe,76,36.3,Safe,126,109.4,Safe,129,121.6
381,4.95,-3.55,-1.33,1.79,-0.12,97.2,27,,28,,,2,Ditched,59,105.3,Safe,69,38.8,Safe,68,41.9
382,22.91,-0.98,-0.82,0.43,0.28,55.9,25,55,15,,,5,TippedAndRolled,54,79.8,Safe,68,21.6,Ditched,488,1294.8
383,6.82,1.30,1.18,-1.23,-1.18,67.8,68,91,70,102,70,6,TippedAndRolled,84,14.9,Fell,95,58.4,TippedAndRolled,87,11.7
384,11.35,0.57,-0.46,-1.35,-1.32,92.4,56,85,65,,81,5,NearPerson,89,4.7,Safe,89,20.0,TippedAndRolled,91,25.9
385,17.82,2.55,0.72,-1.08,1.55,62.8,86,126,109,,,7,TippedAndRolled,140,65.6,Safe,144,15.5,Safe,125,18.7
386,19.33,-2.42,-1.89,0.45,0.83,27.4,62,78,74,91,,2,TippedAndRolled,353,492.2,Safe,401,346.4,Safe,105,45.6
387,17.96,1.77,-3.56,-0.04,-0.17,46.7,42,,33,,,7,TippedAndRolled,71,174.2,Safe,92,128.5,Safe,102,132.1
388,1.28,0.64,-2.65,0.96,-0.84,61.8,38,,48,,,3,TippedAndRolled,79,72.2,Safe,127,111.2,Safe,116,115.2
389,16.84,4.17,-2.61,1.01,0.53,72.0,58,,70,,95,2,TippedAndRolled,98,153.4,Safe,99,37.4,TippedAndRolled,109,79.5
390,19.67,-2.70,4.01,0.71,-1.53,62.4,41,,23,,,1,Ditched,70,163.6,TippedAndRolled,81,215.6,Safe,76,211.5
391,16.75,-0.72,-0.53,-1.26,0.12,49.2,65,102,79,,86,6,TippedAndRolled,98,24.7,Fell,111,54.7,TippedAndRolled,100,46.5
392,10.14,0.14,-4.60,-0.07,-1.06,30.4,89,115,92,,92,4,TippedAndRolled,106,21.1,Fell,117,25.9,TippedAndRolled,106,29.7
393,19.43,-0.08,-0.21,0.53,-0.13,78.2,22,,13,52,,5,TippedAndRolled,51,46.3,Safe,67,14.5,Safe,312,231.2
394,15.39,-2.20,-0.78,0.01,-0.57,45.2,62,,51,,,3,Ditched,91,132.5,Safe,112,34.8,Safe,92,29.6
395,5.13,-0.76,-1.04,-0.09,-0.24,100.1,61,,73,,89,5,TippedAndRolled,97,50.2,Safe,102,28.4,HitTrees,93,28.5
396,14.25,1.71,1.77,1.30,0.98,27.1,32,,40,,61,3,HitTrees,59,57.0,Fell,86,68.5,TippedAndRolled,75,50.4
397,23.53,3.18,4.27,-0.21,-0.13,56.9,27,,36,50,,8,TippedAndRolled,67,169.2,Safe,90,19.5,Safe,289,58.7
398,10.81,0.93,-0.55,-0.62,0.64,40.5,36,,33,,57,1,HitTrees,53,15.3,Fell,82,136.4,TippedAndRolled,76,74.8
399,3.31,1.24,0.35,-0.68,0.31,70.2,52,,71,,101,5,Safe,102,29.1,Fell,126,102.2,TippedAndRolled,115,91.8
400,8.70,-1.33,5.63,0.09,0.26,62.5,29,40,54,,70,6,TippedAndRolled,84,15.4,Safe,84,38.5,Safe,81,111.9
401,7.10,-4.47,-0.19,-0.97,0.60,29.8,21,52,19,,61,5,Ditched,50,115.6,Safe,54,19.8,Ditched,75,15.7
402,22.08,5.83,-0.44,0.18,0.01,69.1,56,,70,87,,7,TippedAndRolled,101,225.2,Safe,103,28.1,Safe,295,22.5
403,19.86,-1.67,2.28,-0.58,-1.13,67.1,85,,92,,,2,Ditched,123,78.8,TippedAndRolled,199,183.0,Safe,192,187.7
404,21.69,-3.32,1.40,-0.65,-0.62,30.6,38,,63,,75,3,Ditched,85,154.6,Fell,100,74.8,TippedAndRolled,89,81.0
405,6.70,-3.70,-4.45,-0.35,1.95,37.5,34,,63,,,0,Ditched,94,-1.0,TippedAndRolled,130,-1.0,Safe,101,-1.0
406,4.55,-2.19,1.96,-1.75,-0.88,83.4,63,84,71,,,7,TippedAndRolled,102,29.9,TippedAndRolled,119,22.2,Safe,111,23.8
407,9.98,0.33,0.31,-0.94,0.34,99.3,46,78,41,,61,0,TippedAndRolled,68,-1.0,Safe,70,-1.0,TippedAndRolled,74,-1.0
408,13.19,0.07,0.52,0.52,0.52,62.0,54,,73,,104,0,TippedAndRolled,104,-1.0,Safe,106,-1.0,Safe,93,-1.0
409,7.93,0.13,-0.28,-0.33,-0.26,83.6,41,80,57,116,102,1,HitTrees,76,33.8,Fell,127,153.5,TippedAndRolled,116,148.4
410,4.17,4.90,2.82,0.01,0.97,72.6,80,101,105,,,3,TippedAndRolled,353,682.8,Safe,401,536.8,Resumed,101,-1.0
411,7.55,4.21,0.45,-0.75,0.92,54.8,86,,69,,,2,TippedAndRolled,115,185.6,Safe,124,189.3,Safe,144,193.6
412,10.72,-0.39,-0.17,-0.93,-0.55,103.1,22,,43,,,0,TippedAndRolled,74,-1.0,Safe,80,-1.0,Safe,61,-1.0
413,2.40,1.18,1.54,-0.64,0.33,57.7,46,68,74,91,,4,TippedAndRolled,353,323.0,Safe,401,177.1,Resumed,91,-1.0
414,19.34,0.63,3.12,-0.18,-0.94,85.9,28,,33,66,,4,TippedAndRolled,64,78.8,Safe,89,41.1,Safe,83,44.2
415,1.87,-2.58,-0.53,-1.56,-0.11,37.6,25,,42,67,,5,Ditched,73,115.9,Safe,87,22.6,Safe,70,27.5
416,2.93,-4.69,1.27,0.08,1.97,77.0,68,81,95,117,122,0,TippedAndRolled,136,-1.0,Fell,147,-1.0,TippedAndRolled,136,-1.0
417,14.05,-1.75,-2.12,1.27,1.07,100.5,77,,75,131,,3,TippedAndRolled,106,75.7,Safe,114,11.1,Safe,126,34.0
418,22.81,-1.11,0.78,0.18,0.47,64.5,88,127,82,,109,8,TippedAndRolled,113,22.5,Fell,134,111.8,TippedAndRolled,123,35.6
419,4.41,-0.56,-0.94,1.70,-0.99,52.6,81,134,94,,109,6,TippedAndRolled,117,12.9,Fell,134,43.1,TippedAndRolled,123,41.1
420,9.47,1.47,2.34,-0.03,0.05,27.4,80,,86,126,,6,TippedAndRolled,117,76.5,Safe,180,155.8,Safe,174,160.2
421,20.16,0.91,0.20,0.14,-0.42,54.6,81,,81,91,103,4,TippedAndRolled,108,33.9,Fell,128,75.4,TippedAndRolled,117,20.6
422,11.32,0.64,-2.40,0.17,0.64,79.1,85,,73,,92,4,TippedAndRolled,103,123.1,Fell,117,175.1,TippedAndRolled,106,61.8
423,8.60,4.69,-2.50,-0.07,0.19,30.2,64,,49,105,,3,TippedAndRolled,93,220.5,Safe,152,305.3,Safe,171,309.7
424,15.71,2.50,5.27,0.71,0.73,86.6,66,,51,,113,0,TippedAndRolled,95,-1.0,Safe,118,-1.0,Safe,92,-1.0
425,10.40,3.59,1.20,-0.25,-1.36,66.9,89,,93,,,0,TippedAndRolled,124,-1.0,Safe,210,-1.0,Safe,206,-1.0
426,15.48,-0.01,-0.98,-0.33,0.90,79.5,23,,28,,74,4,HitTrees,47,31.1,Safe,68,25.3,TippedAndRolled,84,21.4
427,15.41,0.89,3.01,0.41,-1.82,33.8,38,,31,85,,0,TippedAndRolled,67,-1.0,Safe,103,-1.0,Safe,105,-1.0
428,9.18,-1.22,1.09,-0.23,0.20,96.3,27,47,18,,57,5,NearPerson,56,8.7,Safe,58,25.7,Ditched,71,74.7
429,1.74,-0.04,0.06,1.50,1.28,99.1,88,146,101,,,6,TippedAndRolled,132,15.8,NearPerson,139,9.3,Safe,127,19.4
430,21.85,-2.88,-1.32,1.83,0.55,85.3,68,98,94,,,0,TippedAndRolled,353,-1.0,Safe,401,-1.0,Safe,127,-1.0
431,7.54,-3.29,0.58,0.81,-0.97,27.6,86,110,78,114,99,3,Ditched,107,105.4,Fell,124,145.6,TippedAndRolled,113,64.3
432,3.16,2.77,-0.24,0.58,-0.14,103.4,77,,74,132,87,2,TippedAndRolled,97,43.1,NearPerson,99,7.7,Safe,100,16.0
433,10.09,-0.00,0.01,-0.45,0.98,32.2,43,73,39,,60,3,TippedAndRolled,66,12.1,Safe,70,17.3,Safe,74,24.5
434,8.87,-1.74,-0.59,1.38,0.13,70.9,25,,10,,,8,TippedAndRolled,54,140.5,TippedAndRolled,54,140.5,Safe,153,205.5
435,3.23,1.41,-1.13,1.52,0.04,24.6,68,,66,,116,5,TippedAndRolled,97,47.5,Safe,121,31.8,Safe,122,35.8
436,13.91,2.18,-5.52,-0.62,0.94,34.8,79,,79,,94,3,TippedAndRolled,102,78.6,Fell,119,70.4,TippedAndRolled,108,14.4
437,10.01,-4.39,-0.23,0.65,-0.42,92.7,57,97,38,91,79,5,Ditched,83,245.1,Safe,93,263.8,TippedAndRolled,93,191.7
438,13.94,-0.46,-0.38,-1.09,-1.50,39.7,54,91,71,,106,0,TippedAndRolled,102,-1.0,Safe,106,-1.0,Safe,115,-1.0
439,11.15,0.46,-2.52,0.58,-1.28,87.7,26,67,32,,,6,TippedAndRolled,63,58.3,Safe,79,25.9,Safe,73,36.7
440,12.02,-0.77,3.55,1.51,0.50,99.1,85,,96,,146,5,TippedAndRolled,127,109.2,Safe,135,14.0,TippedAndRolled,160,145.7
441,6.21,4.63,-3.58,-0.04,-0.01,68.7,79,135,67,,121,6,TippedAndRolled,108,237.2,Safe,122,124.2,Safe,129,127.1
442,9.66,-0.86,0.10,0.81,-0.35,59.6,41,,70,120,70,4,TippedAndRolled,84,41.0,Fell,95,51.4,HitTrees,78,58.6
443,6.05,-5.82,0.26,-1.49,-0.65,106.0,20,,35,,,3,Ditched,66,247.7,TippedAndRolled,69,15.6,Safe,61,17.2
444,16.34,0.59,3.85,0.62,-0.23,28.1,89,,111,,152,3,TippedAndRolled,142,174.6,Fell,177,128.6,TippedAndRolled,166,124.6
445,11.29,-1.41,-3.88,-0.43,-1.01,68.9,31,67,27,47,,1,TippedAndRolled,60,133.9,Safe,88,121.0,Safe,90,126.1
446,13.80,2.98,-2.12,0.17,0.01,105.8,45,56,60,,89,6,TippedAndRolled,103,173.6,Safe,103,155.7,Safe,95,37.4
447,6.53,0.64,0.28,0.51,-1.58,61.1,37,,45,,62,0,TippedAndRolled,69,-1.0,Safe,70,-1.0,Safe,69,-1.0
448,0.23,2.92,3.43,-0.58,-1.80,43.9,57,,40,88,,2,Safe,86,139.7,Safe,119,320.4,Safe,158,305.2
449,19.46,1.56,-3.23,-0.30,-0.09,25.3,63,109,44,67,76,8,TippedAndRolled,84,261.7,Safe,101,268.0,TippedAndRolled,90,156.7
450,22.95,-2.21,0.40,0.59,-0.49,51.6,46,,50,69,,4,Ditched,81,59.3,Safe,152,160.3,Ditched,493,1074.5
451,12.25,0.36,0.24,1.22,-1.01,59.7,82,94,78,101,112,2,TippedAndRolled,111,30.5,TippedAndRolled,125,24.3,TippedAndRolled,130,56.3
452,20.76,-0.61,-0.39,-0.84,1.63,84.0,85,144,76,133,94,3,TippedAndRolled,104,72.5,Safe,106,58.9,Safe,103,24.1
453,10.66,-0.36,5.59,0.14,-0.27,86.1,45,73,44,70,52,8,TippedAndRolled,64,76.7,Fell,77,45.5,TippedAndRolled,67,15.2
454,21.39,-0.67,-0.74,-0.69,0.63,46.0,79,,62,108,123,1,TippedAndRolled,108,277.0,Safe,115,231.6,Safe,119,227.6
455,2.97,-1.37,1.27,-0.15,-1.02,104.4,70,,64,112,110,2,TippedAndRolled,99,27.4,Safe,105,20.0,Safe,105,24.1
456,21.74,-0.46,0.76,-0.03,0.33,49.3,78,,68,,105,6,TippedAndRolled,106,22.4,Safe,119,115.0,TippedAndRolled,119,92.0
457,15.65,1.60,1.26,0.69,-0.14,69.0,80,122,95,,,6,TippedAndRolled,126,33.7,Safe,150,34.4,Safe,136,39.6
458,9.80,0.42,0.52,-0.39,-0.07,107.2,59,101,57,69,100,3,NearPerson,88,7.9,NearPerson,93,2.4,Safe,98,32.5
459,0.60,5.78,1.44,0.83,-0.01,104.8,31,,35,89,52,7,TippedAndRolled,59,183.7,Safe,60,39.1,Safe,61,41.9
460,6.81,3.85,4.11,0.63,1.00,56.9,29,,46,,,6,TippedAndRolled,77,233.3,TippedAndRolled,105,27.0,Safe,88,31.8
461,20.31,-0.35,0.07,-0.92,0.22,94.3,30,,47,95,,3,TippedAndRolled,78,29.4,Safe,106,53.1,Safe,89,57.0
462,7.14,-0.23,0.63,0.22,-0.04,103.0,81,,66,,87,3,TippedAndRolled,99,170.3,Safe,103,199.0,TippedAndRolled,101,142.9
463,17.28,5.94,0.35,-0.16,-0.11,34.3,40,,69,,,1,TippedAndRolled,100,352.0,Safe,143,185.6,Safe,113,189.6
464,18.84,-2.84,5.01,0.17,-0.01,70.2,78,118,97,,109,7,Ditched,119,188.3,Fell,134,55.2,Ditched,123,74.1
465,11.41,0.41,1.40,-0.01,-0.09,70.8,56,93,60,97,,6,TippedAndRolled,91,29.8,Safe,91,30.4,Safe,95,26.5
466,19.98,-2.52,1.19,0.89,0.61,36.5,56,94,52,86,,8,Ditched,85,63.3,Safe,85,15.5,Safe,93,19.5
467,1.58,-1.33,-0.33,1.65,-1.09,90.0,84,116,79,130,,5,HitTrees,101,45.5,Safe,180,162.0,Safe,181,165.9
468,9.75,-1.95,1.19,-1.76,0.25,75.7,40,,45,,,7,Ditched,76,58.5,Safe,106,37.9,Safe,101,39.9
469,0.83,-1.21,-0.53,-0.40,-1.51,93.1,47,,50,,,0,HitTrees,76,-1.0,Safe,101,-1.0,Safe,98,-1.0
470,16.17,0.14,-0.10,-0.38,0.81,79.1,21,61,38,,,7,NearPerson,69,4.6,Safe,73,12.9,Safe,60,16.9
471,5.63,-0.26,0.14,-1.11,-0.64,45.0,38,,25,,,2,TippedAndRolled,67,142.7,Safe,69,153.1,Safe,83,157.1
472,13.77,-0.05,5.03,-0.10,0.30,28.9,86,,112,122,168,2,TippedAndRolled,143,285.3,Fell,193,211.7,TippedAndRolled,182,220.4
473,21.06,-2.02,-3.49,0.02,-1.99,67.7,52,93,52,87,,7,Ditched,83,66.6,Safe,110,42.4,Safe,110,47.4
474,7.76,-2.12,1.69,-0.64,0.67,102.7,45,,70,,93,8,Ditched,97,125.3,NearPerson,99,5.6,Safe,103,16.5
475,21.57,0.08,1.14,0.98,1.10,63.6,36,,52,,,3,TippedAndRolled,83,53.2,TippedAndRolled,104,18.3,Safe,87,19.1
476,5.80,-3.16,-3.06,0.41,1.30,47.0,63,,45,,107,6,Ditched,92,283.2,Safe,119,293.0,Safe,86,50.5
477,3.75,-1.93,3.72,-0.05,1.17,36.1,65,,46,,,6,Ditched,94,96.5,Safe,138,310.0,Ditched,493,1057.2
478,9.83,0.75,1.35,0.16,1.79,96.4,88,132,71,95,128,4,TippedAndRolled,117,136.1,Safe,125,172.9,TippedAndRolled,142,224.7
479,21.44,-0.44,1.93,-0.97,-1.03,103.1,78,,76,120,85,8,TippedAndRolled,96,17.5,Safe,100,25.2,TippedAndRolled,99,23.1
480,9.62,-4.96,3.05,0.81,1.28,82.9,79,109,90,,,0,Ditched,121,-1.0,Safe,182,-1.0,Safe,170,-1.0
481,19.05,0.17,0.84,-0.75,0.79,24.1,29,,50,,,5,HitTrees,69,13.0,Safe,107,42.7,Ditched,493,1240.4
482,1.06,-0.71,0.52,-0.05,0.00,56.0,87,,106,157,121,2,TippedAndRolled,129,19.3,NearPerson,129,5.7,Safe,124,17.4
483,14.96,-1.12,-2.65,1.07,-0.36,85.8,57,,44,54,,8,Ditched,353,921.1,Fell,526,264.8,Resumed,54,-1.0
484,0.67,-1.60,1.89,0.31,0.22,33.9,76,92,73,,114,0,Ditched,105,-1.0,Fell,139,-1.0,HitTrees,122,-1.0
485,2.88,-5.01,1.40,1.18,0.43,96.8,50,,55,,,1,Ditched,86,217.4,Safe,168,186.2,Safe,163,190.0
486,12.16,0.49,-0.50,-0.02,-0.01,43.1,52,,70,124,109,7,TippedAndRolled,101,28.0,Fell,134,122.8,TippedAndRolled,123,107.8
487,7.10,-0.93,-0.17,-0.80,-1.13,80.7,50,,46,,,2,TippedAndRolled,79,14.1,Safe,160,210.7,Safe,160,214.9
488,18.14,-0.12,1.23,0.53,1.30,97.8,58,112,86,,,5,TippedAndRolled,117,83.2,NearPerson,121,6.8,Safe,99,28.4
489,4.63,-1.59,-0.27,0.22,-1.63,26.2,67,,85,,,3,Ditched,116,98.4,Safe,122,21.3,Safe,133,33.5
490,16.04,-0.77,-0.46,-1.61,0.11,58.1,57,,85,111,,4,Ditched,116,70.9,Safe,116,42.1,Safe,96,44.9
491,22.91,-1.19,-1.01,1.13,-1.25,95.1,22,48,22,,,1,TippedAndRolled,53,49.1,Safe,59,59.3,Safe,61,62.4
492,12.77,2.50,-2.29,1.21,0.55,56.1,81,,81,112,,1,TippedAndRolled,112,149.2,Safe,127,94.4,Safe,130,110.8
493,14.46,-1.65,0.26,-1.18,0.21,100.9,25,69,48,,,2,TippedAndRolled,79,59.8,Safe,87,43.8,Safe,70,34.8
494,3.03,-2.67,-0.11,-1.24,-0.48,59.6,62,,68,,111,4,Ditched,99,70.2,Safe,112,18.7,Ditched,125,109.0
495,11.42,-0.22,4.06,-0.21,0.26,60.8,75,,89,120,,7,TippedAndRolled,120,142.1,Safe,133,18.9,Ditched,483,707.8
496,14.59,-0.78,-1.83,-0.01,-0.44,103.8,42,,41,,56,0,TippedAndRolled,64,-1.0,Safe,67,-1.0,TippedAndRolled,71,-1.0
497,2.66,0.41,-1.79,0.99,0.69,102.4,35,,58,,117,4,Safe,89,47.0,Safe,95,26.0,Safe,74,29.5
498,15.45,-3.88,2.85,0.01,-0.10,104.0,67,,73,91,,2,Ditched,104,178.2,Safe,112,35.2,Safe,131,44.5
499,14.61,-0.79,1.07,-0.99,-0.72,85.3,44,,36,77,,0,HitTrees,62,-1.0,Safe,118,-1.0,Safe,123,-1.0
500,17.91,-4.04,3.48,-0.55,1.87,95.1,20,66,27,,,5,Ditched,58,163.9,TippedAndRolled,62,19.0,TippedAndRolled,484,708.2
501,18.14,2.87,-1.40,-0.17,-0.44,92.1,69,,54,110,,7,TippedAndRolled,98,206.3,Safe,123,76.4,Safe,195,354.3
502,19.18,3.78,0.69,0.97,-0.09,98.6,41,,33,,87,4,TippedAndRolled,70,76.5,Safe,75,37.8,Safe,74,14.5
503,7.31,2.31,-1.75,-0.70,0.37,41.1,45,58,56,,60,1,TippedAndRolled,74,34.2,Fell,85,93.1,HitTrees,68,40.7
504,23.04,0.16,-0.33,0.22,-1.67,79.6,73,,73,,80,4,TippedAndRolled,92,20.2,Fell,105,41.0,TippedAndRolled,94,15.9
505,11.04,1.88,1.73,0.87,0.68,73.6,70,84,58,,,3,TippedAndRolled,99,106.1,Safe,102,118.9,Safe,104,115.9
506,2.91,-3.86,-4.56,-0.02,0.83,53.4,38,,20,,81,8,Ditched,67,326.3,Safe,87,110.1,Safe,65,105.5
507,0.94,-0.56,-1.69,1.56,-0.40,45.7,39,,58,80,70,0,TippedAndRolled,80,-1.0,Fell,95,-1.0,TippedAndRolled,84,-1.0
508,20.51,1.01,0.03,-0.62,0.32,44.4,86,124,107,147,,7,NearPerson,138,5.3,Safe,216,199.9,Resumed,147,-1.0
509,19.39,2.43,2.96,0.29,-0.15,75.1,49,,32,,,4,TippedAndRolled,78,123.8,Safe,89,195.6,Safe,109,199.0
510,7.25,0.64,-5.89,1.01,-1.15,78.6,67,98,95,,,5,TippedAndRolled,353,496.2,Safe,401,350.5,Safe,136,51.7
511,9.32,0.19,1.79,0.19,0.65,50.6,71,,83,105,,6,TippedAndRolled,114,56.3,Safe,140,46.0,Safe,131,58.3
512,19.43,-1.20,2.23,0.83,1.74,104.0,81,126,110,,,1,TippedAndRolled,141,152.9,Safe,147,82.4,Safe,120,85.3
513,12.04,-4.36,-4.02,-0.37,0.28,35.7,28,,42,,,3,Ditched,73,285.7,Safe,93,67.4,Ditched,493,1285.5
514,0.32,-1.22,3.47,-1.95,-0.24,42.0,24,,11,,,8,Ditched,53,64.6,Ditched,53,64.6,Safe,52,42.3
515,14.57,-2.27,-1.94,0.73,-0.36,81.5,55,75,57,90,103,8,HitTrees,76,50.1,Safe,91,16.7,Safe,94,13.5
516,15.80,-0.31,-5.20,1.58,1.20,76.6,24,47,33,90,,3,TippedAndRolled,64,102.2,Safe,73,29.1,Safe,63,28.7
517,15.33,0.74,3.74,0.06,-0.10,37.7,66,,73,,,0,TippedAndRolled,104,-1.0,Safe,105,-1.0,Safe,164,-1.0
518,18.54,0.64,-2.74,0.52,-0.20,64.2,51,,51,,93,3,HitTrees,70,65.1,Fell,118,191.1,TippedAndRolled,107,124.4
519,16.83,3.51,-0.52,-1.64,-0.30,98.1,31,86,36,,94,2,TippedAndRolled,67,142.0,Safe,73,45.4,Safe,92,118.1
520,4.58,5.59,0.65,-0.31,0.07,88.3,39,73,22,44,42,0,TippedAndRolled,55,-1.0,Safe,62,-1.0,TippedAndRolled,56,-1.0
521,0.05,-0.55,0.14,-0.11,-0.78,24.8,89,,84,,96,4,TippedAndRolled,107,30.3,Fell,121,60.7,TippedAndRolled,110,18.0
522,7.83,-1.27,4.04,-0.26,-0.21,98.8,44,66,41,,,4,TippedAndRolled,73,49.0,Safe,82,18.2,Safe,92,30.9
523,6.76,-1.51,2.32,-0.49,1.17,38.9,78,,60,,,6,Ditched,107,131.0,Safe,120,146.6,Safe,111,142.7
524,1.29,3.62,-1.21,-0.63,0.29,78.2,31,80,24,,,2,TippedAndRolled,60,133.3,Safe,74,58.8,Safe,79,61.0
525,0.00,-2.25,0.63,0.09,0.26,82.8,39,,65,120,,2,Ditched,96,132.1,Safe,149,135.7,Safe,122,139.4
526,9.04,-0.22,-0.33,-0.60,0.63,29.5,28,,31,51,,6,NearPerson,62,1.7,Safe,62,10.8,Safe,67,14.2
527,15.57,1.54,-0.20,0.56,0.21,54.0,61,,73,,,5,Safe,104,50.1,Safe,115,15.5,Safe,138,105.5
528,1.55,2.46,-2.16,0.19,-0.68,45.1,56,,79,112,107,7,TippedAndRolled,109,124.8,Safe,109,21.0,Safe,95,23.4
529,6.73,1.36,2.38,1.02,0.64,66.4,42,71,68,108,,4,TippedAndRolled,353,325.5,Safe,401,179.8,Safe,108,37.0
530,23.91,0.33,4.36,0.29,-1.64,55.2,52,,45,,87,3,TippedAndRolled,81,39.3,Fell,112,242.4,TippedAndRolled,101,169.1
531,8.22,-2.59,4.25,0.83,-0.16,42.9,62,,57,,117,1,Ditched,91,132.6,Safe,102,40.8,Safe,100,44.4
532,3.12,1.63,2.75,1.80,0.17,83.7,56,,38,,,8,Safe,85,116.8,Safe,96,221.8,Ditched,493,1149.4
533,6.84,1.74,-0.32,-1.01,1.57,41.7,22,62,16,42,64,0,TippedAndRolled,51,-1.0,Safe,51,-1.0,TippedAndRolled,76,-1.0
534,17.65,0.04,0.09,-0.56,-0.43,57.3,73,131,54,,,1,TippedAndRolled,102,199.7,Safe,135,100.4,Safe,95,96.4
535,9.16,-1.01,5.89,-0.40,-0.05,80.8,66,91,73,,,3,TippedAndRolled,104,90.3,NearPerson,108,8.1,Safe,438,105.4
536,1.89,-0.50,-3.08,0.16,-0.81,74.3,86,,105,,,3,TippedAndRolled,136,140.5,Safe,211,216.0,Safe,192,220.0
537,11.78,-0.70,-4.37,-0.96,-0.20,100.4,56,73,47,,,8,TippedAndRolled,85,95.3,Safe,85,36.0,Safe,88,17.1
538,2.93,-1.67,-5.46,-0.76,0.67,68.8,55,,82,,116,1,Ditched,113,316.2,Safe,117,38.0,Safe,94,43.2
539,2.38,-0.14,-1.85,-0.98,-0.56,29.4,68,,76,,120,3,TippedAndRolled,107,106.7,Safe,128,121.3,Safe,124,125.2
540,20.72,4.57,1.43,-0.49,-0.86,57.8,52,,61,79,77,4,TippedAndRolled,85,127.1,Fell,102,100.4,TippedAndRolled,91,59.4
541,15.95,-3.18,-0.99,0.96,-0.91,78.1,49,,78,,82,7,Ditched,96,113.4,Fell,107,29.9,TippedAndRolled,96,44.6
542,14.10,0.93,-3.76,0.03,-0.13,93.7,46,,53,84,69,8,Safe,77,74.0,Fell,94,79.2,TippedAndRolled,83,36.4
543,2.70,0.26,-2.01,0.27,0.82,68.6,76,,60,,127,8,TippedAndRolled,105,211.7,Safe,107,157.8,Safe,111,120.0
544,12.49,-0.04,0.00,-0.58,1.06,45.4,47,68,47,58,,1,HitTrees,66,52.9,Safe,86,50.7,Resumed,68,-1.0
545,0.91,1.61,-0.55,-0.08,-0.02,81.7,78,,77,88,125,4,Safe,108,43.7,Fell,150,147.5,TippedAndRolled,139,115.6
546,19.84,-1.99,-0.30,0.28,1.06,52.4,24,,43,102,,3,Ditched,74,85.0,Safe,86,19.8,Ditched,493,1277.6
547,0.46,1.23,0.66,0.36,-1.55,27.6,57,,66,,75,5,TippedAndRolled,86,10.5,NearPerson,87,5.1,TippedAndRolled,89,13.7
548,8.53,-5.82,1.07,0.56,-1.58,37.0,72,83,67,,,2,Ditched,101,87.8,Safe,137,136.0,Safe,137,138.7
549,16.70,-2.04,1.83,0.15,0.14,26.2,50,,38,,73,2,Ditched,76,73.1,Safe,80,73.5,Safe,79,54.1
550,4.77,-0.01,-1.12,0.76,0.59,34.4,81,,98,116,147,3,TippedAndRolled,129,30.9,Safe,129,21.5,Safe,120,16.7
551,9.20,1.52,-0.81,0.21,-0.19,37.7,64,80,80,,,7,TippedAndRolled,353,471.1,Safe,392,353.0,Resumed,80,-1.0
552,0.62,-4.38,-0.94,-0.50,-0.86,95.2,72,,63,,108,2,Ditched,101,127.7,TippedAndRolled,111,78.4,Safe,115,82.9
553,11.39,3.29,-1.20,-0.40,-1.59,95.7,84,,99,144,,6,TippedAndRolled,130,150.7,Safe,201,184.0,Safe,190,157.0
554,0.23,-0.03,-0.11,0.63,-0.56,62.3,68,,81,,,2,TippedAndRolled,112,21.6,Safe,141,69.9,Safe,128,73.3
555,22.37,1.29,2.12,-0.94,-0.13,66.5,56,115,39,53,83,8,TippedAndRolled,97,82.8,Safe,103,109.1,TippedAndRolled,97,130.0
556,2.12,-5.94,0.75,1.81,-0.81,38.6,33,,53,112,,6,Ditched,84,288.1,Safe,121,74.8,Safe,100,79.7
557,6.67,0.55,-0.56,1.05,0.90,40.3,28,,12,,,4,TippedAndRolled,57,163.0,Safe,95,35.3,Ditched,491,460.6
558,15.95,0.87,-2.75,0.07,0.15,86.3,28,61,55,109,,6,TippedAndRolled,86,57.1,Safe,107,33.3,Resumed,109,-1.0
559,2.92,2.25,-0.70,-0.76,-1.72,83.8,58,70,72,,113,1,TippedAndRolled,127,293.0,Safe,131,299.0,TippedAndRolled,127,83.0
560,0.26,-1.32,1.77,-1.33,0.40,81.4,23,,30,,69,1,HitTrees,55,85.5,NearPerson,71,9.2,Safe,64,14.8
561,22.16,-1.17,0.08,-0.41,0.74,25.2,42,,66,,107,6,Ditched,97,52.6,Safe,115,22.3,Safe,98,23.3
562,5.61,1.18,-0.56,0.71,-1.18,96.6,64,,64,,,0,Safe,95,-1.0,Safe,102,-1.0,Safe,103,-1.0
563,22.35,-3.62,2.52,0.01,-0.03,107.4,26,,33,,87,1,Ditched,64,199.7,Safe,71,57.4,Safe,97,51.1
564,10.82,-0.02,-0.31,1.21,-1.04,86.7,66,,70,108,,1,TippedAndRolled,101,43.6,Safe,105,26.3,Safe,105,20.7
565,22.65,0.05,1.49,0.23,-1.51,101.4,22,56,47,95,,5,TippedAndRolled,78,77.4,Safe,84,53.4,Safe,61,57.8
566,11.91,4.35,-0.18,0.33,1.29,67.1,63,,63,,,1,TippedAndRolled,94,172.4,Safe,94,50.1,Safe,102,46.8
567,9.99,-3.44,-0.93,-1.70,-0.83,33.9,68,103,53,,71,7,Ditched,84,161.3,Fell,96,207.1,Safe,80,60.9
568,16.14,-0.13,1.79,-0.11,0.73,92.2,88,,111,148,123,3,TippedAndRolled,133,33.0,Fell,148,79.4,TippedAndRolled,137,76.9
569,5.55,-4.90,1.59,0.25,0.82,42.4,83,105,108,145,,2,TippedAndRolled,353,622.5,Safe,401,476.7,Safe,148,39.4
570,12.81,-0.60,0.05,-0.78,0.54,83.0,52,,77,124,98,6,TippedAndRolled,103,34.5,Fell,123,73.3,TippedAndRolled,112,76.9
571,12.53,-0.72,1.06,0.73,0.33,46.5,73,,66,,94,3,TippedAndRolled,98,11.8,Safe,117,92.8,TippedAndRolled,108,58.6
572,11.06,-0.56,0.94,0.57,1.68,74.6,42,,42,54,95,1,TippedAndRolled,73,12.8,Fell,120,221.5,TippedAndRolled,109,187.9
573,21.24,-4.95,-0.02,0.08,0.13,46.6,78,96,59,,,0,Ditched,107,-1.0,Safe,127,-1.0,Safe,108,-1.0
574,13.05,-1.25,0.52,0.87,-0.70,30.6,88,,78,,,2,Ditched,117,81.0,Safe,168,224.2,Safe,177,228.2
575,21.15,-0.93,-4.38,0.84,-0.66,48.4,60,75,79,136,110,1,TippedAndRolled,124,297.8,Fell,135,315.5,Ditched,124,43.9
576,13.08,-4.74,-0.23,0.96,1.45,91.5,81,,100,126,127,1,Ditched,129,204.8,Fell,152,125.1,TippedAndRolled,141,113.6
577,21.36,-1.30,-0.49,-1.43,0.80,42.8,68,,79,,,4,Ditched,110,51.3,Safe,139,55.5,Safe,128,59.4
578,22.94,0.05,-0.01,0.07,-0.04,81.4,60,86,66,83,,0,TippedAndRolled,97,-1.0,Safe,105,-1.0,Safe,99,-1.0
579,9.22,1.38,2.61,0.87,1.47,97.1,59,,54,64,82,0,Safe,85,-1.0,Safe,86,-1.0,Safe,89,-1.0
580,21.18,0.46,-0.35,0.47,-0.20,92.6,71,124,84,96,,1,TippedAndRolled,115,82.0,Safe,152,162.4,Safe,139,166.3
581,10.74,0.92,2.24,-0.75,1.52,88.3,51,63,67,,,8,TippedAndRolled,353,350.4,Safe,401,206.3,Resumed,63,-1.0
582,20.14,3.42,1.86,1.47,-0.42,34.4,34,88,39,,,1,HitTrees,58,103.1,Safe,110,174.9,Safe,105,178.3
583,14.54,1.51,0.42,0.32,-0.43,99.3,83,,73,114,103,2,IntoRavine,108,74.5,Safe,111,70.5,Safe,115,70.6
584,20.60,5.01,-2.15,-0.17,0.04,83.1,75,,65,,88,7,TippedAndRolled,96,156.3,Safe,106,122.3,TippedAndRolled,106,79.9
585,2.04,4.68,-2.93,-0.96,-0.05,96.0,31,,26,74,70,3,TippedAndRolled,60,121.0,Safe,65,16.6,Ditched,84,101.1
586,4.48,-1.75,4.01,0.47,1.04,101.4,76,,73,,99,6,TippedAndRolled,102,86.4,NearPerson,106,8.7,Safe,107,20.2
587,0.95,-3.65,-0.83,0.49,1.14,85.0,78,,85,100,122,0,Ditched,116,-1.0,Fell,147,-1.0,TippedAndRolled,136,-1.0
588,8.27,3.72,-0.22,-0.16,1.64,45.6,59,,42,69,,3,TippedAndRolled,88,200.8,TippedAndRolled,102,218.9,Safe,124,222.9
589,8.20,-4.66,-1.40,-1.04,-1.08,40.7,45,,52,107,108,7,Ditched,83,156.6,Safe,120,111.8,Safe,118,123.2
590,18.90,-0.67,-2.41,-0.95,-1.72,37.5,54,,45,,92,5,TippedAndRolled,83,96.2,Fell,117,209.4,TippedAndRolled,106,113.4
591,16.85,0.01,0.00,-0.18,0.03,103.5,82,130,105,,136,5,TippedAndRolled,136,19.2,Safe,139,28.0,Safe,121,23.1
592,1.85,0.93,3.93,-0.35,0.66,55.7,75,87,69,,,2,HitTrees,92,29.8,Safe,144,107.1,Safe,257,386.5
593,4.04,2.65,-3.70,0.10,0.14,89.0,31,74,38,,,3,TippedAndRolled,69,150.2,Safe,97,58.7,Safe,286,79.2
594,2.05,0.83,-4.94,1.14,0.72,37.9,73,,74,130,,6,TippedAndRolled,105,120.2,Safe,145,88.2,Safe,143,92.2
595,22.69,-1.33,2.19,0.30,1.06,28.8,36,58,63,92,,1,TippedAndRolled,353,308.5,Safe,401,162.5,Safe,112,158.5
596,5.48,1.77,0.24,0.26,-0.81,85.3,31,,33,58,82,4,TippedAndRolled,64,30.3,Safe,89,45.3,Safe,87,50.3
597,16.57,-0.42,-0.18,0.48,0.77,95.7,54,,40,66,,7,TippedAndRolled,83,110.3,Safe,122,223.5,Ditched,493,1232.3
598,14.10,2.33,1.27,0.37,0.06,101.5,61,,42,66,86,3,TippedAndRolled,88,225.1,Safe,91,242.3,Safe,87,158.9
599,21.63,5.05,-2.87,-0.23,0.35,55.7,63,,45,,80,1,TippedAndRolled,86,320.3,Fell,105,368.0,TippedAndRolled,94,225.2
600,13.15,3.09,4.86,0.32,-1.56,47.2,28,,38,,,5,TippedAndRolled,69,173.9,Safe,95,75.9,Ditched,483,608.4
601,4.38,-0.28,0.17,-0.60,0.68,25.3,21,67,41,,48,7,TippedAndRolled,60,17.6,Safe,63,11.0,TippedAndRolled,62,31.5
602,19.20,1.76,2.90,-0.88,1.74,25.7,28,,16,,47,8,TippedAndRolled,52,14.5,Safe,59,31.9,Safe,52,32.6
603,2.84,0.72,-0.84,0.92,1.56,60.7,22,75,23,48,35,7,TippedAndRolled,45,13.3,NearPerson,48,8.2,TippedAndRolled,51,10.7
604,5.88,-0.79,-3.45,0.24,-1.02,24.1,30,,47,,,4,Ditched,78,137.4,Safe,104,54.6,Safe,104,68.7
605,8.53,0.16,-1.63,-0.48,-1.45,89.5,77,110,95,,,7,TippedAndRolled,126,14.5,Safe,178,112.6,Safe,160,116.6
606,4.22,-1.48,-1.08,0.66,1.13,62.5,21,,43,,,0,Ditched,74,-1.0,Safe,77,-1.0,Safe,215,-1.0
607,22.49,-0.57,-2.71,-0.00,0.06,60.7,43,93,33,71,94,4,TippedAndRolled,72,134.4,Safe,98,148.1,Safe,103,151.9
608,14.63,-2.43,-2.42,0.81,0.12,107.8,66,122,47,62,122,6,Ditched,136,379.3,Fell,147,353.7,Safe,105,90.4
609,13.09,0.95,4.25,0.64,0.51,95.0,78,89,75,111,93,2,TippedAndRolled,100,10.4,Fell,118,135.5,TippedAndRolled,111,78.3
610,7.29,1.13,0.10,-0.19,-0.16,51.6,34,,63,,,4,HitTrees,82,21.9,Safe,133,75.8,Safe,189,220.0
611,18.97,1.86,-1.47,0.11,0.74,76.6,22,,45,,79,4,TippedAndRolled,76,71.5,TippedAndRolled,81,19.0,TippedAndRolled,90,31.4
612,12.10,0.58,-1.37,0.22,-1.85,34.4,49,,43,,,7,TippedAndRolled,78,24.0,Safe,145,191.0,Safe,149,195.0
613,16.69,0.62,5.90,0.59,-0.58,40.3,85,,85,,,4,TippedAndRolled,116,167.4,Safe,195,205.5,Ditched,493,907.5
614,16.72,3.77,3.99,-0.01,-0.19,103.0,32,67,47,61,,3,TippedAndRolled,78,149.5,Safe,81,28.6,Safe,71,23.9
615,0.31,3.20,-3.83,-0.37,0.52,72.3,37,,53,,,8,TippedAndRolled,84,191.2,Safe,128,105.0,Safe,125,116.0
616,6.12,-0.53,0.18,0.34,0.35,67.7,30,,53,,,0,TippedAndRolled,84,-1.0,Safe,112,-1.0,Safe,93,-1.0
617,7.33,-1.23,-3.88,-0.77,0.32,101.0,34,,42,94,,2,TippedAndRolled,73,147.2,Safe,80,26.4,Safe,75,34.2
618,5.50,-3.59,-1.71,-0.55,-0.38,96.8,55,,83,,118,2,Ditched,114,211.7,Safe,117,23.2,Safe,94,28.7
619,17.38,-1.64,1.38,-0.58,1.89,32.5,25,,44,,69,2,Ditched,72,91.6,TippedAndRolled,80,12.0,Safe,83,107.6
620,1.33,0.12,1.38,0.75,0.46,79.4,35,,31,52,56,4,TippedAndRolled,60,26.5,Fell,81,120.9,TippedAndRolled,70,56.5
621,2.61,-0.70,3.44,1.52,0.40,80.1,59,,71,107,108,5,TippedAndRolled,102,102.8,Safe,109,18.0,Safe,119,83.9
622,21.17,2.69,-4.30,-0.01,0.09,79.8,61,93,65,,,3,TippedAndRolled,96,110.4,Safe,104,17.8,Ditched,483,551.6
623,20.70,2.68,0.66,-1.53,0.22,30.5,49,,31,,61,0,TippedAndRolled,70,-1.0,Safe,72,-1.0,TippedAndRolled,75,-1.0
624,15.75,1.75,5.68,-1.68,-0.77,44.4,35,69,48,,88,2,TippedAndRolled,79,229.2,TippedAndRolled,83,48.9,Safe,74,47.5
625,7.15,-1.31,0.79,1.15,0.92,93.5,78,128,65,,125,3,TippedAndRolled,107,128.8,Safe,116,170.4,Safe,128,173.4
626,23.55,0.92,1.30,-0.97,0.29,40.6,53,107,81,124,,8,TippedAndRolled,112,41.7,Safe,118,18.0,Safe,92,14.1
627,4.14,2.68,3.99,-0.55,-0.59,97.1,33,,31,,,6,TippedAndRolled,62,94.5,Safe,68,14.2,Safe,72,16.2
628,10.68,-1.27,0.76,0.08,0.50,66.6,59,85,65,,93,4,TippedAndRolled,95,51.8,Safe,98,32.8,Safe,96,29.6
629,19.54,-0.46,-0.74,-1.86,-0.74,100.3,36,57,49,,96,1,TippedAndRolled,80,34.7,Safe,87,64.9,Safe,75,70.6
630,14.85,-3.73,-0.39,-0.82,0.38,33.6,31,54,37,,44,0,Ditched,56,-1.0,Fell,69,-1.0,TippedAndRolled,58,-1.0
631,2.49,-2.28,-3.55,0.31,0.67,63.6,49,77,73,,,8,TippedAndRolled,353,371.8,Safe,401,225.8,TippedAndRolled,486,70.6
632,10.60,-0.16,-5.16,0.91,-0.32,78.7,31,,23,70,,8,TippedAndRolled,60,158.3,Safe,66,39.8,Safe,76,43.7
633,14.33,-1.84,-2.28,0.34,-0.26,86.2,38,,56,109,,1,Ditched,87,160.5,Safe,135,143.8,Safe,116,146.7
634,8.61,-3.16,-2.08,-0.89,1.24,38.3,44,87,59,,97,4,Ditched,90,151.9,Safe,90,42.8,Safe,83,40.7
635,22.51,-0.22,-0.34,0.14,0.14,94.2,83,,68,,,8,TippedAndRolled,112,143.5,Safe,123,168.3,Safe,141,172.2
636,12.76,-3.90,2.98,-0.86,-1.46,74.5,68,122,78,,82,2,Ditched,96,97.3,Fell,107,37.3,TippedAndRolled,99,45.3
637,22.81,2.78,4.05,-0.18,1.65,41.9,37,,19,,,1,Safe,66,157.2,Safe,87,172.3,Safe,61,168.1
638,15.70,-0.10,0.18,-0.70,-1.57,41.7,68,,96,,,4,NearPerson,127,7.4,Safe,157,34.9,Safe,128,38.8
639,13.48,-5.26,-1.37,0.09,-0.57,26.0,28,39,16,,,3,Ditched,57,124.1,Safe,74,43.3,Safe,57,38.8
640,4.11,0.49,3.14,0.49,-0.15,78.8,75,,56,108,,7,TippedAndRolled,104,106.2,Safe,130,115.3,Safe,97,111.5
641,5.83,-0.59,-0.37,-0.35,-1.44,102.0,42,,53,,108,5,NearPerson,84,7.5,NearPerson,85,2.8,Safe,81,29.3
642,2.77,0.94,-0.99,-0.38,-1.01,33.5,65,96,67,106,,5,TippedAndRolled,98,29.1,Safe,119,44.5,Safe,116,48.1
643,5.80,-1.94,-4.60,-0.26,1.02,95.3,87,,101,121,,1,Ditched,132,234.7,TippedAndRolled,209,263.8,Safe,194,268.2
644,0.34,-0.00,-0.16,-0.32,-1.41,45.4,33,,33,55,,4,NearPerson,64,7.0,TippedAndRolled,71,19.4,Safe,72,16.8
645,0.87,1.27,-0.02,-0.38,0.20,43.6,23,,38,83,68,7,HitTrees,57,38.4,Safe,73,10.0,TippedAndRolled,82,76.7
646,7.48,2.33,3.09,-1.09,-0.75,53.3,53,,40,,92,5,TippedAndRolled,82,41.8,Safe,113,226.6,TippedAndRolled,106,171.5
647,7.04,-2.04,-4.19,1.41,0.38,56.3,71,,61,101,80,2,TippedAndRolled,90,200.5,TippedAndRolled,90,125.9,TippedAndRolled,94,112.7
648,7.12,0.72,0.44,0.02,0.33,24.4,66,,94,,127,3,TippedAndRolled,125,30.3,Safe,138,17.4,TippedAndRolled,141,120.7
649,6.94,-0.08,0.01,0.65,0.20,63.4,20,,20,60,,6,TippedAndRolled,51,19.2,Safe,53,13.9,Ditched,493,1313.8
650,11.38,0.65,0.35,0.08,-0.06,27.1,58,,75,,,2,TippedAndRolled,106,61.1,Safe,109,41.8,Safe,97,39.5
651,9.61,-0.46,0.07,-0.84,1.67,67.8,31,76,23,76,,0,TippedAndRolled,60,-1.0,TippedAndRolled,70,-1.0,Resumed,76,-1.0
652,0.01,0.26,-0.02,-1.07,-0.90,91.6,36,,31,,44,4,NearPerson,55,7.0,Fell,69,95.3,TippedAndRolled,58,21.1
653,0.56,-0.02,0.03,1.13,0.43,57.4,77,,93,,,5,TippedAndRolled,124,23.0,Safe,178,107.3,Safe,161,111.2
654,3.55,2.20,4.35,-0.13,1.47,94.5,21,,4,,,7,TippedAndRolled,50,65.2,Safe,57,128.6,Safe,74,21.7
655,19.22,-1.08,-0.32,0.04,0.07,107.5,45,,27,70,91,1,TippedAndRolled,74,270.0,Safe,77,250.7,Safe,68,154.0
656,4.02,0.62,4.21,-1.25,0.53,65.8,83,,74,104,109,0,TippedAndRolled,111,-1.0,Fell,134,-1.0,TippedAndRolled,123,-1.0
657,4.27,0.23,0.37,0.72,0.78,42.4,49,,75,,,5,TippedAndRolled,106,23.4,TippedAndRolled,113,22.4,Safe,162,213.8
658,11.96,0.81,5.26,-0.42,0.37,39.9,33,,40,,,7,TippedAndRolled,71,168.6,TippedAndRolled,75,14.7,Safe,72,14.2
659,21.03,-3.35,-3.22,-0.40,1.71,68.2,60,96,64,,,3,Ditched,95,127.4,TippedAndRolled,101,37.2,Safe,335,326.5
660,19.88,0.53,1.84,0.31,-0.03,58.5,25,81,52,,86,3,TippedAndRolled,83,87.1,Safe,83,30.7,TippedAndRolled,98,28.5
661,5.27,-0.29,0.12,-1.04,-0.26,43.4,38,,24,34,39,0,Safe,53,-1.0,Safe,53,-1.0,TippedAndRolled,54,-1.0
662,10.88,4.84,-0.25,0.31,-1.92,80.1,59,,77,,,7,TippedAndRolled,108,203.7,Safe,114,24.5,Safe,108,33.8
663,16.82,-0.82,-2.31,-1.91,0.20,86.9,77,,80,136,119,1,TippedAndRolled,111,79.5,Fell,144,147.3,TippedAndRolled,133,112.0
664,13.92,-3.28,3.68,0.26,0.27,53.0,65,,66,,86,5,Ditched,92,95.3,Safe,94,24.6,TippedAndRolled,100,41.2
665,1.63,1.45,-0.10,-0.51,0.24,43.3,41,54,51,,,5,TippedAndRolled,353,291.8,Safe,401,146.6,Resumed,54,-1.0
666,15.35,3.25,2.48,-0.66,-1.49,63.5,41,57,66,,,4,TippedAndRolled,353,279.6,Safe,401,134.4,Resumed,57,-1.0
667,5.89,-1.13,0.80,-0.10,-0.11,51.5,67,77,66,,105,7,TippedAndRolled,97,12.3,Safe,115,52.8,Safe,115,56.2
668,22.49,0.92,3.54,-0.51,-0.32,35.8,69,,69,98,115,1,TippedAndRolled,100,113.4,Safe,125,100.6,TippedAndRolled,129,128.9
669,3.78,2.34,-3.12,1.19,0.81,92.1,58,100,77,,,1,TippedAndRolled,108,174.0,Safe,109,27.4,Ditched,483,582.9
670,16.11,-4.39,2.34,-0.16,0.55,101.8,89,,101,156,,3,Ditched,132,180.2,Safe,141,26.1,Safe,138,77.0
671,15.40,-0.90,1.44,1.11,-0.26,98.1,24,,21,,,0,TippedAndRolled,53,-1.0,Safe,62,-1.0,Safe,68,-1.0
672,1.06,0.75,-2.44,-0.37,1.91,67.6,87,130,76,,89,2,TippedAndRolled,103,115.6,Fell,114,156.2,TippedAndRolled,103,45.4
673,22.09,3.25,-2.11,0.37,0.51,26.1,79,,107,139,,2,TippedAndRolled,138,169.5,Safe,195,131.2,Safe,167,136.1
674,22.50,-1.62,0.28,-0.01,-0.93,58.4,52,99,41,,77,0,TippedAndRolled,79,-1.0,Fell,102,-1.0,TippedAndRolled,91,-1.0
675,19.50,2.24,2.01,-1.80,-0.51,57.2,20,,20,,,4,Safe,51,51.6,Safe,54,21.6,Safe,174,38.1
676,0.86,-2.73,1.47,-1.39,0.42,83.2,61,,55,66,88,8,Ditched,89,48.3,HitTrees,90,11.8,Safe,98,15.6
677,23.77,0.02,0.14,-0.93,1.57,89.8,73,,54,,117,1,TippedAndRolled,102,254.4,TippedAndRolled,104,256.1,Safe,95,153.4
678,0.03,-2.74,-2.98,-0.52,0.69,42.6,58,,66,95,120,7,Ditched,97,117.3,Safe,98,13.1,TippedAndRolled,134,136.8
679,5.85,-4.98,2.03,0.83,-1.46,60.1,30,,22,61,54,2,Ditched,57,102.4,Safe,61,89.6,Safe,64,71.6
680,15.38,-1.29,-5.53,-0.12,-0.79,107.0,54,76,70,85,119,1,TippedAndRolled,101,110.7,Safe,106,15.7,Safe,93,20.4
681,12.10,1.28,4.18,0.57,-0.50,35.5,22,,4,38,41,7,TippedAndRolled,46,22.2,TippedAndRolled,46,22.2,Ditched,55,131.1
682,11.45,-4.92,-1.17,-0.91,0.30,56.9,52,71,70,84,127,5,TippedAndRolled,141,383.4,Fell,152,309.2,TippedAndRolled,143,231.8
683,8.82,3.27,2.47,-1.82,0.05,78.0,67,121,79,122,,7,TippedAndRolled,110,121.1,Safe,138,41.3,Safe,126,43.4
684,17.53,2.25,-3.81,-1.89,0.29,93.7,37,,55,,,1,TippedAndRolled,86,238.4,Safe,93,42.3,Safe,112,169.6
685,6.42,4.35,0.97,-1.49,0.30,46.8,39,,32,,,2,TippedAndRolled,68,102.0,Safe,105,128.2,Safe,109,132.8
686,15.63,-0.92,-0.07,1.15,-0.44,36.8,52,,38,70,,3,Ditched,81,137.7,Safe,91,109.8,Safe,79,71.0
687,17.83,0.04,-3.33,-0.23,-0.43,95.9,68,,57,,,0,TippedAndRolled,97,-1.0,Safe,103,-1.0,Ditched,483,-1.0
688,13.45,-3.38,3.72,-0.69,-0.85,44.0,61,119,46,,,8,Ditched,90,88.3,Safe,106,85.4,Safe,96,52.4
689,17.76,4.40,2.23,-0.67,0.64,27.2,80,,80,,,4,TippedAndRolled,111,120.5,Safe,174,170.4,Safe,173,174.7
690,20.71,3.51,-0.64,-0.47,0.18,55.0,33,,52,68,102,8,TippedAndRolled,83,144.3,Safe,111,74.8,Safe,99,78.8
691,7.50,3.83,-0.95,-0.97,1.32,47.0,62,,86,102,91,8,TippedAndRolled,104,138.7,Fell,116,12.5,Safe,98,17.0
692,3.51,0.21,-1.48,-0.19,-0.84,105.0,73,,73,,102,4,NearPerson,103,4.3,Safe,106,28.4,Safe,115,20.9
693,5.60,-3.58,-0.24,0.48,0.35,79.8,28,,28,,,7,Ditched,59,74.9,Safe,82,48.0,Ditched,493,1214.9
694,6.70,-3.27,-1.68,-0.14,1.72,99.0,63,,54,113,,6,Ditched,92,114.2,NearPerson,100,0.7,Safe,104,40.7
695,8.21,0.64,-3.56,0.15,1.99,32.5,61,116,68,,,7,TippedAndRolled,99,89.1,TippedAndRolled,107,20.4,Safe,100,17.0
696,20.56,2.39,-1.36,0.27,-0.08,96.4,20,,8,,75,3,TippedAndRolled,49,168.3,Safe,55,118.1,Safe,49,60.1
697,14.99,-0.03,-0.74,-0.21,-0.52,32.0,50,,41,,54,7,Safe,67,35.5,Safe,67,26.3,TippedAndRolled,69,14.1
698,12.30,-3.21,2.16,-0.34,0.33,26.3,27,,51,,,2,Ditched,82,226.4,Safe,104,56.9,Safe,79,58.0
699,4.39,-2.61,1.25,0.41,1.01,50.8,72,120,83,,,2,Ditched,114,124.7,Safe,120,29.2,Safe,111,31.3
700,4.50,3.95,4.02,1.15,-0.01,52.5,77,128,58,68,127,7,TippedAndRolled,141,191.4,Fell,152,141.3,Safe,134,123.9
701,9.18,-4.31,1.71,0.01,-0.10,55.5,43,,25,,,8,Ditched,72,176.7,Safe,79,138.8,Safe,101,129.7
702,22.78,-5.59,-1.53,-0.78,0.13,82.8,72,,79,,91,1,Ditched,101,204.4,Fell,116,114.4,TippedAndRolled,105,74.0
703,18.66,0.19,-3.34,0.71,0.04,79.8,35,,39,61,86,1,TippedAndRolled,70,87.7,Safe,98,96.7,Safe,80,54.8
704,12.81,1.01,-3.88,-0.18,0.47,58.7,48,87,59,74,,6,TippedAndRolled,90,150.9,Safe,164,215.8,Resumed,87,-1.0
705,10.64,1.39,-5.06,0.23,-0.12,86.6,76,,94,,125,7,TippedAndRolled,125,238.3,Fell,150,132.0,TippedAndRolled,139,127.8
706,19.19,0.22,0.49,0.86,-0.94,89.9,58,84,71,122,,4,TippedAndRolled,102,31.2,Safe,105,22.9,Safe,97,18.9
707,9.24,3.27,-0.34,0.88,0.58,57.7,24,37,40,,,7,TippedAndRolled,353,154.4,Safe,396,26.6,Resumed,37,-1.0
708,14.21,-2.09,2.71,-1.30,-1.03,37.2,62,,67,,73,5,Ditched,86,72.2,Fell,98,27.5,HitTrees,81,30.0
709,6.72,-1.08,-0.86,-0.12,1.17,99.7,39,,39,,,6,TippedAndRolled,70,36.7,Safe,78,27.1,Safe,92,13.3
710,18.95,-3.09,-1.54,-1.55,-0.97,67.7,86,134,107,,145,0,Ditched,138,-1.0,Fell,170,-1.0,TippedAndRolled,159,-1.0
711,13.94,-3.15,3.58,0.40,0.30,95.4,39,,23,48,72,2,Ditched,68,95.7,Safe,73,133.4,Safe,74,129.8
712,5.44,1.44,4.45,-1.67,-0.12,42.4,31,64,17,,63,5,TippedAndRolled,60,40.9,Safe,70,54.2,Safe,58,50.4
713,8.77,2.84,-0.38,0.21,0.74,80.6,39,,64,121,,6,TippedAndRolled,95,146.3,TippedAndRolled,147,141.7,Safe,121,145.2
714,8.35,-4.01,-2.97,-0.72,0.93,44.3,59,80,57,78,106,1,Ditched,88,55.0,Safe,92,43.0,TippedAndRolled,124,199.7
715,0.75,3.68,-3.13,0.05,0.00,100.2,30,,58,,,7,TippedAndRolled,89,241.9,NearPerson,95,5.6,Safe,233,17.8
716,12.85,-0.04,-0.61,-0.02,-0.47,36.4,46,,46,57,,5,TippedAndRolled,77,11.2,Safe,147,186.9,Ditched,493,1056.1
717,23.19,-0.04,-0.03,-0.71,-0.90,35.5,47,69,44,,47,3,TippedAndRolled,61,31.4,Fell,72,44.1,TippedAndRolled,61,30.4
718,10.52,0.89,-0.14,1.02,-0.91,104.3,88,,69,79,126,1,TippedAndRolled,140,214.9,Safe,141,208.2,Safe,127,61.7
719,1.99,-0.14,-0.33,0.66,0.26,37.9,67,111,65,,,5,TippedAndRolled,96,34.8,Safe,123,76.4,Safe,336,144.6
720,10.23,2.46,-5.04,0.78,-1.34,66.9,33,,38,,54,1,TippedAndRolled,62,118.4,Fell,79,62.3,TippedAndRolled,69,21.2
721,1.38,-3.43,-0.26,0.29,-0.09,29.3,75,121,99,,130,1,Ditched,130,182.7,Fell,155,92.7,Safe,142,95.8
722,15.06,0.15,-2.56,-0.29,0.16,57.7,30,,43,,,0,TippedAndRolled,74,-1.0,Safe,81,-1.0,Safe,81,-1.0
723,22.48,-5.64,-0.38,1.62,0.07,45.7,53,68,71,,127,4,TippedAndRolled,141,409.5,Fell,152,337.7,TippedAndRolled,141,134.1
724,1.12,-0.01,-0.02,-0.05,-0.04,42.1,55,,65,97,83,7,TippedAndRolled,90,15.8,Safe,91,22.3,Safe,89,22.0
725,6.40,0.79,-2.54,-1.57,0.40,79.6,44,,49,,,3,TippedAndRolled,80,92.3,Safe,85,29.9,Safe,83,27.9
726,5.25,3.97,-1.86,-1.68,-0.01,63.2,32,82,35,,80,3,TippedAndRolled,66,154.8,Safe,89,54.7,Safe,88,56.3
727,12.87,0.79,0.26,-0.80,-0.36,38.2,84,129,67,,,7,TippedAndRolled,113,151.6,Safe,116,168.7,Ditched,493,926.8
728,18.58,0.22,2.28,0.20,0.11,66.9,49,67,56,,70,5,HitTrees,73,18.5,Fell,95,61.7,TippedAndRolled,84,19.1
729,11.61,-0.06,-2.90,1.52,1.11,76.7,70,118,84,105,,5,TippedAndRolled,115,121.5,Safe,148,96.9,Safe,133,100.9
730,8.73,0.11,1.47,0.49,0.25,79.1,57,91,46,,91,7,TippedAndRolled,86,39.7,Fell,116,229.6,TippedAndRolled,105,134.3
731,7.16,-3.38,4.70,-0.31,0.49,28.5,53,80,69,110,74,5,Ditched,87,139.9,NearPerson,87,7.8,Safe,83,16.8
732,7.07,-0.03,-0.18,-0.38,-1.46,102.8,22,42,45,58,45,5,TippedAndRolled,59,12.8,Safe,65,17.5,Safe,59,35.3
733,22.61,3.74,-0.20,-0.27,-0.13,56.7,59,88,52,,,8,TippedAndRolled,88,92.7,Safe,95,15.8,Safe,93,19.7
734,9.35,2.39,3.83,-0.05,-0.03,52.0,82,,90,,,4,TippedAndRolled,121,141.4,Safe,122,28.7,TippedAndRolled,491,477.0
735,14.05,-0.95,1.25,-0.09,-0.05,73.8,23,,17,30,,0,TippedAndRolled,52,-1.0,Safe,52,-1.0,Safe,58,-1.0
736,14.20,-0.66,3.45,-0.02,-0.09,48.9,26,,32,,79,0,TippedAndRolled,63,-1.0,Safe,81,-1.0,TippedAndRolled,90,-1.0
737,4.27,1.30,-5.07,0.03,0.02,53.6,75,111,58,,133,0,TippedAndRolled,104,-1.0,Safe,125,-1.0,Safe,104,-1.0
738,1.33,-1.21,2.61,0.61,0.07,98.9,79,,63,,100,6,TippedAndRolled,104,83.2,Safe,104,144.7,Safe,107,76.7
739,2.17,3.39,-3.61,0.26,1.32,69.8,61,,74,,,1,TippedAndRolled,105,234.3,Safe,113,54.2,Safe,319,357.8
740,16.66,-2.85,4.00,-1.51,-0.99,42.2,81,99,78,121,85,3,Ditched,98,82.2,Fell,110,52.7,HitTrees,93,38.0
741,6.21,0.09,-5.34,-0.00,-0.06,36.0,60,,75,,95,8,TippedAndRolled,101,171.0,Safe,103,11.0,TippedAndRolled,109,62.4
742,0.41,-0.46,-0.34,0.78,-0.68,81.3,34,78,26,,,5,TippedAndRolled,63,69.0,Safe,80,113.0,Safe,87,117.0
743,3.76,-0.78,0.14,0.52,1.30,46.1,37,,26,,,7,TippedAndRolled,66,56.3,Safe,76,91.4,Safe,87,95.4
744,14.47,-0.20,1.05,-0.39,0.32,98.3,71,97,88,,119,0,TippedAndRolled,119,-1.0,Safe,123,-1.0,Safe,130,-1.0
745,8.58,0.02,5.76,0.20,-0.42,51.0,89,,107,137,,8,TippedAndRolled,138,233.7,Safe,145,17.0,Safe,128,13.7
746,3.04,2.15,-2.75,-1.00,-0.10,31.9,54,,44,,,0,TippedAndRolled,83,-1.0,Safe,141,-1.0,Safe,180,-1.0
747,16.55,4.32,0.32,1.03,-0.56,96.4,80,,86,,,2,TippedAndRolled,117,147.6,Safe,122,58.0,Safe,184,86.1
748,0.21,-4.51,3.59,-0.76,-0.11,68.9,66,,84,134,,5,Ditched,115,278.1,Safe,142,23.5,Safe,123,29.1
749,3.62,3.42,-2.09,0.60,-0.36,43.5,50,107,31,,,1,TippedAndRolled,79,317.5,Safe,80,253.4,Safe,105,257.7
750,7.29,-3.27,2.42,0.18,-0.83,70.1,56,111,58,,,4,Ditched,89,111.4,Safe,89,28.9,Safe,95,33.4
751,15.39,0.93,2.71,-0.57,-0.14,28.8,87,143,83,,,6,TippedAndRolled,116,23.3,Safe,198,224.8,Safe,196,228.8
752,6.85,-1.06,-0.45,-0.33,0.34,102.0,45,,35,60,,7,TippedAndRolled,74,95.3,Safe,81,69.2,Safe,87,77.5
753,9.89,-4.56,2.73,-0.47,-0.84,81.4,48,,31,86,91,2,Ditched,77,180.8,Safe,86,229.4,Safe,98,233.5
754,18.88,1.29,-0.16,-0.17,-0.52,91.5,79,,76,,,7,Safe,108,19.4,Safe,167,129.0,Safe,167,132.6
755,1.42,2.65,-3.16,-0.28,-0.21,87.9,84,,76,,,6,TippedAndRolled,113,115.4,Safe,162,173.4,Safe,172,146.1
756,17.13,-1.70,-2.06,0.60,-0.23,60.4,34,,53,,,7,Ditched,84,73.2,Safe,121,70.6,Ditched,493,1264.4
757,3.96,-1.90,-0.58,-0.21,-0.39,91.8,34,,31,,91,5,TippedAndRolled,63,34.9,Safe,96,69.4,TippedAndRolled,105,104.9
758,14.55,-1.13,0.04,0.70,0.36,86.3,55,,40,,102,4,TippedAndRolled,84,167.8,Safe,111,270.5,TippedAndRolled,116,246.6
759,17.24,-4.92,1.30,-0.77,-1.41,36.1,74,,58,,125,0,Ditched,103,-1.0,Safe,117,-1.0,TippedAndRolled,139,-1.0
760,17.37,-1.85,4.89,0.29,-0.19,26.5,42,91,47,86,,8,Ditched,78,157.7,Safe,141,140.8,Resumed,91,-1.0
761,17.09,2.05,-4.38,-1.22,0.01,67.5,56,77,67,107,76,3,TippedAndRolled,87,79.5,Safe,88,20.9,TippedAndRolled,86,17.7
762,13.78,2.21,-0.19,0.77,-0.21,60.7,22,,48,,81,0,TippedAndRolled,79,-1.0,TippedAndRolled,84,-1.0,Safe,61,-1.0
763,5.31,-4.77,-1.00,0.95,0.19,63.5,37,88,34,,86,3,Ditched,66,121.8,Safe,99,141.4,TippedAndRolled,101,132.3
764,15.39,-1.23,0.79,-0.23,-0.50,39.2,79,,98,141,124,1,Ditched,127,106.5,Fell,149,84.1,TippedAndRolled,138,71.2
765,19.90,1.24,1.30,0.51,-1.14,72.7,37,,52,,90,6,Safe,83,44.6,Fell,115,97.8,Safe,103,102.4
766,19.66,-4.85,-2.70,-0.09,0.05,58.9,62,,89,,,0,Ditched,120,-1.0,Safe,122,-1.0,Safe,227,-1.0
767,3.32,1.07,3.75,0.07,0.13,68.1,87,121,90,,,5,TippedAndRolled,121,105.8,Safe,204,213.3,Ditched,492,1071.6
768,22.08,0.69,1.29,-0.03,1.52,87.2,39,62,45,,,6,TippedAndRolled,76,14.1,TippedAndRolled,129,130.4,Safe,122,134.9
769,16.22,2.62,-3.45,1.41,-1.06,47.0,85,,102,123,153,2,TippedAndRolled,133,207.8,Fell,178,209.9,TippedAndRolled,167,193.9
770,1.97,2.62,4.81,-0.47,0.34,27.7,55,,43,90,,2,HitTrees,74,15.4,Safe,139,245.9,Safe,174,228.2
771,11.10,0.42,0.45,0.47,0.60,91.8,61,108,61,,,1,NearPerson,92,1.1,Safe,103,49.7,Ditched,483,795.7
772,15.83,2.21,3.54,1.67,-0.67,88.6,37,83,57,,83,8,TippedAndRolled,86,174.5,Fell,108,84.3,TippedAndRolled,97,77.0
773,10.70,0.25,1.94,1.03,-1.23,94.8,83,,80,,,3,TippedAndRolled,112,75.3,Safe,183,154.5,Safe,182,158.4
774,16.65,3.10,-4.01,-0.23,-1.33,93.2,48,,63,,,7,TippedAndRolled,94,177.1,Safe,101,18.5,Safe,152,186.7
775,22.79,-1.68,-1.81,0.72,1.68,39.7,48,,67,,121,0,Ditched,98,-1.0,Fell,146,-1.0,TippedAndRolled,135,-1.0
776,11.92,-2.64,-0.96,-0.43,0.81,51.8,65,,73,111,132,5,Ditched,104,90.8,Safe,125,31.5,TippedAndRolled,142,43.2
777,14.94,-4.80,0.24,0.08,-0.88,49.6,68,,85,,125,5,Ditched,116,203.3,Safe,136,46.1,Safe,127,49.8
778,14.94,-1.93,2.53,0.10,-0.01,74.3,79,94,75,,,5,TippedAndRolled,108,27.9,Safe,169,140.7,Safe,166,143.9
779,20.51,0.88,-0.09,-0.87,-1.29,56.8,32,,46,,,4,NearPerson,65,7.6,Safe,110,76.6,Safe,96,80.6
780,15.28,-3.36,1.68,-0.26,1.79,51.1,35,,51,,,1,Ditched,82,192.1,TippedAndRolled,125,170.2,Safe,108,173.4
781,10.99,-4.65,3.51,-0.02,-0.18,38.6,32,65,13,32,,7,TippedAndRolled,353,208.3,Safe,401,63.4,Resumed,32,-1.0
782,21.45,0.02,0.41,0.88,-0.13,36.2,42,,33,83,55,0,TippedAndRolled,63,-1.0,Fell,80,-1.0,TippedAndRolled,69,-1.0
783,9.90,1.25,-0.80,0.06,0.11,58.4,54,,58,,,1,TippedAndRolled,89,50.2,Safe,94,33.8,Safe,93,37.1
784,20.93,-0.05,-1.99,0.35,-0.19,45.3,35,,57,74,,8,TippedAndRolled,88,84.5,Safe,92,16.1,Safe,74,15.9
785,11.48,-0.13,-0.06,1.01,0.71,70.1,70,,87,,,4,HitTrees,106,18.8,Safe,153,89.3,Safe,135,93.0
786,13.03,2.65,-0.60,-1.77,-0.57,106.3,76,,71,,,0,IntoRavine,105,-1.0,Safe,108,-1.0,Safe,113,-1.0
787,4.76,-2.91,0.37,1.11,1.51,61.1,31,,14,,71,4,Ditched,60,184.4,Safe,83,64.6,Safe,55,59.7
788,21.51,2.00,-0.83,-0.50,-0.18,72.3,82,,74,,130,8,Safe,111,75.0,Safe,143,158.5,Safe,122,29.2
789,4.07,-2.39,0.54,-0.68,-0.07,41.1,58,,59,,96,0,Ditched,90,-1.0,Safe,93,-1.0,Safe,97,-1.0
790,21.73,0.72,-3.52,-0.13,-0.14,102.4,50,101,72,100,,2,TippedAndRolled,103,165.2,Safe,109,14.0,Safe,89,19.6
791,15.08,-0.75,0.07,0.29,1.61,38.2,60,,67,117,,3,Ditched,98,11.8,Safe,106,16.4,Safe,319,292.5
792,17.70,2.66,-2.34,0.43,-0.38,79.3,33,62,27,,49,8,TippedAndRolled,56,56.8,Safe,73,65.0,TippedAndRolled,65,36.7
793,0.66,3.80,0.90,-0.88,1.54,66.3,40,94,38,57,,7,TippedAndRolled,69,95.1,TippedAndRolled,113,73.2,Safe,114,77.2
794,20.85,0.43,0.97,-0.48,-0.39,72.1,74,,89,,100,7,TippedAndRolled,110,14.7,Fell,125,50.7,TippedAndRolled,117,45.6
795,2.43,-1.86,-2.19,0.44,1.45,48.9,56,,58,,106,4,Ditched,89,83.0,Safe,89,21.6,Safe,95,20.5
796,21.70,-0.14,-0.15,-0.40,-1.39,61.8,74,,91,,,7,NearPerson,122,9.6,Safe,159,63.1,Safe,142,66.6
797,14.78,-0.08,-3.96,-0.20,0.14,75.1,34,59,45,,51,6,TippedAndRolled,64,54.2,NearPerson,71,3.0,HitTrees,59,21.9
798,14.89,-2.02,-1.52,1.27,-0.02,51.5,85,,90,,97,2,Ditched,109,79.6,Fell,122,98.6,HitTrees,105,51.7
799,12.61,3.49,-1.47,-1.57,-0.80,30.1,40,,59,,107,6,TippedAndRolled,90,162.7,Safe,131,110.8,Safe,116,115.2
800,6.16,-1.15,-1.48,-0.25,1.17,41.0,71,100,52,92,87,6,TippedAndRolled,94,227.0,Fell,112,78.3,Safe,90,68.5
801,14.28,-1.98,-1.91,0.60,-1.66,93.6,29,,30,,,0,TippedAndRolled,61,-1.0,Safe,85,-1.0,Safe,84,-1.0
802,15.77,0.56,-0.76,-0.28,-0.79,33.7,36,,35,45,,2,TippedAndRolled,66,36.1,Safe,110,77.5,Safe,110,81.5
803,12.87,-2.29,-1.85,-0.10,-0.03,64.0,86,,86,114,128,3,Ditched,117,69.2,Fell,153,159.8,Ditched,142,115.8
804,12.43,0.27,0.32,0.78,0.15,51.0,54,,71,127,88,3,TippedAndRolled,95,17.1,NearPerson,97,6.4,TippedAndRolled,102,113.0
805,2.22,0.03,0.07,1.23,1.26,69.1,73,,90,,,6,TippedAndRolled,121,20.4,Safe,164,76.8,Safe,146,80.8
806,20.08,-1.05,2.75,-0.48,-0.29,85.3,44,92,56,,100,1,TippedAndRolled,87,139.8,Safe,104,60.8,Safe,103,67.2
807,1.99,-1.15,-0.03,-0.01,0.00,75.2,34,,53,65,,3,TippedAndRolled,84,55.4,Safe,123,75.8,Safe,103,79.8
808,17.81,1.95,-0.91,1.04,-1.16,31.5,37,,27,,48,2,TippedAndRolled,57,143.0,Safe,67,163.3,TippedAndRolled,62,119.4
809,21.93,0.36,-0.23,0.33,0.24,62.8,80,132,92,112,103,8,TippedAndRolled,113,11.7,Fell,128,44.6,TippedAndRolled,117,15.0
810,16.67,1.02,0.43,-0.27,-0.00,30.7,41,55,32,85,42,5,TippedAndRolled,56,21.8,Safe,62,26.7,NearPerson,50,1.9
811,14.11,-1.46,5.53,0.99,0.16,48.9,28,,53,73,,5,Ditched,84,303.9,Safe,111,11.6,Safe,85,14.6
812,9.57,0.03,0.05,-1.54,0.35,28.1,63,108,66,,111,2,HitTrees,85,38.3,Safe,112,14.0,TippedAndRolled,125,101.3
813,3.87,0.19,-1.98,0.91,0.16,60.9,82,,82,,,2,TippedAndRolled,113,44.5,Safe,140,54.1,Safe,147,72.2
814,16.92,-0.38,-0.69,0.45,1.38,90.8,86,104,88,,115,5,TippedAndRolled,117,23.3,Fell,140,112.4,HitTrees,123,49.1
815,2.40,0.00,-0.01,-0.29,0.07,37.6,33,,58,,,5,TippedAndRolled,89,19.1,Safe,125,69.0,Safe,248,90.3
816,12.44,-5.43,-1.61,0.00,0.00,94.7,62,,82,95,127,2,Ditched,113,244.0,Safe,126,32.6,Safe,105,35.0
817,18.14,4.42,-2.84,0.70,-1.50,102.5,74,,68,,,4,TippedAndRolled,103,179.2,Safe,106,65.0,Safe,112,42.1
818,15.49,-0.93,-2.04,0.13,-0.26,94.2,55,66,69,,,2,TippedAndRolled,353,400.3,Safe,401,254.3,Resumed,66,-1.0
819,5.99,-2.37,-0.44,0.23,-0.31,48.8,52,,52,,55,4,Ditched,69,31.8,TippedAndRolled,78,27.3,TippedAndRolled,73,15.1
820,16.28,-0.68,-1.36,0.54,-0.06,26.0,57,,83,97,110,0,Ditched,112,-1.0,Safe,112,-1.0,TippedAndRolled,121,-1.0
821,13.47,-0.69,-0.95,-0.45,1.09,74.5,33,65,14,,,7,TippedAndRolled,62,213.5,Safe,103,63.6,Safe,55,59.6
822,17.18,1.60,-5.61,-1.61,-0.85,36.3,71,,58,108,109,2,TippedAndRolled,100,273.3,Safe,110,83.3,Ditched,123,118.2
823,21.20,3.35,1.27,0.33,-0.92,72.7,53,65,78,,,7,TippedAndRolled,353,392.2,Safe,401,246.2,Resumed,65,-1.0
824,5.86,-0.18,-0.45,-0.08,-0.45,63.6,89,117,116,,,4,TippedAndRolled,353,690.5,Safe,401,544.6,Resumed,117,-1.0
825,10.28,-1.96,3.97,-0.03,0.03,40.8,42,,29,,42,0,TippedAndRolled,56,-1.0,Fell,67,-1.0,TippedAndRolled,54,-1.0
826,15.79,3.36,-0.27,-0.82,0.79,70.9,59,,48,,,6,TippedAndRolled,88,94.1,Safe,156,271.7,Safe,167,276.2
827,3.93,-0.22,-0.47,0.39,-1.23,58.7,67,,61,,,5,TippedAndRolled,96,36.4,Safe,112,73.3,Safe,115,77.2
828,10.59,-0.44,0.34,-0.12,-0.93,80.6,46,,40,,,6,TippedAndRolled,75,23.8,Safe,135,189.4,Safe,138,193.0
829,20.14,0.00,-0.67,-0.15,0.13,56.4,41,,69,,95,0,TippedAndRolled,98,-1.0,Fell,120,-1.0,Safe,93,-1.0
830,2.06,-3.18,-2.47,-1.04,-0.44,31.5,51,,52,,68,7,Ditched,76,83.9,Fell,93,74.8,TippedAndRolled,83,14.5
831,11.54,-4.81,-1.32,0.05,-0.08,73.7,69,,86,110,,0,Ditched,117,-1.0,Safe,134,-1.0,Safe,116,-1.0
832,2.42,-4.49,2.56,-1.42,0.41,24.9,30,,13,43,,4,Ditched,59,200.2,Safe,95,113.1,Safe,54,109.1
833,14.58,5.19,-0.49,-0.37,-0.30,102.1,81,,105,,,7,TippedAndRolled,136,254.4,Safe,139,15.9,Safe,124,17.7
834,7.93,2.09,1.15,-1.43,-0.35,72.7,39,,40,,,6,TippedAndRolled,71,47.5,Safe,124,105.8,Safe,122,109.7
835,12.05,-2.61,0.34,0.10,1.41,68.2,55,72,50,75,,7,TippedAndRolled,84,28.7,NearPerson,91,3.0,Resumed,75,-1.0
836,22.68,4.51,-2.95,1.07,0.90,46.9,34,,17,,,2,TippedAndRolled,63,281.6,Safe,92,81.4,Safe,58,76.3
837,18.55,-1.59,2.50,1.15,1.15,104.1,33,,38,,68,7,TippedAndRolled,69,59.1,Safe,72,33.9,TippedAndRolled,83,52.4
838,23.85,3.76,-3.22,0.82,0.29,93.2,63,83,68,,,7,TippedAndRolled,99,70.4,Safe,106,28.8,Safe,102,31.1
839,21.30,3.83,3.26,0.61,-0.94,32.5,57,,57,,92,1,TippedAndRolled,88,146.2,NearPerson,90,9.9,TippedAndRolled,102,18.5
840,17.54,-0.34,0.25,-1.51,-0.76,65.5,71,,70,,,7,NearPerson,101,6.3,Safe,139,75.1,Safe,139,79.1
841,0.14,3.43,4.59,0.32,-0.38,34.1,42,,63,,,5,IntoRavine,94,252.6,Safe,157,132.3,Safe,136,136.2
842,3.87,-2.41,5.48,0.12,-0.07,29.8,37,75,31,82,40,3,Ditched,53,57.7,Safe,54,12.0,TippedAndRolled,54,20.9
843,4.78,4.38,0.50,0.13,-0.54,64.0,79,,97,,130,3,TippedAndRolled,128,193.5,Fell,155,117.0,TippedAndRolled,144,102.6
844,2.14,-2.46,-2.77,-1.19,1.45,80.4,37,92,43,100,53,1,TippedAndRolled,64,136.0,Fell,78,122.6,TippedAndRolled,67,80.4
845,4.59,1.70,0.97,0.84,0.48,60.5,60,107,46,,,0,TippedAndRolled,89,-1.0,Safe,144,-1.0,Safe,99,-1.0
846,5.03,1.20,1.74,-0.09,-0.87,46.9,40,,30,,75,5,Safe,69,28.4,Safe,84,114.4,Safe,88,117.2
847,4.66,-0.11,0.45,0.02,-0.17,99.7,61,,87,,,0,TippedAndRolled,118,-1.0,Safe,125,-1.0,Safe,103,-1.0
848,22.47,-0.31,-0.20,0.01,0.43,31.1,53,87,68,,116,2,TippedAndRolled,99,12.7,Safe,106,21.7,Safe,92,24.9
849,4.24,-3.61,-2.32,0.03,-1.00,82.5,51,,76,,,8,Ditched,107,210.8,Safe,190,211.6,Safe,164,215.7
850,7.04,-0.59,-1.28,0.54,-0.23,90.1,57,,41,,,3,TippedAndRolled,86,216.2,Safe,121,290.5,Safe,142,294.4
851,15.62,0.47,4.17,-0.19,-0.34,60.5,78,,70,,133,6,HitTrees,95,16.3,Safe,139,116.6,TippedAndRolled,147,155.2
852,7.64,-0.00,-0.07,0.19,-1.91,39.5,65,101,93,135,,0,HitTrees,112,-1.0,Safe,145,-1.0,Safe,155,-1.0
853,4.59,0.13,-3.62,1.84,-0.37,61.2,79,,91,,119,7,TippedAndRolled,121,98.9,NearPerson,124,7.8,TippedAndRolled,133,68.4
854,3.40,1.65,-0.89,0.40,-1.42,85.1,71,,93,,,1,TippedAndRolled,124,107.9,Safe,161,113.3,Safe,138,116.8
855,2.47,-0.37,-1.28,0.97,0.60,39.1,20,38,30,,78,4,NearPerson,61,5.5,Safe,62,11.7,Safe,77,66.4
856,20.59,-0.12,0.03,0.01,-0.04,31.7,30,,27,,78,5,TippedAndRolled,59,17.2,Safe,83,40.7,Ditched,92,131.4
857,2.52,0.45,-1.43,0.35,0.67,88.7,82,95,104,,,8,TippedAndRolled,353,601.8,Safe,401,455.9,Resumed,95,-1.0
858,3.46,0.79,0.45,-0.64,0.26,68.8,38,85,55,73,,2,TippedAndRolled,86,18.8,Safe,136,115.9,Safe,118,119.7
859,15.58,-1.25,4.31,-0.15,-0.37,100.1,23,,20,,51,3,TippedAndRolled,52,125.9,NearPerson,56,9.1,Safe,62,19.1
860,13.99,-3.65,3.33,0.19,0.07,50.5,64,91,64,89,89,8,Ditched,92,80.7,Safe,103,27.8,TippedAndRolled,107,27.5
861,8.60,0.68,0.34,0.87,1.27,51.9,53,101,46,,94,7,NearPerson,82,4.9,Fell,119,196.1,Ditched,108,122.3
862,9.99,0.17,0.40,0.39,0.33,104.9,31,,28,,78,0,TippedAndRolled,60,-1.0,Safe,65,-1.0,Safe,69,-1.0
863,6.41,2.16,-0.07,-0.10,-0.98,69.7,79,111,75,114,,5,Safe,108,39.8,Safe,167,158.6,Safe,166,162.7
864,0.73,1.53,3.52,1.07,1.01,26.9,50,,56,,95,8,TippedAndRolled,87,83.8,Fell,120,133.2,TippedAndRolled,109,83.6
865,14.61,-0.59,-0.35,0.78,-0.22,55.7,67,,51,,84,0,TippedAndRolled,90,-1.0,TippedAndRolled,94,-1.0,Safe,94,-1.0
866,1.15,-0.89,-1.19,1.04,1.15,62.9,81,,73,102,,0,TippedAndRolled,110,-1.0,TippedAndRolled,127,-1.0,Safe,134,-1.0
867,7.05,1.24,0.57,-1.34,-0.49,36.9,73,,59,,,0,TippedAndRolled,102,-1.0,Safe,108,-1.0,Safe,108,-1.0
868,5.80,1.07,-1.53,0.00,-0.08,58.8,36,59,61,,73,2,TippedAndRolled,87,75.8,Fell,98,105.7,TippedAndRolled,87,81.4
869,21.49,-1.76,-4.69,-1.19,-0.03,52.7,37,,55,,,2,Ditched,86,185.8,Safe,130,89.8,Safe,111,94.7
870,2.50,0.38,1.78,0.66,-0.23,76.3,56,,76,,116,2,TippedAndRolled,107,120.1,Safe,107,30.1,TippedAndRolled,129,31.1
871,14.86,0.05,-0.32,-1.29,-0.48,53.2,57,,78,,105,5,TippedAndRolled,107,29.7,Safe,107,23.2,Safe,96,27.2
872,22.60,-2.57,-0.24,0.10,-0.03,72.0,36,,54,88,91,3,Ditched,85,123.1,Safe,86,21.8,TippedAndRolled,102,20.4
873,9.88,-0.44,0.05,-0.70,-0.45,62.8,69,,87,,,5,NearPerson,118,9.1,Safe,150,57.2,Safe,132,61.2
874,20.39,-0.44,2.13,1.16,-0.24,43.4,75,,89,141,91,2,TippedAndRolled,105,27.2,Fell,116,92.3,HitTrees,99,59.8
875,19.71,1.42,-0.18,0.14,0.21,30.5,50,88,72,,87,2,TippedAndRolled,95,37.8,Safe,102,27.4,Safe,90,32.0
876,12.78,3.00,-3.01,-0.65,1.06,62.7,52,105,74,,,2,TippedAndRolled,105,265.2,Safe,116,18.2,Safe,95,15.0
877,14.23,4.12,2.81,-0.13,1.05,45.2,45,100,67,,,1,TippedAndRolled,98,267.0,Safe,168,267.3,Safe,145,270.7
878,18.28,-0.23,-0.72,1.45,-0.09,43.1,39,,33,48,39,2,NearPerson,53,5.3,Fell,64,53.7,TippedAndRolled,53,15.5
879,1.34,-4.00,1.69,-0.30,1.73,32.3,65,,89,,91,1,Ditched,105,203.0,TippedAndRolled,105,53.4,Safe,98,52.3
880,0.98,0.23,0.43,1.65,-0.64,84.7,83,122,94,,136,1,TippedAndRolled,125,55.1,Fell,161,248.8,TippedAndRolled,150,215.7
881,13.71,-0.54,-1.65,1.03,0.86,104.1,69,87,65,95,,1,TippedAndRolled,98,77.3,Safe,104,60.9,Safe,110,78.2
882,6.31,0.61,-1.22,0.89,1.10,89.8,54,,57,,102,7,TippedAndRolled,88,20.8,Safe,93,11.0,TippedAndRolled,113,20.4
883,17.88,0.11,0.29,-0.88,-0.42,95.6,87,,87,128,,7,NearPerson,118,4.0,Safe,198,200.5,Safe,304,494.2
884,20.19,3.60,-0.01,1.13,0.10,86.0,30,,46,81,96,6,TippedAndRolled,77,181.3,TippedAndRolled,78,28.9,TippedAndRolled,106,18.2
885,21.74,-0.61,-0.04,-0.82,-0.07,107.0,72,105,54,,,1,TippedAndRolled,101,200.7,Safe,106,204.9,Safe,95,103.7
886,5.07,1.44,2.78,1.46,0.91,107.4,82,,99,114,,4,TippedAndRolled,130,129.2,Safe,133,27.7,Safe,121,28.3
887,1.85,-0.78,-1.11,-0.19,0.52,93.4,50,94,50,104,,2,HitTrees,80,19.6,Safe,162,204.1,Resumed,104,-1.0
888,1.33,0.03,0.10,-0.40,-0.31,44.0,58,115,66,121,116,0,TippedAndRolled,97,-1.0,Safe,100,-1.0,TippedAndRolled,130,-1.0
889,16.75,0.04,0.13,-0.15,-0.02,85.1,89,,103,,125,8,TippedAndRolled,130,23.8,Fell,150,76.8,TippedAndRolled,139,50.2
890,20.38,0.21,0.61,0.01,0.10,34.4,68,102,63,91,,5,NearPerson,97,9.9,Safe,122,66.8,Safe,122,70.7
891,20.63,4.73,0.11,0.89,-1.02,56.8,73,128,75,126,102,8,TippedAndRolled,104,122.1,Fell,127,79.1,TippedAndRolled,116,33.7
892,6.52,0.06,-2.46,0.99,0.54,63.4,64,,73,,,7,TippedAndRolled,104,71.8,Safe,121,33.1,Safe,112,36.9
893,9.97,-3.80,-3.67,-0.36,0.96,71.5,71,,94,,,6,Ditched,125,228.5,TippedAndRolled,160,73.9,Safe,136,79.2
894,13.09,-2.36,-3.19,1.07,1.03,47.4,47,,61,,,6,Ditched,92,146.7,Safe,163,174.6,Safe,149,178.1
895,6.23,-0.36,1.01,1.81,0.49,88.7,47,,48,,,7,TippedAndRolled,79,28.7,Safe,153,175.6,Safe,152,179.4
896,9.25,3.49,1.49,1.21,1.16,92.7,30,,15,,,6,TippedAndRolled,59,124.3,TippedAndRolled,85,37.9,Safe,56,32.5
897,19.47,0.05,0.11,0.38,-0.09,88.4,20,,23,70,,1,HitTrees,42,40.5,Safe,56,43.4,Ditched,483,969.6
898,19.08,-0.06,1.95,1.20,-0.69,58.3,52,,64,105,66,0,TippedAndRolled,80,-1.0,Fell,91,-1.0,TippedAndRolled,82,-1.0
899,12.14,1.65,2.35,-0.12,-0.04,81.2,67,,51,107,118,2,Safe,96,162.4,Safe,119,149.9,Safe,92,117.7
900,9.53,1.85,-0.47,-1.58,-0.54,103.5,86,,72,,,5,TippedAndRolled,115,176.1,Safe,120,146.6,Safe,115,99.2
901,6.03,-0.93,-1.02,-1.33,1.21,100.8,47,105,59,,82,1,TippedAndRolled,86,15.6,Fell,107,91.4,TippedAndRolled,96,58.9
902,14.22,-0.17,-4.79,-0.93,1.26,74.1,68,118,79,108,,0,TippedAndRolled,110,-1.0,Safe,136,-1.0,Safe,125,-1.0
903,16.37,-2.76,-0.66,-0.83,-0.56,27.5,43,,45,,76,2,Ditched,76,98.7,Fell,101,112.8,TippedAndRolled,90,50.4
904,5.63,0.24,0.85,-0.89,-1.55,55.0,47,,49,,69,5,NearPerson,75,8.3,Fell,94,83.4,TippedAndRolled,83,31.4
905,13.84,-1.82,3.52,1.94,0.42,52.3,78,,92,,,0,Ditched,123,-1.0,Safe,182,-1.0,Ditched,493,-1.0
906,12.30,-3.83,-3.90,0.05,0.39,69.4,88,132,92,,,3,Ditched,123,172.5,Safe,203,236.2,Safe,199,240.3
907,2.61,-1.34,2.09,0.22,-0.29,105.1,22,58,49,104,61,8,TippedAndRolled,71,28.1,Safe,74,23.2,Safe,61,26.6
908,14.53,-3.31,1.51,-0.04,-0.06,89.5,30,,30,,,7,Ditched,61,78.8,Safe,90,45.7,Safe,290,55.9
909,4.18,-1.81,4.55,0.15,0.35,33.5,75,,104,137,,4,Ditched,135,268.7,Safe,177,139.5,Safe,147,143.4
910,11.01,-2.93,1.07,-0.15,0.04,33.8,20,,38,,,1,Ditched,69,152.8,Safe,71,14.7,Safe,59,17.6
911,4.03,-0.85,-3.45,0.49,0.21,45.5,32,73,24,,,8,TippedAndRolled,61,124.9,Safe,71,61.9,Safe,79,62.6
912,1.39,2.48,0.84,0.30,1.02,34.3,71,,75,115,,2,Safe,106,70.4,Safe,118,24.2,Safe,143,110.6
913,3.75,2.05,0.34,-1.11,-0.14,69.1,20,,45,81,,1,TippedAndRolled,76,153.9,Safe,78,42.0,Safe,255,89.8
914,11.30,-5.06,-0.39,-1.25,0.33,73.4,70,,84,,142,4,Ditched,115,213.0,Safe,146,93.9,Safe,135,96.2
915,13.88,1.97,4.42,1.40,-0.06,80.9,38,,66,,79,0,TippedAndRolled,88,-1.0,Fell,104,-1.0,TippedAndRolled,93,-1.0
916,15.89,-1.79,-2.02,-0.15,0.30,40.1,44,69,27,,,3,Ditched,73,217.8,Safe,75,163.6,Ditched,493,1215.8
917,7.84,-1.42,0.66,-0.01,-0.20,72.3,68,,86,,142,1,Ditched,117,91.1,Safe,128,49.3,Safe,143,128.0
918,10.05,0.76,0.39,0.04,-0.17,65.6,82,103,83,,90,2,TippedAndRolled,102,25.7,Fell,115,58.7,TippedAndRolled,104,20.5
919,19.32,-0.23,-0.94,0.03,1.38,58.0,60,,86,,133,5,TippedAndRolled,117,19.1,Safe,125,19.3,TippedAndRolled,143,18.5
920,17.62,-2.47,1.46,0.70,0.23,71.5,37,76,56,74,81,5,Ditched,84,56.9,Fell,106,93.8,TippedAndRolled,95,37.1
921,7.28,3.47,-2.48,0.01,-1.86,56.4,58,89,53,,81,2,TippedAndRolled,84,167.1,TippedAndRolled,85,62.5,TippedAndRolled,95,118.3
922,2.68,1.84,0.32,-0.60,-1.26,86.6,27,,46,76,,0,TippedAndRolled,77,-1.0,Safe,97,-1.0,Safe,88,-1.0
923,23.37,-1.48,-1.81,-1.10,-1.28,38.9,86,139,97,,,7,Ditched,128,91.8,Safe,142,39.1,Safe,130,44.0
924,5.91,0.13,-0.13,-0.08,0.72,104.0,66,103,48,89,69,2,TippedAndRolled,82,221.1,Safe,87,222.0,Safe,78,111.9
925,15.16,1.92,1.97,-0.11,-1.95,45.7,44,66,72,,101,2,TippedAndRolled,115,171.7,Safe,115,211.9,TippedAndRolled,115,176.1
926,6.58,-3.94,-3.33,-1.33,1.20,52.2,82,,106,129,,7,Ditched,137,274.0,Safe,202,172.2,Safe,195,225.1
927,3.21,0.65,-3.98,-0.74,-0.33,43.3,59,,82,,,7,TippedAndRolled,113,160.3,NearPerson,116,9.5,Safe,192,269.7
928,2.70,4.07,3.77,0.40,1.49,52.0,25,,36,70,,3,TippedAndRolled,67,209.9,Safe,84,30.0,Ditched,493,1240.1
929,6.90,-1.35,-4.68,-0.05,-1.22,61.0,47,,71,108,94,7,Ditched,98,204.4,Fell,119,90.8,TippedAndRolled,108,94.5
930,12.77,-3.48,1.99,-0.09,-0.67,58.8,79,130,75,,122,7,Ditched,108,80.9,Safe,118,14.3,TippedAndRolled,133,19.8
931,22.51,0.83,2.77,-1.35,0.60,93.5,61,118,57,,80,2,TippedAndRolled,85,59.9,Safe,92,36.0,Safe,90,39.1
932,9.45,-4.48,0.90,0.38,-1.21,55.8,38,,58,,70,2,Ditched,80,212.7,Fell,95,78.6,TippedAndRolled,84,75.5
933,16.46,-0.02,-0.77,-0.52,-1.56,60.7,49,,70,,,1,TippedAndRolled,101,57.3,Safe,179,246.7,Safe,158,250.7
934,21.52,-2.58,-2.98,0.20,0.74,103.5,80,,107,,121,4,Ditched,130,149.6,Safe,133,27.7,Safe,119,30.3
935,13.64,0.24,-0.22,0.03,0.00,47.4,77,,70,,,4,HitTrees,94,56.3,Safe,143,166.7,Safe,148,170.7
936,13.39,-1.36,0.73,-0.54,1.46,103.2,81,136,65,,127,2,TippedAndRolled,110,137.3,Safe,111,161.1,Safe,110,102.6
937,0.53,-3.68,-3.75,0.05,0.40,39.3,47,,33,,,8,Ditched,76,273.7,Safe,94,201.7,Safe,112,205.5
938,2.63,-2.35,-2.70,-0.21,0.37,81.8,88,100,112,,147,1,TippedAndRolled,161,324.4,Safe,161,297.4,HitTrees,151,18.1
939,17.09,-0.76,0.23,0.32,0.97,102.2,61,,65,,,8,TippedAndRolled,96,14.4,Safe,103,31.5,Safe,102,32.7
940,13.50,-3.17,-0.32,-0.58,0.10,48.4,42,67,55,86,58,1,Ditched,72,75.6,Fell,83,39.0,TippedAndRolled,74,41.2
941,19.38,-1.67,-2.55,0.31,-0.95,31.9,44,,38,,,2,Ditched,73,103.6,Safe,126,164.1,Ditched,493,1127.7
942,15.88,0.17,2.80,-0.70,0.54,83.7,81,101,77,108,117,0,TippedAndRolled,110,-1.0,Fell,142,-1.0,TippedAndRolled,131,-1.0
943,3.09,1.04,-0.16,1.17,-1.22,83.8,69,81,94,119,,1,TippedAndRolled,353,599.5,Safe,401,453.4,Resumed,81,-1.0
944,17.20,-3.16,1.66,0.60,-1.09,94.7,43,,48,,,8,Ditched,79,87.3,Safe,104,44.2,Safe,105,68.5
945,18.17,-1.04,0.35,0.20,-1.42,40.3,79,,91,131,127,3,Ditched,122,39.4,Fell,152,158.5,TippedAndRolled,141,127.8
946,14.97,0.74,-0.94,0.72,0.61,34.5,41,,25,,,3,TippedAndRolled,70,163.7,Safe,74,128.2,Safe,83,124.3
947,0.38,-0.61,-1.19,-0.08,0.54,81.1,74,,56,,84,7,TippedAndRolled,94,189.6,Fell,109,89.3,Safe,91,85.5
948,0.56,0.81,0.52,-0.05,-0.09,59.9,84,140,67,,87,7,TippedAndRolled,100,157.1,Safe,103,174.7,TippedAndRolled,101,106.7
949,10.92,3.60,-0.88,-0.49,-1.29,56.5,45,,46,74,89,3,TippedAndRolled,77,129.7,Fell,114,179.8,TippedAndRolled,103,115.2
950,22.32,-1.55,2.01,-1.72,-1.00,55.9,62,108,67,,110,4,Ditched,98,98.8,Safe,112,30.6,HitTrees,120,25.6
951,3.90,1.82,-3.21,0.08,0.60,27.5,22,36,48,100,52,3,TippedAndRolled,66,24.0,NearPerson,71,9.3,TippedAndRolled,69,67.4
952,10.56,-1.77,3.89,-0.88,0.32,63.8,36,,20,50,,7,Ditched,65,87.4,Safe,79,98.1,Safe,78,67.1
953,19.08,0.67,-1.35,-0.10,-0.15,97.4,25,,17,,,5,TippedAndRolled,54,52.2,Safe,58,32.3,Safe,248,15.2
954,17.63,0.94,-1.03,1.10,-1.41,74.9,62,97,59,,88,0,HitTrees,79,-1.0,Safe,96,-1.0,Safe,97,-1.0
955,17.04,-3.25,-1.38,0.24,-1.12,41.9,74,106,103,,,7,TippedAndRolled,353,541.2,Safe,401,395.2,Safe,149,91.2
956,23.55,1.13,-2.05,1.77,0.92,86.1,70,,83,,,4,TippedAndRolled,114,68.4,TippedAndRolled,147,89.2,Safe,134,94.4
957,5.45,-2.10,-1.13,1.08,-0.55,88.8,63,77,82,,,1,TippedAndRolled,353,473.5,Safe,401,328.0,Resumed,77,-1.0
958,0.15,-0.09,4.46,-0.40,1.01,97.1,87,,93,118,112,1,TippedAndRolled,118,117.9,Safe,122,37.0,Safe,122,43.7
959,16.29,-0.37,-0.11,1.80,0.41,84.4,35,,35,,63,5,NearPerson,59,9.6,Fell,88,78.7,Ditched,77,65.2
960,9.88,-1.04,-1.49,0.13,0.13,80.3,58,79,47,105,95,7,TippedAndRolled,87,104.3,Fell,120,243.3,TippedAndRolled,109,135.3
961,0.25,-0.28,-0.99,0.91,1.04,99.1,69,81,87,,124,4,TippedAndRolled,138,225.9,Safe,145,221.9,Safe,126,64.0
962,15.31,2.67,0.50,-0.40,0.12,75.8,43,63,61,104,119,5,TippedAndRolled,133,329.0,Fell,144,254.6,Safe,102,21.7
963,5.89,-3.68,2.02,0.07,-0.65,75.9,68,,57,,,3,Ditched,97,132.8,Safe,100,64.9,Safe,164,240.2
964,22.62,-5.66,-1.69,-0.67,1.05,34.3,54,93,76,,90,5,Ditched,99,205.8,Safe,102,14.3,TippedAndRolled,101,13.2
965,11.63,4.11,0.38,-1.54,-1.06,103.8,52,,43,,83,1,TippedAndRolled,81,128.2,Safe,84,103.7,Safe,87,103.3
966,14.65,-3.37,0.47,-0.02,0.48,43.7,67,,77,91,,2,Ditched,108,121.9,Safe,135,61.6,Ditched,493,860.9
967,8.49,0.39,1.37,0.03,-0.09,31.7,67,84,61,,120,4,TippedAndRolled,96,45.9,Safe,113,27.0,TippedAndRolled,134,125.3
968,21.43,4.78,-2.32,1.05,0.68,45.3,77,111,86,,,4,TippedAndRolled,117,181.2,TippedAndRolled,169,187.5,Safe,159,191.8
969,11.15,4.72,-3.64,0.79,1.38,68.3,29,,24,,,8,TippedAndRolled,58,150.9,TippedAndRolled,68,25.2,Safe,73,35.2
970,10.34,-3.21,4.03,-0.62,1.19,98.8,20,66,28,51,75,3,Ditched,59,154.0,Safe,63,23.4,Safe,59,24.9
971,17.88,0.31,0.42,0.24,0.59,79.9,51,89,45,,70,7,TippedAndRolled,75,11.4,NearPerson,78,8.5,TippedAndRolled,85,17.5
972,12.71,-0.41,-0.59,-0.04,-0.37,92.2,88,,109,,,1,TippedAndRolled,140,74.2,Safe,219,259.2,Ditched,492,919.2
973,1.51,3.99,3.67,-0.75,1.34,98.8,27,67,48,,,7,TippedAndRolled,79,179.7,Safe,84,38.4,Safe,66,39.6
974,9.77,2.37,3.04,0.16,0.42,95.0,67,,95,,120,1,TippedAndRolled,123,240.7,Safe,127,58.7,Safe,124,53.1
975,18.65,-4.62,0.71,1.08,0.07,34.7,74,,59,,,0,Ditched,103,-1.0,Safe,112,-1.0,Safe,108,-1.0
976,21.18,-1.03,-2.63,1.68,0.11,72.2,59,,55,,66,7,NearPerson,77,6.2,TippedAndRolled,79,16.3,TippedAndRolled,81,17.2
977,22.57,-1.38,-4.13,0.69,0.05,78.0,50,,45,,58,1,HitTrees,63,98.4,Fell,83,147.1,TippedAndRolled,72,66.4
978,22.63,0.01,0.01,0.09,-0.09,50.6,43,,30,81,88,6,TippedAndRolled,72,87.6,Safe,87,133.4,Safe,95,137.4
979,20.52,2.45,-0.62,-0.90,-0.15,65.2,31,,45,,,2,TippedAndRolled,76,113.1,Safe,106,110.1,Safe,92,114.2
980,20.20,-4.60,2.56,0.46,-1.60,51.7,88,,104,,125,0,Ditched,130,-1.0,Fell,150,-1.0,TippedAndRolled,139,-1.0
981,3.49,-0.37,-1.58,-0.02,0.03,93.5,68,123,93,130,106,1,TippedAndRolled,115,32.4,Fell,131,48.9,Safe,117,52.8
982,16.56,1.02,-5.67,0.65,-0.03,94.1,61,,60,,,2,Safe,91,188.1,Safe,98,51.8,Safe,100,56.5
983,17.47,2.01,1.64,-0.86,0.01,99.3,55,,38,,58,5,Safe,71,160.8,Safe,77,181.5,TippedAndRolled,72,121.9
984,13.64,1.95,-1.47,-1.24,0.17,92.5,80,,87,107,97,6,TippedAndRolled,108,22.6,Fell,122,44.5,TippedAndRolled,115,14.3
985,10.88,1.68,0.06,1.13,0.19,82.6,55,,63,,70,8,Safe,82,32.4,NearPerson,83,7.8,TippedAndRolled,84,17.5
986,14.40,-1.90,2.86,-1.26,0.36,52.3,72,84,90,,,0,TippedAndRolled,353,-1.0,Safe,401,-1.0,Resumed,84,-1.0
987,9.59,-2.51,-0.15,-0.42,-1.77,32.3,39,,50,106,62,0,Ditched,72,-1.0,Fell,87,-1.0,TippedAndRolled,76,-1.0
988,4.36,-0.51,0.86,-0.71,1.21,106.7,86,,112,,153,6,TippedAndRolled,143,14.3,Safe,148,15.7,Safe,125,17.8
989,6.15,5.89,0.50,0.08,-0.87,43.6,69,126,76,127,,0,IntoRavine,107,-1.0,Safe,140,-1.0,Resumed,127,-1.0
990,5.31,2.96,-2.59,0.18,-1.20,69.6,33,88,60,,60,6,TippedAndRolled,74,136.7,TippedAndRolled,80,15.5,TippedAndRolled,74,48.8
991,1.40,0.14,-0.44,1.35,-0.25,53.4,36,,59,70,,1,TippedAndRolled,90,12.1,Safe,134,116.1,Safe,110,120.1
992,17.98,0.52,-1.25,-1.62,0.73,52.3,88,,80,134,,3,TippedAndRolled,117,61.2,Safe,178,198.1,Safe,305,494.2
993,22.07,2.72,2.12,-0.28,0.43,41.4,47,,65,120,105,7,TippedAndRolled,96,126.5,Fell,130,143.1,TippedAndRolled,119,126.2
994,17.18,4.42,0.86,0.46,0.38,92.0,38,60,19,66,86,6,TippedAndRolled,67,185.0,Safe,74,179.2,Ditched,100,111.6
995,4.22,0.44,1.60,0.94,0.67,52.6,43,,64,,78,2,TippedAndRolled,87,125.8,Fell,103,42.2,TippedAndRolled,94,43.4
996,2.18,-0.30,-0.48,-0.42,0.27,76.3,26,,17,68,,8,TippedAndRolled,55,56.8,Safe,55,44.6,Safe,59,40.9
997,0.25,2.35,4.42,0.25,0.53,60.7,54,,70,106,,8,TippedAndRolled,101,181.0,TippedAndRolled,102,18.0,Safe,182,231.7
998,5.80,-0.32,0.90,0.23,-0.06,36.5,61,,90,,,7,TippedAndRolled,121,31.9,Safe,132,14.0,Safe,367,288.9
999,17.03,1.88,4.02,0.98,0.94,45.7,45,,47,59,99,8,TippedAndRolled,78,92.9,Fell,124,160.6,TippedAndRolled,113,100.4
