leg,t,altitude,mach,gnss_denied,nav_err,throttle,propellant,descent_rate
#units,-,s,m,-,-,m,-,kg,m/s
1,0.1,90000,31.936496544370968,0,1.6355275670544187,0,2200,1300
1,0.2,89870.00169815402,31.91866749383745,0,1.1982097174941513,0,2200,1299.9660377949438
1,0.30000000000000004,89740.00683914032,31.9008510908725,0,0.8735303494829232,0,2200,1299.9311434184713
1,0.4,89610.01551615447,31.883047325833484,0,1.1410952686749496,0,2200,1299.8953173634707
1,0.5,89480.02782233898,31.8652561890828,0,1.3706396461635864,0,2200,1299.858560125415
1,0.6000000000000001,89350.04385078978,31.847477670988813,0,0.3225856000754144,0,2200,1299.8208722023594
1,0.7000000000000001,89220.06369454507,31.82971176192442,0,0.7005146379225021,0,2200,1299.7822540949378
1,0.8,89090.08744660579,31.81195845226983,0,0.8747026296744974,0,2200,1299.7427063063606
1,0.9,88960.11519990489,31.794217732408462,0,0.9026390058955194,0,2200,1299.702229342414
1,1,88830.147047339,31.776489592731306,0,1.1742876879121844,0,2200,1299.660823711457
1,1.1,88700.18308175262,31.75877402363482,0,1.4528624621220951,0,2200,1299.6184899244174
1,1.2000000000000002,88570.2233959306,31.741071015519946,0,1.870854970116236,0,2200,1299.5752284947916
1,1.3,88440.26808261685,31.723380558794727,0,1.0293874197611386,0,2200,1299.531039938642
1,1.4000000000000001,88310.31723449286,31.705702643871412,0,0.5897076646478963,0,2200,1299.4859247745944
1,1.5,88180.37094419729,31.688037261169175,0,0.21042894230382383,0,2200,1299.439883523834
1,1.6,88050.42930430826,31.670384401111775,0,0.1367618843067638,0,2200,1299.3929167101057
1,1.7000000000000002,87920.49240735732,31.65274405412946,0,0.36888116434124596,0,2200,1299.345024859711
1,1.8,87790.56034582574,31.635116210658538,0,0.5530176494855392,0,2200,1299.2962085015033
1,1.9000000000000001,87660.63321213238,31.617500861139817,0,0.21715162592202233,0,2200,1299.2464681668896
1,2,87530.71109864861,31.59989799602059,0,0.23225009279384387,0,2200,1299.1958043898226
1,2.1,87400.79409769457,31.58230760575426,0,0.3060848796938561,0,2200,1299.144217706804
1,2.2,87270.88230153173,31.564729680799314,0,0.26152883964744605,0,2200,1299.091708656878
1,2.3000000000000003,87140.97580237314,31.547164211620817,0,0.4737524278201485,0,2200,1299.0382777816308
1,2.4000000000000004,87011.07469236944,31.52961118868851,0,0.6438140088668993,0,2200,1298.9839256251869
1,2.5,86881.1790636275,31.512070602479415,0,0.8854256049953543,0,2200,1298.9286527342067
1,2.6,86751.28900818713,31.49454244347475,0,0.5129807987622031,0,2200,1298.8724596578859
1,2.7,86621.40461804345,31.47702670216294,0,0.24941557271130751,0,2200,1298.8153469479494
1,2.8000000000000003,86491.52598512825,31.45952336903719,0,0.19208456886442749,0,2200,1298.7573151586516
1,2.9000000000000004,86361.65320132487,31.442032434597532,0,0.2083978111760629,0,2200,1298.6983648467735
1,3,86231.78635845613,31.424553889349248,0,0.22706988055107738,0,2200,1298.6384965716188
1,3.1,86101.9255482899,31.407087723803656,0,0.40901866803518155,0,2200,1298.5777108950115
1,3.2,85972.07086254004,31.38963392847827,0,0.21161472135362286,0,2200,1298.5160083812941
1,3.3000000000000003,85842.2223928636,31.37219249389648,0,0.162622371177498,0,2200,1298.453389597325
1,3.4000000000000004,85712.3802308552,31.354763410586905,0,0.09318808917169079,0,2200,1298.3898551124746
1,3.5,85582.54446805455,31.337346669084322,0,0.1746894327428511,0,2200,1298.3254054986244
1,3.6,85452.71519595291,31.319942259930688,0,0.1717461120200881,0,2200,1298.2600413301614
1,3.7,85322.89250597358,31.302550173672515,0,0.33749246622917545,0,2200,1298.1937631839783
1,3.8000000000000003,85193.07648948114,31.285170400862167,0,0.5792478725007055,0,2200,1298.1265716394705
1,3.9000000000000004,85063.26723779272,31.267802932059404,0,0.29119230624653586,0,2200,1298.0584672785312
1,4,84933.46484215464,31.25044775782833,0,0.14131525858598262,0,2200,1297.9894506855496
1,4.1000000000000005,84803.66939376295,31.233104868740153,0,0.1035679519994959,0,2200,1297.91952244741
1,4.2,84673.88098375686,31.215774255372363,0,0.1991611249766271,0,2200,1297.8486831534854
1,4.3,84544.09970320668,31.19845590830717,0,0.2648102782061807,0,2200,1297.776933395639
1,4.4,84414.32564313523,31.18114981813437,0,0.3906802004626135,0,2200,1297.7042737682161
1,4.5,84284.55889449455,31.163855975448353,0,0.2768875039146011,0,2200,1297.6307048680478
1,4.6000000000000005,84154.79954818543,31.146574370850704,0,0.2386967678456316,0,2200,1297.5562272944412
1,4.7,84025.0476950407,31.12930499494801,0,0.18107013078916898,0,2200,1297.4808416491817
1,4.800000000000001,83895.30342583917,31.112047838353778,0,0.14662981655480836,0,2200,1297.404548536527
1,4.9,83765.56683129724,31.094802891687372,0,0.060438760892800515,0,2200,1297.3273485632064
1,5,83635.83800207358,31.07757014557465,0,0.19108872879041452,0,2200,1297.2492423384158
1,5.1000000000000005,83506.11702875886,31.060349590646656,0,0.4035150802983794,0,2200,1297.170230473817
1,5.2,83376.40400188696,31.043141217541166,0,0.4712132893428829,0,2200,1297.0903135835329
1,5.300000000000001,83246.69901192933,31.025945016901968,0,0.2737573720694489,0,2200,1297.0094922841442
1,5.4,83117.00214929879,31.00876097937939,0,0.21057984874687036,0,2200,1296.9277671946882
1,5.5,82987.31350434013,30.99158909562912,0,0.20448634764619888,0,2200,1296.845138936656
1,5.6000000000000005,82857.63316733949,30.974429356313518,0,0.1562525736833535,0,2200,1296.761608133987
1,5.7,82727.96122852154,30.957281752101217,0,0.3427048537272198,0,2200,1296.6771754130668
1,5.800000000000001,82598.29777804576,30.94014627366672,0,0.23854239333751714,0,2200,1296.5918414027253
1,5.9,82468.64290601388,30.923022911691373,0,0.12998219331023225,0,2200,1296.5056067342327
1,6,82338.99670245126,30.905911656861086,0,0.1690106799961639,0,2200,1296.4184720412966
1,6.1000000000000005,82209.35925733205,30.888812499869484,0,0.11127445975377642,0,2200,1296.3304379600595
1,6.2,82079.73066056427,30.871725431416138,0,0.2136251256197906,0,2200,1296.2415051290932
1,6.300000000000001,81950.11100199353,30.854650442207088,0,0.2879689836928311,0,2200,1296.1516741893995
1,6.4,81820.50037139468,30.83758752295368,0,0.4063796661661647,0,2200,1296.0609457844037
1,6.5,81690.89885848295,30.82053666437418,0,0.5149978367913346,0,2200,1295.9693205599528
1,6.6000000000000005,81561.30655290652,30.803497857192777,0,0.31490895630587046,0,2200,1295.8767991643138
1,6.7,81431.7235442521,30.78647109214037,0,0.1455256024399716,0,2200,1295.7833822481668
1,6.800000000000001,81302.14992203936,30.769456359953878,0,0.01911331036934278,0,2200,1295.6890704646053
1,6.9,81172.58577572089,30.75245365137633,0,0.12730534500783042,0,2200,1295.5938644691314
1,7,81043.03119468782,30.73546295715749,0,0.2435891908216693,0,2200,1295.4977649196524
1,7.1000000000000005,80913.48626825958,30.718484268052755,0,0.16003622031771092,0,2200,1295.4007724764786
1,7.2,80783.95108569134,30.701517574824017,0,0.18674773615957024,0,2200,1295.3028878023179
1,7.300000000000001,80654.42573617585,30.68456286824,0,0.17957039860397825,0,2200,1295.2041115622756
1,7.4,80524.91030883789,30.66762013907555,0,0.15383955125124815,0,2200,1295.1044444238466
1,7.5,80395.40489272773,30.650689378110886,0,0.14662611380168272,0,2200,1295.0038870569197
1,7.6000000000000005,80265.9095768379,30.63377057613373,0,0.19598455453542143,0,2200,1294.9024401337647
1,7.7,80136.42445009016,30.616863723937726,0,0.31316866165383145,0,2200,1294.8001043290365
1,7.800000000000001,80006.94960133824,30.599968812322757,0,0.418442598816343,0,2200,1294.6968803197678
1,7.9,79877.48511937074,30.583085832095446,0,0.24045153224500002,0,2200,1294.5927687853668
1,8,79748.03109290544,30.56621477406842,0,0.09881509497971623,0,2200,1294.4877704076152
1,8.1,79618.58761059213,30.54935562906069,0,0.07740464280353741,0,2200,1294.381885870662
1,8.200000000000001,79489.15476100892,30.532508387897256,0,0.1520177848499566,0,2200,1294.2751158610229
1,8.3,79359.73263267428,30.51567304141064,0,0.26413889107125843,0,2200,1294.1674610675743
1,8.4,79230.32131402753,30.498849580438478,0,0.23919764514512304,0,2200,1294.0589221815517
1,8.5,79100.92089344654,30.482037995825777,0,0.24467798442432298,0,2200,1293.9494998965454
1,8.6,78971.53145923465,30.465238278423303,0,0.2578166549331995,0,2200,1293.839194908497
1,8.700000000000001,78842.15309962723,30.44845041908844,0,0.21164308063887413,0,2200,1293.7280079156967
1,8.8,78712.78590278886,30.431674408684906,0,0.18330644280680825,0,2200,1293.6159396187784
1,8.9,78583.42995681707,30.414910238083223,0,0.0940118479023028,0,2200,1293.502990720718
1,9,78454.08534973301,30.39815789815955,0,0.2578834632953417,0,2200,1293.3891619268284
1,9.1,78324.75216949545,30.381417379797547,0,0.27078229400669335,0,2200,1293.2744539447547
1,9.200000000000001,78195.4305039877,30.364688673886747,0,0.13094858243365062,0,2200,1293.158867484474
1,9.3,78066.12044101954,30.347971771322804,0,0.20418208721680076,0,2200,1293.0424032582912
1,9.4,77936.82206833083,30.33126666300799,0,0.19209641917165995,0,2200,1292.9250619808313
1,9.5,77807.53547359258,30.3145733398514,0,0.26765632929003425,0,2200,1292.8068443690406
1,9.600000000000001,77678.26074440219,30.29789179276835,0,0.29339731853823714,0,2200,1292.6877511421806
1,9.700000000000001,77548.99796828441,30.281222012680537,0,0.2989893349062062,0,2200,1292.5677830218253
1,9.8,77419.74723269325,30.264563990516343,0,0.3336062877062811,0,2200,1292.446940731856
1,9.9,77290.50862501189,30.247917717210814,0,0.32611478964845986,0,2200,1292.3252249984616
1,10,77161.28223254159,30.231283183704345,0,0.2870057756281352,0,2200,1292.2026365501295
1,10.100000000000001,77032.06814252306,30.214660380945357,0,0.24980059901968787,0,2200,1292.0791761176454
1,10.200000000000001,76902.86644211691,30.198049299887927,0,0.12345105022429063,0,2200,1291.9548444340874
1,10.3,76773.67721841112,30.181449931492697,0,0.17889705643433584,0,2200,1291.8296422348262
1,10.4,76644.50055841915,30.164862266726725,0,0.14862417966188485,0,2200,1291.7035702575176
1,10.5,76515.33654908184,30.148286296563718,0,0.29432077152539293,0,2200,1291.5766292420983
1,10.600000000000001,76386.18527726829,30.1317220119842,0,0.22342908779799198,0,2200,1291.4488199307855
1,10.700000000000001,76257.0468297666,30.1151694039744,0,0.11506745744983847,0,2200,1291.3201430680713
1,10.8,76127.92129329778,30.098628463527962,0,0.1082891773814396,0,2200,1291.1905994007172
1,10.9,75998.80875450652,30.082099181644903,0,0.14104608088731474,0,2200,1291.060189677754
1,11,75869.70929995552,30.065581549330876,0,0.18013363223755374,0,2200,1290.9289146504743
1,11.100000000000001,75740.62301614229,30.049075557599334,0,0.22124728787437495,0,2200,1290.7967750724315
1,11.200000000000001,75611.54998948146,30.032581197469348,0,0.2629755745334161,0,2200,1290.663771699434
1,11.3,75482.49030631687,30.016098459967143,0,0.23944607795844397,0,2200,1290.529905289542
1,11.4,75353.44405291323,29.9996273361251,0,0.16909966632704979,0,2200,1290.395176603064
1,11.5,75224.41131545603,29.983167816981773,0,0.06886346998340824,0,2200,1290.2595864025534
1,11.600000000000001,75095.39218006562,29.966719893583647,0,0.10893335645912,0,2200,1290.1231354528022
1,11.700000000000001,74966.38673277479,29.946258547495322,0,0.2111530670203164,0,2200,1289.9858245208393
1,11.8,74837.395103327,29.914411553938514,0,0.33860048094017314,0,2200,1289.8467787524985
1,11.9,74708.41758937761,29.88259937639117,0,0.22183727764374317,0,2200,1289.7035151326197
1,12,74579.45461252704,29.85082200493816,0,0.15459188254999284,0,2200,1289.556037304248
1,12.100000000000001,74450.50659401435,29.81907942957057,0,0.07986596242579214,0,2200,1289.404348962777
1,12.200000000000001,74321.57395469677,29.78737164018269,0,0.12323969209123699,0,2200,1289.2484538558606
1,12.3,74192.65711506549,29.755698626577573,0,0.16000232652834182,0,2200,1289.088355783321
1,12.4,74063.75649522524,29.724060378463925,0,0.24649487295309125,0,2200,1288.9240585970565
1,12.5,73934.87251488958,29.69245688545686,0,0.25197467023168896,0,2200,1288.7555662009502
1,12.600000000000001,73806.00559338182,29.66088813707987,1,0.2601732889952609,0,2200,1288.5828825507688
2,12.700000000000001,73677.1561496295,29.629354122765275,1,0.2681536979132441,0,2200,1288.40601165407
2,12.8,73548.32460215222,29.59785483185316,1,0.27591596280505004,0,2200,1288.2249575701035
2,12.9,73419.51136906352,29.56639025359352,1,0.28346092234069575,0,2200,1288.0397244097092
2,13,73290.7168680625,29.534960377146067,1,0.29079009081502066,0,2200,1287.8503163352152
2,13.100000000000001,73161.94151643105,29.50356519158131,1,0.29790558348236784,0,2200,1287.6567375603363
2,13.200000000000001,73033.18573102541,29.472204685880296,1,0.3048100598096255,0,2200,1287.4589923500678
2,13.3,72904.44992827438,29.440878848935903,1,0.31150667828744677,0,2200,1287.25708502058
2,13.4,72775.73452416994,29.409587669552394,1,0.317999063834604,0,2200,1287.0510199391108
2,13.5,72647.03993426915,29.37833113644747,1,0.32429128284243847,0,2200,1286.8408015238556
2,13.600000000000001,72518.3665736774,29.34710923825015,1,0.3303878240190852,0,2200,1286.6264342438571
2,13.700000000000001,72389.71485705953,29.31592196350499,1,0.3362935858392742,0,2200,1286.407922618893
2,13.8,72261.08519861847,29.284769300668792,1,0.34201386701746,0,2200,1286.1852712193609
2,13.9,72132.4780121008,29.253651238113566,1,0.3475543616821042,0,2200,1285.9584846661658
2,14,72003.8937107902,29.22256776412665,1,0.35292115706525784,0,2200,1285.7275676306022
2,14.100000000000001,71875.33270749543,29.191518866909597,1,0.35812073184887516,0,2200,1285.492524834234
2,14.200000000000001,71746.79541455675,29.160504534581268,1,0.36315995929683204,0,2200,1285.2533610487785
2,14.3,71618.28224383388,29.129524755176657,1,0.36804610822233086,0,2200,1285.0100810959832
2,14.4,71489.79360669665,29.098579516646424,1,0.3727868480333058,0,2200,1284.762689847504
2,14.5,71361.32991403155,29.06766880685991,1,0.37739025277291766,0,2200,1284.5111922247795
2,14.600000000000001,71232.89157622494,29.03679261360298,1,0.3818648063107597,0,2200,1284.2555931989107
2,14.700000000000001,71104.47900316399,29.005950924579757,1,0.3862194057816974,0,2200,1283.9958977905283
2,14.8,70976.09260423575,28.975143727413982,1,0.3904633670804169,0,2200,1283.7321110696676
2,14.9,70847.73278831597,28.9443710096481,1,0.3946064279700147,0,2200,1283.4642381556387
2,15,70719.39996376634,28.913632758744086,1,0.39865875403453654,0,2200,1283.1922842168947
2,15.100000000000001,70591.09453842696,28.882928962083355,1,0.40263093817947015,0,2200,1282.9162544709006
2,15.200000000000001,70462.81691961456,28.852259606967902,1,0.4065340018912589,0,2200,1282.6361541839985
2,15.3,70334.5675141206,28.82162468062134,1,0.4103793961432137,0,2200,1282.3519886712722
2,15.4,70206.34672819544,28.791024170186912,1,0.41417899715162054,0,2200,1282.0637632964133
2,15.5,70078.15496755671,28.760458062730812,1,0.41794509996075796,0,2200,1281.7714834715787
2,15.600000000000001,69949.99263737816,28.72992634524124,1,0.42169041817329883,0,2200,1281.4751546572559
2,15.700000000000001,69821.86014227849,28.699429004627362,1,0.42542806154889007,0,2200,1281.1747823621204
2,15.8,69693.75788633246,28.66896602772328,1,0.4291715328213927,0,2200,1280.870372142892
2,15.9,69565.68627304863,28.638537401284502,1,0.432934707792034,0,2200,1280.5619296041941
2,16,69437.64570538141,28.60814311199213,1,0.4367318170531363,0,2200,1280.249460398409
2,16.1,69309.63658570684,28.57778314644889,1,0.4405774162927988,0,2200,1279.9329702255302
2,16.2,69181.65931583755,28.547457491183938,1,0.4444863655553817,0,2200,1279.612464833017
2,16.3,69053.71429700404,28.517166132650072,1,0.44847379423694356,0,2200,1279.2879500156446
2,16.400000000000002,68925.80192985758,28.486909057225887,1,0.4525550670402672,0,2200,1278.9594316153543
2,16.5,68797.9226144636,28.456686251215643,1,0.45674574181426314,0,2200,1278.6269155211023
2,16.6,68670.07675029337,28.4264977008489,1,0.461061532637913,0,2200,1278.2904076687084
2,16.7,68542.2647362221,28.39634339228146,1,0.46551825646006123,0,2200,1277.949914040701
2,16.8,68414.4869705271,28.36622331159635,1,0.47013178952818024,0,2200,1277.6054406661633
2,16.900000000000002,68286.74385087937,28.336137444803402,1,0.4749180085601353,0,2200,1277.2569936205741
2,17,68159.03577433713,28.306085777839137,1,0.4798927404876733,0,2200,1276.9045790256544
2,17.1,68031.36313735321,28.27606829656979,1,0.4850717044912308,0,2200,1276.5482030492049
2,17.2,67903.7263357509,28.246084986787366,1,0.49047045895895297,0,2200,1276.1878719049487
2,17.3,67776.12576473411,28.21613583421322,1,0.4961043367803103,0,2200,1275.8235918523683
2,17.400000000000002,67648.56181887817,28.18622082449735,1,0.5019883905959593,0,2200,1275.4553691965446
2,17.5,67521.03489212599,28.15633994321897,1,0.5081373362834428,0,2200,1275.0832102879901
2,17.6,67393.54537778348,28.126493175886715,1,0.5145655032935051,0,2200,1274.7071215224873
2,17.7,67266.09366851114,28.09668050793824,1,0.5212867698092242,0,2200,1274.3271093409228
2,17.8,67138.68015633244,28.06690192474327,1,0.5283145301188256,0,2200,1273.9431802291158
2,17.900000000000002,67011.30523261055,28.037157411599864,1,0.5356616484243256,0,2200,1273.5553407176546
2,18,66883.96928805672,28.007446953737542,1,0.5433404029203631,0,2200,1273.1635973817235
2,18.1,66756.67271272186,27.97777053631674,1,0.5513624739696459,0,2200,1272.7679568409344
2,18.2,66629.41589599289,27.94812814442925,1,0.5597388934174052,0,2200,1272.3684257591513
2,18.3,66502.19922659174,27.91851976309931,1,0.5684800501971884,0,2200,1271.9650108443225
2,18.400000000000002,66375.02309256047,27.888945377281658,1,0.5775956399546203,0,2200,1271.5577188482998
2,18.5,66247.88788126968,27.859404971864542,1,0.5870946819420171,0,2200,1271.1465565666701
2,18.6,66120.7939794045,27.829898531667983,1,0.5969855007774094,0,2200,1270.7315308385719
2,18.7,65993.74177296367,27.800426041444833,1,0.607275729622467,0,2200,1270.312648546523
2,18.8,65866.73164726049,27.77098748588212,1,0.6179723173809342,0,2200,1269.8899166162387
2,18.900000000000002,65739.76398690883,27.74158284959934,1,0.6290815415527273,0,2200,1269.463342016454
2,19,65612.83917582687,27.71221211715042,1,0.6406090191782486,0,2200,1269.032931758741
2,19.1,65485.957597225904,27.68287527302255,1,0.6525597368932623,0,2200,1268.598692897327
2,19.200000000000003,65359.11963361129,27.65357230163757,1,0.6649380614517714,0,2200,1268.160632528914
2,19.3,65232.32566677779,27.624303187352165,1,0.6777477788299081,0,2200,1267.7187577924901
2,19.400000000000002,65105.5760778049,27.595067914458003,1,0.6909921170497867,0,2200,1267.2730758691482
2,19.5,64978.871247045696,27.565866467180633,1,0.7046737743462439,0,2200,1266.8235939818978
2,19.6,64852.211554135196,27.536698829682265,1,0.7187949563782124,0,2200,1266.3703193954782
2,19.700000000000003,64725.597377978265,27.507564986060487,1,0.7333574125216732,0,2200,1265.9132594161701
2,19.8,64599.02909674682,27.478464920348756,1,0.748362454661166,0,2200,1265.4524213916063
2,19.900000000000002,64472.50708787609,27.449398616516767,1,0.7638110083435258,0,2200,1264.9878127105826
2,20,64346.03172805812,27.420366058470197,1,0.7797036275292167,0,2200,1264.5194408028644
2,20.1,64219.60339324735,27.391367230052932,1,0.7960405464744107,0,2200,1264.0473131389952
2,20.200000000000003,64093.22245863825,27.36240211504362,1,0.8128216897739033,0,2200,1263.5714372301038
2,20.3,63966.88929868117,27.33347069715996,1,0.8300467277830879,0,2200,1263.091820627711
2,20.400000000000002,63840.6042870637,27.304572960055996,1,0.8477150741223304,0,2200,1262.6084709235324
2,20.5,63714.36779671535,27.275708887324058,1,0.8658259373072404,0,2200,1262.1213957492828
2,20.6,63588.18019979913,27.24687846249423,1,0.8843783372681451,0,2200,1261.63060277648
2,20.700000000000003,63462.04186770879,27.218081669034717,1,0.9033711237292669,0,2200,1261.1360997162467
2,20.8,63335.95317106601,27.189318490352363,1,0.9228030098946063,0,2200,1260.63789431911
2,20.900000000000002,63209.91447971482,27.16058890979258,1,0.9426725801698558,0,2200,1260.1359943748048
2,21,63083.92616272066,27.13189291064013,1,0.9629783199045348,0,2200,1259.630407712069
2,21.1,62957.988588358276,27.10323047611774,1,0.9837186298369515,0,2200,1259.1211421984458
2,21.200000000000003,62832.10212411918,27.074601589388596,1,1.0048918335451558,0,2200,1258.6082057400781
2,21.3,62706.26713669952,27.04600623355488,1,1.0264962054184215,0,2200,1258.0916062815068
2,21.400000000000002,62580.48399200197,27.017444391659197,1,1.0485299660119394,0,2200,1257.5713518054672
2,21.5,62454.75305512827,26.988916046684007,1,1.0709913156667814,0,2200,1257.0474503326823
2,21.6,62329.07469036896,26.960421181550622,1,1.0938784190484063,0,2200,1256.519909921658
2,21.700000000000003,62203.449261222966,26.931959779124004,1,1.1171894475111024,0,2200,1255.9887386684757
2,21.8,62077.87713035755,26.903531822205775,1,1.1409225484698193,0,2200,1255.4539447065858
2,21.900000000000002,61952.35865964275,26.87513729354206,1,1.1650758802451782,0,2200,1254.9155362065983
2,22,61826.8942101188,26.8467761758179,1,1.1896476118641284,0,2200,1254.3735213760745
2,22.1,61701.484142007306,26.818448451660473,1,1.2146359257359232,0,2200,1253.8279084593164
2,22.200000000000003,61576.12881470192,26.790154103638123,1,1.2400390186588177,0,2200,1253.278705737157
2,22.3,61450.82858676836,26.761893114261323,1,1.2658551206650202,0,2200,1252.7259215267459
2,22.400000000000002,61325.58381593507,26.733665465981744,1,1.2920824762136338,0,2200,1252.1695641813428
2,22.5,61200.39485909883,26.705471141194256,1,1.318719366539558,0,2200,1251.6096420900983
2,22.6,61075.26207230892,26.67731012223473,1,1.3457641009157455,0,2200,1251.046163677844
2,22.700000000000003,60950.185810781084,26.65616086204973,1,1.3732150287661018,0,2200,1250.4791374048773
2,22.8,60825.16794829257,26.645322674049122,1,1.4010705236635095,0,2200,1249.8781871035749
2,22.900000000000002,60700.21416703332,26.6338983815011,1,1.4293290040032238,0,2200,1249.1975228628044
2,23,60575.33242871892,26.621889763477494,1,1.4579889227161587,0,2200,1248.4373382241426
2,23.1,60450.53067476675,26.609298711682527,1,1.4870487698250388,0,2200,1247.5978456132918
2,23.200000000000003,60325.816824413836,26.59612722957736,1,1.5165070821082856,0,2200,1246.67927622762
2,23.3,60201.198772842064,26.58237743144825,1,1.5463624209948532,0,2200,1245.6818799130087
2,23.400000000000002,60076.68438932579,26.568051541420232,1,1.576613398570194,0,2200,1244.605925030144
2,23.5,59952.28151538316,26.553151892415812,1,1.6072586588489002,0,2200,1243.4516983103822
2,23.6,59827.997962948866,26.537680925060968,1,1.6382968877103816,0,2200,1242.2195047013422
2,23.700000000000003,59703.84151255991,26.521641186538435,1,1.6697268051256684,0,2200,1240.909667202375
2,23.8,59579.81991155911,26.505035329389994,1,1.7015471710813632,0,2200,1239.5225266900845
2,23.900000000000002,59455.94087231811,26.487866110268634,1,1.733756777591658,0,2200,1238.0584417340797
2,24,59332.21207047533,26.47013638864147,1,1.7663544610710813,0,2200,1236.5177884031373
2,24.1,59208.641143198125,26.45184912544514,1,1.7993390876999007,0,2200,1234.90096006198
2,24.200000000000003,59085.235687463544,26.433007381694413,1,1.832709557360712,0,2200,1233.2083671588734
2,24.3,58962.003258357756,26.41361431704542,1,1.866464808335235,0,2200,1231.440437004256
2,24.400000000000002,58838.95136740897,26.393673188315304,1,1.9006038109253216,0,2200,1229.5976135406227
2,24.5,58716.0874809213,26.373187347958165,1,1.9351255612906044,0,2200,1227.6803571039052
2,24.6,58593.41901837103,26.352160242501444,1,1.9700290914243372,0,2200,1225.6891441765624
2,24.700000000000003,58470.95335078705,26.330595410940546,1,2.0053134611083467,0,2200,1223.6244671326679
2,24.8,58348.69779917691,26.308496483095755,1,2.040977767007921,0,2200,1221.4868339752015
2,24.900000000000002,58226.65963297896,26.285867177932225,1,2.077021130020305,0,2200,1219.276768065834
2,25,58104.84606854338,26.262711301844472,1,2.1134426989934734,0,2200,1216.9948078474608
2,25.1,57983.2642676346,26.239032746906492,1,2.1502416497460106,0,2200,1214.6415065597578
2,25.200000000000003,57861.92133597005,26.214835489089673,1,2.1874171853419693,0,2200,1212.21743194803
2,25.3,57740.82432177849,26.190123586449392,1,2.2249685271338295,0,2200,1209.723165965646
2,25.400000000000002,57619.980214406736,26.164901177283024,1,2.2628949317609255,0,2200,1207.1593044703307
2,25.5,57499.39594292641,26.139172478258615,1,2.301195678832704,0,2200,1204.5264569146134
2,25.6,57379.078374802135,26.11294178251882,1,2.3398700648591437,0,2200,1201.8252460307162
2,25.700000000000003,57259.03431458026,26.0862134577597,1,2.3789174076239497,0,2200,1199.056307510189
2,25.8,57139.27050260082,26.05899194428596,1,2.4183370546252805,0,2200,1196.2202896785855
2,25.900000000000002,57019.79361376166,26.031281753045757,1,2.458128367967329,0,2200,1193.317853165471
2,26,56900.61025629658,26.003087463644853,1,2.4982907360582507,0,2200,1190.3496705700882
2,26.1,56781.72697059531,25.974413722342863,1,2.538823556211694,0,2200,1187.3164261229563
2,26.200000000000003,56663.150228069164,25.94526524003362,1,2.5797262542936905,0,2200,1184.2188153437291
2,26.3,56544.88643001579,25.915646790208804,1,2.620998270863912,0,2200,1181.057544695615
2,26.400000000000002,56426.94190657046,25.885563206910824,1,2.662639061359587,0,2200,1177.8333312366426
2,26.5,56309.32291564345,25.855019382671568,1,2.7046481034186773,0,2200,1174.5469022681175
2,26.6,56192.035641921684,25.824020266442464,1,2.747024890259348,0,2200,1171.1989949805356
2,26.700000000000003,56075.08619589545,25.79257086151545,1,2.789768926453274,0,2200,1167.7903560972777
2,26.8,55958.48061292339,25.760676223437173,1,2.8328797310635796,0,2200,1164.3217415163806
2,26.900000000000002,55842.22485233843,25.728341457918006,1,2.87635685098926,0,2200,1160.793915950686
2,27,55726.32479657419,25.695571718736467,1,2.9201998307148838,0,2200,1157.2076525666707
2,27.1,55610.786250343546,25.662372205642047,1,2.9644082373623992,0,2200,1153.5637326222404
2,27.200000000000003,55495.61493984889,25.628748162257143,1,3.008981649412205,0,2200,1149.8629451037887
2,27.3,55380.81651202869,25.59470487397951,1,3.0539196573494656,0,2200,1146.1060863628113
2,27.400000000000002,55266.3965338273,25.560247665886383,1,3.099221865873809,0,2200,1142.2939597523591
2,27.5,55152.36049153004,25.525381900643442,1,3.1448878976444394,0,2200,1138.4273752636007
2,27.6,55038.71379010193,25.49011297641738,1,3.1909173729742784,0,2200,1134.507149162793
2,27.700000000000003,54925.461752592586,25.45444632479621,1,3.237309935393274,0,2200,1130.5341036289158
2,27.8,54812.60961955506,25.418387408716356,1,3.2840652289830996,0,2200,1126.5090663922438
2,27.900000000000002,54700.1625485057,25.381941720399062,1,3.3311829150189736,0,2200,1122.4328703741212
2,28,54588.12561343238,25.345114779297873,1,3.3786626623219598,0,2200,1118.306353328188
2,28.1,54476.50380431954,25.30791213005689,1,3.4265041510844694,0,2200,1114.130357483326
2,28.200000000000003,54365.3020267291,25.270339340482955,1,3.4747070717151556,0,2200,1109.9057291885483
2,28.3,54254.52510138787,25.23240199953063,1,3.5232711211933214,0,2200,1105.6333185600986
2,28.400000000000002,54144.17776385136,25.194105715304538,1,3.5721960085982736,0,2200,1101.3139791309648
2,28.5,54034.26466416102,25.155456113076177,1,3.621481446355062,0,2200,1096.9485675030667
2,28.6,53924.790366569534,25.116458833320007,1,3.671127158427532,0,2200,1092.5379430023106
2,28.700000000000003,53815.75934926886,25.077119529766644,1,3.7211328785548763,0,2200,1088.0829673367498
2,28.8,53707.17600418534,25.037443867477467,1,3.7714983410919385,0,2200,1083.5845042580295
2,28.900000000000002,53599.044636780396,24.997437520938547,1,3.8222232956839184,0,2200,1079.04341922635
2,29,53491.369465900585,24.95710617217709,1,3.8733074937882437,0,2200,1074.4605790791147
2,29.1,53384.15462366119,24.916455508900462,1,3.9247506981716542,0,2200,1069.8368517034635
2,29.200000000000003,53277.404155347496,24.875491222658194,1,3.976552676502806,0,2200,1065.1731057128711
2,29.3,53171.122019362636,24.83421900702889,1,4.02871319945361,0,2200,1060.4702101279704
2,29.400000000000002,53065.31208720803,24.792644555832453,1,4.081232049229171,0,2200,1055.729034061777
2,29.5,52959.978143478744,24.75077356136754,1,4.134109013066085,0,2200,1050.9504464094673
2,29.6,52855.12388591096,24.708611712676614,1,4.187343879020346,0,2200,1046.1353155428606
2,29.700000000000003,52750.75292544346,24.666164693837782,1,4.240936444281315,0,2200,1041.2845090097453
2,29.8,52646.868786316365,24.623438182284964,1,4.294886514715953,0,2200,1036.3988932381872
2,29.900000000000002,52543.474906194955,24.58043784715654,1,4.349193896659579,0,2200,1031.479333245941
2,30,52440.57463633269,24.53716934767382,1,4.403858404707655,0,2200,1026.5266923550887
2,30.1,52338.17124174256,24.493638331548432,1,4.458879857789207,0,2200,1021.5418319120201
2,30.200000000000003,52236.267901422456,24.44985043342107,1,4.51425808043899,0,2200,1016.5256110128497
2,30.3,52134.8677085815,24.405811273330105,1,4.569992895018427,0,2200,1011.4788862343787
2,30.400000000000002,52033.97367091384,24.3615264552122,1,4.626084139495702,0,2200,1006.4025113706823
2,30.5,51933.588710886426,24.317001565434065,1,4.682531649395991,0,2200,1001.2973371754119
2,30.6,51833.715666051954,24.27224217135613,1,4.7393352611643325,0,2200,996.1642111098846
2,30.700000000000003,51734.35728939902,24.227253819929214,1,4.796494824534842,0,2200,991.003977097023
2,30.8,51635.51624970604,24.182042036322745,1,4.854010190882701,0,2200,985.8174752812209
2,30.900000000000002,51537.19513194449,24.136612322587034,1,4.911881210954447,0,2200,980.6055417941661
2,31,51439.396437678486,24.09097015634747,1,4.970107738672461,0,2200,975.3690085266988
2,31.1,51342.12258551177,24.045120989533007,1,5.028689637338216,0,2200,970.108702906713
2,31.200000000000003,51245.375911534764,23.99907024713719,1,5.0876267695470965,0,2200,964.8254476831615
2,31.3,51149.15866981074,23.952823326013434,1,5.146919002254541,0,2200,959.5200607161776
2,31.400000000000002,51053.47303287219,23.906385593703472,1,5.206566205643917,0,2200,954.1933547733404
2,31.5,50958.32109223865,23.85976238729964,1,5.2665682565436285,0,2200,948.8461373320969
2,31.6,50863.7048589522,23.812959012340666,1,5.326925030557593,0,2200,943.4792103883534
2,31.700000000000003,50769.626264142804,23.765980741741743,1,5.38763640734659,0,2200,938.0933702712301
2,31.8,50676.087159597315,23.718832814757615,1,5.44870226935639,0,2200,932.6894074639926
2,31.900000000000002,50583.08931835834,23.671520435979883,1,5.510122503627472,0,2200,927.2681064311369
2,32,50490.634435328655,23.624048774367193,1,5.571896998278243,0,2200,921.8302454516248
2,32.1,50398.72412790079,23.57642296230949,1,5.6340256424874315,0,2200,916.3765964582453
2,32.2,50307.359936602414,23.52864809472534,1,5.6965083346044985,0,2200,910.9079248830776
2,32.300000000000004,50216.54332574643,23.480729228192054,1,5.759344966399001,0,2200,905.4249895090379
2,32.4,50126.275684108026,23.43267138010921,1,5.822535438839653,0,2200,899.9285423274584
2,32.5,50036.55832561012,23.38447952789482,1,5.88607965357888,0,2200,894.4193284016782
2,32.6,49947.392490021884,23.336158608213836,1,5.949977513633928,0,2200,888.898085736592
2,32.7,49858.7793436721,23.28771351623915,1,6.014228929412234,0,2200,883.3655451541174
2,32.800000000000004,49770.71998017095,23.239149104944335,1,6.078833802709288,0,2200,877.8224301745265
2,32.9,49683.21542114951,23.19047018442838,1,6.143792048952093,0,2200,872.2694569035865
2,33,49596.2666170001,23.14168152127143,1,6.209103573369785,0,2200,866.7073339254571
2,33.1,49509.87444764748,23.092787837922373,1,6.2747682954853214,0,2200,861.1367622012705
2,33.2,49424.03972329665,23.04379381211588,1,6.340786131073883,0,2200,855.5584349733508
2,33.300000000000004,49338.76318521891,22.994704076320886,1,6.407156996149564,0,2200,849.9730376749782
2,33.4,49254.04550654348,22.94552321721911,1,6.4738808159706265,0,2200,844.3812478456424
2,33.5,49169.88729303889,22.89625577521222,1,6.5409575077103055,0,2200,838.783735051719
2,33.6,49086.28908392601,22.8469062439594,1,6.60838699615634,0,2200,833.1811608124666
2,33.7,49003.2513526706,22.79747906994241,1,6.676169205985084,0,2200,827.5741785312944
2,33.800000000000004,48920.77450781409,22.747978652060453,1,6.744304069407523,0,2200,821.9634334321906
2,33.9,48838.85889378283,22.698409341251747,1,6.812791510334959,0,2200,816.3495625012573
2,34,48757.50479171984,22.64877544014334,1,6.88163145594964,0,2200,810.7331944332415
2,34.1,48676.71242032386,22.599081202728023,1,6.950823841471502,0,2200,805.1149495829827
2,34.2,48596.48193666618,22.549330834066755,1,7.02036860200128,0,2200,799.4954399217019
2,34.300000000000004,48516.81343704462,22.499528490018456,1,7.090265668362206,0,2200,793.8752689980124
2,34.4,48437.70695783198,22.449678276995172,1,7.160514977652608,0,2200,788.2550319035843
2,34.5,48359.16247631144,22.399784251741604,1,7.231116470880101,0,2200,782.6353152433646
2,34.6,48281.17991152685,22.349850421139816,1,7.302070086207426,0,2200,777.0166971102454
2,34.7,48203.75912514515,22.299880742038464,1,7.373375759073778,0,2200,771.3997470640995
2,34.800000000000004,48126.89992230572,22.249879121105188,1,7.44503343681572,0,2200,765.7850261150801
2,34.9,48050.6020524716,22.199849414701916,1,7.5170430590041555,0,2200,760.1730867110878
2,35,47974.86521029286,22.14979542878356,1,7.589404565655584,0,2200,754.564472729307
2,35.1,47899.68903645873,22.099720918818065,1,7.662117910106171,0,2200,748.9597194717139
2,35.2,47825.07311855443,22.049629589728458,1,7.73518303305873,0,2200,743.3593536644562
2,35.300000000000004,47751.016991925426,21.99952509585617,1,7.808599879522856,0,2200,737.7638934610063
2,35.4,47677.52014053147,21.949411040944643,1,7.882368404564857,0,2200,732.1738484489906
2,35.5,47604.5819977941,21.899290978142705,1,7.956488554598769,0,2200,726.5897196605924
2,35.6,47532.2019474674,21.84916841002851,1,8.030960281930083,0,2200,721.0119995864275
2,35.7,47460.37932447437,21.79904678865118,1,8.10578353500418,0,2200,715.4411721928062
2,35.800000000000004,47389.11341577489,21.748929515592334,1,8.180958268891217,0,2200,709.8777129422601
2,35.9,47318.40346120112,21.6988199420444,1,8.256484434804507,0,2200,704.3220888172632
2,36,47248.24865431152,21.64872136890727,1,8.332361991363195,0,2200,698.7747583470216
2,36.1,47178.64814323187,21.59863704690155,1,8.408590892448155,0,2200,693.2361716372577
2,36.2,47109.60103149712,21.54857017669844,1,8.485171092764697,0,2200,687.7067704028758
2,36.300000000000004,47041.10637888871,21.49852390906558,1,8.562102549616009,0,2200,682.1869880034228
2,36.4,46973.16320227366,21.448501345028593,1,8.639385221034207,0,2200,676.6772494812449
2,36.5,46905.77047641855,21.39850553604674,1,8.717019064332561,0,2200,671.1779716022461
2,36.6,46838.927134830505,21.348539484204398,1,8.795004040906967,0,2200,665.6895628991516
2,36.7,46772.632070572115,21.29860614241561,1,8.873340112916797,0,2200,660.2124237171889
2,36.800000000000004,46706.88413707819,21.24870841464251,1,8.952027239927922,0,2200,654.7469462620952
2,36.9,46641.68214897066,21.19884915612687,1,9.031065386508658,0,2200,649.2935146503555
2,37,46577.02488285676,21.149031173633787,1,9.110454512172932,0,2200,643.8525049615823
2,37.1,46512.911078136414,21.09925722570813,1,9.190194580420622,0,2200,638.4242852929549
2,37.2,46449.33943780046,21.049530022942452,1,9.270285556287613,0,2200,633.0092158156228
2,37.300000000000004,46386.30862920731,20.999852228255467,1,9.35072740703594,0,2200,627.6076488329958
2,37.4,46323.81728488207,20.950226457182502,1,9.431520093427478,0,2200,622.2199288408248
2,37.5,46261.86400328949,20.90065527817543,1,9.512663588036451,0,2200,616.8463925890054
2,37.6,46200.447349594906,20.85114121291226,1,9.594157851360858,0,2200,611.4873691450102
2,37.7,46139.565856448375,20.80168673661738,1,9.676002854035819,0,2200,606.1431799588679
2,37.800000000000004,46079.218024725094,20.752294278389375,1,9.758198563398494,0,2200,600.8141389296264
2,37.9,46019.40232428629,20.702966221538574,1,9.840744945701026,0,2200,595.5005524732003
2,38,45960.11719472613,20.653704903932518,1,9.92364197502714,0,2200,590.202719591543
2,38.1,45901.36104609817,20.604512618348696,1,10.006889618783857,0,2200,584.9209319430613
2,38.2,45843.13225965947,20.555391612835766,1,10.090487847378592,0,2200,579.6554739142019
2,38.300000000000004,45785.42918858584,20.506344091080916,1,10.174436633372137,0,2200,574.4066226921335
2,38.400000000000006,45728.25015869271,20.457372212784428,1,10.258735947371951,0,2200,569.1746483384626
2,38.5,45671.59346914105,20.40847809404029,1,10.343385760585019,0,2200,563.9598138639071
2,38.6,45615.45739314146,20.359663807722885,1,10.428386048742244,0,2200,558.7623753038617
2,38.7,45559.84017864056,20.310931383878987,1,10.513736778421153,0,2200,553.582581794793
2,38.800000000000004,45504.740049019456,20.262282810125676,1,10.599437929498558,0,2200,548.420675651394
2,38.900000000000006,45450.15520375874,20.213720032052255,1,10.685489474331987,0,2200,543.2768924444441
2,39,45396.08381912112,20.165244953627603,1,10.771891387376918,0,2200,538.1514610793051
2,39.1,45342.524048803374,20.116859437611044,1,10.858643640320619,0,2200,533.0446038749988
2,39.2,45289.47402459942,20.068565305967752,1,10.945746212478337,0,2200,527.9565366438054
2,39.300000000000004,45236.93185704015,20.02036434028732,1,11.033199077999766,0,2200,522.8874687713308
2,39.400000000000006,45184.89563603699,19.972258282205985,1,11.121002213889765,0,2200,517.8376032969792
2,39.5,45133.363431510516,19.92424883383175,1,11.209155595999974,0,2200,512.8071369947899
2,39.6,45082.33329401165,19.87633765817214,1,11.297659204510541,0,2200,507.7962604545753
2,39.7,45031.80325533915,19.828526379564764,1,11.386513012867175,0,2200,502.80515816331473
2,39.800000000000004,44981.771329143085,19.783553276575947,1,11.475717002842813,0,2200,497.8340085867574
2,39.900000000000006,44932.23896067683,19.74276913309287,1,11.565271149464575,0,2200,492.81400945184726
2,40,44883.21684507467,19.70038529498115,1,11.655175435315998,0,2200,487.62897106456796
2,40.1,44834.721196317114,19.656440158935638,1,11.745429838461796,0,2200,482.28469160211256
2,40.2,44786.767644228414,19.610973040028433,1,11.836034331936427,0,2200,476.78705605341975
2,40.300000000000004,44739.37122645788,19.564024087037506,1,11.926988904134548,0,2200,471.14202284887114
2,40.400000000000006,44692.54638180137,19.51563419789689,1,12.018293532671454,0,2200,465.35561065291597
2,40.5,44646.30694482755,19.465844935568267,1,12.109948197046402,0,2200,459.43388536630414
2,40.6,44600.66614178568,19.414698444618868,1,12.201952878760736,0,2200,453.3829473816783
2,40.7,44555.636587792076,19.362237368773663,1,12.2943075580527,0,2200,447.2089191332662
2,40.800000000000004,44511.2302852124,19.308504769703905,1,12.387012216993512,0,2200,440.9179329783442
2,40.900000000000006,44467.458623278886,19.253544047282627,1,12.480066838044488,0,2200,434.51611944469573
2,41,44424.33237882517,19.19739886154013,1,12.573471402309034,0,2200,428.00959587524153
2,41.1,44381.86171815265,19.14011305651797,1,12.6672258912452,0,2200,421.4044554973498
2,41.2,44340.05619997997,19.08173058621059,1,12.76133029292497,0,2200,414.7067569411766
2,41.300000000000004,44298.92477937974,19.022295442770417,1,12.85578458700923,0,2200,407.9225142279963
2,41.400000000000006,44258.47581274435,18.961851587117625,1,12.950588756591157,0,2200,401.05768724599585
2,41.5,44218.71706362441,18.900442882101846,1,13.045742784276579,0,2200,394.11817272807474
2,41.6,44179.65570948832,18.83811302831949,1,13.14124665376334,0,2200,387.1097957426531
2,41.7,44141.29834928084,18.774905502694487,1,13.237100350495648,0,2200,380.03830170578294
2,41.800000000000004,44103.651011751965,18.71086349990036,1,13.33330386020363,0,2200,372.9093489196873
2,41.900000000000006,44066.71916453075,18.6460298766857,1,13.429857165735934,0,2200,365.7285016401335
2,42,44030.50772384647,18.580447099157375,1,13.52676025180295,0,2200,358.50122367250634
2,42.1,43995.02106486447,18.51415719305201,1,13.624013104152848,0,2200,351.23287249381127
2,42.2,43960.26303258166,18.44720169701493,1,13.721615711803766,0,2200,343.92869389558746
2,42.300000000000004,43926.23695324641,18.379621618889402,1,13.819568053926703,0,2200,336.59381714056883
2,42.400000000000006,43892.945646226406,18.311457395011328,1,13.917870121641913,0,2200,329.23325062402745
2,42.5,43860.39143628441,18.24274885248739,1,14.016521899243708,0,2200,321.851878028855
2,42.6,43828.57616621908,18.17353517442428,1,14.115523375906191,0,2200,314.4544549618815
2,42.7,43797.50120982155,18.103854868067213,1,14.214874531008796,0,2200,307.045606057515
2,42.800000000000004,43767.167485084385,18.033745735797904,1,14.314575357185653,0,2200,299.6298225335411
2,42.900000000000006,43737.57546765823,17.963244848927054,1,14.414625840500204,0,2200,292.21146018277494
2,43,43708.72520445846,17.892388524219786,1,14.515025969430328,0,2200,284.7947377834829
2,43.1,43680.616327439435,17.821212303072205,1,14.615775727986657,0,2200,277.3837359105572
2,43.2,43653.248067446984,17.749750933264078,1,14.716875103479806,0,2200,269.9823961290127
2,43.300000000000004,43626.61926814634,17.67803835319743,1,14.818324088162758,0,2200,262.59452055076184
2,43.400000000000006,43600.72839996498,17.60610767853362,1,14.920122672090422,0,2200,255.22377173540673
2,43.5,43575.57357404195,17.5339911911317,1,15.022270835419446,0,2200,247.87367291552226
2,43.6,43551.1525561437,17.461720330192627,1,15.12476857555099,0,2200,240.54760852690194
2,43.7,43527.46278047748,17.38932568551397,1,15.227615870659532,0,2200,233.24882502424555
2,43.800000000000004,43504.501363466494,17.316836992744395,1,15.330812718529806,0,2200,225.9804319627929
2,43.900000000000006,43482.26511734631,17.244283130549185,1,15.434359106228223,0,2200,218.7454033268926
2,44,43460.750563659705,17.171692119573173,1,15.538255020265318,0,2200,211.54657908648085
2,44.1,43439.95394656807,17.099091123106298,1,15.642500449598787,0,2200,204.38666696310773
2,44.2,43419.87124596909,17.02650644934884,1,15.74709538803119,0,2200,197.2682443874237
2,44.300000000000004,43400.498190431856,16.95396355517314,1,15.852039822548807,0,2200,190.19376063057533
2,44.400000000000006,43381.83026989363,16.881487051287255,1,15.957333744140461,0,2200,183.16553909258235
2,44.5,43363.86274811905,16.809100708701337,1,16.0629771401415,0,2200,176.18577973125505
2,44.6,43346.59067492839,16.736827466399905,1,16.168970004933588,0,2200,169.2565616158781
2,44.7,43330.008898142725,16.664689440131514,1,16.27531232845516,0,2200,162.37984559059078
2,44.800000000000004,43314.11207527015,16.592707932221796,1,16.382004097665277,0,2200,155.55747703295685
2,44.900000000000006,43298.89468492009,16.52090344232336,1,16.489045304341463,0,2200,148.79118869399454
2,45,43284.35103791207,16.449295679020647,1,16.596435940404398,0,2200,142.0826036066233
2,45.1,43270.47528809495,16.37790357220587,1,16.704175997862034,0,2200,135.43323805011406
2,45.2,43257.261442880146,16.306745286147194,1,16.8122654641984,0,2200,128.84450455889206
2,45.300000000000004,43244.703373463824,16.23583823317651,1,16.920704335792678,0,2200,122.31771496475393
2,45.400000000000006,43232.79482474085,16.165199087924453,1,17.029492599567618,0,2200,115.85408346219982
2,45.5,43221.52942491602,16.09484380203369,1,17.138630248182487,0,2200,109.45472968727218
2,45.6,43210.90069479868,16.02478761928692,1,17.248117271923636,0,2200,103.12068180097755
2,45.7,43200.90205681138,15.955045091084923,1,17.357953669896304,0,2200,96.85287956898696
2,45.800000000000004,43191.52684365213,15.885630092222787,1,17.468139428009184,0,2200,90.65217743000478
2,45.900000000000006,43182.768306708895,15.816555836899504,1,17.578674535608485,0,2200,84.51934754568224
2,46,43174.61962410528,15.747834894921898,1,17.689558988080094,0,2200,78.45508282574248
2,46.1,43167.0739084892,15.679479208043038,1,17.80079277966148,0,2200,72.45999992229395
2,46.2,43160.124214504845,15.611500106396552,1,17.91237590290599,0,2200,66.53464218808425
2,46.300000000000004,43153.76354598533,15.543908324980993,1,18.02430834830667,0,2200,60.67948259383689
2,46.400000000000006,43147.9848628426,15.476714020157889,1,18.136590104969347,0,2200,54.8949266003721
2,46.5,43142.78108767606,15.409926786124958,1,18.24922116963067,0,2200,49.181314981638316
2,46.6,43138.145112104714,15.343555671331064,1,18.362201533980976,0,2200,43.538926595254
2,46.7,43134.06980282534,15.277609194802023,1,18.47553119502342,0,2200,37.9679810975866
2,46.800000000000004,43130.54800738394,15.212095362350396,1,18.589210142247257,0,2200,32.46864160078753
2,46.900000000000006,43127.572559727356,15.147021682637398,1,18.70323836825256,0,2200,27.04101726953908
2,47,43125.13628545124,15.082395183071965,1,18.81761586890551,0,2200,21.685165855742024
2,47.1,43123.23200682271,15.018222425518152,1,18.932342634758395,0,2200,16.401096169521853
2,47.2,43121.85254755616,14.954509521794314,1,19.0474186602692,0,2200,11.1887704853834
2,47.300000000000004,43120.99073734507,14.891262148947025,1,19.1628439416807,0,2200,6.048106882566027
2,47.400000000000006,43120.639416176826,14.82848556428212,1,19.278618469678527,0,2200,0.9789815189174403
2,47.5,43120.79143840633,14.76618462014229,1,19.39474224064115,0,2200,-4.01876916212583
2,47.6,43121.43967662286,14.704363778416214,1,19.5112152448571,0,2200,-8.94534629168511
2,47.7,43122.57702530734,14.64302712476999,1,19.62803748027837,0,2200,-13.800986502699097
2,47.800000000000004,43124.19640427176,14.582178382593032,1,19.74520893890086,0,2200,-18.585959924108028
2,47.900000000000006,43126.29076192621,14.521820926647417,1,19.862729614335105,0,2200,-23.300568241630273
2,48,43128.85307832807,14.461957796419242,1,19.980599501054666,0,2200,-27.945142824577882
2,48.1,43131.87636807002,14.40259170916218,1,20.098818595889206,0,2200,-32.52004291810526
2,48.2,43135.35368297156,14.343725072633289,1,20.21738689107507,0,2200,-37.02565390007734
2,48.300000000000004,43139.278114619665,14.285359997514526,1,20.33630438363501,0,2200,-41.46238560169864
2,48.400000000000006,43143.642796717584,14.227498309522378,1,20.455571067628348,0,2200,-45.830670690883714
2,48.5,43148.44090730697,14.17014156119927,1,20.575186932469908,0,2200,-50.130963117335355
2,48.6,43153.665670815855,14.113291043391436,1,20.695151980760365,0,2200,-54.363736618128485
2,48.7,43159.31035995297,14.05694779641236,1,20.815466202208466,0,2200,-58.529483282616646
2,48.800000000000004,43165.368297492154,14.001112620889668,1,20.936129592602597,0,2200,-62.62871217539555
2,48.900000000000006,43171.832857896574,13.94578608830263,1,21.057142147141377,0,2200,-66.66194801595574
2,49,43178.697468818165,13.890968551209715,1,21.178503863308023,0,2200,-70.6297299137005
2,49.1,43185.95561247971,13.836660153169147,1,21.300214732609852,0,2200,-74.53261015693056
2,49.2,43193.600826937705,13.782860838356523,1,21.422274755765923,0,2200,-78.37115305436639
2,49.300000000000004,43201.626707216725,13.72957036088459,1,21.54468392437289,0,2200,-82.14593382777564
2,49.400000000000006,43210.02690636553,13.676788293825393,1,21.667442231727595,0,2200,-85.85753755427778
2,49.5,43218.79513637908,13.624514037944788,1,21.79054967561228,0,2200,-89.50655815682951
2,49.6,43227.925169036724,13.57274683014995,1,21.91400625164067,0,2200,-93.09359744147824
2,49.7,43237.41083665099,13.521485751656055,1,22.037811955629774,0,2200,-96.61926417990799
2,49.800000000000004,43247.24603271205,13.470729735878976,1,22.16196678401532,0,2200,-100.08417323582539
2,49.900000000000006,43257.42471246049,13.420477576057086,1,22.28647073343356,0,2200,-103.48894473376832
2,50,43267.94089337438,13.370727932609402,1,22.411323799812656,0,2200,-106.83420326889649
2,50.1,43278.788655576296,13.32147934023558,1,22.536525975261455,0,2200,-110.1205771563627
2,50.2,43289.96214217506,13.27273021476287,1,22.662077259689458,0,2200,-113.34869771888232
2,50.300000000000004,43301.45555952098,13.224478859747853,1,22.787977648330344,0,2200,-116.51919861112388
2,50.400000000000006,43313.26317741815,13.17672347283575,1,22.914227135790238,0,2200,-119.63271517959984
2,50.5,43325.37932925951,13.12946215188652,1,23.040825719046513,0,2200,-122.68988385671067
2,50.6,43337.79841210786,13.082692900872054,1,23.167773397361945,0,2200,-125.69134158767025
2,50.7,43350.51488671731,13.036413635551297,1,23.29507016320721,0,2200,-128.63772528904215
2,50.800000000000004,43363.52327750623,12.990622188928604,1,23.422716015270648,0,2200,-131.5296713376584
2,50.900000000000006,43376.81817248091,12.94531631650176,1,23.550710946962525,0,2200,-134.3678150887085
2,51,43390.39422311075,12.900493701305743,1,23.679054954690933,0,2200,-137.15279042182567
2,51.1,43404.2461441569,12.856151958758181,1,23.80774803804952,0,2200,-139.8852293140269
2,51.2,43418.36871345993,12.812288641312165,1,23.936790193606488,0,2200,-142.5657614383986
2,51.300000000000004,43432.75677169766,12.76890124292148,1,24.066181417186225,0,2200,-145.19501378744528
2,51.400000000000006,43447.405222092755,12.725987203325872,1,24.195921703210793,0,2200,-147.77361032004038
2,51.5,43462.30903009791,12.683543912159823,1,24.326011052961526,0,2200,-150.30217163097927
2,51.6,43477.463223040104,12.641568712892145,1,24.456449457833017,0,2200,-152.78131464213254
2,51.7,43492.86288974341,12.600058906600324,1,24.587236920796116,0,2200,-155.211652314255
2,51.800000000000004,43508.50318011083,12.559011755586722,1,24.71837343337324,0,2200,-157.59379337851772
2,51.900000000000006,43524.37930469867,12.51842448683937,1,24.849858995475145,0,2200,-159.92834208688237
2,52,43540.48653424997,12.478294295345293,1,24.981693605659892,0,2200,-162.21589798043632
2,52.1,43556.82019921858,12.438618347258965,1,25.11387725639139,0,2200,-164.457055674872
2,52.2,43573.375689263456,12.399393782932604,1,25.246409951472348,0,2200,-166.65240466229423
2,52.300000000000004,43590.14845272433,12.360617719812272,1,25.379291681157305,0,2200,-168.80252912858904
2,52.400000000000006,43607.13399608899,12.322287255203815,1,25.512522446378657,0,2200,-170.90800778560768
2,52.5,43624.32788343355,12.284399468914778,1,25.64610224126368,0,2200,-172.9694137174363
2,52.6,43641.72573585529,12.246951425775242,1,25.780031066091322,0,2200,-174.98731424007207
2,52.7,43659.32323088683,12.209940178043011,1,25.914308919647905,0,2200,-176.9622707738317
2,52.800000000000004,43677.11610190291,12.173362767696412,1,26.04893579761252,0,2200,-178.89483872785846
2,52.900000000000006,43695.1001375122,12.13721622861959,1,26.18391169666703,0,2200,-180.78556739610826
2,53,43713.27118094638,12.101497588683406,1,26.319236612658496,0,2200,-182.63499986422906
2,53.1,43731.6251294259,12.066203871727422,1,26.454910545277425,0,2200,-184.4436729267596
2,53.2,43750.15793353412,12.03133209944434,1,26.590933495756072,0,2200,-186.21211701411923
2,53.300000000000004,43768.865596576594,11.996879293172507,1,26.727305457790738,0,2200,-187.9408561288515
2,53.400000000000006,43787.744173935615,11.96284247559915,1,26.864026428974444,0,2200,-189.6304077906302
2,53.5,43806.78977241926,11.929218672378006,1,27.00109640904029,0,2200,-191.28128298954988
2,53.6,43825.99854960479,11.896004913664665,1,27.13851539338864,0,2200,-192.89398614724186
2,53.7,43845.366713179275,11.863198235572614,1,27.276283380380136,0,2200,-194.4690150853795
2,53.800000000000004,43864.890520286746,11.830795681552596,1,27.41440036920412,0,2200,-196.0068610011541
2,53.900000000000006,43884.566276854835,11.798794303700259,1,27.55286635608207,0,2200,-197.50800844931004
2,54,43904.390336933546,11.767191163992573,1,27.691681340247126,0,2200,-198.97293533037615
2,54.1,43924.35910202935,11.73598333545715,1,27.83084532017443,0,2200,-200.4021128847119
2,54.2,43944.46902044397,11.705167903276646,1,27.970358294567855,0,2200,-201.7960056920254
2,54.300000000000004,43964.71658659913,11.674741965832062,1,28.110220259595174,0,2200,-203.15507167602348
2,54.400000000000006,43985.09834037814,11.64470263568539,1,28.250431214709288,0,2200,-204.47976211388993
2,54.5,44005.61086646188,11.615047040505713,1,28.390991157048635,0,2200,-205.77052165027348
2,54.6,44026.25079366565,11.585772323940628,1,28.53190008307733,0,2200,-207.0277883155022
2,54.7,44047.01479427796,11.556875646435266,1,28.673157993027004,0,2200,-208.25199354775162
2,54.800000000000004,44067.89958340116,11.528354186001033,1,28.814764884814107,0,2200,-209.44356221890126
2,54.900000000000006,44088.90191829391,11.500205138936295,1,28.956720755734946,0,2200,-210.60291266383283
2,55,44110.01859773137,11.472425720499958,1,29.09902560616981,0,2200,-211.73045671293184
2,55.1,44131.24646134209,11.445013165542813,1,29.24167943263024,0,2200,-212.826599727555
2,55.2,44152.58238897286,11.417964729094868,1,29.384682234710258,0,2200,-213.8917406382705
2,55.300000000000004,44174.023300042376,11.39127768691335,1,29.528034009177624,0,2200,-214.9262719856476
2,55.400000000000006,44195.56615290698,11.364949335991453,1,29.671734758679627,0,2200,-215.9305799634127
2,55.5,44217.207944222726,11.338976995030649,1,29.815784479000655,0,2200,-216.90504446378318
2,55.6,44238.945708326995,11.313358004876589,1,29.960183169255487,0,2200,-217.85003912480892
2,55.7,44260.77651661169,11.28808972892218,1,30.104930826245045,0,2200,-218.76593137954507
2,55.800000000000004,44282.69747690391,11.26316955347812,1,30.250027448072032,0,2200,-219.6530825069097
2,55.900000000000006,44304.7057328457,11.238594888112912,1,30.395473037660818,0,2200,-220.51184768407455
2,56,44326.79846330453,11.21436316596178,1,30.541267589582088,0,2200,-221.34257604025387
2,56.1,44348.97288175672,11.190471844009572,1,30.687411104332636,0,2200,-222.1456107117372
2,56.2,44371.226235696115,11.166918403345498,1,30.833903579612482,0,2200,-222.92128889806503
2,56.300000000000004,44393.55580603983,11.143700349392736,1,30.980745014615128,0,2200,-223.6699419192152
2,56.400000000000006,44415.95890654996,11.12081521211295,1,31.12793541064706,0,2200,-224.39189527368978
2,56.5,44438.4328832468,11.098260546188419,1,31.275474761792402,0,2200,-225.08746869739247
2,56.6,44460.975113841705,11.076033931181014,1,31.42336307247968,0,2200,-225.75697622320467
2,56.7,44483.58300716709,11.054132971670544,1,31.571600336676404,0,2200,-226.40072624115564
2,56.800000000000004,44506.25400261115,11.032555297373015,1,31.720186552969402,0,2200,-227.01902155910494
2,56.900000000000006,44528.9855695758,11.011298563238483,1,31.869121724392482,0,2200,-227.61215946385337
2,57,44551.77520690579,10.990360449532945,1,32.01840584791793,0,2200,-228.18043178259137
2,57.1,44574.62044236902,10.96973866189973,1,32.16803892144315,0,2200,-228.72412494463626
2,57.2,44597.51883210614,10.949430931406841,1,32.3180209487737,0,2200,-229.24352004335557
2,57.300000000000004,44620.467960103415,10.929435014577345,1,32.46835192036464,0,2200,-229.73889289823856
2,57.400000000000006,44643.46543767024,10.909748693404826,1,32.61903183930758,0,2200,-230.2105141170415
2,57.5,44666.50890291575,10.89036977535508,1,32.770060708769705,0,2200,-230.6586491579514
2,57.6,44689.596020238474,10.871296093353775,1,32.92143852155651,0,2200,-231.08355839171932
2,57.7,44712.72447983362,10.852525505760521,1,33.0731652807385,0,2200,-231.48549716370812
2,57.800000000000004,44735.89199716691,10.834055896333323,1,33.22524098361127,0,2200,-231.86471585580097
2,57.900000000000006,44759.096312513575,10.815885174177513,1,33.3776656310922,0,2200,-232.2214599481534
2,58,44782.33519044239,10.798011273687782,1,33.530439219029795,0,2200,-232.5559700807099
2,58.1,44805.60641935561,10.780432154476388,1,33.68356175223404,0,2200,-232.8684821144865
2,58.2,44828.90781099722,10.763145801294074,1,33.8370332249366,0,2200,-233.1592271925552
2,58.300000000000004,44852.237200002186,10.746150223939217,1,33.99085363675948,0,2200,-233.4284318007185
2,58.400000000000006,44875.59244341683,10.729443457160476,1,34.14502298804675,0,2200,-233.6763178278257
2,58.5,44898.97142024897,10.71302356054942,1,34.29954128138046,0,2200,-233.90310262572473
2,58.6,44922.372031023726,10.696888618425227,1,34.45440851186121,0,2200,-234.1089990688089
2,58.7,44945.79219732899,10.681036739713011,1,34.609624681463366,0,2200,-234.29421561313708
2,58.800000000000004,44969.229861381464,10.66546605781396,1,34.76518978524335,0,2200,-234.45895635511644
2,58.900000000000006,44992.6829855917,10.650174730469283,1,34.92110382967644,0,2200,-234.60342108971983
2,59,45016.14955213759,10.63646440805206,1,35.07736681075483,0,2200,-234.72780536822583
2,59.1,45039.62808843795,10.623465394386022,1,35.2339787251362,0,2200,-234.8428172727062
2,59.2,45063.117898888886,10.610517001172306,1,35.390939576288226,0,2200,-234.95328894544264
2,59.300000000000004,45086.61853095982,10.597618974659046,1,35.54824936247594,0,2200,-235.0592501860853
2,59.400000000000006,45110.12953508552,10.584771062547926,1,35.705908081253575,0,2200,-235.1607305701228
2,59.5,45133.65046464745,10.57197301398522,1,35.86391573465293,0,2200,-235.2577594506792
2,59.6,45157.180875951424,10.559224579552836,1,36.0222723208792,0,2200,-235.35036596029875
2,59.7,45180.72032820806,10.546525511259455,1,36.180977841296254,0,2200,-235.43857901271582
2,59.800000000000004,45204.268383506685,10.533875562531547,1,36.34003229277033,0,2200,-235.52242730461165
2,59.900000000000006,45227.824606795795,10.521274488204623,1,36.49943567650089,0,2200,-235.60193931735856
2,60,45251.38856585976,10.508722044514386,1,36.65918799020142,0,2200,-235.67714331874885
2,60.1,45274.95983130019,10.496217989088054,1,36.81928923891447,0,2200,-235.7480673647125
2,60.2,45298.537976512685,10.483762080935637,1,36.97973941948693,0,2200,-235.8147393010202
2,60.300000000000004,45322.12257767003,10.471354080441344,1,37.14053852662705,0,2200,-235.87718676497337
2,60.400000000000006,45345.71321369894,10.458993749354988,1,37.301686566207486,0,2200,-235.9354371870819
2,60.5,45369.309466253035,10.446680850783247,1,37.463183533781056,0,2200,-235.9895177927281
2,60.6,45392.910919705406,10.434415149181454,1,37.62502943510684,0,2200,-236.03945560381823
2,60.7,45416.51716111321,10.422196410344817,1,37.787224266439274,0,2200,-236.08527744042067
2,60.800000000000004,45440.12778021488,10.41002440140034,1,37.94976802550474,0,2200,-236.12700992239184
2,60.900000000000006,45463.742369391955,10.397898890798098,1,38.11266071373906,0,2200,-236.16467947098909
2,61,45487.36052366812,10.385819648303299,1,38.275902334187585,0,2200,-236.19831231047144
2,61.1,45510.98184066452,10.373786444987473,1,38.439492880058424,0,2200,-236.22793446968686
2,61.2,45534.605920615606,10.361799053220984,1,38.60343235585166,0,2200,-236.2535717836484
2,61.300000000000004,45558.23236631416,10.349857246664078,1,38.76772076308577,0,2200,-236.2752498950964
2,61.400000000000006,45581.860783111304,10.337960800259168,1,38.93235809725068,0,2200,-236.29299425605006
2,61.5,45605.49077889789,10.326109490222724,1,39.09734436067624,0,2200,-236.3068301293457
2,61.6,45629.1219640756,10.314303094037012,1,39.26267955120293,0,2200,-236.316782590163
2,61.7,45652.753951552324,10.302541390442387,1,39.428363669761836,0,2200,-236.32287652753956
2,61.800000000000004,45676.386356709525,10.290824159429054,1,39.594396717739585,0,2200,-236.32513664587347
2,61.900000000000006,45700.01879738923,10.279151182229217,1,39.76077869452594,0,2200,-236.32358746641336
2,62,45723.65089388378,10.26752224130941,1,39.92750960161726,0,2200,-236.3182533287372
2,62.1,45747.282268900424,10.255937120362328,1,40.09458943627861,0,2200,-236.3091583922197
2,62.2,45770.91254756041,10.244395604299347,1,40.26201820078587,0,2200,-236.29632663748725
2,62.300000000000004,45794.541357371025,10.232897479242627,1,40.429795890082126,0,2200,-236.27978186786154
2,62.400000000000006,45818.1683282163,10.221442532517559,1,40.5979225081184,0,2200,-236.2595477107922
2,62.5,45841.79309232719,10.210030552644888,1,40.766398059410974,0,2200,-236.23564761927688
2,62.6,45865.41528427228,10.19866132933327,1,40.93522253893981,0,2200,-236.20810487327148
2,62.7,45889.0345409438,10.187334653471776,1,41.10439594610887,0,2200,-236.17694258108816
2,62.800000000000004,45912.650501535274,10.176050317122272,1,41.27391828334904,0,2200,-236.14218368078207
2,62.900000000000006,45936.26280752476,10.164808113511974,1,41.44378954791119,0,2200,-236.10385094152733
2,63,45959.87110265717,10.153607837025968,1,41.61400974517752,0,2200,-236.0619669649821
2,63.1,45983.47503292933,10.142449283199912,1,41.784578872335985,0,2200,-236.01655418664262
2,63.2,46007.074246576056,10.131332248712718,1,41.955496929657414,0,2200,-235.96763487718587
2,63.300000000000004,46030.66839405056,10.120256531379205,1,42.12676391887318,0,2200,-235.91523114380237
2,63.400000000000006,46054.25712800585,10.10922193014281,1,42.29837983717731,0,2200,-235.85936493151712
2,63.5,46077.840103284456,10.098228245068494,1,42.47034468626589,0,2200,-235.80005802450123
2,63.6,46101.41697689891,10.087275277335513,1,42.642658466509566,0,2200,-235.7373320473715
2,63.7,46124.98740801681,10.076362829230314,1,42.81532117892847,0,2200,-235.67120846648092
2,63.800000000000004,46148.55105794128,10.065490704139403,1,42.98833282296174,0,2200,-235.60170859119802
2,63.900000000000006,46172.107590098865,10.054658706542357,1,43.161693399621285,0,2200,-235.5288535751758
2,64,46195.656670028344,10.043866642004929,1,43.335402907003825,0,2200,-235.45266441761063
2,64.10000000000001,46219.197965359315,10.033114317171991,1,43.50946134622713,0,2200,-235.3731619644913
2,64.2,46242.7311457945,10.02240153976058,1,43.68386871827602,0,2200,-235.29036690983713
2,64.3,46266.255883101374,10.011728118553155,1,43.85862502782062,0,2200,-235.20429979692688
2,64.4,46289.77185109351,10.001093863390722,1,44.033730267845044,0,2200,-235.11498101951716
2,64.5,46313.2787256185,9.990498585166103,1,44.2091844423149,0,2200,-235.02243082305128
2,64.60000000000001,46336.77618453745,9.979942095817087,1,44.38498755103323,0,2200,-234.9266693058581
2,64.7,46360.2639077194,9.969424208319925,1,44.561139594831964,0,2200,-234.8277164203412
2,64.8,46383.74157701433,9.958944736682424,1,44.73764057278106,0,2200,-234.7255919741585
2,64.9,46407.208876252174,9.948503495937597,1,44.91449048729123,0,2200,-234.62031563139212
2,65,46430.66549121775,9.938100302136888,1,45.091689337393596,0,2200,-234.51190691370888
2,65.10000000000001,46454.11110964324,9.927734972343783,1,45.269237123346706,0,2200,-234.4003852015111
2,65.2,46477.545421193354,9.917407324627275,1,45.4471338469779,0,2200,-234.28576973507845
2,65.3,46500.968117444776,9.907117178055328,1,45.625379509485214,0,2200,-234.16807961569987
2,65.4,46524.37889187876,9.89686435268857,1,45.803974106901535,0,2200,-234.0473338067975
2,65.5,46547.7774398746,9.886648669574065,1,45.98291764391371,0,2200,-233.92355113503933
2,65.60000000000001,46571.163458675146,9.876469950738613,1,46.162210120328176,0,2200,-233.79675029144542
2,65.7,46594.53664739244,9.866328019182802,1,46.34185153498056,0,2200,-233.66694983248277
2,65.8,46617.89670698624,9.856222698874605,1,46.52184189047006,0,2200,-233.53416818115238
2,65.9,46641.24334025197,9.846153814743227,1,46.7021811887663,0,2200,-233.39842362806763
2,66,46664.57625180762,9.836121192672914,1,46.88286942511799,0,2200,-233.2597343325231
2,66.10000000000001,46687.895148081705,9.82612465949685,1,47.06390660364946,0,2200,-233.1181183235551
2,66.2,46711.19973729737,9.816164042991021,1,47.24529272698988,0,2200,-232.97359350099364
2,66.3,46734.4897294594,9.806239171868157,1,47.427027790498876,0,2200,-232.82617763650572
2,66.4,46757.764836349525,9.796349875771869,1,47.60911180051651,0,2200,-232.67588837462958
2,66.5,46781.02477150224,9.786495985270468,1,47.79154475597007,0,2200,-232.52274323380126
2,66.60000000000001,46804.269250197336,9.776677331851115,1,47.97432665435177,0,2200,-232.36675960737202
2,66.7,46827.497989453375,9.766893747914052,1,48.157457497634965,0,2200,-232.2079547646184
2,66.8,46850.710708006285,9.757145066766554,1,48.340937287799704,0,2200,-232.04634585174276
2,66.9,46873.907126299106,9.747431122617165,1,48.524766022332585,0,2200,-231.88194989286663
2,67,46897.08696647454,9.73775175057,1,48.7089437084204,0,2200,-231.7147837910156
2,67.10000000000001,46920.249952351674,9.728106786618769,1,48.89347034062138,0,2200,-231.54486432909604
2,67.2,46943.39580943249,9.718496067641443,1,49.07834592385677,0,2200,-231.37220817086393
2,67.3,46966.52426487114,9.708919431394206,1,49.263570454199964,0,2200,-231.19683186188556
2,67.4,46989.6350474786,9.69937671650614,1,49.44914393364396,0,2200,-231.01875183049066
2,67.5,47012.72788769659,9.689867762473366,1,49.63506636338105,0,2200,-230.83798438871736
2,67.60000000000001,47035.80251759384,9.680392409653605,1,49.82133774697277,0,2200,-230.65454573324976
2,67.7,47058.85867085494,9.670950499260684,1,50.00795808259737,0,2200,-230.46845194634759
2,67.8,47081.8960827617,9.661541873358884,1,50.19492737086031,0,2200,-230.27971899676817
2,67.9,47104.91449019406,9.65216637485774,1,50.38224561384336,0,2200,-230.08836274068116
2,68,47127.91363160685,9.642823847506397,1,50.56991281271284,0,2200,-229.89439892257536
2,68.10000000000001,47150.89324702509,9.633514135888323,1,50.75792896659486,0,2200,-229.69784317615833
2,68.2,47173.853078033775,9.62423708541599,1,50.946294078223715,0,2200,-229.4987110252487
2,68.3,47196.79286776204,9.614992542325485,1,51.135008145125624,0,2200,-229.29701788466065
2,68.4,47219.712360877544,9.605780353671316,1,51.32407117013306,0,2200,-229.09277906108187
2,68.5,47242.61130356882,9.596600367321031,1,51.513483153031444,0,2200,-228.886009753944
2,68.60000000000001,47265.489443548024,9.587452431950286,1,51.70324409816165,0,2200,-228.67672505628528
2,68.7,47288.34653002024,9.57833639703728,0,1.425872814438684,0,2200,-228.46493995560752
2,68.8,47311.182313691825,9.569252112857956,0,1.1369243270124962,0,2200,-228.25066933472453
2,68.9,47333.99654675089,9.560199430480749,0,0.8320392682203954,0,2200,-228.0339279726047
2,69,47356.788982855156,9.551178201761466,0,0.3822927573089668,0,2200,-227.8147305452058
2,69.10000000000001,47379.55937712733,9.542188279338355,0,0.3483887610182169,0,2200,-227.59309162630393
2,69.2,47402.30748614203,9.533229516627044,0,0.565382642487957,0,2200,-227.36902568831465
2,69.3,47425.03306791466,9.524301767815547,0,0.9302004043215107,0,2200,-227.14254710310806
2,69.4,47447.73588189855,9.515404887859463,0,1.1341089345173683,0,2200,-226.91367014281658
2,69.5,47470.41568895988,9.506538732476795,0,1.4557266654937742,0,2200,-226.68240898063686
2,69.60000000000001,47493.07225138601,9.497703158143388,0,0.657070423062125,0,2200,-226.4487776916245
2,69.7,47515.70533286035,9.48889802208782,0,0.13467367232015715,0,2200,-226.21279025348232
2,69.8,47538.314698463306,9.480123182286798,0,0.4747974895327832,0,2200,-225.97446054734283
2,69.9,47560.90011465922,9.471378497460298,0,0.544464491618135,0,2200,-225.73380235854287
2,70,47583.46134928148,9.462663827066722,0,0.5823532246869055,0,2200,-225.49082937739345
2,70.10000000000001,47605.99817153253,9.453979031298365,0,0.5609708116098712,0,2200,-225.24555519994215
2,70.2,47628.51035196893,9.445323971076633,0,0.5328771053129323,0,2200,-224.99799332873016
2,70.3,47650.9976624893,9.436698508047328,0,0.3677277488031233,0,2200,-224.74815717354187
2,70.4,47673.45987633243,9.428102504576177,0,0.3041448218970916,0,2200,-224.49606005215017
2,70.5,47695.89676806331,9.41953582374414,0,0.2254523744921635,0,2200,-224.2417151910534
2,70.60000000000001,47718.308113563806,9.410998329342847,0,0.21492890872659126,0,2200,-223.98513572620803
2,70.7,47740.69369002897,9.402489885870176,0,0.3434688583006744,0,2200,-223.7263347037547
2,70.8,47763.05327594746,9.394010358525565,0,0.5650129161099106,0,2200,-223.46532508073804
2,70.9,47785.38665110152,9.385559613205674,0,0.2865933483569282,0,2200,-223.20211972582112
2,71,47807.69359656144,9.377137516500039,0,0.16733165722626225,0,2200,-222.93673141999358
2,71.10000000000001,47829.97389466781,9.368743935686478,0,0.25287540402976016,0,2200,-222.66917285727396
2,71.2,47852.227329018526,9.360378738726652,0,0.4031399012555592,0,2200,-222.3994566454071
2,71.3,47874.45368447993,9.352041794262048,0,0.41360110326339367,0,2200,-222.12759530655444
2,71.4,47896.65274716169,9.343732971609377,0,0.45688292583460255,0,2200,-221.85360127798
2,71.5,47918.824304409325,9.335452140756287,0,0.4095980299982185,0,2200,-221.57748691272977
2,71.60000000000001,47940.96814480331,9.327199172357249,0,0.4111074487307045,0,2200,-221.29926448030625
2,71.7,47963.08405815065,9.318973937729297,0,0.3099820905628339,0,2200,-221.01894616733674
2,71.8,47985.171835464425,9.310776308847638,0,0.3105759656560526,0,2200,-220.73654407823673
2,71.9,48007.2312689675,9.302606158341643,0,0.24567561194746257,0,2200,-220.45207023586804
2,72,48029.26215208508,9.294463359490756,0,0.14218411081381443,0,2200,-220.16553658219058
2,72.10000000000001,48051.26427942887,9.286347786220185,0,0.2893459232873329,0,2200,-219.87695497890988
2,72.2,48073.23744679056,9.278259313096878,0,0.08699225299594421,0,2200,-219.58633720811872
2,72.3,48095.181451141834,9.270197815325563,0,0.1519038473165893,0,2200,-219.2936949729335
2,72.4,48117.09609061293,9.262163168744495,0,0.28045842198147136,0,2200,-218.9990398981262
2,72.5,48138.98116450291,9.254155249821736,0,0.40728607275788214,0,2200,-218.70238353074947
2,72.60000000000001,48160.8364732489,9.246173935650788,0,0.40310044704807674,0,2200,-218.40373734075885
2,72.7,48182.66181844473,9.238219103947086,0,0.4176080987798283,0,2200,-218.10311272162784
2,72.8,48204.457002811134,9.230290633043673,0,0.3958394712608399,0,2200,-217.8005209909592
2,72.9,48226.22183019761,9.222388401887473,0,0.38295084094505516,0,2200,-217.49597339109104
2,73,48247.95610557683,9.214512290035431,0,0.33671474804526885,0,2200,-217.18948108969772
2,73.10000000000001,48269.65963503532,9.206662177650639,0,0.3272463724467218,0,2200,-216.88105518038574
2,73.2,48291.33222576324,9.198837945498463,0,0.19848054753182143,0,2200,-216.57070668328527
2,73.3,48312.97368604783,9.191039474942723,0,0.05709842776402927,0,2200,-216.25844654563636
2,73.4,48334.58382526878,9.18326664794201,0,0.0955444233033908,0,2200,-215.94428564237083
2,73.5,48356.16245388985,9.175519347045883,0,0.27819925268920087,0,2200,-215.62823477668903
2,73.60000000000001,48377.709383454174,9.167797455391202,0,0.15537519083518792,0,2200,-215.31030468063204
2,73.7,48399.224426567554,9.160100856698254,0,0.23014156157635374,0,2200,-214.99050601564912
2,73.8,48420.707396902144,9.152429435267264,0,0.263108353749201,0,2200,-214.6688493731609
2,73.9,48442.15810919367,9.144783075974829,0,0.22389001487995072,0,2200,-214.34534527511755
2,74,48463.57637921162,9.137161664269895,0,0.28018071565562963,0,2200,-214.02000417455247
2,74.10000000000001,48484.96202377789,9.129565086170576,0,0.24316220046082823,0,2200,-213.69283645613183
2,74.2,48506.314860747196,9.121993228260386,0,0.2611778012586634,0,2200,-213.36385243669906
2,74.3,48527.63470900152,9.114445977684698,0,0.2024373242872843,0,2200,-213.0330623658156
2,74.4,48548.92138844449,9.10692322214722,0,0.22485014026910022,0,2200,-212.70047642629666
2,74.5,48570.17471999489,9.099424849906532,0,0.14142911623856003,0,2200,-212.3661047347432
2,74.60000000000001,48591.39452558104,9.091950749772574,0,0.04038377620533655,0,2200,-212.02995734206874
2,74.7,48612.580628131516,9.08450081110317,0,0.136918322362187,0,2200,-211.69204423402266
2,74.8,48633.73285156861,9.077074923800604,0,0.28172072854339686,0,2200,-211.35237533170948
2,74.9,48654.85102081206,9.06967297830836,0,0.15370032443745543,0,2200,-211.0109604921024
2,75,48675.9349617539,9.062294865607424,0,0.17538556075484857,0,2200,-210.66780950855457
2,75.10000000000001,48696.98450126406,9.054940477213128,0,0.19247768899381248,0,2200,-210.32293211130536
2,75.2,48717.99946718756,9.047609705171864,0,0.15686907879548945,0,2200,-209.97633796798206
2,75.3,48738.97968832776,9.040302442057591,0,0.20855778744499953,0,2200,-209.62803668409856
2,75.4,48759.92499445006,9.033018580968697,0,0.1875501264368067,0,2200,-209.2780378035488
2,75.5,48780.835216267966,9.025758015524607,0,0.19816091956424045,0,2200,-208.92635080909736
2,75.60000000000001,48801.71018544305,9.018520639862626,0,0.16494675935163508,0,2200,-208.57298512286533
2,75.7,48822.54973457195,9.011306348634587,0,0.18064543930128296,0,2200,-208.21795010681265
2,75.8,48843.35369719099,9.004115037003842,0,0.07453740206261485,0,2200,-207.8612550632162
2,75.9,48864.12190775387,8.996946600641776,0,0.0651269167487659,0,2200,-207.50290923514453
2,76,48884.85420164373,8.989800935724954,0,0.12557856467902892,0,2200,-207.1429218069281
2,76.10000000000001,48905.5504151592,8.982677938931849,0,0.2125651332218539,0,2200,-206.78130190462605
2,76.2,48926.21038550325,8.97557750743963,0,0.08279058563435233,0,2200,-206.41805859648989
2,76.3,48946.833950788714,8.968499538921241,0,0.06392471919956627,0,2200,-206.05320089342175
2,76.4,48967.420950021595,8.961443931542147,0,0.15740263637489035,0,2200,-205.68673774943088
2,76.5,48987.971223104745,8.954410583957436,0,0.16957758391185135,0,2200,-205.3186780620849
2,76.60000000000001,49008.484610823914,8.947399395308624,0,0.19498245014945026,0,2200,-204.9490306729586
2,76.7,49028.96095484961,8.940410265220777,0,0.21991537849359022,0,2200,-204.57780436807812
2,76.80000000000001,49049.400097726844,8.933443093799436,0,0.21482968284412426,0,2200,-204.20500787836227
2,76.9,49069.80188286863,8.926497781627612,0,0.21410316841424656,0,2200,-203.83064988005998
2,77,49090.16615455598,8.91957422976294,0,0.19630600068048282,0,2200,-203.4547389951845
2,77.10000000000001,49110.49275792949,8.912672339734677,0,0.14682093521718353,0,2200,-203.07728379194356
2,77.2,49130.78153898567,8.905792013540813,0,0.07163627262276011,0,2200,-202.69829278516664
2,77.30000000000001,49151.03234456573,8.898933153645089,0,0.0948037937960641,0,2200,-202.31777443672837
2,77.4,49171.245022353716,8.892095662974176,0,0.18139642774756745,0,2200,-201.9357371559691
2,77.5,49191.41942087654,8.885279444914888,0,0.25528980796265005,0,2200,-201.55218930011154
2,77.60000000000001,49211.55538948905,8.878484403311207,0,0.15685202176285132,0,2200,-201.16713917467425
2,77.7,49231.65277838148,8.871710442461655,0,0.08977920657505373,0,2200,-200.78059503388178
2,77.80000000000001,49251.71143856086,8.86495746711627,0,0.04271389184111627,0,2200,-200.39256508107147
2,77.9,49271.73122185189,8.858225382473947,0,0.07972612280280408,0,2200,-200.00305746909743
2,78,49291.711980897,8.851514094179736,0,0.12194339740714785,0,2200,-199.61208030073047
2,78.10000000000001,49311.65356914047,8.844823508321927,0,0.11779189205670071,0,2200,-199.2196416290555
2,78.2,49331.555840834975,8.838153531429533,0,0.11117440579600897,0,2200,-198.82574945786573
2,78.30000000000001,49351.41865102202,8.831504070469302,0,0.09117132429904724,0,2200,-198.43041174205337
2,78.4,49371.241855549626,8.824875032843442,0,0.07491311772968721,0,2200,-198.03363638799692
2,78.5,49391.025311042555,8.818266326386526,0,0.10301403098717993,0,2200,-197.63543125394662
2,78.60000000000001,49410.76887491718,8.811677859363158,0,0.16691061960768247,0,2200,-197.2358041504052
2,78.7,49430.472405363806,8.805109540465143,0,0.23264600071369596,0,2200,-196.83476284050687
2,78.80000000000001,49450.13576134294,8.798561278808865,0,0.3145237272607507,0,2200,-196.43231504039275
2,78.9,49469.75880259555,8.792032983932963,0,0.1898089589186882,0,2200,-196.02846841958305
2,79,49489.341389618814,8.785524565795406,0,0.12361047612407657,0,2200,-195.62323060134693
2,79.10000000000001,49508.88338366896,8.779035934771068,0,0.11753601457583349,0,2200,-195.2166091630688
2,79.2,49528.384646764025,8.772567001649294,0,0.10615462646648091,0,2200,-194.80861163661217
2,79.30000000000001,49547.84504166804,8.766117677631195,0,0.17770903425883136,0,2200,-194.39924550868025
2,79.4,49567.26443189103,8.759687874327199,0,0.16988647254804382,0,2200,-193.9885182211739
2,79.5,49586.64268168993,8.753277503754658,0,0.0978521258256588,0,2200,-193.5764371715466
2,79.60000000000001,49605.97965605743,8.746886478335268,0,0.08636601571555234,0,2200,-193.16300971315644
2,79.7,49625.27522071544,8.740514710892548,0,0.07991157230518325,0,2200,-192.74824315561608
2,79.80000000000001,49644.52924211882,8.734162114649553,0,0.1832933935627136,0,2200,-192.3321447651386
2,79.9,49663.74158744328,8.727828603226303,0,0.23049030607560317,0,2200,-191.91472176488202
2,80,49682.912124589086,8.721514090637527,0,0.2459017184113593,0,2200,-191.49598133529005
2,80.10000000000001,49702.04072216898,8.715218491290122,0,0.32963869755097464,0,2200,-191.0759306144307
2,80.2,49721.127249509096,8.708941719980853,0,0.20106931697829106,0,2200,-190.6545766983319
2,80.30000000000001,49740.171576644294,8.70268369189401,0,0.06170078716740836,0,2200,-190.2319266413146
2,80.4,49759.173574308865,8.696444322598962,0,0.0771684441919651,0,2200,-189.8079874563231
2,80.5,49778.133113938384,8.690223528047913,0,0.13151850317452482,0,2200,-189.382766115253
2,80.60000000000001,49797.05006766692,8.684021224573643,0,0.18113210168839017,0,2200,-188.95626954927624
2,80.7,49815.92430831399,8.677837328887033,0,0.18437994558513582,0,2200,-188.52850464916418
2,80.80000000000001,49834.75570939295,8.671671758075,0,0.1499874393267877,0,2200,-188.09947826560696
2,80.9,49853.54414508771,8.66552442959792,0,0.11468304856277857,0,2200,-187.66919720953175
2,81,49872.289490276016,8.659395261287788,0,0.12545171175562442,0,2200,-187.2376682524171
2,81.10000000000001,49890.9916205015,8.653284171345636,0,0.19133698131898225,0,2200,-186.80489812660628
2,81.2,49909.65041198209,8.647191078339484,0,0.2253946779052541,0,2200,-186.37089352561668
2,81.30000000000001,49928.26574160624,8.64111590120214,0,0.2239383561132016,0,2200,-185.93566110444758
2,81.4,49946.83748692274,8.635058559228913,0,0.2889206588286294,0,2200,-185.4992074798854
2,81.5,49965.36552613601,8.629018972075416,0,0.1738903495894022,0,2200,-185.06153923080686
2,81.60000000000001,49983.849738115445,8.622997059755614,0,0.031182805769178458,0,2200,-184.62266289847864
2,81.7,50002.290002372116,8.61699274263937,0,0.13999948075130503,0,2200,-184.1825849868561
2,81.80000000000001,50020.686199077405,8.611005941450665,0,0.19955787901988706,0,2200,-183.74131196287843
2,81.9,50039.038209036924,8.60503657726512,0,0.25845468890186085,0,2200,-183.2988502567622
2,82,50057.34591370635,8.599084571508214,0,0.26723265906379323,0,2200,-182.85520626229265
2,82.10000000000001,50075.60919517279,8.59314984595295,0,0.22965875303367486,0,2200,-182.410386337112
2,82.2,50093.82793615945,8.587232322717904,0,0.2050461598063057,0,2200,-181.964396803006
2,82.30000000000001,50112.00202002004,8.581331924265138,0,0.16406955838494652,0,2200,-181.51724394618853
2,82.4,50130.13133073598,8.575448573398175,0,0.12437442028240897,0,2200,-181.068934017583
2,82.5,50148.21575290803,8.569582193259864,0,0.07342804659506678,0,2200,-180.61947323310258
2,82.60000000000001,50166.255171759985,8.563732707330495,0,0.09496233940779705,0,2200,-180.1688677739277
2,82.7,50184.249473133124,8.557900039425757,0,0.12154007921036564,0,2200,-179.7171237867813
2,82.80000000000001,50202.1985434806,8.552084113694715,0,0.2198692958557406,0,2200,-179.26424738420192
2,82.9,50220.10226986464,8.546284854617813,0,0.176184194373438,0,2200,-178.81024464481513
2,83,50237.96053995192,8.540502187004925,0,0.059016582615157576,0,2200,-178.35512161360217
2,83.10000000000001,50255.773242017254,8.5347360359935,0,0.08429917583373726,0,2200,-177.89888430216695
2,83.2,50273.54026492778,8.528986327046416,0,0.09424480943417717,0,2200,-177.44153868900088
2,83.30000000000001,50291.26149815507,8.523252985950316,0,0.11608479812922716,0,2200,-176.98309071974518
2,83.4,50308.93683175556,8.517535938813415,0,0.11535092199539135,0,2200,-176.52354630745188
2,83.5,50326.56615638081,8.51183511206384,0,0.11275347568979022,0,2200,-176.0629113328424
2,83.60000000000001,50344.14936326537,8.506150432447583,0,0.14642726822384688,0,2200,-175.60119164456364
2,83.7,50361.686344228685,8.500481827026716,0,0.11471404724801021,0,2200,-175.13839305944313
2,83.80000000000001,50379.17699167319,8.494829223177543,0,0.05669938805228012,0,2200,-174.6745213627412
2,83.9,50396.62119857222,8.48919254858862,0,0.11944791373552403,0,2200,-174.20958230840154
2,84,50414.0188584812,8.483571731259143,0,0.1630902377628275,0,2200,-173.74358161930016
2,84.10000000000001,50431.36986551527,8.477966699496791,0,0.2643817992637011,0,2200,-173.2765249874914
2,84.2,50448.674114368856,8.47237738191633,0,0.22703248600122328,0,2200,-172.80841807445353
2,84.30000000000001,50465.93150029052,8.46680370743741,0,0.09877693764758994,0,2200,-172.33926651133106
2,84.4,50483.141919098794,8.461245605283102,0,0.05479343140108607,0,2200,-171.86907589917556
2,84.5,50500.305267165415,8.455703004977892,0,0.0712207601144986,0,2200,-171.39785180918508
2,84.60000000000001,50517.421441416256,8.450175836346004,0,0.10682035259267149,0,2200,-170.92559978294156
2,84.7,50534.49033933785,8.444664029509765,0,0.10440326572416346,0,2200,-170.45232533264524
2,84.80000000000001,50551.51185896341,8.439167514887721,0,0.14508942160790567,0,2200,-169.97803394134897
2,84.9,50568.485898870975,8.43368622319291,0,0.1879407885189023,0,2200,-169.5027310631898
2,85,50585.41235818062,8.428220085431148,0,0.11574052627612792,0,2200,-169.0264221236184
2,85.10000000000001,50602.29113655817,8.422769032899444,0,0.06641120394056847,0,2200,-168.5491125196279
2,85.2,50619.12213420309,8.41733299718413,0,0.0848689939992423,0,2200,-168.07080761997966
2,85.30000000000001,50635.90525185596,8.411911910159377,0,0.16334696719130926,0,2200,-167.59151276542775
2,85.4,50652.64039078262,8.406505703985296,0,0.255404786666271,0,2200,-167.11123326894244
2,85.5,50669.32745278906,8.401114311106562,0,0.20885837170308136,0,2200,-166.62997441593032
2,85.60000000000001,50685.96634019632,8.395737664250431,0,0.11279976745189495,0,2200,-166.14774146445444
2,85.7,50702.55695586093,8.390375696425439,0,0.06953429440788535,0,2200,-165.66453964545158
2,85.80000000000001,50719.09920315258,8.385028340919492,0,0.10173301656130782,0,2200,-165.18037416294837
2,85.9,50735.59298596624,8.37969553129848,0,0.12405997796823288,0,2200,-164.69525019427545
2,86,50752.038208713755,8.374377201404577,0,0.16181448258544126,0,2200,-164.20917289027986
2,86.10000000000001,50768.4347763136,8.369073285354528,0,0.1715380484702699,0,2200,-163.72214737553668
2,86.2,50784.782594202086,8.3637837175383,0,0.21656747950577362,0,2200,-163.23417874855767
2,86.30000000000001,50801.08156832121,8.358508432617347,0,0.16672676680984816,0,2200,-162.7452720819993
2,86.4,50817.33160511684,8.353247365523057,0,0.09452102343447658,0,2200,-162.25543242286886
2,86.5,50833.53261154331,8.348000451455333,0,0.08301201758258106,0,2200,-161.76466479272884
2,86.60000000000001,50849.68449505139,8.34276762588089,0,0.11018116498927587,0,2200,-161.27297418789988
2,86.7,50865.78716359101,8.33754882453182,0,0.19810700871860276,0,2200,-160.78036557966206
2,86.80000000000001,50881.84052561317,8.332343983404126,0,0.18277349946078958,0,2200,-160.28684391445475
2,86.9,50897.84449005779,8.327153038756077,0,0.10927691836949485,0,2200,-159.7924141140746
2,87,50913.798966357484,8.321975927106811,0,0.11465943865877845,0,2200,-159.29708107587246
2,87.10000000000001,50929.70386442635,8.316812585234688,0,0.15653456250034728,0,2200,-158.80084967294857
2,87.2,50945.559094673954,8.311662950176087,0,0.18523391896300612,0,2200,-158.30372475434584
2,87.30000000000001,50961.36456799228,8.30652695922378,0,0.2128487912723249,0,2200,-157.8057111452426
2,87.4,50977.12019574735,8.301404549925355,0,0.226486803669008,0,2200,-157.30681364714277
2,87.5,50992.825889794156,8.296295660082055,0,0.2559093879020411,0,2200,-156.80703703806503
2,87.60000000000001,51008.481562455185,8.29120022774704,0,0.198409839994235,0,2200,-156.30638607273087
2,87.7,51024.08712653536,8.286118191224226,0,0.13976265168720867,0,2200,-155.8048654827505
2,87.80000000000001,51039.64249530528,8.28104948906664,0,0.08551519839234865,0,2200,-155.302479976808
2,87.9,51055.14758250862,8.275994060075163,0,0.10158483909756395,0,2200,-154.79923424084458
2,88,51070.60230235197,8.270951843297002,0,0.1569541762596093,0,2200,-154.29513293824036
2,88.10000000000001,51086.006569516845,8.265922778024542,0,0.23392864581514436,0,2200,-153.79018070999513
2,88.2,51101.36029913835,8.260906803793642,0,0.15655035287772684,0,2200,-153.28438217490756
2,88.30000000000001,51116.66340681538,8.25590386038247,0,0.11112984303660367,0,2200,-152.77774192975292
2,88.4,51131.9158086041,8.25091388781007,0,0.06089029149437584,0,2200,-152.27026454945928
2,88.5,51147.117421020754,8.245936826335106,0,0.11464102209333066,0,2200,-151.76195458728304
2,88.60000000000001,51162.26816103514,8.240972616454407,0,0.1222569126375181,0,2200,-151.252816574982
2,88.7,51177.36794606596,8.23602119890165,0,0.17949985264506524,0,2200,-150.7428550229881
2,88.80000000000001,51192.41669398267,8.231082514646046,0,0.21614632974208836,0,2200,-150.23207442057856
2,88.9,51207.414323111065,8.226156504891176,0,0.13633693031900093,0,2200,-149.7204792360449
2,89,51222.3607522035,8.22124311107323,0,0.13206084767255089,0,2200,-149.20807391686208
2,89.10000000000001,51237.25590047706,8.216342274860358,0,0.09665261094412717,0,2200,-148.6948628898552
2,89.2,51252.09968757909,8.211453938150862,0,0.05722708720622345,0,2200,-148.18085056136536
2,89.30000000000001,51266.8920335928,8.206578043072033,0,0.14040481693155296,0,2200,-147.66604131741428
2,89.4,51281.63285905309,8.201714531979167,0,0.2420893366562279,0,2200,-147.15043952386713
2,89.5,51296.32208491862,8.19686334745388,0,0.13336664280195792,0,2200,-146.6340495265949
2,89.60000000000001,51310.95963258855,8.19202443230316,0,0.0692498726361366,0,2200,-146.11687565163487
2,89.7,51325.54542388674,8.187197729557907,0,0.03985256955125835,0,2200,-145.5989222053504
2,89.80000000000001,51340.07938107103,8.182383182471858,0,0.08550211201164643,0,2200,-145.08019347458873
2,89.9,51354.56142682582,8.177580734520282,0,0.09990341805032761,0,2200,-144.56069372683845
2,90,51368.99148426484,8.17279032939882,0,0.1494966085049245,0,2200,-144.04042721038493
2,90.10000000000001,51383.36947691906,8.168011911022125,0,0.18645710870742924,0,2200,-143.51939815446494
2,90.2,51397.69532874599,8.163245423522836,0,0.11691781973224614,0,2200,-142.9976107694206
2,90.30000000000001,51411.96896412503,8.158490811250322,0,0.12734353789287162,0,2200,-142.4750692468507
2,90.4,51426.19030784629,8.153748018769361,0,0.10080578442257114,0,2200,-141.9517777597626
2,90.5,51440.359285123646,8.149016990859185,0,0.038002406204675473,0,2200,-141.42774046272137
2,90.60000000000001,51454.47582158726,8.14429767251223,0,0.11827842556972569,0,2200,-140.90296149199926
2,90.7,51468.539843270555,8.139590008932792,0,0.2066189213006914,0,2200,-140.37744496572233
2,90.80000000000001,51482.55127662327,8.134893945536083,0,0.12297816992392621,0,2200,-139.85119498401767
2,90.9,51496.51004850585,8.13020942794706,0,0.10068138791234994,0,2200,-139.3242156291585
2,91,51510.41608618572,8.125536401999238,0,0.08854353717660762,0,2200,-138.796510965708
2,91.10000000000001,51524.26931732893,8.120874813733424,0,0.14319312564892794,0,2200,-138.2680850406626
2,91.2,51538.06967001408,8.116224609396898,0,0.14851230853780922,0,2200,-137.73894188359426
2,91.30000000000001,51551.817072719336,8.11158573544206,0,0.15145296332414065,0,2200,-137.20908550679053
2,91.4,51565.51145432051,8.10695813852536,0,0.1697379898436541,0,2200,-136.6785199053949
2,91.5,51579.15274409484,8.10234176550625,0,0.14712829412074455,0,2200,-136.1472490575453
2,91.60000000000001,51592.7408717135,8.097736563446029,0,0.11278870976740926,0,2200,-135.61527692451173
2,91.7,51606.27576724999,8.093142479606886,0,0.08120413867235637,0,2200,-135.0826074508326
2,91.80000000000001,51619.757361163385,8.088559461450604,0,0.07060657471463302,0,2200,-134.54924456445048
2,91.9,51633.18558430951,8.083987456637667,0,0.054982052212210995,0,2200,-134.0151921768461
2,92,51646.560367934406,8.079426413026146,0,0.15189212515777056,0,2200,-133.48045418317224
2,92.10000000000001,51659.881643666886,8.074876278670535,0,0.04613181642864408,0,2200,-132.94503446238576
2,92.2,51673.14934353065,8.070337001820906,0,0.09725143501810994,0,2200,-132.40893687737892
2,92.30000000000001,51686.36339993309,8.065808530921732,0,0.1486827954121642,0,2200,-131.8721652751097
2,92.4,51699.52374565974,8.061290814610784,0,0.19351517160060497,0,2200,-131.33472348673112
2,92.5,51712.63031388447,8.056783801718279,0,0.20857693110359418,0,2200,-130.79661532771968
2,92.60000000000001,51725.68303816393,8.0522874412658,0,0.21774592131398815,0,2200,-130.25784459800212
2,92.7,51738.68185242731,8.047801682465163,0,0.2190467510661948,0,2200,-129.71841508208226
2,92.80000000000001,51751.62669098098,8.043326474717459,0,0.21120426680763843,0,2200,-129.17833054916602
2,92.9,51764.517488515936,8.038861767612245,0,0.18742440869556445,0,2200,-128.63759475328592
2,93,51777.35418009199,8.034407510926298,0,0.15904673285102128,0,2200,-128.0962114334243
2,93.10000000000001,51790.136701142415,8.029963654622724,0,0.11955542835390968,0,2200,-127.5541843136356
2,93.2,51802.86498747114,8.02553014884997,0,0.04003260700873943,0,2200,-127.01151710316837
2,93.30000000000001,51815.53897525743,8.02110694394093,0,0.06597142630649097,0,2200,-126.46821349658502
2,93.4,51828.15860104188,8.016693990411797,0,0.1597352504106896,0,2200,-125.92427717388192
2,93.5,51840.72380173765,8.012291238961286,0,0.14254929447028672,0,2200,-125.37971180060785
2,93.60000000000001,51853.23451462202,8.007898640469579,0,0.13609361482754853,0,2200,-124.83452102798174
2,93.7,51865.69067733735,8.00351614599742,0,0.174579399101745,0,2200,-124.28870849300935
2,93.80000000000001,51878.092227890156,7.999143706785167,0,0.17181254617714614,0,2200,-123.74227781859936
2,93.9,51890.43910464458,7.994781274251795,0,0.14249231471658264,0,2200,-123.19523261367819
2,94,51902.731246329844,7.990428799994094,0,0.14158705078712458,0,2200,-122.64757647330397
2,94.10000000000001,51914.96859202813,7.986086235785575,0,0.14321598856670162,0,2200,-122.09931297877996
2,94.2,51927.151081183925,7.9817535335757395,0,0.16871191499232505,0,2200,-121.55044569776662
2,94.30000000000001,51939.2786535956,7.97743064548905,0,0.1628335590491608,0,2200,-121.00097818439333
2,94.4,51951.35124941729,7.973117523824069,0,0.10987589907852059,0,2200,-120.45091397936861
2,94.5,51963.36880915798,7.9688141210525885,0,0.10190130352599605,0,2200,-119.90025661008981
2,94.60000000000001,51975.331273674965,7.964520389818647,0,0.10667930403091161,0,2200,-119.34900959075212
2,94.7,51987.2385841785,7.960236282937734,0,0.19527446133403423,0,2200,-118.79717642245635
2,94.80000000000001,51999.09068222996,7.955961753395912,0,0.1617357542771128,0,2200,-118.24476059331604
2,94.9,52010.887509737164,7.951696754348897,0,0.16846872829205153,0,2200,-117.69176557856402
2,95,52022.629008950666,7.947441239121145,0,0.17339018152616836,0,2200,-117.13819484065739
2,95.10000000000001,52034.315122473985,7.943195161205164,0,0.16776723045096223,0,2200,-116.58405182938243
2,95.2,52045.945793250576,7.938958474260494,0,0.15356643546523077,0,2200,-116.02933998195819
2,95.30000000000001,52057.52096456755,7.934731132112934,0,0.1287467433206474,0,2200,-115.4740627231397
2,95.4,52069.04058005568,7.930513088753707,0,0.15579416357009596,0,2200,-114.91822346531983
2,95.5,52080.50458368659,7.926304298338605,0,0.1776187452539006,0,2200,-114.36182560863057
2,95.60000000000001,52091.91291976813,7.922104715187126,0,0.17821166773021535,0,2200,-113.80487254104402
2,95.7,52103.26553294808,7.917914293781687,0,0.1390495000098332,0,2200,-113.24736763847154
2,95.80000000000001,52114.56236821134,7.9137329887668,0,0.11918837074431388,0,2200,-112.68931426486311
2,95.9,52125.80337087531,7.909560754948229,0,0.10192444727830813,0,2200,-112.1307157723056
2,96,52136.98848659918,7.905397547292296,0,0.19589194748073374,0,2200,-111.57157550111955
2,96.10000000000001,52148.1176613681,7.901243320924891,0,0.18134958007526591,0,2200,-111.01189677995642
2,96.2,52159.19084150903,7.897098031130928,0,0.19638081883550657,0,2200,-110.45168292589398
2,96.30000000000001,52170.20797366835,7.892961633353219,0,0.2143755449173903,0,2200,-109.89093724453166
2,96.4,52181.16900482867,7.888834083191974,0,0.21380360101270596,0,2200,-109.32966303008466
2,96.5,52192.07388230413,7.884715336403957,0,0.19107366280189986,0,2200,-108.76786356547778
2,96.60000000000001,52202.92255373113,7.880605348901608,0,0.1716311336017128,0,2200,-108.20554212243803
2,96.7,52213.71496707294,7.876504076752335,0,0.20102244663694477,0,2200,-107.64270196158671
2,96.80000000000001,52224.45107061975,7.872411476177785,0,0.2282811993385787,0,2200,-107.0793463325311
2,96.9,52235.13081299141,7.868327503553138,0,0.21734860462326142,0,2200,-106.51547847395452
2,97,52245.75414312631,7.864252115406207,0,0.20373663244477935,0,2200,-105.95110161370648
2,97.10000000000001,52256.32101027947,7.860185268416673,0,0.1345622462797471,0,2200,-105.38621896889198
2,97.2,52266.8313640384,7.856126919415596,0,0.08176969299153307,0,2200,-104.82083374595963
2,97.30000000000001,52277.28515430447,7.852077025384432,0,0.1499665771402448,0,2200,-104.25494914078973
2,97.4,52287.68233129382,7.8480355434543005,0,0.2052237021949897,0,2200,-103.68856833878114
2,97.5,52298.02284554951,7.844002430905477,0,0.15865963320152152,0,2200,-103.12169451493754
2,97.60000000000001,52308.30664792843,7.839977645166495,0,0.08804864063928233,0,2200,-102.55433083395333
2,97.7,52318.533689600416,7.835961143813409,0,0.05719982510758194,0,2200,-101.98648045029807
2,97.80000000000001,52328.70392205287,7.831952884569185,0,0.07478553134271795,0,2200,-101.41814650830108
2,97.9,52338.817297089845,7.827952825303,0,0.08777802614726594,0,2200,-100.84933214223511
2,98,52348.87376681995,7.8239609240293575,0,0.07841005957491254,0,2200,-100.28004047639901
2,98.10000000000001,52358.87328367308,7.81997713890767,0,0.1298800009740387,0,2200,-99.7102746251998
2,98.2,52368.815800382756,7.816001428241313,0,0.11070189293692571,0,2200,-99.1400376932348
2,98.30000000000001,52378.70126999542,7.812033750477086,0,0.12303177603520811,0,2200,-98.5693327753718
2,98.4,52388.52964586858,7.8080740642045345,0,0.0570458321151131,0,2200,-97.99816295682989
2,98.5,52398.30088166427,7.8041223281551755,0,0.09311141939058197,0,2200,-97.42653131325852
2,98.60000000000001,52408.01493135933,7.800178501201996,0,0.20716158349467373,0,2200,-96.85444091081654
2,98.7,52417.671749223024,7.796242542358469,0,0.24278590689692112,0,2200,-96.28189480625083
2,98.80000000000001,52427.2712898422,7.792314410778276,0,0.16392634244235854,0,2200,-95.70889604697342
2,98.9,52436.81350810267,7.788394065754399,0,0.07744360624617198,0,2200,-95.13544767113886
2,99,52446.298359190114,7.784481466718465,0,0.03776916323330162,0,2200,-94.56155270772032
2,99.10000000000001,52455.725798602216,7.780576573240329,0,0.062223321119180726,0,2200,-93.98721417658552
2,99.2,52465.095782130025,7.776679345027138,0,0.1323596548375205,0,2200,-93.41243508857153
2,99.30000000000001,52474.40826587286,7.772789741922946,0,0.08016328532221384,0,2200,-92.83721844555953
2,99.4,52483.66320621502,7.76890772390773,0,0.07101032067850895,0,2200,-92.2615672405485
2,99.5,52492.86055985838,7.765033251097269,0,0.04770360567912389,0,2200,-91.68548445772856
2,99.60000000000001,52502.00028378796,7.761166283742014,0,0.0452441941225733,0,2200,-91.10897307255362
2,99.7,52511.08233529702,7.757306782226859,0,0.043149212597896475,0,2200,-90.53203605181331
2,99.80000000000001,52520.10667196568,7.753454707070219,0,0.10850921439367071,0,2200,-89.95467635370436
2,99.9,52529.073251675814,7.749610018923638,0,0.20265224568225856,0,2200,-89.37689692790156
2,100,52537.98203260079,7.745772678571067,0,0.23509662186446814,0,2200,-88.79870071562806
2,100.10000000000001,52546.832973212004,7.741942646928345,0,0.13736788150345908,0,2200,-88.22009064972472
2,100.2,52555.62603226397,7.738119885042406,0,0.09560363341809851,0,2200,-87.64106965471935
2,100.30000000000001,52564.36116881389,7.734304354090982,0,0.06620072846316911,0,2200,-87.06164064689551
2,100.4,52573.03834220767,7.73049601538183,0,0.13171236434501124,0,2200,-86.48180653435963
2,100.5,52581.65751207713,7.726694830352083,0,0.16856648400846805,0,2200,-85.90157021710893
2,100.60000000000001,52590.21863834839,7.722900760567857,0,0.11946176414293536,0,2200,-85.32093458709821
2,100.7,52598.7216812307,7.719113767723457,0,0.12940800639232755,0,2200,-84.73990252830566
2,100.80000000000001,52607.16660122853,7.715333813641059,0,0.09287608143339002,0,2200,-84.15847691679882
2,100.9,52615.55335912481,7.7115608602698495,0,0.08990186601635503,0,2200,-83.57666062079947
2,101,52623.881915998645,7.70779486968577,0,0.03568006431776346,0,2200,-82.99445650074817
2,101.10000000000001,52632.15223321132,7.704035804090746,0,0.08827711829239913,0,2200,-82.41186740936818
2,101.2,52640.36427240539,7.700283625812128,0,0.18367515610032215,0,2200,-81.82889619172884
2,101.30000000000001,52648.51799551211,7.696538297302268,0,0.19141248740675487,0,2200,-81.24554568530854
2,101.4,52656.61336473934,7.692799781137793,0,0.09289784430552375,0,2200,-80.66181872005711
2,101.5,52664.650342589244,7.689068040019342,0,0.07458306719389936,0,2200,-80.07771811845727
2,101.60000000000001,52672.62889183592,7.685343036770706,0,0.08723041588294993,0,2200,-79.49324669558617
2,101.7,52680.5489755366,7.6816247343384445,0,0.15558033173296756,0,2200,-78.90840725917595
2,101.80000000000001,52688.41055702977,7.677913095791372,0,0.20385170491159624,0,2200,-78.323202609674
2,101.9,52696.21359993424,7.674208084320011,0,0.17149573405838156,0,2200,-77.73763554030263
2,102,52703.95806814637,7.6705096632360155,0,0.167825466593049,0,2200,-77.15170883711811
2,102.10000000000001,52711.64392584562,7.666817795971791,0,0.1477414287879841,0,2200,-76.5654252790694
2,102.2,52719.27113747969,7.663132446079713,0,0.12680523057930496,0,2200,-75.97878763805615
2,102.30000000000001,52726.83966778498,7.659453577231964,0,0.10767633947449297,0,2200,-75.39179867898619
2,102.4,52734.349481761456,7.655781153219651,0,0.11058608002587182,0,2200,-74.80446115983294
2,102.5,52741.800544693135,7.652115137952622,0,0.14896932791358172,0,2200,-74.21677783169172
2,102.60000000000001,52749.19282213878,7.648455495458812,0,0.14907188968804713,0,2200,-73.62875143883598
2,102.7,52756.52627992444,7.644802189883665,0,0.19753384500924415,0,2200,-73.04038471877243
2,102.80000000000001,52763.80088415556,7.641155185489831,0,0.09936504457138749,0,2200,-72.45168040229686
2,102.9,52771.01660121232,7.637514446656607,0,0.0641509540341324,0,2200,-71.86264121354813
2,103,52778.17339773942,7.633879937879299,0,0.07931706041521654,0,2200,-71.27326987006234
2,103.10000000000001,52785.27124065906,7.63025162376897,0,0.1676103233873632,0,2200,-70.68356908282666
2,103.2,52792.31009715889,7.626629469051762,0,0.13499691265363917,0,2200,-70.09354155633255
2,103.30000000000001,52799.28993470408,7.623013438568625,0,0.09762400808812002,0,2200,-69.50318998862777
2,103.4,52806.21072102245,7.619403497274622,0,0.1226590581742596,0,2200,-68.91251707136904
2,103.5,52813.07242411282,7.6157996102386,0,0.09838829350142816,0,2200,-68.32152548987388
2,103.60000000000001,52819.8750122441,7.612201742642726,0,0.03822764358345448,0,2200,-67.73021792317134
2,103.7,52826.618453952484,7.6086098597819785,0,0.05390352373255085,0,2200,-67.13859704405299
2,103.80000000000001,52833.30271803588,7.605023927063627,0,0.14216971843476614,0,2200,-66.54666551912318
2,103.9,52839.927773565985,7.601443910006954,0,0.14670508731697168,0,2200,-65.95442600884887
2,104,52846.49358987808,7.597869774242673,0,0.21241546660816676,0,2200,-65.3618811676089
2,104.10000000000001,52853.00013656821,7.5943014855124495,0,0.12537473914306982,0,2200,-64.76903364374297
2,104.2,52859.4473835025,7.5907390096685825,0,0.05558659626497466,0,2200,-64.17588607959992
2,104.30000000000001,52865.83530080691,7.587182312673438,0,0.051388826875431226,0,2200,-63.582441111585965
2,104.4,52872.1638588747,7.583631360599131,0,0.13369557455589673,0,2200,-62.98870137021191
2,104.5,52878.433028358966,7.580086119626979,0,0.1119315945643004,0,2200,-62.394669480140514
2,104.60000000000001,52884.642780177295,7.57654655604715,0,0.09221481698516629,0,2200,-61.800348060232885
2,104.7,52890.793085506186,7.573012636258172,0,0.12933755276135567,0,2200,-61.20573972359489
2,104.80000000000001,52896.88391578384,7.569484326766539,0,0.11323234729204318,0,2200,-60.610847077622715
2,104.9,52902.91524270922,7.565961594186295,0,0.047821679236529926,0,2200,-60.01567272404835
2,105,52908.88703823928,7.562444405238594,0,0.03703718644861285,0,2200,-59.420219258984666
2,105.10000000000001,52914.79927459732,7.558932726751388,0,0.10673259141492188,0,2200,-58.82448927296926
2,105.2,52920.65192425717,7.555426525658819,0,0.13398384234144897,0,2200,-58.22848535100889
2,105.30000000000001,52926.44495995343,7.551925769000944,0,0.20221579746030835,0,2200,-57.63221007262303
2,105.4,52932.17835468333,7.54843042392339,0,0.10459657539726615,0,2200,-57.03566601188725
2,105.5,52937.85208169557,7.544940457676772,0,0.06415608744728794,0,2200,-56.43885573747529
2,105.60000000000001,52943.46611449309,7.541455837616359,0,0.05010349976967111,0,2200,-55.84178181270226
2,105.7,52949.02042684518,7.53797653120186,0,0.1179697229989209,0,2200,-55.244446795565885
2,105.80000000000001,52954.51499276329,7.5345025059966755,0,0.10709459649644527,0,2200,-54.64685323878834
2,105.9,52959.94978652429,7.53103372966786,0,0.14633610810470143,0,2200,-54.04900368985729
2,106,52965.32478265837,7.527570169985575,0,0.14531116727767243,0,2200,-53.4509006910665
2,106.10000000000001,52970.63995594345,7.524111794822617,0,0.1364629086656901,0,2200,-52.85254677955609
2,106.2,52975.89528141823,7.520658572154245,0,0.12594910079396068,0,2200,-52.2539444873526
2,106.30000000000001,52981.09073436819,7.517210470057599,0,0.060999688383920246,0,2200,-51.655096341408104
2,106.4,52986.22629033588,7.5137674567114825,0,0.08920706117085053,0,2200,-51.05600486363962
2,106.5,52991.30192511249,7.510329500395876,0,0.06524417143911085,0,2200,-50.45667257096753
2,106.60000000000001,52996.317614743486,7.506896569491664,0,0.1464871155856033,0,2200,-49.85710197535409
2,106.7,53001.27333552204,7.503468632480174,0,0.08098121680685336,0,2200,-49.25729558384114
2,106.80000000000001,53006.16906399652,7.500045657942928,0,0.06407151851319845,0,2200,-48.657255898587586
2,106.9,53011.00477696024,7.496627614561141,0,0.09153150089063335,0,2200,-48.05698541690659
2,107,53015.78045145795,7.493214471115462,0,0.15604159787166422,0,2200,-47.456486631302184
2,107.10000000000001,53020.49606478587,7.4898061964856435,0,0.1732967122514693,0,2200,-46.85576202950572
2,107.2,53025.15159448702,7.486402759650102,0,0.21451047033896734,0,2200,-46.25481409451167
2,107.30000000000001,53029.74701834563,7.483004129685515,0,0.21826960621019031,0,2200,-45.65364530461328
2,107.4,53034.2823144095,7.479610275766799,0,0.2102530738178214,0,2200,-45.05225813343789
2,107.5,53038.75746095553,7.476221167166273,0,0.187980270245192,0,2200,-44.45065504998154
2,107.60000000000001,53043.17243652046,7.472836773253766,0,0.1259828905769716,0,2200,-43.848838518643355
2,107.7,53047.5272198813,7.469457063496012,0,0.08358557513653643,0,2200,-43.24681099925988
2,107.80000000000001,53051.82179006096,7.466082007456395,0,0.059134788382265914,0,2200,-42.64457494713873
2,107.9,53056.05612633005,7.462711574794648,0,0.11937112908034687,0,2200,-42.04213281309173
2,108,53060.230208202265,7.459345735266472,0,0.17591260083356974,0,2200,-41.439487043468
2,108.10000000000001,53064.34401543718,7.455984458723247,0,0.12814471796679291,0,2200,-40.836640080186555
2,108.2,53068.397528034635,7.452627715111632,0,0.07816247984502142,0,2200,-40.23359436076871
2,108.30000000000001,53072.39072624501,7.449275474473405,0,0.052514621455577955,0,2200,-39.630352318369646
2,108.4,53076.3235905543,7.445927706944928,0,0.11408344986999498,0,2200,-39.02691638181007
2,108.5,53080.1961016953,7.442584382756999,0,0.16460068267329012,0,2200,-38.42328897560752
2,108.60000000000001,53084.00824064389,7.4392454722345,0,0.2003442931226272,0,2200,-37.81947252000726
2,108.7,53087.7599886097,7.43591094579594,0,0.20045373780703427,0,2200,-37.215469431012366
2,108.80000000000001,53091.45132705476,7.432580773953436,0,0.15852691827064574,0,2200,-36.61128212041446
2,108.9,53095.08223767765,7.429254927312175,0,0.1170539962575154,0,2200,-36.006912995822546
2,109,53098.65270241536,7.425933376570142,0,0.04396721195165154,0,2200,-35.40236446069358
2,109.10000000000001,53102.16270344984,7.422616092517933,0,0.09227169820304942,0,2200,-34.79763891436064
2,109.2,53105.61222319584,7.419303046038274,0,0.15500290739463587,0,2200,-34.192738752062226
2,109.30000000000001,53109.001244314946,7.415994208105924,0,0.22882962793840048,0,2200,-33.5876663649703
2,109.4,53112.32974969968,7.412689549787186,0,0.15334331395948433,0,2200,-32.98242414021876
2,109.5,53115.597722488455,7.40938904223981,0,0.08904515826611703,0,2200,-32.377014460930845
2,109.60000000000001,53118.805146054365,7.406092656712562,0,0.0707739426057047,0,2200,-31.77143970624676
2,109.7,53121.952004007064,7.4028003645449685,0,0.1268806767846278,0,2200,-31.165702251350606
2,109.80000000000001,53125.03828019649,7.399512137167081,0,0.18779834862094166,0,2200,-30.559804467497138
2,109.9,53128.06395870913,7.396227946099165,0,0.2157708817476983,0,2200,-29.953748722038362
2,110,53131.02902386524,7.392947762951361,0,0.21866619109666866,0,2200,-29.347537378449147
2,110.10000000000001,53133.93346022349,7.3896715594235145,0,0.1848266548767276,0,2200,-28.741172796353833
2,110.2,53136.777252577245,7.386399307304817,0,0.14008544781984728,0,2200,-28.13465733155086
2,110.30000000000001,53139.56038595643,7.383130978473589,0,0.06207450851549278,0,2200,-27.527993336038325
2,110.4,53142.28284562845,7.3798665448970135,0,0.11591011849200496,0,2200,-26.921183158038534
2,110.5,53144.94461708702,7.3766059786307325,0,0.17256810475396367,0,2200,-26.314229142022846
2,110.60000000000001,53147.54568606708,7.373349251818783,0,0.2335332617734837,0,2200,-25.70713362873561
2,110.7,53150.08603853732,7.3700963366932335,0,0.17230787923268312,0,2200,-25.099898955217913
2,110.80000000000001,53152.565660694614,7.366847205573863,0,0.12163495549250677,0,2200,-24.49252745483141
2,110.9,53154.9845389761,7.363601830868061,0,0.08417967159620579,0,2200,-23.885021457281496
2,111,53157.34266005084,7.360360185070471,0,0.1014512444213996,0,2200,-23.277383288639957
2,111.10000000000001,53159.640010816045,7.357122240762682,0,0.1306981210629616,0,2200,-22.669615271368002
2,111.2,53161.876578401774,7.353887970613056,0,0.1742381778109845,0,2200,-22.061719724338285
2,111.30000000000001,53164.052350167185,7.350657347376406,0,0.18570673584102507,0,2200,-21.453698962857125
2,111.4,53166.16731371451,7.347430343893979,0,0.14848001638341765,0,2200,-20.845555298686133
2,111.5,53168.22145686019,7.344206933092794,0,0.15085420757413653,0,2200,-20.23729104006356
2,111.60000000000001,53170.214767667465,7.340987087985861,0,0.13553708065550282,0,2200,-19.628908491725582
2,111.7,53172.14723441843,7.337770781671565,0,0.036061027391009894,0,2200,-19.020409954927075
2,111.80000000000001,53174.01884562988,7.334557987333635,0,0.09047976458680722,0,2200,-18.411797727461973
2,111.9,53175.82959004678,7.331348678240833,0,0.13623802286438655,0,2200,-17.803074103683688
2,112,53177.579456645064,7.328142827746756,0,0.12397541889001981,0,2200,-17.194241374525053
2,112.10000000000001,53179.26843462605,7.324940409289532,0,0.1267770440158457,0,2200,-16.585301827517846
2,112.2,53180.89651342761,7.321741396391752,0,0.1264473706830415,0,2200,-15.976257746812362
2,112.30000000000001,53182.4636827074,7.318545762660012,0,0.21252583702703806,0,2200,-15.367111413196154
2,112.4,53183.969932353124,7.315353481784828,0,0.20976564661563077,0,2200,-14.757865104113137
2,112.5,53185.41525248345,7.3121645275404346,0,0.2030483891714182,0,2200,-14.148521093682074
2,112.60000000000001,53186.79963343963,7.308978873784444,0,0.2080591007440528,0,2200,-13.539081652714618
2,112.7,53188.12306579109,7.305796494457713,0,0.1964272973332565,0,2200,-12.929549048733461
2,112.80000000000001,53189.3855403373,7.302617363584148,0,0.19100372394326465,0,2200,-12.31992554598987
2,112.9,53190.58704810031,7.299441455270398,0,0.19298922237672161,0,2200,-11.710213405481158
2,113,53191.72758032754,7.296268743705669,0,0.1035787180767475,0,2200,-11.100414884967643
2,113.10000000000001,53192.80712849554,7.29309920316158,0,0.04361322325879308,0,2200,-10.490532238989806
2,113.2,53193.82568430435,7.289932807991878,0,0.04597942754834508,0,2200,-9.880567718884695
2,113.30000000000001,53194.78323967941,7.286769532632254,0,0.15280150014554844,0,2200,-9.270523572802016
2,113.4,53195.679786770605,7.283609351600124,0,0.11067346160541704,0,2200,-8.660402045720343
2,113.5,53196.51531795133,7.280452239494417,0,0.08836335065018758,0,2200,-8.05020537946306
2,113.60000000000001,53197.28982581757,7.277298170995363,0,0.19032047225457485,0,2200,-7.439935812713386
2,113.7,53198.003303191625,7.274147120864358,0,0.16292810010913386,0,2200,-6.829595581030233
2,113.80000000000001,53198.6557431221,7.270999063943749,0,0.1383313643459137,0,2200,-6.219186916862748
2,113.9,53199.247138874605,7.267853975156524,0,0.1493423475936042,0,2200,-5.608712049565073
2,114,53199.77748393919,7.264711829506216,0,0.1421323858549374,0,2200,-4.998173205410538
2,114.10000000000001,53200.24677203223,7.261572602076747,0,0.16623222896370068,0,2200,-4.387572607606675
2,114.2,53200.65499708615,7.258436268032087,0,0.19279121727268975,0,2200,-3.7769124763080866
2,114.30000000000001,53201.00215326063,7.255302802616232,0,0.09185063553578457,0,2200,-3.166195028631045
2,114.4,53201.288234937936,7.252172181152947,0,0.07943838443235132,0,2200,-2.555422478665984
2,114.5,53201.51323671453,7.249044379045466,0,0.0983075939477682,0,2200,-1.944597037491438
2,114.60000000000001,53201.67715340946,7.245919371776436,0,0.1635549169993057,0,2200,-1.333720913186862
2,114.7,53201.77998006623,7.24279713490775,0,0.08435391336122953,0,2200,-0.7227963108447467
2,114.80000000000001,53201.82171194814,7.239677644080308,0,0.10004834637062776,0,2200,-0.1118254325837032
2,114.9,53201.8023445392,7.236560875013865,0,0.16650088469737293,0,2200,0.49918952244001596
2,115,53201.721873535775,7.233446803506724,0,0.13052159751407708,0,2200,1.1102463580199942
2,115.10000000000001,53201.580294867046,7.230335405435857,0,0.1408706674145591,0,2200,1.721342880888387
2,115.2,53201.3776046671,7.227226656756337,0,0.13629172962623168,0,2200,2.332476900704481
2,115.30000000000001,53201.113799300045,7.224120533501527,0,0.1461354013149486,0,2200,2.9436462300431674
2,115.4,53200.78887534328,7.221017011782669,0,0.1487378492314365,0,2200,3.5548486843847256
2,115.5,53200.402829592116,7.217916067788796,0,0.18017728490570722,0,2200,4.1660820821030455
2,115.60000000000001,53199.95565905981,7.214817677786541,0,0.09132779411653905,0,2200,4.77734424445626
2,115.7,53199.447360986844,7.211721818120138,0,0.049395348105329126,0,2200,5.388632995575591
2,115.80000000000001,53198.877932816744,7.2086284652109,0,0.07549611790146063,0,2200,5.999946162456225
2,115.9,53198.247372215614,7.2055375955573275,0,0.15273078097662676,0,2200,6.6112815749467115
2,116,53197.55567706656,7.202449185734886,0,0.06749648732955212,0,2200,7.222637065740046
2,116.10000000000001,53196.80284547154,7.199363212395871,0,0.09815994145309495,0,2200,7.834010470363974
2,116.2,53195.98887574673,7.196279652269175,0,0.16733149886821042,0,2200,8.44539962717226
2,116.30000000000001,53195.113766429946,7.193198482160259,0,0.14497239473754486,0,2200,9.056802377335723
2,116.4,53194.17751626298,7.190119678950736,0,0.15950256096369408,0,2200,9.668216564833648
2,116.5,53193.18012421392,7.187043219598536,0,0.16362524612668503,0,2200,10.279640036445278
2,116.60000000000001,53192.121589457616,7.1839690811374854,0,0.1694031077314272,0,2200,10.891070641741745
2,116.7,53191.00191138871,7.180897240677341,0,0.17851129816825737,0,2200,11.502506233077993
2,116.80000000000001,53189.821089623496,7.177827675403662,0,0.19959493295524683,0,2200,12.11394466558548
2,116.9,53188.57912397385,7.174760362577309,0,0.11038004185497709,0,2200,12.72538379716455
2,117,53187.276014483534,7.171695279534809,0,0.09120656026012017,0,2200,13.336821488476525
2,117.10000000000001,53185.91176140122,7.168632403687823,0,0.07887380726482486,0,2200,13.948255602937396
2,117.2,53184.486365196295,7.16557171252324,0,0.09618284928981738,0,2200,14.559684006710928
2,117.30000000000001,53182.99982653838,7.1625131836027425,0,0.18218165462412608,0,2200,15.17110456870176
2,117.4,53181.45214632433,7.15945679456305,0,0.11445387627122623,0,2200,15.782515160549023
2,117.5,53179.843325654976,7.156402523115454,0,0.15084901148382818,0,2200,16.393913656620096
2,117.60000000000001,53178.17336584721,7.1533503470458575,0,0.10277254745821292,0,2200,17.005297934005206
2,117.7,53176.4422684256,7.150300244214513,0,0.06012773114435061,0,2200,17.616665872510758
2,117.80000000000001,53174.65003513638,7.147252192556091,0,0.10128883535119199,0,2200,18.22801535465441
2,117.9,53172.79666792322,7.144206170079221,0,0.09719843267777951,0,2200,18.83934426565954
2,118,53170.882168951444,7.141162154866675,0,0.09354632506391428,0,2200,19.45065049344999
2,118.10000000000001,53168.90654059779,7.138120125075116,0,0.12438410099981079,0,2200,20.061931928645414
2,118.2,53166.86978544388,7.135080058934878,0,0.05727939414505127,0,2200,20.673186464556093
2,118.30000000000001,53164.77190628555,7.132041934749956,0,0.036435015609749447,0,2200,21.284411997178797
2,118.4,53162.6129061291,7.129005730897846,0,0.09154298626360784,0,2200,21.89560642519245
2,118.5,53160.3927881876,7.125971425829359,0,0.156568603236529,0,2200,22.506767649953662
2,118.60000000000001,53158.11155588925,7.122938998068619,0,0.224030195528681,0,2200,23.117893575493092
2,118.7,53155.769212868065,7.119908426212811,0,0.1440115554245245,0,2200,23.728982108511666
2,118.80000000000001,53153.365762967616,7.116879688932111,0,0.12878809939572933,0,2200,24.340031158377116
2,118.9,53150.90121023916,7.113852764969549,0,0.07134862934830397,0,2200,24.951038637120345
2,119,53148.37555894628,7.1108276331409535,0,0.02934823521541001,0,2200,25.5620024594325
2,119.10000000000001,53145.788813557476,7.107804272334725,0,0.08618270409896905,0,2200,26.172920542661977
2,119.2,53143.14097874798,7.104782661511755,0,0.08384988775112846,0,2200,26.783790806811727
2,119.30000000000001,53140.4320594063,7.101762779705391,0,0.06785346487925799,0,2200,27.394611174536706
2,119.4,53137.66206062678,7.098744606021245,0,0.09290168887563291,0,2200,28.00537957114116
2,119.5,53134.83098770585,7.095728119637004,0,0.030643560011616767,0,2200,28.61609392457695
2,119.60000000000001,53131.93884615973,7.092713299802581,0,0.07035770778542512,0,2200,29.226752165441
2,119.7,53128.98564169649,7.08970012583961,0,0.11594537547580468,0,2200,29.83735222697421
2,119.80000000000001,53125.97138023842,7.086688577141658,0,0.1561923136833007,0,2200,30.447892045059078
2,119.9,53122.89606791362,7.083678633173989,0,0.21967081650752526,0,2200,31.058369558218768
2,120,53119.75971105602,7.080670273473466,0,0.12311377942126563,0,2200,31.66878270761534
2,120.10000000000001,53116.56231620163,7.077663477648406,0,0.10623989965971896,0,2200,32.27912943704908
2,120.2,53113.30389009882,7.074658225378589,0,0.04707038251566049,0,2200,32.88940769295749
2,120.30000000000001,53109.98443969712,7.071654496415025,0,0.10923735079757009,0,2200,33.499615424414806
2,120.4,53106.60397214908,7.068652270579883,0,0.10190147115166735,0,2200,34.109750583130726
2,120.5,53103.162494814955,7.065651527766435,0,0.11032147652751326,0,2200,34.719811123450704
2,120.60000000000001,53099.6600152608,7.062652247938938,0,0.136642170488596,0,2200,35.329795002355525
2,120.7,53096.09654125292,7.05965441113247,0,0.11363995966616046,0,2200,35.939700179461354
2,120.80000000000001,53092.47208076436,7.056657997452913,0,0.10895287832037591,0,2200,36.54952461701968
2,120.9,53088.786641969346,7.053662987076774,0,0.08834282435978585,0,2200,37.15926627991826
2,121,53085.04023324791,7.050669360251176,0,0.11392289208463464,0,2200,37.76892313568061
2,121.10000000000001,53081.2328631822,7.047677097293685,0,0.1496121761965252,0,2200,38.37849315446725
2,121.2,53077.364540556446,7.044686178592243,0,0.1823077898272278,0,2200,38.987974309076726
2,121.30000000000001,53073.43527435884,7.041696584605089,0,0.08139178311419658,0,2200,39.597364574946084
2,121.4,53069.44507377874,7.038708295860619,0,0.09268943280832433,0,2200,40.206661930152784
2,121.5,53065.393948211335,7.035721292957384,0,0.0957742749803423,0,2200,40.81586435541507
2,121.60000000000001,53061.28190724831,7.03273555656386,0,0.16395727718422295,0,2200,41.42496983409425
2,121.7,53057.108960682526,7.029751067418417,0,0.17102085473332143,0,2200,42.033976352196156
2,121.80000000000001,53052.87511851266,7.026767806329317,0,0.1800649457767767,0,2200,42.64288189837233
2,121.9,53048.580390937626,7.02378575417453,0,0.18832991455565576,0,2200,43.25168446392306
2,122,53044.22478835471,7.020804891901628,0,0.15805157495367686,0,2200,43.86038204279881
2,122.10000000000001,53039.80832136236,7.017825200527756,0,0.1578424332960661,0,2200,44.46897263160285
2,122.2,53035.33100076299,7.014846661139562,0,0.15259959883223936,0,2200,45.07745422959325
2,122.30000000000001,53030.792837552726,7.011869254892997,0,0.15657458287441586,0,2200,45.685824838686095
2,122.4,53026.19384292886,7.0088929630133165,0,0.14750383811370316,0,2200,46.29408246345782
2,122.5,53021.53402828984,7.005917766795013,0,0.15670061620065553,0,2200,46.90222511114798
2,122.60000000000001,53016.81340523809,7.002943647601772,0,0.18820396188859337,0,2200,47.51025079166309
2,122.7,53012.03198556416,6.999970586866164,0,0.09493046648696289,0,2200,48.1181575175791
2,122.80000000000001,53007.18978126347,6.996998566089823,0,0.07460948786410276,0,2200,48.725943304144934
2,122.9,53002.286804527044,6.99402756684321,0,0.11893493532009745,0,2200,49.33360616928611
2,123,52997.32306774985,6.991057570765676,0,0.1466161554474528,0,2200,49.94114413360839
2,123.10000000000001,52992.29858352244,6.988088559565265,0,0.15150883444676833,0,2200,50.54855522040166
2,123.2,52987.21336462442,6.985120515018542,0,0.12566972202838353,0,2200,51.15583745564356
2,123.30000000000001,52982.067424045876,6.982153418970824,0,0.09971608092428365,0,2200,51.76298886800401
2,123.4,52976.860774965025,6.979187253335792,0,0.12567030593483858,0,2200,52.37000748884943
2,123.5,52971.593430758454,6.976222000095566,0,0.16845714156774327,0,2200,52.97689135224654
2,123.60000000000001,52966.26540500019,6.973257641300612,0,0.1815319645978189,0,2200,53.583638494967815
2,123.7,52960.87671146449,6.970294159069726,0,0.20153114299566632,0,2200,54.19024695649536
2,123.80000000000001,52955.42736411188,6.967331535589749,0,0.19854847986673246,0,2200,54.79671477902625
2,123.9,52949.917377105914,6.964369753115753,0,0.22846817563033645,0,2200,55.40304000747678
2,124,52944.34676480573,6.961408793970851,0,0.1442931178778641,0,2200,56.00922068948851
2,124.10000000000001,52938.71554176044,6.958448640546072,0,0.11905202898851262,0,2200,56.61525487543277
2,124.2,52933.023722721264,6.955489275300433,0,0.15589128976519623,0,2200,57.22114061841635
2,124.30000000000001,52927.27132262476,6.952530680760669,0,0.16625716176027203,0,2200,57.82687597428683
2,124.4,52921.458356606774,6.949572839521353,0,0.1685819800113319,0,2200,58.43245900163798
2,124.5,52915.5848400034,6.946615734244827,0,0.1453785753436294,0,2200,59.03788776181612
2,124.60000000000001,52909.65078832954,6.943659347660869,0,0.10822440441079609,0,2200,59.64316031892556
2,124.7,52903.65621730685,6.940703662566996,0,0.08092764695365891,0,2200,60.24827473983449
2,124.80000000000001,52897.60114284698,6.93774866182818,0,0.07785129379666161,0,2200,60.853229094181486
2,124.9,52891.48558105249,6.9347943283768,0,0.06398861185202766,0,2200,61.45802145438149
2,125,52885.30954821408,6.931840645212528,0,0.09634573021699352,0,2200,62.062649895632596
2,125.10000000000001,52879.07306082174,6.928887595402446,0,0.11580417456920597,0,2200,62.667112495921835
2,125.2,52872.776135559194,6.925935162080884,0,0.18228274121454943,0,2200,63.27140733603264
2,125.30000000000001,52866.41878929827,6.9229833284492965,0,0.12436305625837211,0,2200,63.87553249955099
2,125.4,52860.00103909895,6.920032077776214,0,0.02007525026593506,0,2200,64.47948607287277
2,125.5,52853.52290221676,6.917081393397266,0,0.06260938365572523,0,2200,65.0832661452105
2,125.60000000000001,52846.98439609725,6.914131258715069,0,0.12007696072317524,0,2200,65.68687080860002
2,125.7,52840.385538374074,6.911181657199123,0,0.1471450795063591,0,2200,66.29029815790864
2,125.80000000000001,52833.72634687647,6.908232572385871,0,0.13297111371956727,0,2200,66.89354629084171
2,125.9,52827.006839623675,6.905283987878563,0,0.15824504263310674,0,2200,67.49661330795067
2,126,52820.227034822106,6.902335887347163,0,0.17729736170487848,0,2200,68.09949731264052
2,126.10000000000001,52813.38695086166,6.8993882545282466,0,0.10464812288779514,0,2200,68.70219641117716
2,126.2,52806.48660633154,6.896441073225164,0,0.07263353993825751,0,2200,69.30470871269524
2,126.30000000000001,52799.52602000628,6.893494327307781,0,0.018424268325399083,0,2200,69.90703232920656
2,126.4,52792.50521084666,6.890548000712456,0,0.1060578969978927,0,2200,70.5091653756079
2,126.5,52785.42419800535,6.887602077442066,0,0.17213020967105017,0,2200,71.11110596968858
2,126.60000000000001,52778.28300082218,6.884656541565878,0,0.14008599626145385,0,2200,71.71285223213971
2,126.7,52771.08163881954,6.881711377219442,0,0.10934714146877494,0,2200,72.31440228656167
2,126.80000000000001,52763.82013171818,6.878766568604753,0,0.12034676978985218,0,2200,72.91575425947308
2,126.9,52756.498499416746,6.875822099989929,0,0.14281878970350062,0,2200,73.5169062803193
2,127,52749.116762005724,6.872877955709337,0,0.17423104550350876,0,2200,74.11785648148089
2,127.10000000000001,52741.67493975628,6.869934120163421,0,0.19267591923846594,0,2200,74.71860299828248
2,127.2,52734.17305313051,6.866990577818748,0,0.21117946621505343,0,2200,75.31914396900189
2,127.30000000000001,52726.61112277955,6.864047313207976,0,0.2396761244185606,0,2200,75.91947753487861
2,127.4,52718.98916953523,6.86110431092967,0,0.18402607684482467,0,2200,76.5196018401234
2,127.5,52711.3072144147,6.858161555648323,0,0.13561979389215764,0,2200,77.11951503192724
2,127.60000000000001,52703.56527862232,6.855219032094346,0,0.08685094871991318,0,2200,77.71921526047039
2,127.7,52695.763383546844,6.852276725063958,0,0.09160770265745996,0,2200,78.31870067893219
2,127.80000000000001,52687.901550762355,6.8493346194191815,0,0.13830528969958697,0,2200,78.91796944350003
2,127.9,52679.979802028276,6.846392700087773,0,0.21289428890777512,0,2200,79.51701971337941
2,128,52671.99815928284,6.843450952063116,0,0.1330548819177006,0,2200,80.11584965080327
2,128.1,52663.95664465148,6.84050936040426,0,0.0839025351160964,0,2200,80.7144574210418
2,128.20000000000002,52655.85528044216,6.837567910235834,0,0.05896505030526732,0,2200,81.3128411924123
2,128.3,52647.6940891454,6.834626586747995,0,0.10094577301107037,0,2200,81.91099913628915
2,128.4,52639.47309343796,6.831685375196434,0,0.12289596628350839,0,2200,82.50892942711363
2,128.5,52631.19231617451,6.828744260902235,0,0.16752981005328332,0,2200,83.10663024240431
2,128.6,52622.851780395955,6.825803229251917,0,0.21354213873302835,0,2200,83.70409976276682
2,128.70000000000002,52614.45150932018,6.822862265697293,0,0.1425867406530655,0,2200,84.30133617190468
2,128.8,52605.99152634945,6.8199213557555085,0,0.11003082447234576,0,2200,84.89833765662948
2,128.9,52597.47185506858,6.816980485008991,0,0.06849568123396388,0,2200,85.49510240687057
2,129,52588.892519238405,6.814039639105318,0,0.08071385192597219,0,2200,86.09162861568694
2,129.1,52580.25354280602,6.811098803757303,0,0.13956728210706332,0,2200,86.68791447927661
2,129.20000000000002,52571.554949893616,6.8081579647428105,0,0.24459709291308193,0,2200,87.2839581969881
2,129.3,52562.79676480591,6.805217107904823,0,0.12144176232915647,0,2200,87.8797579713306
2,129.4,52553.97901202645,6.8022762191513415,0,0.03781724057215773,0,2200,88.47531200798544
2,129.5,52545.10171622131,6.799335284455406,0,0.07803667941235856,0,2200,89.07061851581624
2,129.6,52536.16490222886,6.7963942898549,0,0.08422665637031554,0,2200,89.66567570688079
2,129.70000000000002,52527.16859507188,6.793453221452704,0,0.12364627588679282,0,2200,90.26048179644151
2,129.8,52518.11281995103,6.790512065416532,0,0.14345040572683607,0,2200,90.85503500297666
2,129.9,52508.997602242045,6.787570807978894,0,0.19395512210248078,0,2200,91.44933354819148
2,130,52499.82296750229,6.784629435437117,0,0.1368533453464164,0,2200,92.04337565703038
2,130.1,52490.588941459544,6.781687934153173,0,0.09330735218913977,0,2200,92.63715955768686
2,130.20000000000002,52481.29555002693,6.778746290553828,0,0.05227592016893126,0,2200,93.23068348161587
2,130.3,52471.942819288,6.775804491130421,0,0.0794579078554819,0,2200,93.82394566354513
2,130.4,52462.53077550512,6.772862522438921,0,0.12243332767073542,0,2200,94.41694434148658
2,130.5,52453.0594451176,6.769920371099883,0,0.22403570088917324,0,2200,95.00967775674813
2,130.6,52443.528854741715,6.766978023798404,0,0.09521016560067552,0,2200,95.60214415394529
2,130.70000000000002,52433.93903116323,6.76403546728398,0,0.01565358931983089,0,2200,96.19434178101311
2,130.8,52424.29000134673,6.7610926883706055,0,0.08542407096174588,0,2200,96.78626888921781
2,130.9,52414.581792433746,6.758149673936705,0,0.10859999442060303,0,2200,97.37792373316842
2,131,52404.814431736246,6.755206410925016,0,0.14141936813997216,0,2200,97.96930457082931
2,131.1,52394.987946743146,6.752262886342631,0,0.1690749122945077,0,2200,98.56040966353186
2,131.20000000000002,52385.102365113795,6.749319087260891,0,0.21009864708752823,0,2200,99.15123727598655
2,131.3,52375.15771468263,6.746375000815394,0,0.15649701933927784,0,2200,99.7417856762952
2,131.4,52365.15402345732,6.743430614205954,0,0.1380038589801697,0,2200,100.33205313596262
2,131.5,52355.09131962061,6.74048591469657,0,0.10057047252519927,0,2200,100.92203792990985
2,131.6,52344.969631522894,6.737540889615308,0,0.03774495454389034,0,2200,101.51173833648588
2,131.70000000000002,52334.78898769524,6.734595526354436,0,0.07073381973835506,0,2200,102.10115263747956
2,131.8,52324.54941682331,6.731649812370046,0,0.15819869420167013,0,2200,102.6902791181331
2,131.9,52314.250947779976,6.728703735182442,0,0.07508490981026111,0,2200,103.27911606715355
2,132,52303.89360960573,6.725757282375858,0,0.09345331038965643,0,2200,103.86766177672537
2,132.1,52293.47743150592,6.722810441598376,0,0.1277818988066898,0,2200,104.45591454252376
2,132.20000000000002,52283.002442860976,6.719863200562036,0,0.18179639631343084,0,2200,105.04387266372632
2,132.3,52272.46867322363,6.716915547042772,0,0.20295602611526833,0,2200,105.6315344430267
2,132.4,52261.87615230866,6.713967468880225,0,0.219184879569632,0,2200,106.21889818664624
2,132.5,52251.224910004996,6.7110189539778755,0,0.23997454878865512,0,2200,106.80596220434768
2,132.6,52240.51497636922,6.708069990302939,0,0.2156180411000044,0,2200,107.39272480944706
2,132.70000000000002,52229.74638163019,6.70512056588637,0,0.1835020015454165,0,2200,107.97918431882702
2,132.8,52218.9191561779,6.702170668822705,0,0.14821224291961804,0,2200,108.56533905294987
2,132.9,52208.0333305737,6.699220287270141,0,0.11085957184724404,0,2200,109.1511873358703
2,133,52197.08893554844,6.6962694094504975,0,0.047252039436176584,0,2200,109.73672749524805
2,133.1,52186.08600199595,6.693318023649084,0,0.0992306056308958,0,2200,110.32195786236143
2,133.20000000000002,52175.02456098143,6.690366118214791,0,0.1257016923782954,0,2200,110.90687677211993
2,133.3,52163.90464373119,6.687413681559902,0,0.0789591172210264,0,2200,111.49148256307753
2,133.4,52152.72628164198,6.684460702160208,0,0.07736306171128104,0,2200,112.0757735774458
2,133.5,52141.48950627074,6.681507168554819,0,0.1214672212517674,0,2200,112.65974816110695
2,133.6,52130.19434934389,6.678553069346263,0,0.13397944842484397,0,2200,113.24340466362692
2,133.70000000000002,52118.84084275365,6.675598393200406,0,0.14188609448402795,0,2200,113.82674143826888
2,133.8,52107.42901855521,6.6726431288463735,0,0.16187361676188208,0,2200,114.40975684200622
2,133.9,52095.958908967674,6.669687265076542,0,0.14593078991259795,0,2200,114.99244923553597
2,134,52084.4305463722,6.66673079074647,0,0.13350073150466468,0,2200,115.5748169832922
2,134.1,52072.84396331664,6.663773694774938,0,0.11256975404752823,0,2200,116.15685845345891
2,134.20000000000002,52061.19919250999,6.660815966143831,0,0.06741582964274795,0,2200,116.73857201798428
2,134.3,52049.49626682047,6.657857593898091,0,0.024840527297006632,0,2200,117.31995605259272
2,134.4,52037.73521928862,6.654898567145842,0,0.09048852043626746,0,2200,117.90100893679971
2,134.5,52025.91608310491,6.651938875058079,0,0.17602017328575023,0,2200,118.48172905392435
2,134.6,52014.038891628385,6.6489785068688745,0,0.11940401241307787,0,2200,119.06211479110281
2,134.70000000000002,52002.103678377345,6.646017451875222,0,0.143259203579171,0,2200,119.64216453930254
2,134.8,51990.11047703121,6.643055699437019,0,0.12760094572133052,0,2200,120.22187669333515
2,134.9,51978.05932142865,6.640093238977026,0,0.1362494592409506,0,2200,120.80124965187014
2,135,51965.95024557132,6.637130059980876,0,0.16816340333841215,0,2200,121.3802818174485
2,135.1,51953.783283615485,6.6341661519969195,0,0.1584183616592273,0,2200,121.95897159649621
2,135.20000000000002,51941.558469882235,6.631201504636345,0,0.16980002161509578,0,2200,122.53731739933774
2,135.3,51929.27583884634,6.628236107572987,0,0.14396647657312978,0,2200,123.11531764020998
2,135.4,51916.935425141826,6.625269950543374,0,0.129364015922601,0,2200,123.69297073727567
2,135.5,51904.5372635657,6.622303023346727,0,0.1117322710481307,0,2200,124.27027511263668
2,135.6,51892.08138906583,6.619335315844788,0,0.04426600861583379,0,2200,124.84722919234862
2,135.70000000000002,51879.5678367503,6.6163668179619,0,0.06853955707990676,0,2200,125.42383140643362
2,135.8,51866.99664188735,6.613397519684973,0,0.1804874994650835,0,2200,126.00008018889424
2,135.9,51854.36783989519,6.610427411063313,0,0.14209342150511126,0,2200,126.57597397772743
2,136,51841.68146635126,6.607456482208712,0,0.17594835938106884,0,2200,127.15151121493797
2,136.1,51828.93755698856,6.604484723295374,0,0.1693895139733011,0,2200,127.72669034655252
2,136.20000000000002,51816.136147696525,6.601512124559877,0,0.17859015107892376,0,2200,128.3015098226328
2,136.3,51803.27727451734,6.598538676301103,0,0.19756432244865887,0,2200,128.87596809728967
2,136.4,51790.360973646864,6.5955643688802095,0,0.18169894600186556,0,2200,129.4500636286969
2,136.5,51777.387281438336,6.592589192720645,0,0.2010176137045877,0,2200,130.02379487910488
2,136.6,51764.356234394014,6.5896131383080085,0,0.1952143430086693,0,2200,130.59716031485428
2,136.70000000000002,51751.26786917448,6.586636196190128,0,0.18529141948308048,0,2200,131.1701584063898
2,136.8,51738.1222225884,6.583658356976905,0,0.1509023793292374,0,2200,131.74278762827413
2,136.9,51724.919331598096,6.580679611340333,0,0.09680251131175892,0,2200,132.3150464592013
2,137,51711.65923331957,6.577699950014482,0,0.03235567527421859,0,2200,132.88693338201114
2,137.1,51698.34196502343,6.57471936379546,0,0.13741017353619958,0,2200,133.45844688370204
2,137.20000000000002,51684.96756412182,6.571737843541221,0,0.22755729222195858,0,2200,134.02958545544575
2,137.3,51671.53606818523,6.568755380171736,0,0.2008056799370321,0,2200,134.60034759260034
2,137.4,51658.04751493316,6.565771964668841,0,0.17883694355601998,0,2200,135.17073179472442
2,137.5,51644.50194223039,6.56278758807615,0,0.1572938892004788,0,2200,135.74073656559082
2,137.6,51630.89938810002,6.559802241499195,0,0.12287516207589909,0,2200,136.31036041320007
2,137.70000000000002,51617.23989070393,6.556815916105122,0,0.0927358185585856,0,2200,136.8796018497943
2,137.8,51603.52348836139,6.553828603122911,0,0.1347945388125646,0,2200,137.44845939187124
2,137.9,51589.75021953136,6.550840293843101,0,0.17703985380972886,0,2200,138.01693156019746
2,138,51575.92012282554,6.54785097961792,0,0.1728617715382784,0,2200,138.58501687982232
2,138.1,51562.03323700465,6.544860651861206,0,0.1693931300182596,0,2200,139.15271388009174
2,138.20000000000002,51548.0896009719,6.541869302048278,0,0.11133487907578858,0,2200,139.72002109466197
2,138.3,51534.08925378043,6.538876921716002,0,0.08840452759497534,0,2200,140.28693706151276
2,138.4,51520.03223462589,6.5358835024626485,0,0.16663432910135914,0,2200,140.85346032296167
2,138.5,51505.91858285479,6.532889035947972,0,0.22412753344900527,0,2200,141.41958942567732
2,138.6,51491.748337956145,6.52989351389305,0,0.1592094005421696,0,2200,141.98532292069328
2,138.70000000000002,51477.521539557725,6.5268969280802125,0,0.08331923255600812,0,2200,142.55065936342166
2,138.8,51463.238227440044,6.523899270353171,0,0.04206517778150051,0,2200,143.11559731366657
2,138.9,51448.89844152704,6.520900532616862,0,0.05154998773491038,0,2200,143.68013533563777
2,139,51434.50222187862,6.517900706837324,0,0.097609063300665,0,2200,144.24427199796443
2,139.1,51420.04960870184,6.514899785041772,0,0.07740937158104064,0,2200,144.80800587370825
2,139.20000000000002,51405.54064234905,6.511897759318563,0,0.10775851001800402,0,2200,145.37133554037766
2,139.3,51390.97536331136,6.50889462181706,0,0.09174076823321765,0,2200,145.93425957994052
2,139.4,51376.35381222144,6.505890364747621,0,0.09232990081695122,0,2200,146.49677657883848
2,139.5,51361.676029855385,6.502884980381595,0,0.022132576784922225,0,2200,147.05888512799976
2,139.6,51346.9420571262,6.499878461051185,0,0.06944353961283632,0,2200,147.62058382285295
2,139.70000000000002,51332.15193509031,6.496870799149499,0,0.17797843801080493,0,2200,148.18187126334055
2,139.8,51317.305704943836,6.493861987130452,0,0.20938991579787194,0,2200,148.7427460539318
2,139.9,51302.40340801794,6.490852017508675,0,0.11795875058363132,0,2200,149.30320680363684
2,140,51287.44508579187,6.487840882859628,0,0.061555630746111555,0,2200,149.86325212601923
2,140.1,51272.43077987246,6.484828575819302,0,0.07493370102111882,0,2200,150.42288063921026
2,140.20000000000002,51257.36053200904,6.48181508908436,0,0.09884965495635235,0,2200,150.98209096592115
2,140.3,51242.234384094365,6.478800415412117,0,0.18111449573426713,0,2200,151.54088173345693
2,140.4,51227.05237814784,6.47578454762027,0,0.14574796236624446,0,2200,152.09925157373004
2,140.5,51211.81455633044,6.472767478587051,0,0.11526424548687757,0,2200,152.6571991232726
2,140.6,51196.520960944705,6.4697492012511795,0,0.10815127382551862,0,2200,153.21472302325026
2,140.70000000000002,51181.171634416096,6.466729708611587,0,0.07720893425609981,0,2200,153.77182191947512
2,140.8,51165.766619319096,6.4637089937276855,0,0.08885034575089547,0,2200,154.32849446241877
2,140.9,51150.30595835112,6.460687049719015,0,0.11399339324477059,0,2200,154.88473930722546
2,141,51134.78969434835,6.4576638697653825,0,0.17273488690024338,0,2200,155.44055511372528
2,141.1,51119.2178702848,6.4546394471068105,0,0.18964881260920596,0,2200,155.99594054644643
2,141.20000000000002,51103.59052926395,6.451613775043376,0,0.09854720724807876,0,2200,156.55089427462948
2,141.3,51087.90771452151,6.448586846935213,0,0.05503518530436524,0,2200,157.10541497223906
2,141.4,51072.16946943011,6.445558656202513,0,0.10339012571810526,0,2200,157.6595013179773
2,141.5,51056.37583748344,6.4425291963252835,0,0.16661005302519546,0,2200,158.21315199529667
2,141.6,51040.526862317696,6.439498460843557,0,0.22943836881695365,0,2200,158.76636569241265
2,141.70000000000002,51024.62258769758,6.436466443357185,0,0.2005023870202741,0,2200,159.3191411023163
2,141.8,51008.6630575154,6.433433137525773,0,0.1884637544400831,0,2200,159.8714769227879
2,141.9,50992.64831579663,6.430398537068691,0,0.17216919811304193,0,2200,160.42337185640804
2,142,50976.578406694345,6.427362635764963,0,0.14946469179890867,0,2200,160.97482461057177
2,142.1,50960.45337448921,6.4243254274532156,0,0.13318654057491003,0,2200,161.5258338975004
2,142.20000000000002,50944.273263594136,6.421286906031686,0,0.1328790004989088,0,2200,162.07639843425414
2,142.3,50928.0381185459,6.418247065458066,0,0.16775845000542117,0,2200,162.6265169427449
2,142.4,50911.74798401259,6.415205899749538,0,0.14676551793773368,0,2200,163.1761881497481
2,142.5,50895.4029047871,6.412163402982658,0,0.18265293841759117,0,2200,163.72541078691577
2,142.6,50879.00292578805,6.409119569293293,0,0.09240527697572128,0,2200,164.2741835907884
2,142.70000000000002,50862.54809206631,6.40607439287667,0,0.07016194824773012,0,2200,164.8225053028074
2,142.8,50846.03844879009,6.403027867987128,0,0.11273948619067646,0,2200,165.37037466932767
2,142.9,50829.474041257985,6.3999799889382265,0,0.19024816099424108,0,2200,165.91779044162902
2,143,50812.85491488688,6.396930750102548,0,0.1491736056663951,0,2200,166.4647513759292
2,143.1,50796.18111522868,6.393880145911841,0,0.119969227394069,0,2200,167.01125623339516
2,143.20000000000002,50779.45268794987,6.390828170856723,0,0.11976612489214059,0,2200,167.55730378015602
2,143.3,50762.66967884265,6.3877748194867605,0,0.09591207068976147,0,2200,168.10289278731403
2,143.4,50745.832133824006,6.384720086410396,0,0.08722336644756436,0,2200,168.64802203095758
2,143.5,50728.94009893015,6.381663966294828,0,0.09302560301267372,0,2200,169.1926902921722
2,143.6,50711.99362032022,6.3786064538660066,0,0.17912190240611175,0,2200,169.7368963570525
2,143.70000000000002,50694.9927442763,6.3755475439085645,0,0.14495057399248282,0,2200,170.28063901671447
2,143.8,50677.93751719594,6.372487231265678,0,0.1985032028769969,0,2200,170.8239170673067
2,143.9,50660.82798559964,6.3694255108391005,0,0.13604160719334127,0,2200,171.36672931002195
2,144,50643.66419613268,6.366362377589116,0,0.07433257303335572,0,2200,171.90907455110928
2,144.1,50626.44619554654,6.3632978265342715,0,0.11509277681310472,0,2200,172.45095160188492
2,144.20000000000002,50609.174030726776,6.36023185275164,0,0.16195616169521582,0,2200,172.99235927874412
2,144.3,50591.84774866514,6.3571644513764385,0,0.11971972967367117,0,2200,173.53329640317253
2,144.4,50574.46739648003,6.354095617602204,0,0.11523329858556304,0,2200,174.0737618017574
2,144.5,50557.03302140068,6.351025346680544,0,0.10946050995692347,0,2200,174.61375430619876
2,144.6,50539.544670770876,6.347953633921123,0,0.0936534579117097,0,2200,175.15327275332103
2,144.70000000000002,50522.00239206012,6.3448804746917356,0,0.09690806951404263,0,2200,175.69231598508412
2,144.8,50504.40623284411,6.341805864418014,0,0.08149651917099057,0,2200,176.23088284859375
2,144.9,50486.756240814924,6.338729798583478,0,0.15927797403206365,0,2200,176.76897219611345
2,145,50469.05246378388,6.335652272729516,0,0.11723019386884012,0,2200,177.30658288507476
2,145.1,50451.29494967684,6.332573282455259,0,0.1728770411885775,0,2200,177.84371377808858
2,145.20000000000002,50433.48374652583,6.329492823417422,0,0.10503640151459537,0,2200,178.38036374295598
2,145.3,50415.618902483024,6.3264108913304025,0,0.03759124514573691,0,2200,178.91653165267857
2,145.4,50397.7004658049,6.323327481966029,0,0.09611574251804764,0,2200,179.45221638546954
2,145.5,50379.728484869,6.3202425911536935,0,0.16049863309705278,0,2200,179.98741682476376
2,145.6,50361.70300816186,6.317156214780148,0,0.14710640813685205,0,2200,180.52213185922918
2,145.70000000000002,50343.62408427335,6.314068348789366,0,0.14787177966178264,0,2200,181.05636038277632
2,145.8,50325.49176191632,6.310978989182708,0,0.16452874808860712,0,2200,181.5901012945694
2,145.9,50307.3060899023,6.307888132018568,0,0.15091791753317102,0,2200,182.12335349903614
2,146,50289.06711716112,6.304795773412547,0,0.11382224279625329,0,2200,182.65611590587812
2,146.1,50270.77489271946,6.301701909537113,0,0.08228375080126753,0,2200,183.1883874300813
2,146.20000000000002,50252.42946572695,6.29860653662185,0,0.1092461566071594,0,2200,183.72016699192577
2,146.3,50234.03088542819,6.2955096509530675,0,0.07631473301909769,0,2200,184.25145351699578
2,146.4,50215.579201185144,6.292411248873983,0,0.1289799090425889,0,2200,184.78224593618958
2,146.5,50197.07446245663,6.28931132678441,0,0.026376730829242412,0,2200,185.31254318572968
2,146.6,50178.51671881415,6.286209881140885,0,0.07495241983299081,0,2200,185.84234420717232
2,146.70000000000002,50159.90601993352,6.2831069084564835,0,0.12572240977963195,0,2200,186.37164794741693
2,146.8,50141.2424155958,6.280002405300769,0,0.1918839396687319,0,2200,186.90045335871642
2,146.9,50122.52595568448,6.276896368299687,0,0.1974066479884356,0,2200,187.4287593986861
2,147,50103.756690191105,6.273788794135554,0,0.2250965227327267,0,2200,187.9565650303138
2,147.1,50084.934669209644,6.270679679546923,0,0.226799231995403,0,2200,188.48386922196815
2,147.20000000000002,50066.059942930005,6.267569021328426,0,0.21700757703655535,0,2200,189.01067094740935
2,147.3,50047.13256165106,6.264456816330866,0,0.197020635436974,0,2200,189.53696918579737
2,147.4,50028.15257577412,6.261343061461051,0,0.14660063106935525,0,2200,190.06276292170105
2,147.5,50009.12003579922,6.258227753681681,0,0.12865355802515238,0,2200,190.58805114510807
2,147.6,49990.034992327914,6.2551108900113075,0,0.04348044229509354,0,2200,191.11283285143236
2,147.70000000000002,49970.89749606326,6.2519924675242615,0,0.06690541482078619,0,2200,191.6371070415248
2,147.8,49951.70759780519,6.248872483350508,0,0.135258551197503,0,2200,192.16087272168116
2,147.9,49932.46534845512,6.245750934675632,0,0.07188792707636622,0,2200,192.68412890365025
2,148,49913.1707990095,6.24262781874069,0,0.04077320268587208,0,2200,193.20687460464347
2,148.1,49893.824000564404,6.239503132842168,0,0.10282091600190274,0,2200,193.7291088473428
2,148.20000000000002,49874.42500431836,6.236376874331954,0,0.11812440718908808,0,2200,194.25083065990967
2,148.3,49854.97386156395,6.233249040617157,0,0.16334956985904664,0,2200,194.7720390759929
2,148.4,49835.470623684116,6.23011962915997,0,0.1804253896104418,0,2200,195.29273313473755
2,148.5,49815.915342163295,6.226988637477736,0,0.1774291385052803,0,2200,195.8129118807924
2,148.6,49796.30806858279,6.223856063142804,0,0.14956133967835733,0,2200,196.33257436431865
2,148.70000000000002,49776.648854614235,6.220721903782374,0,0.0973247927551083,0,2200,196.85171964099766
2,148.8,49756.93775202427,6.217586157078469,0,0.05958620057222625,0,2200,197.37034677203863
2,148.9,49737.17481267732,6.214448820767883,0,0.0787467997014576,0,2200,197.88845482418714
2,149,49717.36008852441,6.211309892641973,0,0.13850168332710253,0,2200,198.4060428697325
2,149.1,49697.49363161065,6.208169370546648,0,0.18617095880104007,0,2200,198.92310998651496
2,149.20000000000002,49677.57549407985,6.205027252382364,0,0.14396710941604315,0,2200,199.43965525793342
2,149.3,49657.60572815966,6.201883536103837,0,0.10115165675876682,0,2200,199.95567777295426
2,149.4,49637.584386172704,6.198738219720112,0,0.06486071520094021,0,2200,200.4711766261167
2,149.5,49617.511520529166,6.195591301294368,0,0.12917260647531145,0,2200,200.9861509175411
2,149.6,49597.387183726765,6.192442778943854,0,0.17037300975476266,0,2200,201.5005997529364
2,149.70000000000002,49577.211428361945,6.189292650839918,0,0.21941110280427042,0,2200,202.01452224360636
2,149.8,49556.984307107516,6.186140915207659,0,0.22273362704204447,0,2200,202.52791750645724
2,149.9,49536.705872733146,6.182987570326081,0,0.176091575579155,0,2200,203.0407846640047
2,150,49516.37617809139,6.179832614527847,0,0.15227620616288853,0,2200,203.55312284437983
2,150.1,49495.995276123285,6.176676046199245,0,0.09690069123445204,0,2200,204.06493118133696
2,150.20000000000002,49475.56321985833,6.173517863780106,0,0.06264839242452558,0,2200,204.5762088142591
2,150.3,49455.080062408,6.170358065763632,0,0.12435883554549156,0,2200,205.08695488816582
2,150.4,49434.545856971294,6.167196650696373,0,0.183927406219398,0,2200,205.5971685537185
2,150.5,49413.96065682825,6.164033617178062,0,0.12902563882004234,0,2200,206.10684896722697
2,150.6,49393.3245153483,6.1608689638616125,0,0.09218602870392657,0,2200,206.61599529065566
2,150.70000000000002,49372.63748598285,6.15770268945295,0,0.08708370298624965,0,2200,207.12460669163
2,150.8,49351.89962226525,6.1545347927109155,0,0.16188881396751922,0,2200,207.63268234344253
2,150.9,49331.11097781081,6.151365272447173,0,0.21499667662406263,0,2200,208.14022142505834
2,151,49310.27160632145,6.148194127526154,0,0.25796735673742943,0,2200,208.6472231211212
2,151.1,49289.38156156894,6.145021356864794,0,0.2640781974349826,0,2200,209.15368662195908
2,151.20000000000002,49268.440897417255,6.14184695943268,0,0.22582090869323604,0,2200,209.65961112359014
2,151.3,49247.449667805806,6.138670934251761,0,0.1973831749060747,0,2200,210.16499582772758
2,151.4,49226.40792675316,6.135493280396305,0,0.13542670998644107,0,2200,210.66983994178588
2,151.5,49205.31572835706,6.132313996992791,0,0.10783843940847916,0,2200,211.17414267888518
2,151.6,49184.17312679533,6.129133083219826,0,0.1418622538945773,0,2200,211.67790325785725
2,151.70000000000002,49162.98017632216,6.125950538308005,0,0.1731074940216602,0,2200,212.18112090325025
2,151.8,49141.73693127092,6.122766361539846,0,0.15876529544606982,0,2200,212.68379484533378
2,151.9,49120.443446048535,6.119580552249629,0,0.15575838844918397,0,2200,213.18592432010385
2,152,49099.09977513924,6.1163931098233215,0,0.1533212052439213,0,2200,213.68750856928756
2,152.1,49077.70597310737,6.113204033698542,0,0.20512728760452195,0,2200,214.18854684034784
2,152.20000000000002,49056.26209457964,6.110013323364227,0,0.22869375691441643,0,2200,214.68903838648785
2,152.3,49034.768194273114,6.106820978360863,0,0.24706693663484816,0,2200,215.18898246665552
2,152.4,49013.22432696819,6.103626998280076,0,0.24915886716638513,0,2200,215.68837834554893
2,152.5,48991.63054752629,6.100431382764729,0,0.24039443994815082,0,2200,216.18722529361833
2,152.6,48969.98691086937,6.097234131508582,0,0.20842828662581456,0,2200,216.68552258707248
2,152.70000000000002,48948.293471998535,6.094035244256406,0,0.18721553562231397,0,2200,217.1832695078817
2,152.8,48926.550285994075,6.090834720803883,0,0.13595852658825092,0,2200,217.6804653437814
2,152.9,48904.75740799587,6.087632560997263,0,0.07328920865360729,0,2200,218.17710938827736
2,153,48882.91489321459,6.084428764733407,0,0.07491264348971512,0,2200,218.6732009406478
2,153.1,48861.02279694099,6.081223331959767,0,0.11314697823782119,0,2200,219.16873930594832
2,153.20000000000002,48839.08117452636,6.078016262674072,0,0.04120457326043743,0,2200,219.6637237950145
2,153.3,48817.09008138906,6.074807556924284,0,0.06646016337763043,0,2200,220.158153724466
2,153.4,48795.04957302101,6.0715972148085795,0,0.15894027536424624,0,2200,220.65202841670893
2,153.5,48772.95970497932,6.068385236475133,0,0.15356853727787764,0,2200,221.14534719993998
2,153.60000000000002,48750.820532888174,6.065171622122034,0,0.17371667424158752,0,2200,221.63810940814938
2,153.70000000000002,48728.63211243786,6.061956371997172,0,0.17482087191523177,0,2200,222.13031438112324
2,153.8,48706.394499382935,6.058739486398095,0,0.1805898692533377,0,2200,222.62196146444674
2,153.9,48684.1077495506,6.05552096567201,0,0.1657233922482036,0,2200,223.11305000950733
2,154,48661.77191882208,6.052300810215446,0,0.18062413468661023,0,2200,223.60357937349647
2,154.10000000000002,48639.38706314843,6.049079020474334,0,0.11050872848801205,0,2200,224.09354891941325
2,154.20000000000002,48616.95323854219,6.045855596943793,0,0.026497434895162545,0,2200,224.5829580160659
2,154.3,48594.47050108202,6.042630540168075,0,0.062177137103919505,0,2200,225.07180603807427
2,154.4,48571.938906900585,6.039403850740309,0,0.143719418409492,0,2200,225.56009236587238
2,154.5,48549.35851220228,6.036175529302597,0,0.08600916991871345,0,2200,226.04781638571012
2,154.60000000000002,48526.72937324736,6.032945576545719,0,0.0894188155878042,0,2200,226.53497748965546
2,154.70000000000002,48504.051546360366,6.029713993209107,0,0.19262021648119834,0,2200,227.02157507559636
2,154.8,48481.32508791983,6.026480780080618,0,0.1708351329147792,0,2200,227.50760854724228
2,154.9,48458.55005436763,6.0232459379965295,0,0.16360685882224152,0,2200,227.993077314126
2,155,48435.726502205245,6.020009467841373,0,0.17446378895089315,0,2200,228.47798079160523
2,155.10000000000002,48412.854487986304,6.016771370547739,0,0.1757047759264606,0,2200,228.96231840086364
2,155.20000000000002,48389.9340683287,6.013531647096293,0,0.19286174519032054,0,2200,229.4460895689125
2,155.3,48366.96529990714,6.010290298515577,0,0.21666126269039082,0,2200,229.92929372859192
2,155.4,48343.948239444755,6.007047325881796,0,0.12203939369425751,0,2200,230.41193031857176
2,155.5,48320.882943732664,6.003802730318923,0,0.081794981650002,0,2200,230.89399878335203
2,155.60000000000002,48297.76946960669,6.000556512998308,0,0.06542119091465902,0,2200,231.37549857326542
2,155.70000000000002,48274.60787396226,5.9973086751387426,0,0.12255949950277319,0,2200,231.85642914447618
2,155.8,48251.39821374789,5.994059218006248,0,0.05470083726550694,0,2200,232.33678995898157
2,155.9,48228.14054596983,5.99080814291402,0,0.11946848872389396,0,2200,232.8165804846126
2,156,48204.83492767438,5.987555451222104,0,0.2040364697713371,0,2200,233.29580019503385
2,156.10000000000002,48181.48141597677,5.984301144337603,0,0.18955572604710924,0,2200,233.7744485697439
2,156.20000000000002,48158.080068037845,5.981045223714285,0,0.20357439290047513,0,2200,234.25252509407653
2,156.3,48134.63094106503,5.977787690852479,0,0.2091890198785733,0,2200,234.73002925919903
2,156.4,48111.13409231696,5.974528547298999,0,0.21662672716221798,0,2200,235.2069605621132
2,156.5,48087.58957910817,5.971267794647075,0,0.22226247690752712,0,2200,235.6833185056552
2,156.60000000000002,48063.99745879788,5.968005434536109,0,0.24047112782972718,0,2200,236.15910259849477
2,156.70000000000002,48040.35778879281,5.964741468651564,0,0.15550343837059943,0,2200,236.6343123551353
2,156.8,48016.67062655371,5.9614758987249346,0,0.1039069810144629,0,2200,237.10894729591314
2,156.9,47992.93602958415,5.958208726533482,0,0.05234624576549679,0,2200,237.58300694699668
2,157,47969.154055438936,5.954939953900203,0,0.06980464741448496,0,2200,238.05649084038612
2,157.10000000000002,47945.32476171665,5.951669582693631,0,0.1553932257777323,0,2200,238.5293985139122
2,157.20000000000002,47921.448206060566,5.948397614827699,0,0.11667216488766267,0,2200,239.00172951123594
2,157.3,47897.52444615867,5.945124052261631,0,0.16581205952488282,0,2200,239.4734833818462
2,157.4,47873.553539750166,5.94184889699988,0,0.11746327095639797,0,2200,239.9446596810598
2,157.5,47849.53554461151,5.938572151091845,0,0.10684748940724562,0,2200,240.4152579700196
2,157.60000000000002,47825.4705185676,5.93529381663186,0,0.12208793880604238,0,2200,240.88527781569323
2,157.70000000000002,47801.358519480564,5.932013895758947,0,0.13089147585490518,0,2200,241.35471879087137
2,157.8,47777.19960526377,5.92873239065684,0,0.16197738247870516,0,2200,241.8235804741665
2,157.9,47752.993833862245,5.925449303553637,0,0.18468080199845344,0,2200,242.29186245001043
2,158,47728.741263268515,5.922164636721843,0,0.13230918458286392,0,2200,242.75956430865307
2,158.10000000000002,47704.44195151515,5.918878392478163,0,0.041547304792183985,0,2200,243.2266856461601
2,158.20000000000002,47680.095956672914,5.915590573183334,0,0.05479585140835853,0,2200,243.69322606441096
2,158.3,47655.70333685633,5.912301181242071,0,0.14961820245130525,0,2200,244.1591851710965
2,158.4,47631.26415021531,5.9090102191028375,0,0.20417136997660568,0,2200,244.6245625797167
2,158.5,47606.77845493611,5.90571768925771,0,0.15453485814695206,0,2200,245.08935790957847
2,158.60000000000002,47582.24630924687,5.902423594242328,0,0.14428413576702573,0,2200,245.5535707857926
2,158.70000000000002,47557.66777141206,5.899127936635676,0,0.07783538471133768,0,2200,246.01720083927148
2,158.8,47533.04289972875,5.895830719059922,0,0.09142158359544937,0,2200,246.480247706726
2,158.9,47508.37175253872,5.892531944180412,0,0.09441460194091332,0,2200,246.94271103066234
2,159,47483.65438821167,5.889231614705352,0,0.11038981277375097,0,2200,247.40459045938042
2,159.10000000000002,47458.89086515363,5.8859297333857565,0,0.15250536227429462,0,2200,247.86588564696874
2,159.20000000000002,47434.08124180138,5.882626303015252,0,0.16550339841367526,0,2200,248.32659625330245
2,159.3,47409.22557664011,5.879321326430149,0,0.12379738903659933,0,2200,248.78672194403913
2,159.4,47384.323928169906,5.8760148065089135,0,0.03710065170526045,0,2200,249.2462623906164
2,159.5,47359.376354933716,5.872706746172361,0,0.05404752509661823,0,2200,249.70521727024732
2,159.60000000000002,47334.38291550428,5.869397148383348,0,0.13594521248816008,0,2200,250.163586265917
2,159.70000000000002,47309.3436684832,5.8660860161466495,0,0.18236711037781905,0,2200,250.621369066379
2,159.8,47284.25867250841,5.862773352508883,0,0.11479792542323133,0,2200,251.07856536615057
2,159.9,47259.127986243926,5.8594591605582655,0,0.10969995232050822,0,2200,251.53517486551016
2,160,47233.95166838262,5.856143443424495,0,0.07262838010422792,0,2200,251.99119727049137
2,160.10000000000002,47208.72977765184,5.852826204278685,0,0.09698410484938896,0,2200,252.44663229288014
2,160.20000000000002,47183.4623728022,5.8495074463330905,0,0.13244966146720705,0,2200,252.90147965020964
2,160.3,47158.14951261319,5.84618717284103,0,0.14495129331060946,0,2200,253.35573906575578
2,160.4,47132.791255893186,5.842865387096756,0,0.15177821233974095,0,2200,253.8094102685329
2,160.5,47107.38766147848,5.839542092435275,0,0.15985864290882004,0,2200,254.26249299328862
2,160.60000000000002,47081.93878822867,5.836217292232185,0,0.11257308524635844,0,2200,254.71498698049945
2,160.70000000000002,47056.44469502848,5.83289098990353,0,0.08506206418285767,0,2200,255.1668919763653
2,160.8,47030.90544078965,5.829563188905695,0,0.07876716263435314,0,2200,255.61820773280493
2,160.9,47005.32108444907,5.826233892735221,0,0.08163823060120523,0,2200,256.0689340074504
2,161,46979.6916849697,5.822903104928697,0,0.13179018688969174,0,2200,256.519070563642
2,161.10000000000002,46954.01730133034,5.8195708290624815,0,0.030669465752269667,0,2200,256.96861717042253
2,161.20000000000002,46928.29799253866,5.81623706875271,0,0.11181801531045035,0,2200,257.41757360253223
2,161.3,46902.53381762188,5.812901827655047,0,0.11970434581360787,0,2200,257.8659396404027
2,161.4,46876.72483563144,5.809565109464583,0,0.17961921685454896,0,2200,258.31371507015115
2,161.5,46850.871105640195,5.806226917915685,0,0.19694944724769678,0,2200,258.76089968357536
2,161.60000000000002,46824.9726867415,5.8028872567817995,0,0.212013605595416,0,2200,259.20749327814656
2,161.70000000000002,46799.02963804267,5.799546129875264,0,0.22614622194152692,0,2200,259.6534956570041
2,161.8,46773.04201867711,5.796203541047281,0,0.21341306367777874,0,2200,260.09890662894895
2,161.9,46747.00988779403,5.792859494187664,0,0.19005288551472327,0,2200,260.5437260084376
2,162,46720.933304563165,5.789513993224743,0,0.15915145416771365,0,2200,260.9879536155753
2,162.10000000000002,46694.81232816819,5.786167042125124,0,0.13754818002275568,0,2200,261.43158927611
2,162.20000000000002,46668.64701781515,5.782818644893661,0,0.10752686046992417,0,2200,261.87463282142556
2,162.3,46642.43743271846,5.779468805573135,0,0.09291095333885288,0,2200,262.31708408853456
2,162.4,46616.18363212049,5.77611752824432,0,0.13289318655340543,0,2200,262.7589429200723
2,162.5,46589.88567526266,5.77276481702553,0,0.0848127853032557,0,2200,263.200209164289
2,162.60000000000002,46563.54362142086,5.769410676072845,0,0.04434860689424201,0,2200,263.6408826750431
2,162.70000000000002,46537.15752987005,5.766055109579575,0,0.11640478940271301,0,2200,264.08096331179433
2,162.8,46510.72745990846,5.762698121776378,0,0.1386452439236904,0,2200,264.52045093959623
2,162.9,46484.25347083807,5.759339716930884,0,0.1532340227879377,0,2200,264.9593454290882
2,163,46457.735621983185,5.755979899347767,0,0.15614368961751873,0,2200,265.3976466564893
2,163.10000000000002,46431.173972673714,5.7526186733683895,0,0.1414959464080674,0,2200,265.8353545035892
2,163.20000000000002,46404.56858225539,5.749256043370777,0,0.13525989584825615,0,2200,266.2724688577416
2,163.3,46377.91951008141,5.74589201376937,0,0.1521724471613824,0,2200,266.70898961185566
2,163.4,46351.22681551706,5.742526589014917,0,0.1609348730131642,0,2200,267.14491666438806
2,163.5,46324.49055793602,5.739159773594285,0,0.13894352051894712,0,2200,267.5802499193359
2,163.60000000000002,46297.710796725005,5.735791572030355,0,0.16197232218437385,0,2200,268.01498928622766
2,163.70000000000002,46270.88759127632,5.732421988881794,0,0.18869274042972184,0,2200,268.4491346801147
2,163.8,46244.021000990644,5.729051028742918,0,0.07219950605579784,0,2200,268.8826860215642
2,163.9,46217.11108527705,5.725678696243551,0,0.07316870711391342,0,2200,269.31564323664963
2,164,46190.157903551124,5.722304996048846,0,0.11565399537458594,0,2200,269.74800625694206
2,164.10000000000002,46163.16151523683,5.718929932859143,0,0.17395548812458886,0,2200,270.17977501950236
2,164.20000000000002,46136.12197976466,5.715553511409802,0,0.18835553872286276,0,2200,270.61094946687194
2,164.3,46109.03935656324,5.71217573647096,0,0.16036955879284037,0,2200,271.0415295470639
2,164.4,46081.91370507516,5.708796612847534,0,0.16202486219610573,0,2200,271.47151521355374
2,164.5,46054.745084743015,5.705416145378921,0,0.1673850400385091,0,2200,271.90090642527105
2,164.60000000000002,46027.53355501592,5.7020343389389145,0,0.17034104495733096,0,2200,272.32970314658957
2,164.70000000000002,46000.27917534113,5.698651198435455,0,0.17619579361433366,0,2200,272.7579053473184
2,164.8,45972.98200517241,5.695266728810555,0,0.16830619972317296,0,2200,273.1855130026923
2,164.9,45945.64210396726,5.691880935040128,0,0.16116764338171113,0,2200,273.6125260933623
2,165,45918.259531180374,5.688493822133752,0,0.17239286559281855,0,2200,274.03894460538606
2,165.10000000000002,45890.83434627205,5.685105395134595,0,0.059247011744190524,0,2200,274.4647685302185
2,165.20000000000002,45863.36660869885,5.681715659119173,0,0.09647473845725049,0,2200,274.8899978647014
2,165.3,45835.85637792479,5.678324619197297,0,0.1578710736757711,0,2200,275.3146326110543
2,165.4,45808.303713406436,5.674932280511762,0,0.20912769305721268,0,2200,275.7386727768636
2,165.5,45780.708674598485,5.671538648238246,0,0.22736576542362394,0,2200,276.1621183750734
2,165.60000000000002,45753.07132095937,5.668143727585212,0,0.20756222331464133,0,2200,276.5849694239744
2,165.70000000000002,45725.39171194099,5.6647475237936336,0,0.20332663033453782,0,2200,277.0072259471943
2,165.8,45697.66990699526,5.661350042136915,0,0.18698700613694186,0,2200,277.4288879736869
2,165.9,45669.90596556943,5.657951287920675,0,0.14413330283152062,0,2200,277.8499555377222
2,166,45642.09994710889,5.654551266482614,0,0.11837080543002859,0,2200,278.27042867887513
2,166.10000000000002,45614.251911053434,5.651149983192325,0,0.07405043254224558,0,2200,278.69030744201524
2,166.20000000000002,45586.361916838214,5.647747443451129,0,0.07011811894991285,0,2200,279.1095918772962
2,166.3,45558.43002389185,5.644343652691905,0,0.10609566403177531,0,2200,279.5282820401445
2,166.4,45530.45629164204,5.6409386163789845,0,0.08197356973089046,0,2200,279.9463779912483
2,166.5,45502.4407795025,5.637532340007847,0,0.10286204774762797,0,2200,280.3638797965469
2,166.60000000000002,45474.383546886034,5.6341248291051045,0,0.1567461619808661,0,2200,280.7807875272191
2,166.70000000000002,45446.28465319704,5.630716089228265,0,0.20695293795411662,0,2200,281.1971012596724
2,166.8,45418.14415783156,5.627306125965553,0,0.23271961703464808,0,2200,281.6128210755314
2,166.9,45389.96212017443,5.62389494493574,0,0.2535026428333329,0,2200,282.02794706162587
2,167,45361.73859960586,5.620482551788032,0,0.25185533242654745,0,2200,282.44247930998046
2,167.10000000000002,45333.47365549486,5.617068952201846,0,0.26702290710835863,0,2200,282.8564179178018
2,167.20000000000002,45305.16734719928,5.613654151886652,0,0.234947165560573,0,2200,283.2697629874673
2,167.3,45276.81973406859,5.610238156581837,0,0.1832168977107788,0,2200,283.6825146265135
2,167.4,45248.430875437334,5.606820972056463,0,0.14411709684910143,0,2200,284.09467294762374
2,167.5,45220.00083063543,5.603402604109229,0,0.07701222289842521,0,2200,284.5062380686164
2,167.60000000000002,45191.52965897694,5.599983058568179,0,0.08181223007329012,0,2200,284.917210112433
2,167.70000000000002,45163.017419759184,5.596562341290527,0,0.1737726933826581,0,2200,285.32758920712564
2,167.8,45134.46417227574,5.593140458162639,0,0.07389552409064082,0,2200,285.73737548584467
2,167.9,45105.86997579504,5.589717415099641,0,0.06376194897074342,0,2200,286.1465690868269
2,168,45077.23488958273,5.586293218045483,0,0.1279078378971796,0,2200,286.55517015338296
2,168.10000000000002,45048.55897288211,5.582867872972579,0,0.15236825245131563,0,2200,286.9631788338837
2,168.20000000000002,45019.84228492528,5.579441385881753,0,0.18856509234157617,0,2200,287.3705952817495
2,168.3,44991.08488492761,5.576391034998294,0,0.199721340904176,0,2200,287.7774196554356
2,168.4,44962.28699541651,5.574157221202101,0,0.23882036437065604,0,2200,288.1803856953829
2,168.5,44933.44936585985,5.5718486367157345,0,0.19680826930282636,0,2200,288.5722208076426
2,168.60000000000002,44904.573108595796,5.569465367871909,0,0.14202708097170957,0,2200,288.95294010563293
2,168.70000000000002,44875.6593343718,5.567007510559398,0,0.10594795387532294,0,2200,289.322560335863
2,168.8,44846.70915217046,5.564475170189296,0,0.08236562808481467,0,2200,289.681099871179
2,168.9,44817.723669067025,5.561868461657261,0,0.12824447441341447,0,2200,290.02857870342774
2,169,44788.703990046866,5.5591875093040635,0,0.2116344653630634,0,2200,290.36501843555493
2,169.10000000000002,44759.65121786203,5.556432446871913,0,0.11929517875341658,0,2200,290.6904422731266
2,169.20000000000002,44730.56645286083,5.5536034174587385,0,0.07967582754228152,0,2200,291.0048750152973
2,169.3,44701.45079283416,5.550700573469021,0,0.0945713520620274,0,2200,291.3083430452151
2,169.4,44672.305332857184,5.547724076561911,0,0.1358810067515128,0,2200,291.6008743198832
2,169.5,44643.131165124476,5.544674097596725,0,0.16786775480368452,0,2200,291.882498359476
2,169.60000000000002,44613.92937880661,5.541550816574941,0,0.20755844078338226,0,2200,292.15324623611883
2,169.70000000000002,44584.701059893705,5.538354422579871,0,0.2521048157279617,0,2200,292.41315056214376
2,169.8,44555.44729103055,5.535085113713885,0,0.19220323993586677,0,2200,292.66224547782616
2,169.9,44526.169151378796,5.531743097032061,0,0.1576180075712006,0,2200,292.9005666386045
2,170,44496.867716451176,5.528328588474097,0,0.11349781460625973,0,2200,293.1281512018032
2,170.10000000000002,44467.54405797832,5.524841812792566,0,0.0923041571328074,0,2200,293.34503781285497
2,170.20000000000002,44438.19924374949,5.521283003479504,0,0.11759769037931506,0,2200,293.55126659104553
2,170.3,44408.83433746826,5.517652402689952,0,0.2122800357956026,0,2200,293.7468791147768
2,170.4,44379.45039860625,5.5139502611631075,0,0.09672050588320119,0,2200,293.93191840636626
2,170.5,44350.048482267186,5.510176838140769,0,0.07384728566356091,0,2200,294.10642891638867
2,170.60000000000002,44320.62963903509,5.506332401283885,0,0.13268092172883514,0,2200,294.27045650757475
2,170.70000000000002,44291.19491484016,5.502417226586238,0,0.16567697302058146,0,2200,294.42404843827217
2,170.8,44261.745350815356,5.498431598286179,0,0.20327182992417253,0,2200,294.5672533454801
2,170.9,44232.28198316321,5.494375808775789,0,0.23182289274430753,0,2200,294.70012122747136
2,171,44202.805843017064,5.4902501585081,0,0.27192372411485866,0,2200,294.8227034260109
2,171.10000000000002,44173.31795631535,5.48605495590178,0,0.2228314583776567,0,2200,294.9350526081811
2,171.20000000000002,44143.819343658164,5.481790517244358,0,0.18985770964477383,0,2200,295.0372227478292
2,171.3,44114.3110201871,5.477457166592706,0,0.14709895983525895,0,2200,295.12926910664163
2,171.4,44084.793995453045,5.47305523567197,0,0.10737391053771254,0,2200,295.21124821486393
2,171.5,44055.269273294136,5.4685850637723386,0,0.09798984445713305,0,2200,295.2832178516741
2,171.60000000000002,44025.73785170447,5.4640469976442665,0,0.1726466152107568,0,2200,295.3452370252237
2,171.70000000000002,43996.200722721405,5.459441391391354,0,0.08929260587822481,0,2200,295.39736595235456
2,171.8,43966.658872298896,5.454768606362021,0,0.12209264908074341,0,2200,295.4396660380097
2,171.9,43937.113280191086,5.450029011039174,0,0.1791015653609263,0,2200,295.4721998543467
2,172,43907.56491983961,5.445222980928227,0,0.22635898225926457,0,2200,295.49503111956454
2,172.10000000000002,43878.014758256264,5.44035089844375,0,0.25893771159982265,0,2200,295.5082246764624
2,172.20000000000002,43848.46375591587,5.435413152794364,0,0.2965205017266978,0,2200,295.5118464707363
2,172.3,43818.91286664456,5.4304101398663915,0,0.32006049192850883,0,2200,295.50596352903216
2,172.4,43789.36303750705,5.425342262106236,0,0.29644238199762907,0,2200,295.49064393676355
2,172.5,43759.81520871725,5.420209928400758,0,0.24753808840201355,0,2200,295.4659568157058
2,172.60000000000002,43730.270313519984,5.4150135539574045,0,0.20795151062104583,0,2200,295.4319723013901
2,172.70000000000002,43700.72927809507,5.409753560182479,0,0.18874315091376284,0,2200,295.38876152029405
2,172.8,43671.19302146882,5.404430374558143,0,0.13238298755063216,0,2200,295.3363965668518
2,172.9,43641.66245540045,5.399044430519195,0,0.16652353607703366,0,2200,295.27495048029925
2,173,43612.13848431036,5.393596167327631,0,0.10194993005453604,0,2200,295.20449722135464
2,173.10000000000002,43582.62200517021,5.388086029947515,0,0.011720851583241744,0,2200,295.125111648763
2,173.20000000000002,43553.113907425664,5.3825144689180355,0,0.10016571985328837,0,2200,295.0368694957039
2,173.3,43523.615072904155,5.376881940226299,0,0.13361360421968965,0,2200,294.9398473460818
2,173.4,43494.12637573574,5.371188905179017,0,0.1710446242096185,0,2200,294.83412261071123
2,173.5,43464.64868227113,5.365435830273724,0,0.2224802536443454,0,2200,294.71977350340813
2,173.60000000000002,43435.182850990444,5.359623187069679,0,0.24467614084696893,0,2200,294.59687901700045
2,173.70000000000002,43405.72973245103,5.353751452057098,0,0.22909088032307326,0,2200,294.46551889926644
2,173.8,43376.29016918596,5.347821106527521,0,0.17923556649807468,0,2200,294.3257736288255
2,173.9,43346.86499565467,5.341832636442149,0,0.14424523142664095,0,2200,294.1777243909738
2,174,43317.45503816102,5.335786532300955,0,0.13264646878881173,0,2200,294.02145305349677
2,174.10000000000002,43288.06111478992,5.329683289010956,0,0.072511637339226,0,2200,293.85704214245845
2,174.20000000000002,43258.6840353366,5.323523405754531,0,0.1358001065053153,0,2200,293.6845748179815
2,174.3,43229.324601253495,5.3173073858570925,0,0.1399058525816157,0,2200,293.5041348500296
2,174.4,43199.98360558972,5.3110357366549374,0,0.06298428106428397,0,2200,293.3158065942091
2,174.5,43170.661832927726,5.304708969363194,0,0.07806093558688988,0,2200,293.11967496759524
2,174.60000000000002,43141.3600593321,5.298327598943447,0,0.12840780717370928,0,2200,292.915825424595
2,174.70000000000002,43112.079052295536,5.2918921439715865,0,0.15741258253111676,0,2200,292.70434393285933
2,174.8,43082.81957069039,5.285403126505634,0,0.18471923182911856,0,2200,292.4853169492556
2,174.9,43053.582364714704,5.278861071954011,0,0.20883361700190214,0,2200,292.2588313959093
2,175,43024.36817586236,5.2722665089433205,0,0.19599862064686652,0,2200,292.0249746363264
2,175.10000000000002,42995.177736864425,5.2656199691874,0,0.17819073876421115,0,2200,291.78383445161126
2,175.20000000000002,42966.01177165378,5.258921987356023,0,0.1524936554941261,0,2200,291.5354990167808
2,175.3,42936.87099532876,5.25217310094408,0,0.10070379945518902,0,2200,291.2800568771915
2,175.4,42907.756114113145,5.2453738501414024,0,0.03892586836292693,0,2200,291.0175969250894
2,175.5,42878.66782533098,5.238524777702654,0,0.07511436836778065,0,2200,290.74820837628755
2,175.60000000000002,42849.606817359105,5.23162642881853,0,0.1558838887532967,0,2200,290.4719807469881
2,175.70000000000002,42820.57376962062,5.224679350986332,0,0.09050795434474222,0,2200,290.18900383074697
2,175.8,42791.56935254205,5.217684093882381,0,0.1417756633108935,0,2200,289.89936767560386
2,175.9,42762.594227532856,5.210641209234476,0,0.1649812740093931,0,2200,289.6031625613739
2,176,42733.64904696401,5.203551250695168,0,0.19751593019299715,0,2200,289.3004789771159
2,176.10000000000002,42704.73445414938,5.196414773715787,0,0.2351761505042999,0,2200,288.99140759878406
2,176.20000000000002,42675.85108332336,5.1892323354214716,0,0.24407097922697915,0,2200,288.6760392670694
2,176.3,42646.99955963157,5.182004494486701,0,0.24634620056642959,0,2200,288.3544649654421
2,176.4,42618.180499120615,5.1747318110118465,0,0.22785907513925668,0,2200,288.0267757983981
2,176.5,42589.394508713856,5.167414846401139,0,0.20518695463312317,0,2200,287.69306296992437
2,176.60000000000002,42560.64218621515,5.160054163240807,0,0.158664876593106,0,2200,287.3534177621768
2,176.70000000000002,42531.924120290205,5.152650325179005,0,0.08860402455608611,0,2200,287.0079315143925
2,176.8,42503.24089048058,5.145203896805831,0,0.02553724013302728,0,2200,286.65669560203065
2,176.9,42474.59306717757,5.137715443535754,0,0.12333017022275759,0,2200,286.2998014161594
2,177,42445.98121163994,5.13018553148986,0,0.2229619250092228,0,2200,285.937340343082
2,177.10000000000002,42417.40587599017,5.122614727379986,0,0.17509803836924667,0,2200,285.5694037442203
2,177.20000000000002,42388.86760321632,5.115003598393931,0,0.13966449155939897,0,2200,285.19608293625487
2,177.3,42360.36692717578,5.107352712081883,0,0.12547777895207712,0,2200,284.8174691715259
2,177.4,42331.90437259991,5.099662636244129,0,0.12661258655026966,0,2200,284.4336536187022
2,177.5,42303.480455120094,5.091933938819456,0,0.12356928087828113,0,2200,284.0447273437218
2,177.60000000000002,42275.09568125848,5.084167187775995,0,0.1457843034687564,0,2200,283.65078129101494
2,177.70000000000002,42246.75054845307,5.0763629510024035,0,0.17211872257107313,0,2200,283.25190626500165
2,177.8,42218.445545070805,5.068521796200829,0,0.17551852660458583,0,2200,282.8481929118786
2,177.9,42190.1811504215,5.0606442907813,0,0.12480065753186663,0,2200,282.4397317016958
2,178,42161.957834771834,5.052731001757538,0,0.11375670351703467,0,2200,282.0266129107228
2,178.10000000000002,42133.776059381664,5.044782495643618,0,0.09770887199034403,0,2200,281.6089266041117
2,178.20000000000002,42105.63627650589,5.036799338353146,0,0.1747420792862294,0,2200,281.18676261886435
2,178.3,42077.538929436356,5.028782095098766,0,0.29178287837931993,0,2200,280.7602105470939
2,178.4,42049.48445251305,5.020731330294113,0,0.2211400251045019,0,2200,280.3293597195987
2,178.5,42021.47327116039,5.012647607456586,0,0.20665909075810512,0,2200,279.89429918973804
2,178.60000000000002,41993.505801910535,5.004531489112056,0,0.18229158394456724,0,2200,279.45511771761994
2,178.70000000000002,41965.582452434115,4.996383536700961,0,0.12344900428621138,0,2200,279.01190375459964
2,178.8,41937.70362157188,4.988204310485941,0,0.13033346474568994,0,2200,278.5647454280905
2,178.9,41909.86969937291,4.979994369460913,0,0.1637422293778201,0,2200,278.1137305266906
2,179,41882.08106712159,4.971754271262094,0,0.173676180783089,0,2200,277.6589464856261
2,179.10000000000002,41854.338097381406,4.963484572080149,0,0.17506593750915475,0,2200,277.2004803725098
2,179.20000000000002,41826.64115402009,4.955185826574521,0,0.14853868476024526,0,2200,276.73841887341996
2,179.3,41798.990592268296,4.946858587788443,0,0.10409996536679125,0,2200,276.2728482792942
2,179.4,41771.38675873447,4.938503407066867,0,0.06665577496576776,0,2200,275.8038544726495
2,179.5,41743.82999147009,4.930120833974583,0,0.17795448950846351,0,2200,275.331522914613
2,179.60000000000002,41716.32061999943,4.921711416217043,0,0.2834392676005688,0,2200,274.85593863227996
2,179.70000000000002,41688.85896536335,4.91327569956244,0,0.22676321886965353,0,2200,274.37718620638884
2,179.8,41661.44534016866,4.904814227765288,0,0.2185067709206923,0,2200,273.89534975931423
2,179.9,41634.080048638396,4.896327542491662,0,0.2069955007073469,0,2200,273.41051294338087
2,180,41606.763386653736,4.88781618324634,0,0.1679479776117016,0,2200,272.9227589294982
2,180.10000000000002,41579.495641794056,4.879280687301685,0,0.17309501584366582,0,2200,272.43217039610903
2,180.20000000000002,41552.277093405835,4.870721589627344,0,0.21698899837204577,0,2200,271.9388295184542
2,180.3,41525.10801263712,4.862139422822627,0,0.2290345361348652,0,2200,271.4428179581589
2,180.4,41497.98866250273,4.853534717049677,0,0.2325200075207604,0,2200,270.9442168531269
2,180.5,41470.91929792613,4.8449079999689575,0,0.2000772639868502,0,2200,270.4431068077539
2,180.60000000000002,41443.90016579721,4.836259796675951,0,0.1589621279581881,0,2200,269.93956788344894
2,180.70000000000002,41416.93150503095,4.8275906296395,0,0.08593389778671601,0,2200,269.4336795894664
2,180.8,41390.01354661118,4.8189010186422,0,0.07265374890952088,0,2200,268.92552087404766
2,180.9,41363.146513666026,4.810191480721557,0,0.1610308867524966,0,2200,268.41517011586603
2,181,41336.33062150888,4.8014625301137475,0,0.07831183001629542,0,2200,267.90270511578103
2,181.10000000000002,41309.56607770361,4.792714678198337,0,0.11221655185516362,0,2200,267.3882030888905
2,181.20000000000002,41282.85308211576,4.783948433444988,0,0.14741938422609535,0,2200,266.87174065688384
2,181.3,41256.191826989874,4.775164301361065,0,0.21439023650736444,0,2200,266.3533938406907
2,181.4,41229.582496995106,4.766362784441745,0,0.2409924264519671,0,2200,265.83323805342985
2,181.5,41203.025269285776,4.757544382121266,0,0.24758669043761,0,2200,265.31134809364545
2,181.60000000000002,41176.52031357307,4.748709590725473,0,0.2719708694717392,0,2200,264.78779813883335
2,181.70000000000002,41150.06779217534,4.739858903426518,0,0.2496633320142744,0,2200,264.2626617392564
2,181.8,41123.6678600898,4.730992810198526,0,0.2299589814083867,0,2200,263.73601181203924
2,181.9,41097.32066506054,4.722111797774895,0,0.1620803188621003,0,2200,263.2079206355479
2,182,41071.026347626,4.713216349607741,0,0.10435306637121791,0,2200,262.6784598440474
2,182.10000000000002,41044.78504120186,4.704306945827814,0,0.14177720771386002,0,2200,262.1477004226279
2,182.20000000000002,41018.5968721332,4.695384063206835,0,0.07871963857729129,0,2200,261.61571270240916
2,182.3,40992.461959766224,4.686448175120738,0,0.16312564903167592,0,2200,261.0825663560076
2,182.4,40966.38041651249,4.677499751514612,0,0.11845222841407231,0,2200,260.54833039327036
2,182.5,40940.35234791692,4.668539258868987,0,0.07874141043929402,0,2200,260.0130731572692
2,182.60000000000002,40914.37785271928,4.659567160167768,0,0.1604043964596309,0,2200,259.47686232055275
2,182.70000000000002,40888.457022937946,4.6505839148669565,0,0.19320441779733125,0,2200,258.93976488164964
2,182.8,40862.589943909086,4.641589978866038,0,0.16851838566236554,0,2200,258.401847161829
2,182.9,40836.77669438161,4.632585804479196,0,0.18959779368435412,0,2200,257.8631748020969
2,183,40811.01734657306,4.623571840409024,0,0.1638409471867739,0,2200,257.3238127604448
2,183.10000000000002,40785.31196623575,4.6145485317212716,0,0.15100489024636535,0,2200,256.78382530933277
2,183.20000000000002,40759.660612734966,4.605516319820635,0,0.10241846422232438,0,2200,256.2432760334073
2,183.3,40734.063339104876,4.596475642428475,0,0.09072480091064598,0,2200,255.70222782745392
2,183.4,40708.520192127675,4.5874269335611855,0,0.15837233439165743,0,2200,255.16074289457214
2,183.5,40683.031212400645,4.578370623510222,0,0.13480764207924364,0,2200,254.6188827445783
2,183.60000000000002,40657.59643440787,4.569307138823248,0,0.19883847114585582,0,2200,254.07670819262637
2,183.70000000000002,40632.21588658262,4.560236902286792,0,0.10270350280131628,0,2200,253.53427935804572
2,183.8,40606.88959138002,4.551160332909855,0,0.05300572827381971,0,2200,252.99165566338812
2,183.9,40581.617565349676,4.542077845908742,0,0.12435599396839243,0,2200,252.44889583368354
2,184,40556.39981920365,4.532989852693204,0,0.19562727021630197,0,2200,251.90605789590083
2,184.10000000000002,40531.236357887276,4.523896760853689,0,0.17091579651188593,0,2200,251.36319917860666
2,184.20000000000002,40506.127180648036,4.514798974149804,0,0.16329012572105556,0,2200,250.82037631182223
2,184.3,40481.07228110451,4.505696892499902,0,0.1661831620211439,0,2200,250.27764522706875
2,184.4,40456.071647315286,4.496590911971784,0,0.1452917485934826,0,2200,249.73506115760333
2,184.5,40431.12526185159,4.487481424774414,0,0.13334202426149352,0,2200,249.19267863883624
2,184.60000000000002,40406.233101863414,4.478368819250869,0,0.118169566052662,0,2200,248.65055150892917
2,184.70000000000002,40381.395139160566,4.469253479871965,0,0.19510861058913953,0,2200,248.1087329095689
2,184.8,40356.61134026479,4.460135787231697,0,0.11901421206262047,0,2200,247.56727528691476
2,184.9,40331.8816664936,4.451016118042809,0,0.16493367899317654,0,2200,247.02623039270907
2,185,40307.20607401896,4.4418948451341045,0,0.10678125616492953,0,2200,246.48564928555663
2,185.10000000000002,40282.58451394364,4.432772337448193,0,0.07857817846378332,0,2200,245.94558233235892
2,185.20000000000002,40258.016932365485,4.423648960040563,0,0.16006056548897427,0,2200,245.40607920990828
2,185.3,40233.5032704575,4.414525074079159,0,0.2206056092322671,0,2200,244.86718890663076
2,185.4,40209.04346451815,4.405401036845677,0,0.20628013055458816,0,2200,244.3289597244818
2,185.5,40184.63744605612,4.396277201736827,0,0.20908146035821842,0,2200,243.79143928097983
2,185.60000000000002,40160.285141853616,4.3871539182670745,0,0.2142354838872796,0,2200,243.25467451138533
2,185.70000000000002,40135.986474026926,4.378031532072282,0,0.19842410145462014,0,2200,242.71871167101472
2,185.8,40111.74136010278,4.3689103849137965,0,0.17643654411262166,0,2200,242.1835963376846
2,185.9,40087.54971308913,4.359790814683499,0,0.14796038587411145,0,2200,241.64937341428848
2,186,40063.4114415301,4.350673155410076,0,0.18285091604289103,0,2200,241.11608713149823
2,186.10000000000002,40039.32644958515,4.341557737265437,0,0.0813765204603165,0,2200,240.58378105058506
2,186.20000000000002,40015.294637089595,4.332444886572383,0,0.09447298664906992,0,2200,240.05249806635968
2,186.3,39991.315899621695,4.32333492581285,0,0.05274486132968285,0,2200,239.52228041022806
2,186.4,39967.39012856968,4.314228173636887,0,0.11433321407749432,0,2200,238.9931696533549
2,186.5,39943.51721119881,4.305124944872328,0,0.19290753541479977,0,2200,238.46520670993638
2,186.60000000000002,39919.69703071285,4.296025550535313,0,0.27194454539854235,0,2200,237.93843184057664
2,186.70000000000002,39895.92946632765,4.286930297841155,0,0.2836465060418622,0,2200,237.41288465576272
2,186.8,39872.21439332515,4.277839490216376,0,0.2857787941236128,0,2200,236.88860411943938
2,186.9,39848.551683125086,4.268753427310912,0,0.3089164196310578,0,2200,236.3656285526729
2,187,39824.94120334182,4.259672405011319,0,0.2949512080929487,0,2200,235.84399563740823
2,187.10000000000002,39801.38281786349,4.250596715454012,0,0.2480256563996926,0,2200,235.32374242031102
2,187.20000000000002,39777.876386895776,4.2415266470399855,0,0.21978863822279315,0,2200,234.80490531669543
2,187.3,39754.421767039225,4.232462484449249,0,0.19774927668136133,0,2200,234.28752011452914
2,187.4,39731.01881134603,4.22340450865632,0,0.14377217416043944,0,2200,233.77162197851763
2,187.5,39707.66736937873,4.214352996946211,0,0.11663018909097127,0,2200,233.2572454542619
2,187.60000000000002,39684.36728728283,4.205308222930567,0,0.10217194297768699,0,2200,232.74442447248487
2,187.70000000000002,39661.118407837115,4.196270456564881,0,0.1074489561273165,0,2200,232.23319235333028
2,187.8,39637.92057051882,4.187239964165785,0,0.12454711511087314,0,2200,231.7235818107222
2,187.9,39614.77361156605,4.178217008428916,0,0.17597079746443411,0,2200,231.2156249567878
2,188,39591.67736403458,4.169201848447324,0,0.18152687762331568,0,2200,230.70935330634003
2,188.10000000000002,39568.63165785652,4.16019473973031,0,0.20352759974079881,0,2200,230.20479778141538
2,188.20000000000002,39545.63631990366,4.151195934222528,0,0.22771089003919343,0,2200,229.7019887158649
2,188.3,39522.69117404241,4.142205680323727,0,0.22264943480916996,0,2200,229.20095585999732
2,188.4,39499.79604119249,4.133224222908766,0,0.18862898235593176,0,2200,228.701728385268
2,188.5,39476.95073938463,4.1242518033480335,0,0.1568758256614293,0,2200,228.2043348890153
2,188.60000000000002,39454.15508382395,4.115288659528084,0,0.14264112454782998,0,2200,227.70880339923784
2,188.70000000000002,39431.408886930905,4.106335025873173,0,0.09974642805777453,0,2200,227.21516137941416
2,188.8,39408.711958421394,4.097391133366144,0,0.10921892639091475,0,2200,226.7234357333566
2,188.9,39386.06410533097,4.088457209571028,0,0.12587900966750779,0,2200,226.23365281010547
2,189,39363.46513210423,4.079533478654302,0,0.11129550871958828,0,2200,225.74583840884924
2,189.10000000000002,39340.91484062374,4.070620161407969,0,0.11055348097053477,0,2200,225.26001778388218
2,189.20000000000002,39318.413030275144,4.061717475271981,0,0.14406308754759614,0,2200,224.7762156495855
2,189.3,39295.959498003125,4.052825634357174,0,0.17240952590165115,0,2200,224.2944561854362
2,189.4,39273.55403835792,4.043944849468673,0,0.20381977383519337,0,2200,223.81476304103944
2,189.5,39251.19644354656,4.0350753281294045,0,0.24443671441027984,0,2200,223.33715934118212
2,189.60000000000002,39228.886503499,4.026217274603494,0,0.24561822504763797,0,2200,222.8616676909053
2,189.70000000000002,39206.62400590349,4.0173708899205955,0,0.20459439557000356,0,2200,222.3883101805965
2,189.8,39184.40873626899,4.008536371899787,0,0.17953418847137917,0,2200,221.91710839109402
2,189.9,39162.24047796894,3.9997139151740866,0,0.14222636634385322,0,2200,221.44808339880714
2,190,39140.11901229434,3.99090371121492,0,0.07713804242103535,0,2200,220.98125578084688
2,190.10000000000002,39118.04411850218,3.982105948356879,0,0.04966402853213923,0,2200,220.51664562016558
2,190.20000000000002,39096.01557387225,3.973320811822418,0,0.11367457702214609,0,2200,220.054272510705
2,190.3,39074.03315373883,3.964548483747295,0,0.05729868942053778,0,2200,219.594155562552
2,190.4,39052.09663155489,3.9557891432053682,0,0.09681395891258221,0,2200,219.13631340709412
2,190.5,39030.20577893499,3.947042966234032,0,0.17931494606224316,0,2200,218.68076420218196
2,190.60000000000002,39008.36036569625,3.9383101258597897,0,0.20883666333481252,0,2200,218.22752563729077
2,190.70000000000002,38986.56015991792,3.9295907921235074,0,0.2561575865339842,0,2200,217.7766149386804
2,190.8,38964.80492797401,3.920885132106382,0,0.28100236441937854,0,2200,217.32804887455535
2,190.9,38943.0944345817,3.912193309955625,0,0.2850179940377854,0,2200,216.88184376021871
2,191,38921.42844285723,3.9035154869100346,0,0.25963809345045397,0,2200,216.4380154632202
2,191.10000000000002,38899.806714341976,3.8948518213263443,0,0.22440971479291216,0,2200,215.99657940850153
2,191.20000000000002,38878.22900906671,3.886202468704718,0,0.17971735456858565,0,2200,215.55755058352827
2,191.3,38856.69508558046,3.8775675817151343,0,0.14319003620366538,0,2200,215.1209435434171
2,191.4,38835.20470099989,3.8689473102233154,0,0.10588787552620635,0,2200,214.6867724160487
2,191.5,38813.75761104282,3.860341801317053,0,0.11399707061455998,0,2200,214.25505090717098
2,191.60000000000002,38792.35357008595,3.8517511993320035,0,0.12107118663402398,0,2200,213.8257923054854
2,191.70000000000002,38770.99233119562,3.8431756458781186,0,0.16977013634599408,0,2200,213.3990094877237
2,191.8,38749.673646170646,3.8346152798658024,0,0.2319003466067292,0,2200,212.97471492370565
2,191.9,38728.39726558328,3.8260702375321043,0,0.2812146576346601,0,2200,212.5529206813806
2,192,38707.16293881368,3.8175406524670548,0,0.32955962741653133,0,2200,212.13363843185178
2,192.10000000000002,38685.970414100215,3.8090266556396197,0,0.3627606519225764,0,2200,211.7168794543797
2,192.20000000000002,38664.81943857018,3.8005283754240877,0,0.3697393483097296,0,2200,211.30265464136838
2,192.3,38643.7097582845,3.7920459376261024,0,0.3419542646477283,0,2200,210.89097450332844
2,192.4,38622.64111826662,3.783579465509021,0,0.31387461950268336,0,2200,210.4818491738203
2,192.5,38601.61326254625,3.775129079819883,0,0.2632594998517024,0,2200,210.0752884143718
2,192.60000000000002,38580.62593420129,3.766694898815388,0,0.21851433781986312,0,2200,209.67130161937453
2,192.70000000000002,38559.67887537833,3.758277038288294,0,0.18924114010163684,0,2200,209.269897820955
2,192.8,38538.77182734851,3.7498756115929517,0,0.14950671530358267,0,2200,208.87108569381957
2,192.9,38517.904530528,3.741490729671583,0,0.14642791829660062,0,2200,208.47487356007449
2,193,38497.07672451623,3.7331225010800773,0,0.13814041457328874,0,2200,208.08126939401836
2,193.10000000000002,38476.28814813588,3.7247710320136753,0,0.14089590166606308,0,2200,207.69028082690684
2,193.20000000000002,38455.538539463654,3.716436426332778,0,0.2299667302329289,0,2200,207.30191515168931
2,193.3,38434.82763585914,3.7081187855887108,0,0.2842461563785987,0,2200,206.91617932771732
2,193.4,38414.15517401043,3.6998182090490213,0,0.31168303985286766,0,2200,206.53307998542152
2,193.5,38393.520889950916,3.6915347937233287,0,0.31907656732513834,0,2200,206.15262343096126
2,193.60000000000002,38372.924519105814,3.6832686343883987,0,0.3036447391360908,0,2200,205.77481565084037
2,193.70000000000002,38352.36579630803,3.675019823613804,0,0.26319130051202205,0,2200,205.39966231649393
2,193.8,38331.84445585031,3.6667884517866662,0,0.21010204894187595,0,2200,205.02716878884127
2,193.9,38311.360231496394,3.6585746071371936,0,0.1997543164367699,0,2200,204.65734012280907
2,194,38290.912856521085,3.6503783757634607,0,0.18256601673663725,0,2200,204.2901810718193
2,194.10000000000002,38270.50206374377,3.64219984165622,0,0.16941617688858868,0,2200,203.92569609224475
2,194.20000000000002,38250.127585547976,3.6340390867238828,0,0.16629267095388617,0,2200,203.5638893478321
2,194.3,38229.789153918624,3.6258961908169884,0,0.14090462543559942,0,2200,203.2047647140891
2,194.4,38209.48650045972,3.6177712317529753,0,0.131991095940533,0,2200,202.84832578263865
2,194.5,38189.21935644001,3.609664285340193,0,0.18440825099234007,0,2200,202.49457586553572
2,194.60000000000002,38168.98745280411,3.6015754254025487,0,0.22331107167979067,0,2200,202.1435179995532
2,194.70000000000002,38148.79052020889,3.593504723803448,0,0.25243423356378414,0,2200,201.7951549504283
2,194.8,38128.62828904949,3.5854522504698223,0,0.2645709189115615,0,2200,201.44948921707592
2,194.9,38108.500489481725,3.5774180734160876,0,0.26174716661406433,0,2200,201.10652303576433
2,195,38088.40685144719,3.569402258767892,0,0.24364789720107696,0,2200,200.766258384256
2,195.10000000000002,38068.34710471425,3.5614048707853785,0,0.22703578677165007,0,2200,200.42869698590994
2,195.20000000000002,38048.3209788762,3.5534259718872097,0,0.17701649999640484,0,2200,200.093840313751
2,195.3,38028.32820340432,3.545465622673255,0,0.13475107784915966,0,2200,199.76168959449691
2,195.4,38008.368507653475,3.5375238819481423,0,0.08934062448193,0,2200,199.43224581255424
2,195.5,37988.441620891914,3.529600806744131,0,0.09912940305339221,0,2200,199.10550971397248
2,195.60000000000002,37968.54727232549,3.5216964523439374,0,0.0993891498583836,0,2200,198.7814818103632
2,195.70000000000002,37948.685191121884,3.513810872303393,0,0.18550306778623385,0,2200,198.46016238278068
2,195.8,37928.85510643013,3.5059441184740603,0,0.23958619257654915,0,2200,198.14155148556597
2,195.9,37909.05674740486,3.4980962410255425,0,0.26027576997669205,0,2200,197.8256489501522
2,196,37889.28984323144,3.4902672884676433,0,0.3025476832876122,0,2200,197.51245438883277
2,196.10000000000002,37869.55412313994,3.482457307672564,0,0.3048856524248123,0,2200,197.2019671984924
2,196.20000000000002,37849.849316434,3.4746663438966343,0,0.31544636843123874,0,2200,196.89418656429802
2,196.3,37830.175152510405,3.4668944408020503,0,0.29479100042356937,0,2200,196.5891114633549
2,196.4,37810.53136087768,3.459141640478477,0,0.2932127623472735,0,2200,196.28674066832258
2,196.5,37790.91767117474,3.4514079834644567,0,0.24201731879614555,0,2200,195.98707275099426
2,196.60000000000002,37771.33381319605,3.4436935087685105,0,0.17717290805534938,0,2200,195.6901060858371
2,196.70000000000002,37751.77951690741,3.4359982538902663,0,0.11906807490667164,0,2200,195.39583885349626
2,196.8,37732.25451246649,3.428322254841301,0,0.11030936299141418,0,2200,195.1042690442592
2,196.9,37712.7585302433,3.4206655461658095,0,0.08666126642200184,0,2200,194.81539446148386
2,197,37693.29130083136,3.413028160961286,0,0.1418823714786799,0,2200,194.52921272498867
2,197.10000000000002,37673.8525550738,3.4054101308987113,0,0.189908244467107,0,2200,194.24572127440396
2,197.20000000000002,37654.44202407822,3.3978114862428,0,0.1826423463558313,0,2200,193.96491737248675
2,197.3,37635.05943923816,3.39023225587193,0,0.2210299501475229,0,2200,193.68679810839765
2,197.4,37615.70453224331,3.3826724672981126,0,0.22224400864674437,0,2200,193.41136040094148
2,197.5,37596.37703509815,3.3751321466866218,0,0.23883252618877152,0,2200,193.13860100176902
2,197.60000000000002,37577.076680143364,3.36761131887537,0,0.2328520268785917,0,2200,192.86851649854174
2,197.70000000000002,37557.80320006609,3.360110007394336,0,0.24977973051552124,0,2200,192.6011033180608
2,197.8,37538.556327925064,3.3526282344845137,0,0.1848082075029717,0,2200,192.33635772935736
2,197.9,37519.33579715155,3.345166021117166,0,0.1293172502344974,0,2200,192.07427584674892
2,198,37500.14134158008,3.3377233870122787,0,0.0719491664205802,0,2200,191.8148536328552
2,198.10000000000002,37480.97269545216,3.330300350657404,0,0.04678858634993424,0,2200,191.55808690158065
2,198.20000000000002,37461.829593434,3.3228969293260104,0,0.08566745156128625,0,2200,191.30397132105963
2,198.3,37442.71177063789,3.3155131390956005,0,0.09964338309473639,0,2200,191.0525024165643
2,198.4,37423.618962621316,3.30814899486608,0,0.17791769589403075,0,2200,190.80367557337902
2,198.5,37404.55090542417,3.300804510377182,0,0.16394208677699568,0,2200,190.55748603963664
2,198.60000000000002,37385.50733555108,3.29347969822682,0,0.18057582332802788,0,2200,190.31392892912112
2,198.70000000000002,37366.487990014255,3.2861745698880256,0,0.20172581126923955,0,2200,190.07299922403232
2,198.8,37347.49260633439,3.278889135726572,0,0.21515330358075782,0,2200,189.83469177771855
2,198.9,37328.52092254441,3.271623405018338,0,0.2391010345851198,0,2200,189.59900131737263
2,199,37309.57267721556,3.2643773859660516,0,0.25313593127529976,0,2200,189.36592244669228
2,199.10000000000002,37290.647609465756,3.2571510857162123,0,0.20367453181181722,0,2200,189.13544964850772
2,199.20000000000002,37271.745458968915,3.249944510375809,0,0.13141304638068832,0,2200,188.90757728737378
2,199.3,37252.86596597079,3.2427576650287335,0,0.07909574229697713,0,2200,188.6822996121287
2,199.4,37234.00887129549,3.2355905537522043,0,0.0875961505649442,0,2200,188.45961075841885
2,199.5,37215.17391636036,3.2284431796328272,0,0.0821330445098529,0,2200,188.23950475118866
2,199.60000000000002,37196.36084318347,3.2213155447826547,0,0.1117371321602317,0,2200,188.02197550713947
2,199.70000000000002,37177.56939439941,3.2142076503548815,0,0.17927949293891451,0,2200,187.80701683715284
2,199.8,37158.79931326024,3.2071194965596614,0,0.17756449048449188,0,2200,187.59462244868266
2,199.9,37140.05034366436,3.2000510826792152,0,0.20548236883708076,0,2200,187.38478594811286
2,200,37121.322230144404,3.193002407083549,0,0.22985959925832442,0,2200,187.17750084308534
2,200.10000000000002,37102.61471788958,3.185973467245337,0,0.24547145796613848,0,2200,186.97276054479352
2,200.20000000000002,37083.92755275685,3.1789642597548444,0,0.26356971694970666,0,2200,186.77055837024386
2,200.3,37065.26048127003,3.17197478033492,0,0.2724841384662696,0,2200,186.57088754448827
2,200.4,37046.61325063743,3.1650050238554432,0,0.22667647497929444,0,2200,186.3737412028218
2,200.5,37027.98560875654,3.1580549843478702,0,0.1719186356678301,0,2200,186.1791123929515
2,200.60000000000002,37009.377304228954,3.1511246550194034,0,0.12512696424995434,0,2200,185.9869940771339
2,200.70000000000002,36990.78808636032,3.1442140282672852,0,0.08290144358899247,0,2200,185.79737913428147
2,200.8,36972.21770517249,3.1373230956926856,0,0.012252423051844352,0,2200,185.61026036203933
2,200.9,36953.66591141466,3.130451848114448,0,0.10241983011993339,0,2200,185.42563047883127
2,201,36935.13245656621,3.123600275582828,0,0.20566696893281747,0,2200,185.24348212587662
2,201.10000000000002,36916.617092841305,3.116768367393027,0,0.23291727975030774,0,2200,185.06380786917794
2,201.20000000000002,36898.11957320664,3.109956112098323,0,0.26014271964189706,0,2200,184.88660020147734
2,201.3,36879.63965138793,3.1031634975232545,0,0.3007196564971156,0,2200,184.71185154418654
2,201.4,36861.177081863396,3.096390510776875,0,0.3150132190625664,0,2200,184.53955424928765
2,201.5,36842.7316198824,3.0896371382653887,0,0.3122481803978597,0,2200,184.369700601204
2,201.60000000000002,36824.30302146915,3.082903365704895,0,0.320027361116351,0,2200,184.20228281864414
2,201.70000000000002,36805.891043431126,3.076189178133901,0,0.27775347392481803,0,2200,184.03729305641758
2,201.8,36787.495443358086,3.0694945599258383,0,0.25645103230632293,0,2200,183.87472340722357
2,201.9,36769.11597963981,3.0628194948010923,0,0.22060978808886972,0,2200,183.71456590341145
2,202,36750.752411460504,3.0561639658392936,0,0.14862264232353145,0,2200,183.5568125187149
2,202.10000000000002,36732.40449881554,3.049527955491052,0,0.10908933225809712,0,2200,183.40145516995926
2,202.20000000000002,36714.07200250868,3.0429114455899056,0,0.07050133623461159,0,2200,183.24848571874261
2,202.3,36695.75468415767,3.0363144173639514,0,0.11685893634470751,0,2200,183.09789597308986
2,202.4,36677.45230620261,3.0297368514472764,0,0.132078141945205,0,2200,182.94967768908165
2,202.5,36659.16463191621,3.0231787278912163,0,0.1798036584764988,0,2200,182.80382257245685
2,202.60000000000002,36640.891425395384,3.016640026175806,0,0.2183315311973607,0,2200,182.66032228019128
2,202.70000000000002,36622.632451578975,3.010120725220592,0,0.2385556965921581,0,2200,182.51916842204938
2,202.8,36604.38747624494,3.0036208033956986,0,0.24546610734995059,0,2200,182.3803525621126
2,202.9,36586.15626601502,2.9971402385325914,0,0.2511312135491789,0,2200,182.24386622028257
2,203,36567.93858837057,2.990679007934512,0,0.22101512916853397,0,2200,182.10970087375935
2,203.10000000000002,36549.73421163298,2.9842370883874048,0,0.2097425002477145,0,2200,181.97784795849805
2,203.20000000000002,36531.542904990725,2.9778144561698636,0,0.18778845243540715,0,2200,181.8482988706385
2,203.3,36513.3644384956,2.9714110870634896,0,0.12807393476242213,0,2200,181.72104496791383
2,203.4,36495.19858306274,2.9650269563630594,0,0.10557793032710831,0,2200,181.5960775710353
2,203.5,36477.045110477135,2.9586620388864198,0,0.08568763087153808,0,2200,181.47338796505397
2,203.60000000000002,36458.9037933955,2.9523163089843445,0,0.07230917324712974,0,2200,181.35296740069973
2,203.70000000000002,36440.7744053537,2.945989740550152,0,0.10809835493104375,0,2200,181.23480709569793
2,203.8,36422.656720771454,2.939682307029241,0,0.16393724663495893,0,2200,181.11889823606435
2,203.9,36404.55051493831,2.9333939814288317,0,0.2164879733192668,0,2200,181.00523197737834
2,204,36386.45556404069,2.9271247363268307,0,0.238873457041597,0,2200,180.89379944603294
2,204.10000000000002,36368.371645150706,2.9208745438812724,0,0.2357346855796227,0,2200,180.78459174046543
2,204.20000000000002,36350.298536233604,2.914643375839277,0,0.24354045391934143,0,2200,180.67759993236663
2,204.3,36332.23601614963,2.908431203545998,0,0.22523725318437382,0,2200,180.57281506786845
2,204.4,36314.18386464659,2.9022379979536006,0,0.21558814609804058,0,2200,180.47022816871194
2,204.5,36296.14186238404,2.896063729629554,0,0.19167404484816777,0,2200,180.36983023339323
2,204.60000000000002,36278.10979091562,2.889908368765552,0,0.1652208160529381,0,2200,180.27161223829233
2,204.70000000000002,36260.087432697415,2.8837718851858405,0,0.09838110161018616,0,2200,180.17556513877963
2,204.8,36242.074571094476,2.8776542483554612,0,0.05460668815294882,0,2200,180.08167987030373
2,204.9,36224.0709903799,2.8715554273885124,0,0.09785936533352843,0,2200,179.98994734946032
2,205,36206.076475730166,2.8654753910563504,0,0.13551320784907872,0,2200,179.90035847504168
2,205.10000000000002,36188.090813238174,2.859414107795361,0,0.20677077798831148,0,2200,179.81290412906702
2,205.20000000000002,36170.11378990859,2.85337154571494,0,0.2430601906026966,0,2200,179.72757517779527
2,205.3,36152.1451936597,2.847347672605227,0,0.266915074036531,0,2200,179.64436247271848
2,205.4,36134.18481332343,2.8413424559447717,0,0.27260358445381955,0,2200,179.5632568515382
2,205.5,36116.232438652776,2.835355862907951,0,0.2692128699251322,0,2200,179.48424913912243
2,205.60000000000002,36098.28786031157,2.8293878603725884,0,0.26555025971774443,0,2200,179.40733014844713
2,205.70000000000002,36080.350869891234,2.8234384149269847,0,0.26793507400315664,0,2200,179.33249068151824
2,205.8,36062.42125989869,2.8175074928773567,0,0.24559096656630475,0,2200,179.25972153027806
2,205.9,36044.49882376008,2.8115950602548807,0,0.21771340820630006,0,2200,179.18901347749446
2,206,36026.58335583471,2.8057010828224582,0,0.14955862122111152,0,2200,179.12035729763218
2,206.10000000000002,36008.67465138994,2.799825526082053,0,0.07674560558446428,0,2200,179.0537437577102
2,206.20000000000002,35990.772506628186,2.7939683552810206,0,0.12035966411458991,0,2200,178.98916361813968
2,206.3,35972.8767186692,2.78812953541911,0,0.19009889854993095,0,2200,178.92660763354905
2,206.4,35954.987085558474,2.782309031254907,0,0.26203074767157425,0,2200,178.86606655359066
2,206.5,35937.103406270966,2.776506807312269,0,0.3086331889368028,0,2200,178.80753112373336
2,206.60000000000002,35919.22548070457,2.77072282788683,0,0.3347239713856622,0,2200,178.75099208603976
2,206.70000000000002,35901.35310968198,2.764957057052259,0,0.3349011811440201,0,2200,178.69644017992815
2,206.8,35883.486094955355,2.7592094586663802,0,0.3342028511749959,0,2200,178.6438661429184
2,206.9,35865.62423919793,2.7534799963774166,0,0.3375298276561518,0,2200,178.5932607113651
2,207,35847.7673460152,2.7477686336298093,0,0.33066939964809866,0,2200,178.5446146211746
2,207.10000000000002,35829.91521993466,2.742075333670302,0,0.31377792979966973,0,2200,178.49791860850843
2,207.20000000000002,35812.0676664114,2.736400059553664,0,0.2751615088177593,0,2200,178.45316341047285
2,207.3,35794.22449182626,2.7307427741484527,0,0.22280816174303514,0,2200,178.41033976579354
2,207.4,35776.385503489524,2.7251034401425893,0,0.14618285809635287,0,2200,178.36943841547773
2,207.5,35758.5505096335,2.7194820200490297,0,0.0375613837334151,0,2200,178.33045010346248
2,207.60000000000002,35740.71931941621,2.7138784762111636,0,0.13663274443338067,0,2200,178.29336557724918
2,207.70000000000002,35722.8917429205,2.708292770808198,0,0.20194859224388553,0,2200,178.2581755885255
2,207.8,35705.06759115774,2.7027248658603846,0,0.24785114917579082,0,2200,178.22487089377387
2,207.9,35687.24667605944,2.697174723234361,0,0.26778976929218956,0,2200,178.1934422548684
2,208,35669.42881048098,2.6916423046482003,0,0.27492102473600344,0,2200,178.1638804396574
2,208.10000000000002,35651.61380820256,2.686127571676428,0,0.25841231889359506,0,2200,178.13617622253528
2,208.20000000000002,35633.80148392357,2.680630485755069,0,0.24831915055559395,0,2200,178.11032038500161
2,208.3,35615.991653267294,2.675151008186433,0,0.2374296871204533,0,2200,178.08630371620777
2,208.4,35598.18413277622,2.669689100143984,0,0.20577792012002238,0,2200,178.06411701349256
2,208.5,35580.378739913926,2.6642447226770196,0,0.17066113449469833,0,2200,178.04375108290552
2,208.60000000000002,35562.57529306412,2.6588178367153144,0,0.10857710606373651,0,2200,178.0251967397196
2,208.70000000000002,35544.773611526005,2.6534084030737497,0,0.04778561121000511,0,2200,178.0084448089316
2,208.8,35526.97351551242,2.648016382456817,0,0.08772924784905448,0,2200,177.9934861257525
2,208.9,35509.174826161936,2.64264173546283,0,0.053275090867499666,0,2200,177.98031153608505
2,209,35491.377365520224,2.637284422588548,0,0.11688247420144421,0,2200,177.96891189699363
2,209.10000000000002,35473.580956550315,2.631944404233264,0,0.17399462446157,0,2200,177.9592780771609
2,209.20000000000002,35455.78542312235,2.6266216407031497,0,0.2059388080200848,0,2200,177.95140095733464
2,209.3,35437.99059002474,2.6213160922151837,0,0.22924767953006714,0,2200,177.94527143076462
2,209.4,35420.19628295489,2.6160277189013423,0,0.23865675198162076,0,2200,177.94088040362954
2,209.5,35402.40232851356,2.6107564808126535,0,0.2585920933301591,0,2200,177.93821879545362
2,209.60000000000002,35384.60855421331,2.605502337922959,0,0.2261348169989512,0,2200,177.93727753951345
2,209.70000000000002,35366.814788470976,2.6002652501328645,0,0.19100508189318152,0,2200,177.9380475832353
2,209.8,35349.020860606804,2.5950451772735224,0,0.14935160610750062,0,2200,177.9405198885828
2,209.9,35331.22660085,2.5898420791102335,0,0.12162968107864804,0,2200,177.9446854324351
2,210,35313.43184032384,2.5846559153463167,0,0.11289605776229114,0,2200,177.9505352069571
2,210.10000000000002,35295.636411056854,2.5794866456264973,0,0.1450244413046126,0,2200,177.9580602199584
2,210.20000000000002,35277.840145970695,2.5743342295406006,0,0.12103990360151982,0,2200,177.96725149524553
2,210.3,35260.04287889134,2.5691986266268123,0,0.14862702467264363,0,2200,177.97810007296357
2,210.4,35242.244444535114,2.5640797963752826,0,0.1762485010550445,0,2200,177.99059700993084
2,210.5,35224.44467850868,2.5589776982314323,0,0.22538881352165024,0,2200,178.00473337996436
2,210.60000000000002,35206.643417314626,2.553892291599121,0,0.24909871782472723,0,2200,178.0205002741961
2,210.70000000000002,35188.84049835056,2.5488235358438645,0,0.28854806429793955,0,2200,178.0378888013826
2,210.8,35171.03575989511,2.5437713902961825,0,0.31861517880205037,0,2200,178.056890088206
2,210.9,35153.22904111259,2.5387358142546037,0,0.2686579717241097,0,2200,178.0774952795665
2,211,35135.42018205393,2.5337167669886704,0,0.24830669296850763,0,2200,178.09969553886705
2,211.10000000000002,35117.60902365483,2.5287142077419325,0,0.20463606080032112,0,2200,178.12348204829146
2,211.20000000000002,35099.795407731086,2.523728095734929,0,0.14365808070805763,0,2200,178.1488460090741
2,211.3,35081.979176974855,2.5187583901680934,0,0.12057491914096234,0,2200,178.17577864176252
2,211.4,35064.16017495934,2.5138050502244838,0,0.16015504071378378,0,2200,178.20427118647194
2,211.5,35046.33824612666,2.5088680350727133,0,0.1284519029450056,0,2200,178.23431490313433
2,211.60000000000002,35028.513235798106,2.503947303869476,0,0.1718323275000931,0,2200,178.26590107173814
2,211.70000000000002,35010.68499016203,2.499042815762381,0,0.221626303781446,0,2200,178.2990209925634
2,211.8,34992.85335627664,2.4941545298924934,0,0.2688181046822025,0,2200,178.33366598640814
2,211.9,34975.01818207186,2.489282405396844,0,0.3002426782127883,0,2200,178.36982739480916
2,212,34957.1793163307,2.4844264014111928,0,0.3363307877876405,0,2200,178.4074965802566
2,212.10000000000002,34939.33660871349,2.479586477072109,0,0.36709437858897165,0,2200,178.44666492640005
2,212.20000000000002,34921.48990972992,2.4747625915197746,0,0.32335889102927806,0,2200,178.48732383825126
2,212.3,34903.63907075487,2.4699547039000866,0,0.30229707457041843,0,2200,178.5294647423775
2,212.4,34885.78394401632,2.4651627733671364,0,0.26101388529127545,0,2200,178.57307908709166
2,212.5,34867.92438259814,2.460386759085411,0,0.20082139294471577,0,2200,178.61815834263408
2,212.60000000000002,34850.06024043076,2.4556266202321324,0,0.16659225681858766,0,2200,178.66469400134952
2,212.70000000000002,34832.19137229957,2.4508823159992845,0,0.1684925087817825,0,2200,178.71267757785827
2,212.8,34814.3176338356,2.446153805595866,0,0.11693404036806906,0,2200,178.7621006092212
2,212.9,34796.43888151739,2.44144104824993,0,0.09848754189989041,0,2200,178.81295465509942
2,213,34778.55497266166,2.436744003210739,0,0.11805620180296937,0,2200,178.86523129790902
2,213.10000000000002,34760.665765428916,2.432062629750665,0,0.18059125769395004,0,2200,178.91892214296877
2,213.20000000000002,34742.77111881878,2.427396887167194,0,0.21252662686910917,0,2200,178.97401881864425
2,213.3,34724.870892662555,2.4227467347849334,0,0.24277667139448095,0,2200,179.03051297648597
2,213.4,34706.96494762972,2.4181121319573675,0,0.28030299317233104,0,2200,179.08839629136196
2,213.5,34689.05314522516,2.413493038068714,0,0.249901507749021,0,2200,179.14766046158655
2,213.60000000000002,34671.13534777146,2.4088894125359595,0,0.21410020923162262,0,2200,179.2082972090433
2,213.70000000000002,34653.21141842194,2.4043012148104,0,0.17865702333794217,0,2200,179.27029827930247
2,213.8,34635.281221159734,2.399728404379346,0,0.15007617189877331,0,2200,179.33365544173526
2,213.9,34617.344620785676,2.3951709407679678,0,0.11321802020396225,0,2200,179.39836048962258
2,214,34599.40148292016,2.39062878354088,0,0.1544284388658387,0,2200,179.46440524025903
2,214.10000000000002,34581.45167400222,2.38610189230374,0,0.1102953773748116,0,2200,179.53178153505291
2,214.20000000000002,34563.49506128207,2.381590226704902,0,0.03791086148458495,0,2200,179.60048123962133
2,214.3,34545.53151282482,2.3770937464368727,0,0.07926120515427873,0,2200,179.6704962438811
2,214.4,34527.56089750212,2.3726124112379092,0,0.13945609719240215,0,2200,179.7418184621358
2,214.5,34509.583085000515,2.368146180893333,0,0.17812568847194174,0,2200,179.8144398331579
2,214.60000000000002,34491.597945801914,2.3636950152372225,0,0.21745471572538402,0,2200,179.8883523202676
2,214.70000000000002,34473.6053511966,2.3592588741535927,0,0.2529755721912982,0,2200,179.96354791140752
2,214.8,34455.605173275806,2.354837717577844,0,0.22989755627106423,0,2200,180.0400186192127
2,214.9,34437.59728492517,2.350431505498157,0,0.19856209805133918,0,2200,180.11775648107746
2,215,34419.58155982569,2.346040197956754,0,0.16779801730946192,0,2200,180.19675355921856
2,215.10000000000002,34401.55787245091,2.341663755051176,0,0.13567743630850168,0,2200,180.27700194073415
2,215.20000000000002,34383.52609806508,2.337302136935523,0,0.0913419331210997,0,2200,180.3584937376596
2,215.3,34365.486112721264,2.3329553038216573,0,0.12215263208378856,0,2200,180.44122108701865
2,215.4,34347.43779325485,2.328623215980438,0,0.10043488416243147,0,2200,180.52517615087362
2,215.5,34329.38101728447,2.324305833742834,0,0.06774403131273717,0,2200,180.61035111636858
2,215.60000000000002,34311.31566321105,2.3200031175010194,0,0.10055320220731508,0,2200,180.6967381957721
2,215.70000000000002,34293.24161021132,2.315715027709525,0,0.1743442999552848,0,2200,180.7843296265158
2,215.8,34275.15873823594,2.3114415248862983,0,0.20898504059803966,0,2200,180.87311767122912
2,215.9,34257.06692800671,2.307182569613739,0,0.2282558226510832,0,2200,180.96309461777165
2,216,34238.966061023064,2.3029381225395835,0,0.26332831022679426,0,2200,181.05425277926167
2,216.10000000000002,34220.85601954162,2.2987081443781405,0,0.24437260828723176,0,2200,181.146584494103
2,216.20000000000002,34202.73668659292,2.294492595910977,0,0.23930647785559836,0,2200,181.2400821260069
2,216.3,34184.60794596281,2.2902914379880666,0,0.21639315706077408,0,2200,181.33473806401318
2,216.4,34166.469682202674,2.286104631528518,0,0.16234093791894894,0,2200,181.43054472250662
2,216.5,34148.32178061735,2.2819321375215833,0,0.12863558751512327,0,2200,181.5274945412317
2,216.60000000000002,34130.164127266966,2.2777739170274476,0,0.10556754566504625,0,2200,181.6255799853047
2,216.70000000000002,34111.996608963236,2.2736299311780743,0,0.048557203145143106,0,2200,181.72479354522218
2,216.8,34093.81911327224,2.269500141177925,0,0.13387911625953328,0,2200,181.82512773686767
2,216.9,34075.63152850326,2.2653845083048703,0,0.09248860478608394,0,2200,181.92657510151562
2,217,34057.433743706904,2.2612829939109207,0,0.07776345535224527,0,2200,182.02912820583308
2,217.10000000000002,34039.225648682564,2.2571955594228257,0,0.09371356579614011,0,2200,182.13277964187782
2,217.20000000000002,34021.00713396538,2.253122166342923,0,0.12358374538052143,0,2200,182.2375220270958
2,217.3,34002.7780908281,2.249062776249768,0,0.15333536311200419,0,2200,182.34334800431495
2,217.4,33984.53841128014,2.2450173507987654,0,0.14757069832007597,0,2200,182.45025024173714
2,217.5,33966.28798805829,2.2409858517229084,0,0.14963627401104143,0,2200,182.55822143292806
2,217.60000000000002,33948.02671463229,2.236968240833286,0,0.14012105584469886,0,2200,182.66725429680446
2,217.70000000000002,33929.754485197365,2.232964480019742,0,0.09239200563416411,0,2200,182.77734157761992
2,217.8,33911.47119467147,2.2289745312514637,0,0.06792850057933947,0,2200,182.88847604494802
2,217.9,33893.1767386999,2.224998356577429,0,0.07267838404378305,0,2200,183.00065049366285
2,218,33874.871013640426,2.221035918127123,0,0.10486193620647076,0,2200,183.11385774391985
2,218.10000000000002,33856.553916573524,2.2170871781108694,0,0.19799430422867156,0,2200,183.22809064113162
2,218.20000000000002,33838.225345289335,2.213152098820476,0,0.14169031858273354,0,2200,183.34334205594436
2,218.3,33819.88519829046,2.2092306426296355,0,0.11336636287271135,0,2200,183.45960488421107
2,218.4,33801.53337479383,2.205322771994326,0,0.10119112401549334,0,2200,183.57687204696285
2,218.5,33783.16977471113,2.2014284494534815,0,0.09103355033815975,0,2200,183.69513649038026
2,218.60000000000002,33764.79429867212,2.197547637629061,0,0.11765901880679216,0,2200,183.81439118575946
2,218.70000000000002,33746.40684799943,2.1936802992267603,0,0.1261446534399339,0,2200,183.93462912948095
2,218.8,33728.00732471794,2.1898263970362373,0,0.15533148701154462,0,2200,184.0558433429731
2,218.9,33709.59563154727,2.1859858939315457,0,0.14269204245448616,0,2200,184.17802687267627
2,219,33691.1716719009,2.182158752871463,0,0.13803527113040487,0,2200,184.30117279000396
2,219.10000000000002,33672.735349890776,2.1783449368997343,0,0.06017603968062022,0,2200,184.42527419130352
2,219.20000000000002,33654.28657030966,2.1745444091455863,0,0.04861707291401028,0,2200,184.55032419781486
2,219.3,33635.82523863856,2.170757132823902,0,0.15127260657049948,0,2200,184.67631595562798
2,219.4,33617.35126104392,2.1669830712355016,0,0.21810610405061728,0,2200,184.8032426356382
2,219.5,33598.864544372074,2.1632221877674622,0,0.18314835212041136,0,2200,184.93109743350135
2,219.60000000000002,33580.36499615293,2.159474445893283,0,0.14048033789819203,0,2200,185.05987356958656
2,219.70000000000002,33561.852524587885,2.1557398091732574,0,0.13108449745222778,0,2200,185.18956428892866
2,219.8,33543.32703855727,2.1520182412545594,0,0.13692709030961617,0,2200,185.32016286117843
2,219.9,33524.7884476129,2.148309705871527,0,0.13556144811466012,0,2200,185.4516625805522
2,220,33506.236661970615,2.1446141668459147,0,0.1656118875131046,0,2200,185.5840567657804
2,220.10000000000002,33487.67159251962,2.1409315880869264,0,0.20465049688333797,0,2200,185.71733876005382
2,220.20000000000002,33469.09315080661,2.1372619335915526,0,0.19306733043469967,0,2200,185.8515019309705
2,220.3,33450.50124904979,2.133605167444514,0,0.1830782974200882,0,2200,185.98653967047943
2,220.4,33431.89580011554,2.1299612538186725,0,0.10813543117728103,0,2200,186.12244539482575
2,220.5,33413.276717538945,2.126330156974854,0,0.03969314225234226,0,2200,186.2592125444922
2,220.60000000000002,33394.64391549956,2.1227118412622543,0,0.13864943394130252,0,2200,186.39683458414166
2,220.70000000000002,33375.997308834456,2.1191062711183335,0,0.1987296496869711,0,2200,186.53530500255732
2,220.8,33357.33681303635,2.115513411068902,0,0.1862507987224937,0,2200,186.67461731258302
2,220.9,33338.66234423127,2.1119332257284547,0,0.18060690171831037,0,2200,186.81476505106238
2,221,33319.97381920274,2.1083656797998875,0,0.19124823678207323,0,2200,186.9557417787756
2,221.10000000000002,33301.2711553704,2.104810738074803,0,0.1934472083740261,0,2200,187.09754108037788
2,221.20000000000002,33282.55427079834,2.1012683654334072,0,0.20197701648741023,0,2200,187.24015656433517
2,221.3,33263.8230841849,2.097738526844646,0,0.23684059972489233,0,2200,187.38358186285987
2,221.4,33245.0775148673,2.0942211873661285,0,0.258470884270615,0,2200,187.5278106318454
2,221.5,33226.31748281326,2.090716312144218,0,0.2545515282756776,0,2200,187.67283655080024
2,221.60000000000002,33207.54290862568,2.0872238664139373,0,0.23044416670225362,0,2200,187.81865332278136
2,221.70000000000002,33188.75371353142,2.0837438154990684,0,0.17862814940403834,0,2200,187.96525467432673
2,221.8,33169.94981938414,2.080276124812065,0,0.10647684442681554,0,2200,188.11263435538706
2,221.9,33151.13114866428,2.076820759853988,0,0.043495891167272836,0,2200,188.26078613925725
2,222,33132.29762446787,2.073377686214577,0,0.06446676498268142,0,2200,188.4097038225068
2,222.10000000000002,33113.44917051494,2.0699468695720586,0,0.15324032523339431,0,2200,188.5593812249097
2,222.20000000000002,33094.58571114112,2.066528275693163,0,0.10517711603550454,0,2200,188.70981218937433
2,222.3,33075.70717129856,2.0631218704330143,0,0.058846984831097966,0,2200,188.86099058187168
2,222.4,33056.813476551324,2.0597276197350745,0,0.10565666864622467,0,2200,189.01291029136445
2,222.5,33037.904553070664,2.0563454896310893,0,0.1300890325356097,0,2200,189.16556522973445
2,222.60000000000002,33018.980327636,2.0529754462409464,0,0.13164328862368438,0,2200,189.31894933170972
2,222.70000000000002,33000.040727634914,2.0496174557725393,0,0.1653238615729454,0,2200,189.47305655479187
2,222.8,32981.08568105567,2.046271484521722,0,0.15106949177329945,0,2200,189.6278808791821
2,222.9,32962.11511648819,2.042937498872137,0,0.140659608091904,0,2200,189.78341630770734
2,223,32943.12896311842,2.0396154652951366,0,0.08233565092220713,0,2200,189.9396568657459
2,223.10000000000002,32924.12715073209,2.036305350349561,0,0.05172895070990373,0,2200,190.09659660115216
2,223.20000000000002,32905.109609710984,2.0330071206816123,0,0.12053427588877058,0,2200,190.25422958418199
2,223.3,32886.07627102267,2.0297207430248014,0,0.11453679798307528,0,2200,190.4125499074171
2,223.4,32867.02706622798,2.0264461841996693,0,0.18416221150083467,0,2200,190.57155168568877
2,223.5,32847.96192747541,2.0231834111136506,0,0.11120077862974484,0,2200,190.73122905600204
2,223.60000000000002,32828.880787496455,2.0199323907609363,0,0.04754971248607796,0,2200,190.8915761774591
2,223.70000000000002,32809.78357960656,2.0166930902222506,0,0.10550162476760507,0,2200,191.05258723118226
2,223.8,32790.67023770511,2.013465476664632,0,0.15980758187581123,0,2200,191.21425642023723
2,223.9,32771.54069626331,2.0102495173413626,0,0.13120356342953104,0,2200,191.376577969556
2,224,32752.39489033725,2.007045179591578,0,0.13847756287304597,0,2200,191.53954612585875
2,224.10000000000002,32733.23275554832,2.0038524308402685,0,0.12722591402203962,0,2200,191.7031551575767
2,224.20000000000002,32714.054228099063,2.0006712385978513,0,0.11414064090639167,0,2200,191.86739935477357
2,224.3,32694.859244757332,1.9975015704601116,0,0.1013774516873829,0,2200,192.03227302906825
2,224.4,32675.64774285257,1.994343394107996,0,0.11228908526406098,0.7161091711266542,2198.187376977156,192.1977705135563
3,224.5,32656.422567712143,1.9905931807457082,0,0.11899873961413478,0.7150550879062273,2196.377422060783,192.30573844824917
3,224.60000000000002,32637.18657976482,1.9868503980815415,0,0.1818440674381888,0.713861490367457,2194.570488390982,192.41402662061688
3,224.70000000000002,32617.939742592163,1.9831160001249302,0,0.2144238619992059,0.7126723710153522,2192.766564632521,192.52272294252802
3,224.8,32598.682015642524,1.9793899771649452,0,0.23311024985839934,0.7114879402617474,2190.96563891757,192.63182209729362
3,224.9,32579.413358911872,1.9756723179878721,0,0.27369891225866494,0.7103081775386509,2189.167699430361,192.74131862796912
3,225,32560.1337329261,1.9719630114247089,0,0.2267067358227286,0.7091330620127212,2187.3727344078607,192.8512070874871
3,225.10000000000002,32540.84309877176,1.9682620463529235,0,0.2079263855014076,0.7079625729551018,2185.5807321395037,192.96148203895038
3,225.20000000000002,32521.54141806625,1.9645694116964627,0,0.17590967803205929,0.7067966897411474,2183.79168096693,193.07213805568625
3,225.3,32502.228652978316,1.960885096425147,0,0.1092873783355068,0.7056353918500016,2182.005569283723,193.18316972129813
3,225.4,32482.90476620663,1.9572090895545675,0,0.10897619004029625,0.7044786588638149,2180.2223855351476,193.29457162971858
3,225.5,32463.569721004926,1.9535413801454284,0,0.13746949030260364,0.7033264704672655,2178.4421182178908,193.40633838526136
3,225.60000000000002,32444.22348115407,1.9498819573035167,0,0.22828515128056903,0.7021788064467542,2176.6647558798045,193.5184646026743
3,225.70000000000002,32424.86601097323,1.9462308101792078,0,0.1346535381481657,0.7010356466899789,2174.8902871196497,193.63094490719166
3,225.8,32405.49727532454,1.9425879279670455,0,0.1006232485652444,0.6998969711852375,2173.1187005868405,193.74377393458556
3,225.9,32386.117239604704,1.938953299905483,0,0.12899093373355927,0.698762760020778,2171.349984981192,193.85694633121955
3,226,32366.725869745016,1.9353269152765102,0,0.16745457846596648,0.6976329933842486,2169.5841290526687,193.97045675409998
3,226.10000000000002,32347.323132204823,1.9317087634053705,0,0.20583211017700323,0.6965076515620893,2167.821121601134,194.08429987092882
3,226.20000000000002,32327.908993985504,1.9280988336600238,0,0.2571553382918857,0.695386714938974,2166.0609514761027,194.19847036015545
3,226.3,32308.48342261184,1.9244971154509998,0,0.20214461806141398,0.6942701639971138,2164.3036075764917,194.31296291102942
3,226.4,32289.046386143193,1.9209035982308993,0,0.17767161316147304,0.6931579793157909,2162.549078850377,194.42777222365203
3,226.5,32269.597853168845,1.9173182714940749,0,0.15102019000913625,0.6920501415706892,2160.7973542947484,194.54289300902894
3,226.60000000000002,32250.137792808004,1.9137411247762592,0,0.09496726671430351,0.6909466315333384,2159.0484229552662,194.65831998912267
3,226.70000000000002,32230.66617469862,1.910172147654327,0,0.12228211872305877,0.6898474300705291,2157.3022739260223,194.77404789690442
3,226.8,32211.18296901416,1.9066113297457223,0,0.16604231327019148,0.6887525181438106,2155.5588963492974,194.8900714764064
3,226.9,32191.688146450557,1.9030586607082367,0,0.2516970948569753,0.6876618768087966,2153.8182794153254,195.0063854827745
3,227,32172.181678225286,1.8995141302396463,0,0.156712731699897,0.686575487214684,2152.080412362055,195.12298468231998
3,227.10000000000002,32152.66353608109,1.8959777280772885,0,0.10896178001751795,0.685493330603687,2150.3452844749154,195.2398638525725
3,227.20000000000002,32133.133692282252,1.8924494439977309,0,0.14571978194112561,0.6844153883104476,2148.612885086581,195.3570177823317
3,227.3,32113.592119609937,1.8889292678164462,0,0.183578390119353,0.6833416417614977,2146.883203576741,195.47444127172037
3,227.4,32094.038791369647,1.8854171893873446,0,0.21234308541216618,0.682272072474732,2145.1562293718644,195.59212913223647
3,227.5,32074.473681380972,1.8819131986025137,0,0.2717075408030529,0.6812066620588029,2143.4319519449746,195.71007618680582
3,227.60000000000002,32054.896763986908,1.878417285391727,0,0.21653707100060435,0.6801453922126368,2141.710360815418,195.8282772698343
3,227.70000000000002,32035.308014040813,1.8749294397222163,0,0.17549893118336096,0.6790882447248248,2139.991445548638,195.94672722726088
3,227.8,32015.707406910136,1.8714496515982404,0,0.1376346155183121,0.6780352014731643,2138.2751957559485,196.06542091661015
3,227.9,31996.094918480143,1.8679779110606631,0,0.11294269750856116,0.676986244424093,2136.5616010943118,196.18435320704484
3,228,31976.470525148325,1.8645142081866273,0,0.08583292507738392,0.675941355632127,2134.8506512661124,196.30351897941839
3,228.10000000000002,31956.83420381788,1.8610585330892468,0,0.1331983837335967,0.6749005172393633,2133.1423360189374,196.42291312632867
3,228.20000000000002,31937.185931905173,1.857610875917132,0,0.23860655835855166,0.6738637114749909,2131.436645145356,196.54253055216967
3,228.3,31917.52568734158,1.8541712268539834,0,0.13923758479627235,0.6728309206547155,2129.7335684826994,196.6623661731852
3,228.4,31897.8534485586,1.850739576118369,0,0.12280765011781718,0.6718021271802228,2128.0330959128446,196.7824149175218
3,228.5,31878.169194496237,1.8473159139632447,0,0.14874087833517174,0.670777313538755,2126.335217361996,196.90267172528195
3,228.60000000000002,31858.472904602997,1.843900230675558,0,0.19497801618537994,0.6697564623025387,2124.6399228004725,197.0231315485769
3,228.70000000000002,31838.76455882471,1.8404925165759871,0,0.23585927703816068,0.6687395561282705,2122.9472022424916,197.14378935158035
3,228.8,31819.044137617573,1.8370927620183983,0,0.2864277296017316,0.6677265777566781,2121.2570457459583,197.2646401105814
3,228.9,31799.3116219379,1.833700957389571,0,0.24325536946698575,0.6667175100119292,2119.5694434122533,197.38567881403824
3,229,31779.566993238404,1.830317093108848,0,0.2162011173426217,0.6657123358011929,2117.8843853860226,197.50690046263162
3,229.10000000000002,31759.810233478434,1.82694115962762,0,0.18123853413550514,0.664711038114162,2116.2018618549682,197.62830006931833
3,229.20000000000002,31740.041325107217,1.823573147429123,0,0.15194652809100298,0.6637136000224891,2114.5218630496424,197.7498726593853
3,229.3,31720.260251074098,1.820213047027924,0,0.10537865313759243,0.6627200046793993,2112.84437924324,197.8716132705027
3,229.4,31700.466994823888,1.8168608489695781,0,0.11052189184989977,0.6617302353191326,2111.169400751393,197.99351695277824
3,229.5,31680.661540299654,1.8135165438301988,0,0.19286831668843538,0.6607442752564845,2109.4969179319673,198.11557876881105
3,229.60000000000002,31660.843871930614,1.8101801222161962,0,0.18197459454596565,0.6597621078863047,2107.8269211848606,198.23779379374605
3,229.70000000000002,31641.013974645175,1.8068515747637295,0,0.09783261949644344,0.6587837166830889,2106.159400951799,198.36015711532735
3,229.8,31621.171833856963,1.803530892138464,0,0.08110218546955857,0.6578090852004183,2104.4943477161387,198.48266383395358
3,229.9,31601.317435468547,1.8002180650351307,0,0.11736151548298576,0.6568381970705706,2102.8317520026662,198.60530906273124
3,230,31581.450765875168,1.7969130841770793,0,0.14665789496714507,0.6558710360040239,2101.1716043774,198.7280879275295
3,230.10000000000002,31561.571811957285,1.793615940315963,0,0.21768143589727368,0.6549075857889622,2099.513895447393,198.85099556703523
3,230.20000000000002,31541.680561078712,1.7903266242313534,0,0.17097659833227757,0.653947830290856,2097.8586158605403,198.97402713280692
3,230.3,31521.777001088485,1.7870451267303176,0,0.12820464824848032,0.6529917534520077,2096.2057563053804,199.09717778933032
3,230.4,31501.861120318063,1.7837714386470436,0,0.11009944761044153,0.6520393392910793,2094.5553075109046,199.22044271407233
3,230.5,31481.932907580398,1.780505550842449,0,0.07154649057045355,0.651090571902652,2092.9072602463643,199.34381709753652
3,230.60000000000002,31461.992352169007,1.777247454203781,0,0.08292896422358167,0.6501454354567751,2091.26160532108,199.4672961433182
3,230.70000000000002,31442.0394438589,1.7739971396442056,0,0.11509255374387456,0.6492039141985195,2089.6183335842506,199.59087506815933
3,230.8,31422.07417290099,1.7707545981024553,0,0.1823165285711722,0.648265992447523,2087.977435924766,199.71454910200447
3,230.9,31402.09653002303,1.7675198205424194,0,0.21338331698561255,0.6473316545975764,2086.338903271018,199.83831348805538
3,231,31382.106506424956,1.764292797952781,0,0.11758191190937227,0.646400885116174,2084.702726590715,199.96216348282687
3,231.10000000000002,31362.104093782604,1.761073521346572,0,0.04459952711121312,0.6454736685441007,2083.068896890696,200.08609435620227
3,231.20000000000002,31342.089284243993,1.7578619817608006,0,0.05092763162809793,0.644549989494971,2081.437405216746,200.21010139148964
3,231.3,31322.0620704256,1.754658170256086,0,0.1107049957762502,0.6436298326548159,2079.8082426534124,200.33417988547674
3,231.4,31302.022445420735,1.7514620779161567,0,0.166257403811213,0.6427131827816711,2078.1814003238237,200.4583251484874
3,231.5,31281.970402782783,1.7482736958476202,0,0.12709879841159194,0.6418000247050991,2076.556869389508,200.58253250443775
3,231.60000000000002,31261.90593653731,1.7450930151794226,0,0.11830969264570343,0.6408903433258595,2074.9346410502126,200.7067972908919
3,231.70000000000002,31241.82904117368,1.7419200270625264,0,0.09979465689361233,0.639984123615414,2073.3147065437256,200.83111485911854
3,231.8,31221.73971164506,1.738754722669501,0,0.07691777696516054,0.6390813506155529,2071.697057145697,200.95548057414675
3,231.9,31201.63794336561,1.7355970931941367,0,0.055744667908507184,0.6381820094379764,2070.081684169462,201.0798898148229
3,232,31181.52373221796,1.7324471298509543,0,0.07947128059158402,0.637286085263894,2068.4685789658656,201.20433797386693
3,232.10000000000002,31161.39707453735,1.7293048238749622,0,0.1481823786816148,0.636393563343567,2066.857732923088,201.32882045792906
3,232.20000000000002,31141.257967120036,1.7261701665211528,0,0.18816112334957336,0.6355044289959902,2065.249137466469,201.4533326876463
3,232.3,31121.106407220475,1.7230431490641165,0,0.0951211587287014,0.6346186676084339,2063.6427840583374,201.57787009769956
3,232.4,31100.942392546684,1.719923762797681,0,0.019908200174780843,0.6337362646360534,2062.0386641978375,201.70242813687017
3,232.5,31080.765921263956,1.716811999034452,0,0.05684684401938411,0.6328572056015139,2060.4367694207585,201.82700226809712
3,232.60000000000002,31060.57699199021,1.713707849105453,0,0.10928819123018244,0.6319814760945666,2058.837091299366,201.95158796853408
3,232.70000000000002,31040.375603792258,1.710611304359746,0,0.16669246726101145,0.6311090617716785,2057.239621442231,202.07618072960628
3,232.8,31020.161756191403,1.707522356163958,0,0.15422842958201663,0.630239948355656,2055.6443514940634,202.2007760570683
3,232.9,30999.93544914853,1.7044409959020228,0,0.1507759345123246,0.6293741216352218,2054.051273135545,202.32536947106098
3,233,30979.696683084592,1.70136721497455,0,0.1512279818518767,0.6285115674647068,2052.460378083164,202.4499565061686
3,233.10000000000002,30959.44545885548,1.6983010047986713,0,0.12552837746042672,0.6276522717635481,2050.8716580890477,202.57453271147705
3,233.20000000000002,30939.181777765974,1.6952423568074781,0,0.10219955321085789,0.6267962205160422,2049.2851049408014,202.6990936506306
3,233.3,30918.905641568825,1.6921912624496165,0,0.04939235111616061,0.6259433997708851,2047.7007104613438,202.82363490189024
3,233.4,30898.61705245264,1.6891477131889965,0,0.1259466908547338,0.625093795640797,2046.1184665087453,202.948152058191
3,233.5,30878.316013043746,1.6861117005043529,0,0.12484567733019757,0.6242473943022102,2044.5383649760665,203.0726407271995
3,233.60000000000002,30858.002526410855,1.6830832158887843,0,0.048560265874855096,0.6234041819948829,2042.9603977911981,203.1970965313726
3,233.70000000000002,30837.67659605574,1.6800622508494285,0,0.11318492961340967,0.6225641450214999,2041.3845569167017,203.32151510801418
3,233.8,30817.33822592348,1.6770487969069434,0,0.12925682465813138,0.6217272697473528,2039.810834349651,203.44589210933393
3,233.9,30796.987420385703,1.674042845595258,0,0.17804575564841324,0.6208935425999154,2038.2392221214748,203.57022320250493
3,234,30776.624184251763,1.6710443884610453,0,0.19920301738238608,0.6200629500685676,2036.6697122978,203.6945040697219
3,234.10000000000002,30756.24852275476,1.668053417063445,0,0.2079768614644881,0.619235478704172,2035.1022969782964,203.81873040825946
3,234.20000000000002,30735.86044156179,1.6650699229735426,0,0.22606341417332146,0.6184111151187867,2033.536968296521,203.94289793053
3,234.3,30715.459946772084,1.6620938977739703,0,0.2211209938028794,0.6175898459852508,2031.9737184197652,204.0670023641415
3,234.4,30695.047044905834,1.6591253330586064,0,0.2002431557312564,0.6167716580368374,2030.4125395489007,204.19103945195698
3,234.5,30674.62174290791,1.6561642204321176,0,0.17685256369489177,0.615956538066959,2028.8534239182281,204.31500495215164
3,234.60000000000002,30654.184048150666,1.6532105515095143,0,0.10830804015625312,0.6151444729287947,2027.2963637953258,204.43889463827153
3,234.70000000000002,30633.733968427405,1.6502643179158003,0,0.10634078998802231,0.6143354495349247,2025.7413514808984,204.56270429929216
3,234.8,30613.271511946805,1.6473255112856127,0,0.060322750232925965,0.6135294548570172,2024.1883793086288,204.68642973967653
3,234.9,30592.796687340364,1.6443941232627288,0,0.14917505059884995,0.6127264759255123,2022.6374396450278,204.81006677943347
3,235,30572.309503657743,1.6414701454996987,0,0.12362715259271713,0.611926499829239,2021.0885248892878,204.93361125417627
3,235.10000000000002,30551.809970362112,1.638553569657474,0,0.07979485314409748,0.6111295137150976,2019.5416274731344,205.05705901518104
3,235.20000000000002,30531.298097336665,1.6356443874049273,0,0.09833394562971055,0.6103355047877467,2017.9967398606816,205.180405929445
3,235.3,30510.773894865066,1.632742590418633,0,0.11107781123867878,0.6095444603092296,2016.4538545482853,205.30364787974517
3,235.4,30490.237373649143,1.629848170382273,0,0.1434712217258801,0.6087563675987443,2014.9129640643996,205.4267807646964
3,235.5,30469.688544802368,1.6269611189862883,0,0.17275740212338392,0.607971214032216,2013.3740609694323,205.54980049881007
3,235.60000000000002,30449.127419840544,1.6240814279275564,0,0.19003850506067255,0.607188987042002,2011.837137855603,205.67270301255235
3,235.70000000000002,30428.55401069019,1.6212090889088933,0,0.17623800874334622,0.6064096741166113,2010.3021873468003,205.79548425240267
3,235.8,30407.968329683878,1.6183440936386848,0,0.138643764899286,0.6056332628003349,2008.769202098441,205.91814018091216
3,235.9,30387.370389549993,1.6154864338305763,0,0.070163216268588,0.6048597406929451,2007.238174797329,206.04066677676198
3,236,30366.760203422047,1.6126361012029664,0,0.04238638356682279,0.604089095449427,2005.7090981615167,206.16306003482137
3,236.10000000000002,30346.13778483309,1.6097930874786481,0,0.10878990023683488,0.6033213147796096,2004.1819649401652,206.28531596620624
3,236.20000000000002,30325.503147715703,1.6069573843843976,0,0.19684453868308485,0.6025563864478771,2002.6567679134064,206.40743059833719
3,236.3,30304.856306398287,1.604128983650599,0,0.13571780027840494,0.601794298272853,2001.133499892206,206.52939997499794
3,236.4,30284.19727560319,1.6013078770108489,0,0.10312678979274204,0.601035038127105,1999.6121537182264,206.65122015639346
3,236.5,30263.526070445776,1.598494056201559,0,0.08090192684804719,0.600278593936842,1998.092722263692,206.77288721920772
3,236.60000000000002,30242.842706429772,1.595687512961588,0,0.10788900423781417,0.5995249536816103,1996.575198431253,206.89439725666207
3,236.70000000000002,30222.14719945751,1.5928882390317318,0,0.1475093174235858,0.5987741053940077,1995.059575153852,207.01574637857303
3,236.8,30201.439565810375,1.590096226154508,0,0.20038892062758024,0.5980260371593272,1993.5458453945894,207.13693071141034
3,236.9,30180.719822162762,1.5873114660736074,0,0.20528926575831263,0.5972807371153512,1992.0340021465925,207.2579463983547
3,237,30159.98798556812,1.5845339505336256,0,0.19712369083806705,0.5965381934519791,1990.5240384328815,207.3787895993553
3,237.10000000000002,30139.24407346919,1.5817636712795544,0,0.17861831084241975,0.5957983944109979,1989.0159473062397,207.4994564911877
3,237.20000000000002,30118.4881036859,1.5790006200564939,0,0.1079025454222678,0.595061328285732,1987.5097218490823,207.61994326751142
3,237.3,30097.72009442281,1.5762447886091733,0,0.06872815452275728,0.5943269834208091,1986.0053551733265,207.740246138927
3,237.4,30076.940064253286,1.5734961686817015,0,0.11418553728564965,0.5935953482118274,1984.502840420263,207.86036133303415
3,237.5,30056.148032137193,1.5707547520169902,0,0.19788237264723246,0.5928664111051426,1983.002170760427,207.98028509448773
3,237.60000000000002,30035.34401740227,1.5680205303565313,0,0.15360481018775143,0.5921401605974901,1981.5033393934707,208.10001368505607
3,237.70000000000002,30014.528039750643,1.565293495439932,0,0.1317758371757105,0.5914165852357881,1980.006339548037,208.21954338367718
3,237.8,29993.700119258836,1.5625397815373088,0,0.12038333446593188,0.590695673616819,1978.5111644816325,208.33887048651582
3,237.9,29972.86030111648,1.5597148877215508,0,0.13463562070882382,0.5899774143869453,1977.017807480502,208.45749640215814
3,238,29952.008712239563,1.5568959724303115,0,0.1879164808284056,0.5892617123996232,1975.5262620717263,208.57428516966027
3,238.10000000000002,29931.145535693504,1.554083025372386,0,0.2386234235637306,0.5885483641567834,1974.0365222974829,208.6892497472305
3,238.20000000000002,29910.27095324453,1.5512760377132886,0,0.2517257707154851,0.5878373591569044,1972.5485822265307,208.80240321179147
3,238.3,29889.38514535129,1.5484750006640042,0,0.24452027230094098,0.5871286872209952,1971.0624359533938,208.9137585704542
3,238.4,29868.488291182555,1.5456799054784724,0,0.21429314284803233,0.586422338230757,1969.5780775982078,209.02332876027742
3,238.5,29847.58056861069,1.5428907434530834,0,0.14863780592940987,0.585718302127657,1968.0955013065686,209.13112664828978
3,238.60000000000002,29826.66215422284,1.5401075059261105,0,0.06565083689245538,0.5850165689124752,1966.6147012493823,209.2371650315172
3,238.70000000000002,29805.733223334886,1.5373301842771363,0,0.12981533168355858,0.5843171286447715,1965.1356716227162,209.34145663701526
3,238.8,29784.793949993327,1.534558769926529,0,0.19730971640504677,0.5836199714423481,1963.6584066476516,209.44401412190788
3,238.9,29763.84450697899,1.5317932543349189,0,0.1702395815272522,0.5829250874807711,1962.1829005701375,209.54485007343078
3,239,29742.885065820068,1.5290336290026372,0,0.19163990040358722,0.5822324669928894,1960.7091476608455,209.64397700897973
3,239.10000000000002,29721.915796793997,1.52627988546921,0,0.19570709683567336,0.5815421002683159,1959.2371422150263,209.74140737616415
3,239.20000000000002,29700.93686894048,1.5235320153128045,0,0.18832651329129974,0.5808539776529636,1957.7668785523674,209.83715355286617
3,239.3,29679.948450061493,1.5207900101497354,0,0.21277493893463437,0.5801680895485377,1956.2983510168513,209.93122784730392
3,239.4,29658.950706734322,1.5180538616339216,0,0.22863043720988946,0.5794844264120892,1954.8315539766156,210.0236424980999
3,239.5,29637.943804316223,1.515323561456383,0,0.252602766636585,0.5788029787555162,1953.3664818238149,210.11440967435448
3,239.60000000000002,29616.927906949073,1.5125991013447353,0,0.2466778092607583,0.5781237371451077,1951.9031289744817,210.2035414757237
3,239.70000000000002,29595.90317756962,1.5098804730626734,0,0.20323560014026343,0.5774466922010909,1950.441489868391,210.2910499325021
3,239.8,29574.86977791041,1.507167668409489,0,0.17620210219376284,0.5767718345971588,1948.981558968925,210.37694700570944
3,239.9,29553.82786851935,1.5044606792195219,0,0.13680214339487543,0.5760991550600434,1947.523330762938,210.46124458718205
3,240,29532.777608753182,1.501759497361718,0,0.045326608157446546,0.5754286443690109,1946.0667997606242,210.54395449967006
3,240.10000000000002,29511.719156789593,1.4990641147391173,0,0.06251770287276184,0.5747602933554776,1944.6119604953853,210.62508849693657
3,240.20000000000002,29490.652669638395,1.4963745232883447,0,0.1383881972641352,0.5740940929025476,1943.1588075236998,210.70465826386308
3,240.3,29469.578303137794,1.4936907149791725,0,0.0802980765584921,0.5734300339445566,1941.7073354249933,210.78267541655825
3,240.4,29448.496211977676,1.4910126818139675,0,0.05985876277003154,0.5727681074666909,1940.2575388015098,210.85915150247072
3,240.5,29427.40654968936,1.4883404158272884,0,0.09220897249581184,0.5721083045044845,1938.8094122781843,210.9340980005068
3,240.60000000000002,29406.309468659572,1.4856739090853779,0,0.15910639342759308,0.5714506161434759,1937.3629505025162,211.00752632115143
3,240.70000000000002,29385.205120139755,1.4830131536856836,0,0.1520972591118208,0.5707950335187568,1935.9181481444436,211.07944780659312
3,240.8,29364.09365424607,1.4803581417564184,0,0.1691268100283693,0.5701415478145475,1934.4749998962195,211.14987373085316
3,240.9,29342.97521997709,1.4777088654560506,0,0.16965375036946762,0.5694901502638169,1933.033500472288,211.21881529991765
3,241,29321.84996520914,1.4750653169728927,0,0.13529441049247956,0.5688408321478287,1931.5936446091623,211.28628365187558
3,241.10000000000002,29300.71803671401,1.4724274885245967,0,0.14078687758205768,0.568193584795791,1930.1554270653025,211.35228985705777
3,241.20000000000002,29279.579580157995,1.4697953723577346,0,0.15082778997020266,0.5675483995844097,1928.718842620997,211.41684491818194
3,241.3,29258.434740104713,1.4671689607473624,0,0.05122487584160127,0.5669052679375297,1927.283886078242,211.4799597704996
3,241.4,29237.283660029992,1.4645482459965384,0,0.07922392918095983,0.5662641813257615,1925.8505522606229,211.54164528194698
3,241.5,29216.126482333057,1.4619332204358637,0,0.15585941481815235,0.5656251312660601,1924.418836013198,211.6019122532992
3,241.60000000000002,29194.963348326273,1.459323876423106,0,0.09158643450279776,0.5649881093213228,1922.9887322023812,211.66077141832906
3,241.70000000000002,29173.794398261234,1.456720206342689,0,0.06941511589373522,0.564353107100086,1921.5602357158277,211.71823344396716
3,241.8,29152.619771321304,1.45412220260531,0,0.09383742713402163,0.5637201162560652,1920.1333414623182,211.77430893046687
3,241.9,29131.43960562814,1.4515298576475122,0,0.1853755824818996,0.5630891284878468,1918.7080443716463,211.82900841157237
3,242,29110.254038266838,1.4489431639311796,0,0.15939089817064536,0.5624601355385205,1917.2843393945057,211.8823423546879
3,242.10000000000002,29089.06320526544,1.446362113943223,0,0.1574372730215641,0.5618331291952361,1915.8622215023781,211.93432116105356
3,242.20000000000002,29067.867241625674,1.4437867001950597,0,0.14894401329041845,0.5612081012889613,1914.4416856874234,211.9849551659207
3,242.3,29046.66628130898,1.4412169152222778,0,0.1505841266356342,0.5605850436940207,1913.0227269623688,212.034254638733
3,242.4,29025.46045726165,1.438652751584144,0,0.13356698869253064,0.5599639483278323,1911.6053403604003,212.0822297833079
3,242.5,29004.24990140833,1.4360942018632443,0,0.16192668877077734,0.5593448071504775,1910.1895209350548,212.1288907380233
3,242.60000000000002,28983.034744664095,1.4335412586650513,0,0.1055583021198959,0.5587276121644126,1908.7752637601125,212.17424757600577
3,242.70000000000002,28961.81511694193,1.4309939146175137,0,0.0786000925360858,0.5581123554141009,1907.3625639294908,212.21831030532167
3,242.8,28940.59114715457,1.42845216237067,0,0.15464561741515762,0.5574990289856718,1905.9514165571386,212.2610888691712
3,242.9,28919.362963227555,1.4259159945962219,0,0.05111324191617111,0.5568876250066036,1904.5418167769321,212.302593146085
3,243,28898.130692093633,1.4233854039871816,0,0.05045283703274321,0.5562781356453634,1903.1337597425709,212.34283295012324
3,243.10000000000002,28876.894459715113,1.4208603832574156,0,0.12441422927841331,0.5556705531111298,1901.7272406274742,212.38181803107705
3,243.20000000000002,28855.65439107828,1.4183409251412975,0,0.20700105156508802,0.5550648696533987,1900.3222546246798,212.41955807467338
3,243.3,28834.41061020922,1.4158270223932827,0,0.1885641524781691,0.5544610775617129,1898.918796946742,212.4560627027807
3,243.4,28813.163240170106,1.41331866778756,0,0.19640186040196939,0.5538591691653015,1897.516862825632,212.4913414736194
3,243.5,28791.912403069437,1.41081585411765,0,0.18793480767441015,0.5532591368328081,1896.1164475126368,212.5254038819718
3,243.60000000000002,28770.65822007507,1.4083185741960018,0,0.1886370649386083,0.5526609729719587,1894.7175462782618,212.55825935939663
3,243.70000000000002,28749.400811409578,1.4058268208536528,0,0.16917564156606685,0.5520646700292263,1893.3201544121314,212.58991727444453
3,243.8,28728.140296364203,1.4033405869398243,0,0.18411053372055655,0.551470220489568,1891.9242672228922,212.62038693287656
3,243.9,28706.876793302596,1.4008598653215578,0,0.11011382766990076,0.5508776168760897,1890.529880038117,212.64967757788395
3,244,28685.610419666395,1.3983846488833478,0,0.03806752602065662,0.5502868517497562,1889.1369882042075,212.6777983903109
3,244.10000000000002,28664.341291987337,1.3959149305267473,0,0.10039998300988853,0.5496979177090954,1887.7455870863007,212.7047584888786
3,244.20000000000002,28643.06952588074,1.3934507031700576,0,0.03995102885143244,0.5491108073898787,1886.3556720681738,212.73056693041218
3,244.3,28621.79523606226,1.3909919597479177,0,0.10380969321109276,0.5485255134648824,1884.9672385521508,212.7552327100684
3,244.4,28600.51853634976,1.388538693210965,0,0.16461434432557775,0.5479420286435537,1883.5802819590092,212.77876476156626
3,244.5,28579.239539675415,1.3860908965254544,0,0.2515919325262711,0.5473603456717426,1882.1947977278892,212.8011719574186
3,244.60000000000002,28557.95835808199,1.3836485626729393,0,0.24650985373864875,0.5467804573313936,1880.8107813162005,212.82246310916724
3,244.70000000000002,28536.675102739595,1.3812116846498792,0,0.2454878540863536,0.5462023564403055,1879.428228199533,212.84264696761727
3,244.8,28515.38988394104,1.3787802554673292,0,0.24707582734804162,0.5456260358518092,1878.0471338715658,212.86173222307573
3,244.9,28494.10281111393,1.3763542681505723,0,0.23669034156525998,0.5450514884545364,1876.6674938439794,212.87972750558998
3,245,28472.813992829062,1.3739337157387632,0,0.23032500685081686,0.5444787071721224,1875.289303646365,212.89664138518867
3,245.10000000000002,28451.523536800407,1.3715185912846093,0,0.22820890965729032,0.5439076849629261,1873.912558826138,212.9124823721243
3,245.20000000000002,28430.231549893506,1.3691088878540212,0,0.1337301861980874,0.5433384148197875,1872.5372549484505,212.927258917117
3,245.3,28408.93813813571,1.3667045985257582,0,0.07874993153895497,0.5427708897697533,1871.163387596105,212.94097941160018
3,245.4,28387.64340671338,1.364305716391129,0,0.04577318992425536,0.5422051028737965,1869.7909523694673,212.9536521879673
3,245.5,28366.347459984943,1.3619122345536283,0,0.11719111253673324,0.5416410472265937,1868.4199448863824,212.96528551982058
3,245.60000000000002,28345.050401484594,1.3595241461286176,0,0.030509184613644283,0.5410787159562372,1867.05036078209,212.9758876222204
3,245.70000000000002,28323.752333926037,1.3571414442430036,0,0.09004165557539127,0.5405181022239915,1865.6821957091393,212.98546665193675
3,245.8,28302.453359212726,1.3547641220348987,0,0.16156015779660385,0.5399591992240479,1864.3154453373068,212.9940307077015
3,245.9,28281.153578439727,1.3523921726533081,0,0.15058302346928534,0.5394020001832588,1862.9501053535134,213.00158783046246
3,246,28259.85309190117,1.3500255892578077,0,0.1697136772754189,0.5388464983609049,1861.5861714617422,213.0081460036382
3,246.10000000000002,28238.55199909862,1.3476643650182134,0,0.16917692887217559,0.5382926870484452,1860.2236393829567,213.0137131533742
3,246.20000000000002,28217.250398736447,1.3453084931143044,0,0.1680958435865675,0.5377405595692639,1858.8625048550205,213.01829714880074
3,246.3,28195.94838874042,1.3429579667354623,0,0.15708320740144094,0.5371901092784704,1857.5027636326167,213.02190580229066
3,246.4,28174.64606625773,1.340612779080379,0,0.16418519804349282,0.5366413295626128,1856.1444114871688,213.02454686971922
3,246.5,28153.343527660705,1.3382729233567563,0,0.07291218391941989,0.5360942138394632,1854.787444206761,213.02622805072517
3,246.60000000000002,28132.040868559852,1.3359383927809707,0,0.05146635972490742,0.5355487555577931,1853.43185759606,213.026956988972
3,246.70000000000002,28110.738183796406,1.333609180577818,0,0.08608941817223084,0.5350049481971143,1852.0776474762372,213.02674127241107
3,246.8,28089.435567461886,1.3312852799801607,0,0.15908387130789636,0.5344627852674997,1850.7248096848916,213.0255884335448
3,246.9,28068.13311289437,1.3289666842286607,0,0.06186002956933944,0.5339222603093047,1849.373340075973,213.02350594969158
3,247,28046.83091268409,1.3266533865714818,0,0.0494011125625109,0.5333833668929779,1848.0232345197053,213.0205012432511
3,247.10000000000002,28025.529058685526,1.324345380263969,0,0.12608949241781509,0.5328460986188391,1846.6744889025117,213.01658168197034
3,247.20000000000002,28004.227642022073,1.322042658568361,0,0.12577812634443203,0.5323104491168343,1845.3270991269394,213.01175457921082
3,247.3,27982.926753082313,1.3197452147535302,0,0.1461392069772825,0.5317764120463218,1843.9810611115847,213.00602719421724
3,247.4,27961.626481535845,1.317453042094658,0,0.16003630968471996,0.5312439810958914,1842.6363707910198,212.9994067323849
3,247.5,27940.326916331425,1.3151661338729739,0,0.1559675935903231,0.5307131499831118,1841.293024115719,212.9919003455302
3,247.60000000000002,27919.02814570442,1.3128844833754627,0,0.16151787026600442,0.5301839124543463,1839.9510170519854,212.98351513215974
3,247.70000000000002,27897.73025718704,1.3106080838945675,0,0.14853134861094267,0.5296562622845359,1838.6103455818798,212.9742581377418
3,247.8,27876.43333760742,1.3083369287279298,0,0.11961061765792524,0.5291301932769745,1837.2710057031477,212.96413635497703
3,247.9,27855.137473098934,1.3060710111780975,0,0.06413799903232516,0.5286056992631265,1835.9329934291484,212.95315672407096
3,248,27833.84274910204,1.3038103245522632,0,0.10214831778520621,0.5280827741024084,1834.5963047887844,212.94132613300619
3,248.10000000000002,27812.549250370823,1.3015548621619857,0,0.1888876662128048,0.5275614116820013,1833.2609358264315,212.92865141781562
3,248.20000000000002,27791.257060975768,1.2993046173229263,0,0.09756931308251861,0.5270416059166461,1831.9268826018676,212.91513936285585
3,248.3,27769.96626431588,1.297059583354557,0,0.10369020833201428,0.5265233507484554,1830.5941411902054,212.90079670108108
3,248.4,27748.676943119615,1.294819753579906,0,0.12050650040349,0.5260066401466924,1829.262707681822,212.88563011431768
3,248.5,27727.389179444872,1.2925851213253146,0,0.1458110928885386,0.5254914681075941,1827.9325781822913,212.86964623353933
3,248.60000000000002,27706.1030546939,1.2903556799201368,0,0.1905345015331229,0.5249778286541967,1826.6037488123168,212.85285163914193
3,248.70000000000002,27684.818649611436,1.288131422696505,0,0.20015706246044532,0.524465715836112,1825.276215707663,212.8352528612193
3,248.8,27663.53604429122,1.2859123429890662,0,0.19970590503049593,0.5239551237293635,1823.9499750190892,212.8168563798393
3,248.9,27642.25531818252,1.28369843413472,0,0.20419350344229348,0.5234460464361952,1822.6250229122838,212.7976686253199
3,249,27620.97655009292,1.2814896894723724,0,0.17448388865147632,0.5229384780848829,1821.3013555677974,212.77769597850605
3,249.10000000000002,27599.699818197638,1.2792861023426694,0,0.15701734684071694,0.5224324128295585,1819.9789691809774,212.75694477104628
3,249.20000000000002,27578.42520003207,1.2770876660877892,0,0.11016122824873086,0.5219278448500145,1818.6578599619038,212.73542128566984
3,249.3,27557.152772519737,1.2748943740511143,0,0.1154931024117067,0.5214247683515695,1817.338024135324,212.7131317564631
3,249.4,27535.882611952722,1.272706219577072,0,0.16882149431456045,0.5209231775648078,1816.0194579405895,212.69008236914874
3,249.5,27514.614794011228,1.2705231960108363,0,0.20150008946108067,0.5204230667454927,1814.7021576315908,212.66627926136175
3,249.60000000000002,27493.349393761717,1.2683452966981152,0,0.12333026749215605,0.5199244301743386,1813.3861194766955,212.64172852292793
3,249.70000000000002,27472.08648566529,1.2661725149848946,0,0.03570279221547365,0.5194272621568646,1812.0713397586853,212.61643619614136
3,249.8,27450.826143575832,1.2640048442172231,0,0.05292982713551383,0.5189315570232103,1810.7578147746935,212.59040827604227
3,249.9,27429.568440765142,1.2618422777409086,0,0.10750695794232905,0.5184373091279904,1809.4455408361428,212.56365071069467
3,250,27408.313449897803,1.2596848089013888,0,0.1339736744394112,0.5179445128500559,1808.1345142686841,212.53616940146537
3,250.10000000000002,27387.06124305073,1.257532431043446,0,0.1318262552888924,0.5174531625924347,1806.824731412136,212.50797020330103
3,250.20000000000002,27365.811891730875,1.2553851375109344,0,0.11633642879204209,0.5169632527821142,1805.5161886204232,212.47905892500592
3,250.3,27344.56546685379,1.2532429216466425,0,0.07836417637096835,0.5164747778698339,1804.2088822615167,212.44944132952074
3,250.4,27323.32203876227,1.2511057767920215,0,0.09063422725373314,0.5159877323300158,1802.902808717374,212.4191231341998
3,250.5,27302.08167723939,1.2489736962869291,0,0.11885149220865206,0.5155021106605566,1801.5979643838796,212.38811001108863
3,250.60000000000002,27280.844451493584,1.24684667346948,0,0.15868019448822399,0.5150179073826403,1800.2943456707858,212.35640758720237
3,250.70000000000002,27259.61043017637,1.2447247016757785,0,0.19969667074372655,0.5145351170406498,1798.9919490016546,212.32402144480275
3,250.8,27238.379681380466,1.2426077742397261,0,0.250845720375467,0.5140537342019672,1797.6907708137987,212.29095712167572
3,250.9,27217.152272654697,1.2404958844927678,0,0.14853834254056492,0.5135737534568423,1796.3908075582247,212.25722011140803
3,251,27195.928270989098,1.2383890257637484,0,0.09353793150799167,0.5130951694182047,1795.092055699574,212.22281586366546
3,251.10000000000002,27174.70774283819,1.2362871913786355,0,0.08585919079407132,0.5126179767215813,1793.7945117160675,212.18774978446817
3,251.20000000000002,27153.49075411912,1.2341903746603329,0,0.14724411074912552,0.5121421700248818,1792.4981720994474,212.15202723646834
3,251.3,27132.277370207943,1.2320985689285007,0,0.1462406880084902,0.511667744008274,1791.2030333549221,212.11565353922614
3,251.4,27111.067655963823,1.2300117674992836,0,0.14506235002570878,0.5111946933740646,1789.909092001109,212.07863396948548
3,251.5,27089.861675706692,1.2279299636851997,0,0.14580267057575952,0.5107230128464881,1788.6163445699801,212.04097376145072
3,251.60000000000002,27068.65949324332,1.2258531507948636,0,0.08849637265229776,0.5102526971716539,1787.3247876068058,212.00267810706083
3,251.70000000000002,27047.461171858944,1.223781322132833,0,0.13015944523419884,0.509783741117331,1786.0344176701003,211.96375215626566
3,251.8,27026.26677433122,1.2217144709993781,0,0.14991338016499953,0.5093161394728506,1784.7452313315675,211.9242010173
3,251.9,27005.076362919062,1.2196525906903386,0,0.18516762081309862,0.5088498870489342,1783.457225176046,211.88402975695817
3,252,26983.88999938965,1.2175956744968544,0,0.2197926612974917,0.508384978677608,1782.170395801456,211.84324340086792
3,252.10000000000002,26962.70774499979,1.215543715705251,0,0.255957766362575,0.5079214092119905,1780.8847398187452,211.8018469337643
3,252.20000000000002,26941.52966051735,1.2134967075967966,0,0.15335272126185273,0.5074591735262328,1779.6002538518362,211.75984529976262
3,252.3,26920.35580621101,1.211454643447558,0,0.08409028511905062,0.5069982665153289,1778.3169345375732,211.71724340263165
3,252.4,26899.186241862364,1.2094175165281937,0,0.11212115191920281,0.5065386830950298,1777.0347785256697,211.67404610606548
3,252.5,26878.02102677431,1.2073853201037554,0,0.17429559585575657,0.5060804182016868,1775.7537824786568,211.6302582339552
3,252.60000000000002,26856.86021976173,1.2053580474335506,0,0.1879464196296505,0.5056234667921066,1774.4739430718305,211.58588457066088
3,252.70000000000002,26835.703879166394,1.2033356917709304,0,0.18913838557413928,0.5051678238434679,1773.1952569932007,211.54092986128174
3,252.8,26814.55206286069,1.2013182463631111,0,0.1742372744815627,0.5047134843531577,1771.9177209434401,211.49539881192686
3,252.9,26793.404828241095,1.199305704451038,0,0.12226587438536819,0.5042604433386456,1770.6413316358335,211.449296089985
3,253,26772.262232245877,1.1972980592691638,0,0.09377886694210064,0.5038086958373944,1769.3660857962261,211.40262632439357
3,253.10000000000002,26751.124331348576,1.1952953040453151,0,0.0678519613039417,0.5033582369066913,1768.091980162975,211.3553941059075
3,253.20000000000002,26729.991181570105,1.1932974320004948,0,0.08341787275768259,0.5029090616235585,1766.8190114868978,211.30760398736703
3,253.3,26708.862838469446,1.1913044363487615,0,0.09706546427932747,0.5024611650846069,1765.547176531224,211.25926048396585
3,253.4,26687.7393571632,1.1893163102970115,0,0.17127224815633693,0.5020145424059572,1764.2764720715452,211.21036807351717
3,253.5,26666.62079232093,1.1873330470448433,0,0.08458634016618284,0.5015691887230712,1763.0068948957658,211.1609311967203
3,253.60000000000002,26645.50719817076,1.1853546397843941,0,0.07340997724778364,0.5011250991906606,1761.7384418040551,211.1109542574263
3,253.70000000000002,26624.398628498428,1.1833810817001953,0,0.09384165958738597,0.5006822689825652,1760.471109608798,211.06044162290294
3,253.8,26603.295136657543,1.181412365968994,0,0.14298830704796744,0.5002406932916525,1759.2048951345478,211.009397624099
3,253.9,26582.19677556958,1.1794484857596117,0,0.19420081076960868,0.4998003673296822,1757.9397952179772,210.95782655590747
3,254,26561.103597727604,1.1774894342327924,0,0.21049538519177677,0.4993612863272047,1756.675806707832,210.90573267742892
3,254.10000000000002,26540.015655204654,1.175535204541034,0,0.19264853271764631,0.4989234455334488,1755.4129264648827,210.85312021223322
3,254.20000000000002,26518.93299964536,1.1735857898284843,0,0.19497025391340092,0.49848684021619616,1754.1511513618784,210.79999334862154
3,254.3,26497.855682286434,1.1716411832307336,0,0.1961531485367231,0.4980514656617091,1752.8904782834995,210.74635623988647
3,254.4,26476.783753941767,1.1697013778747354,0,0.1270687413470633,0.4976173171745675,1751.6309041263114,210.69221300457252
3,254.5,26455.717265025713,1.167766366878596,0,0.06662653844389828,0.4971843900776207,1750.3724257987185,210.6375677267347
3,254.60000000000002,26434.65626553353,1.1658361433515134,0,0.03641603131511458,0.49675267971181736,1749.1150402209182,210.58242445619751
3,254.70000000000002,26413.600805067457,1.163910700393563,0,0.08359372007816158,0.49632218143617296,1747.8587443248553,210.52678720881244
3,254.8,26392.550932825543,1.1619900310956075,0,0.1775563395812016,0.49589289062759334,1746.6035350541765,210.4706599667143
3,254.9,26371.506697610952,1.160074128539149,0,0.15682837742352754,0.49546480268081805,1745.3494093641855,210.41404667857805
3,255,26350.46814783197,1.1581629857962024,0,0.0597595871482051,0.49503791300829836,1744.0963642217978,210.3569512598734
3,255.10000000000002,26329.435331505723,1.156256595929167,0,0.05209724689716894,0.49461221704010655,1742.8443966054965,210.29937759311963
3,255.20000000000002,26308.408296268433,1.1543549519906753,0,0.10273453998892008,0.49418771022383423,1741.593503505288,210.24132952813866
3,255.3,26287.387089365162,1.1524580470235108,0,0.12932357586528206,0.49376438802447065,1740.3436819226577,210.18281088230785
3,255.4,26266.37175766565,1.1505658740604445,0,0.12180901017025826,0.49334224592434694,1739.0949288705258,210.12382544081203
3,255.5,26245.362347660586,1.1486784261241336,0,0.15384952396923543,0.4929212794229988,1737.8472413732045,210.064376956894
3,255.60000000000002,26224.35890547093,1.1467956962269843,0,0.18785171350638133,0.4925014840370916,1736.600616466354,210.0044691521049
3,255.70000000000002,26203.361476843245,1.144917677371056,0,0.10873564378473612,0.4920828553003057,1735.3550511969402,209.9441057165532
3,255.8,26182.370107155293,1.1430443625479416,0,0.06005984873743815,0.49166538876326604,1734.1105426231904,209.8832903091532
3,255.9,26161.384841426276,1.1411757447386282,0,0.06392920769603892,0.49124907999344014,1732.8670878145526,209.82202655787165
3,256,26140.405724311247,1.1393118169134129,0,0.13771156156559447,0.4908339245750242,1731.6246838516515,209.76031805997482
3,256.1,26119.432800101116,1.1374525720318054,0,0.22500644571243328,0.49041991810887653,1730.383327826247,209.69816838227382
3,256.2,26098.46611274313,1.1355980030423631,0,0.1907325789731167,0.4900070562124369,1729.1430168411925,209.63558106136875
3,256.3,26077.50570582319,1.1337481028826502,0,0.09935776034904928,0.48959533451958215,1727.9037480103925,209.57255960389236
3,256.40000000000003,26056.55162258353,1.1319028644790903,0,0.05094993204939633,0.48918474868060036,1726.665518458762,209.50910748675292
3,256.5,26035.60390591249,1.1300622807469043,0,0.08795222387600625,0.48877529436205785,1725.4283253221847,209.44522815737557
3,256.6,26014.662598364055,1.1282263445899594,0,0.10284535127419778,0.48836696724675066,1724.1921657474718,209.38092503394265
3,256.7,25993.727742147632,1.1263950489007133,0,0.13693524276565155,0.48795976303356864,1722.9570368923216,209.31620150563387
3,256.8,25972.799379137345,1.1245683865600975,0,0.14172185324777434,0.48755367743744843,1721.7229359252792,209.25106093286436
3,256.90000000000003,25951.87755087018,1.12274635043744,0,0.1888133258050619,0.4871487061892692,1720.4898600256952,209.18550664752328
3,257,25930.96229854785,1.1209289333903758,0,0.14371917625340203,0.4867448450357831,1719.2578063836863,209.11954195320914
3,257.1,25910.053663055412,1.1191161282647095,0,0.0808081412927354,0.48634208973953397,1718.0267722000954,209.053170125466
3,257.2,25889.15168493893,1.1173079278944036,0,0.09245124724980015,0.48594043607872767,1716.7967546864509,208.98639441201826
3,257.3,25868.25640442688,1.1155043251014398,0,0.11593181607950326,0.4855398798472255,1715.5677510649284,208.91921803300363
3,257.40000000000003,25847.367861425504,1.1137053126957535,0,0.20211180866125142,0.4851404168544076,1714.339758568311,208.85164418120593
3,257.5,25826.486095524393,1.1119108834751472,0,0.18377326021920973,0.4847420429251143,1713.1127744399496,208.78367602228627
3,257.6,25805.61114599742,1.1101210302252158,0,0.08474267022154883,0.48434475389955833,1711.8867959337242,208.71531669501368
3,257.7,25784.743051805533,1.1083357457192682,0,0.06494154740215935,0.48394854563325157,1710.661820314006,208.64656931149412
3,257.8,25763.881851603277,1.1065550227182415,0,0.1231861204557669,0.4835534139969265,1709.4378448556179,208.57743695739867
3,257.90000000000003,25743.027583729476,1.104778853970664,0,0.13841164398689476,0.4831593548764478,1708.2148668437965,208.50792269219104
3,258,25722.18028622307,1.103007232212543,0,0.16907260605142121,0.482766364172771,1706.9928835741541,208.43802954935313
3,258.1,25701.339996828698,1.1012401501672866,0,0.17016541510274394,0.4823744378018276,1705.7718923526404,208.3677605366097
3,258.2,25680.506752976216,1.0994776005457088,0,0.20568034379727304,0.4819835716944418,1704.5518904955054,208.29711863615339
3,258.3,25659.680591811426,1.097719576045876,0,0.15748955328923636,0.4815937617963234,1703.332875329261,208.22610680486636
3,258.40000000000003,25638.861550177447,1.0959660693531093,0,0.0920439829953881,0.4812050040679121,1702.1148441906444,208.1547279745421
3,258.5,25618.049664632417,1.0942170731398781,0,0.06459732793382991,0.4808172944843662,1700.89779442658,208.08298505210632
3,258.6,25597.244971439242,1.092472580065779,0,0.07223997943826853,0.4804306290354463,1699.6817233941438,208.01088091983604
3,258.7,25576.447506577708,1.0907325827774494,0,0.15317834590821022,0.4800450037254809,1698.4666284605248,207.9384184355778
3,258.8,25555.65730573982,1.0889970739085344,0,0.14582086784854517,0.4796604145732677,1697.25250700299,207.86560043296507
3,258.90000000000003,25534.874404337257,1.0872660460796177,0,0.10099109891036474,0.4792768576120238,1696.0393564088463,207.79242972163385
3,259,25514.09883750137,1.0855394918981796,0,0.1259980368212459,0.47889432888930233,1694.8271740754062,207.71890908743765
3,259.1,25493.330640085973,1.083817403958545,0,0.1638417877095539,0.4785128244669295,1693.6159574099497,207.64504129266146
3,259.2,25472.569846672006,1.0820997748418315,0,0.1949756460239926,0.4781323404209371,1692.4057038296894,207.5708290762335
3,259.3,25451.816491564736,1.0803865971159183,0,0.21243317873355042,0.4777528728414868,1691.1964107617346,207.49627515393797
3,259.40000000000003,25431.07060880121,1.0786778633353877,0,0.22840823447774591,0.47737441783281914,1689.9880756430555,207.42138221862365
3,259.5,25410.332232146524,1.0769735660415043,0,0.2486162517553454,0.4769969715131721,1688.780695920448,207.3461529404143
3,259.6,25389.60139510408,1.0752736977621504,0,0.19083195610600753,0.47662053001473353,1687.5742690504978,207.27058996691542
3,259.7,25368.878130913712,1.073578251011801,0,0.15179791624935532,0.47624508948355254,1686.3687924995465,207.19469592342188
3,259.8,25348.162472549826,1.0718872182915034,0,0.09731281409360809,0.4758706460794882,1685.1642637436555,207.11847341312273
3,259.90000000000003,25327.454452729784,1.0702005920888233,0,0.06068555225186141,0.4754971959761559,1683.9606802685714,207.04192501730637
3,260,25306.754103916697,1.0685183648778143,0,0.07844572660669039,0.4751247353608488,1682.7580395696918,206.96505329556257
3,260.1,25286.061458311975,1.0668405291190173,0,0.18747832810836335,0.47475326043447236,1681.556339152031,206.8878607859856
3,260.2,25265.376547871158,1.0651670772593906,0,0.06121478183959435,0.47438276741151014,1680.3555765301842,206.81035000537412
3,260.3,25244.69940429926,1.0634980017323086,0,0.024818992677527615,0.47401325251992393,1679.1557492282952,206.73252344943123
3,260.40000000000003,25224.030059047975,1.0618332949575502,0,0.10476147156431154,0.4736447120011125,1677.9568547800216,206.65438359296274
3,260.5,25203.36854332406,1.0601729493412628,0,0.12075248948976651,0.4732771421098648,1676.7588907285005,206.57593289007463
3,260.6,25182.714888089336,1.0585169572759456,0,0.14334681899446147,0.4729105391142837,1675.5618546263158,206.49717377436835
3,260.7,25162.069124067202,1.0568653111404227,0,0.14783827115912646,0.4725448992957316,1674.3657440354636,206.41810865913624
3,260.8,25141.431281737983,1.0552180032998448,0,0.1743862683423456,0.47218021894876083,1673.1705565273194,206.33873993755446
3,260.90000000000003,25120.801391343586,1.0535750261056709,0,0.12363817706677928,0.4718164943810739,1671.9762896826046,206.25906998287613
3,261,25100.179482885636,1.0519363718956678,0,0.09500269960201102,0.4714537219134591,1670.7829410913537,206.17910114862204
3,261.1,25079.565586136654,1.0503020329938741,0,0.05340850586304929,0.4710918978797439,1669.5905083528808,206.09883576877036
3,261.2,25058.95973063633,1.048672001710608,0,0.04681345588602672,0.4707310186267146,1668.398989075747,206.01827615794545
3,261.3,25038.361945697106,1.0470462703424532,0,0.09039201544517457,0.47037108051407484,1667.2083808777284,205.9374246116054
3,261.40000000000003,25017.77226039488,1.0454248311722898,0,0.19271339245609104,0.47001207991438165,1666.0186813857817,205.85628340622878
3,261.5,24997.19070358202,1.0438072202508193,0,0.07934148714006245,0.46965401321302136,1664.8298882360143,205.77485479949877
3,261.6,24976.61730842851,1.0421909113770287,0,0.0506179502696302,0.46929687680812465,1663.6419990736497,205.69305024475494
3,261.7,24956.052140957676,1.0405781848522482,0,0.09463615140977424,0.46894065467901674,1662.4550115844636,205.6103011360566
3,261.8,24935.49529514648,1.038969031400339,0,0.118859820902679,0.46858526498381686,1661.2689236613905,205.52661706798722
3,261.90000000000003,24914.946864004247,1.0373634424319682,0,0.13039575645233498,0.4682307041898798,1660.083733206307,205.4420076927843
3,262,24894.406939586625,1.0357614093954097,0,0.14987672673000088,0.4678769688697497,1658.899438129765,205.35648259249496
3,262.1,24873.875612988137,1.0341629237756014,0,0.1709629676406291,0.46752405561645566,1657.7160363509406,205.27005127920086
3,262.2,24853.352974359877,1.0325679770938365,0,0.12381123575976202,0.4671719610432937,1656.533525797582,205.18272319538167
3,262.3,24832.83911290951,1.030976560907506,0,0.13637291818861894,0.46682068178363334,1655.3519044059587,205.09450771427836
3,262.40000000000003,24812.33411691338,1.0293886668098065,0,0.11378388843198256,0.4664702144907729,1654.1711701208123,205.0054141402566
3,262.5,24791.8380737165,1.027804286429486,0,0.04741941769982533,0.46612055583776457,1652.991320895305,204.9154517091697
3,262.6,24771.351069745608,1.0262234114305535,0,0.08842628348970477,0.465771702517272,1651.812354690971,204.8246295887216
3,262.7,24750.873190514743,1.0246460335120116,0,0.15795284378987517,0.46542365124139584,1650.634269477666,204.73295687882995
3,262.8,24730.40452063363,1.0230721444075812,0,0.11217386372387457,0.4650763987415192,1649.4570632335203,204.64044261198814
3,262.90000000000003,24709.94514380861,1.0215017358854501,0,0.12998768111489256,0.4647299417681475,1648.2807339448889,204.5470957536281
3,263,24689.49514285382,1.019934799747993,0,0.14027047900906278,0.4643842770907705,1647.1052796063036,204.45292520248194
3,263.1,24669.0545996977,1.0183713278315085,0,0.1881319806340459,0.46403940149769607,1645.9306982204262,204.3579397909439
3,263.2,24648.623595385812,1.016811312005964,0,0.1905432142842737,0.46369531179589973,1644.7569877980004,204.2621482854311
3,263.3,24628.202210092917,1.0152547441747177,0,0.1706739580336827,0.46335200481088457,1643.5841463578051,204.1655593867449
3,263.40000000000003,24607.790523131378,1.0137016162742571,0,0.17291930067951888,0.4630094773865172,1642.4121719266086,204.0681817304311
3,263.5,24587.38861294184,1.0121519202739788,0,0.15929944248275504,0.4626677263848763,1641.2410625391215,203.9700238871404
3,263.6,24566.99655711837,1.0106056481758803,0,0.15722329574749838,0.4623267486861475,1640.070816237951,203.8710943629874
3,263.7,24546.61443241127,1.0090627920143176,0,0.13565668459416677,0.4619865411884293,1638.9014310735568,203.77140159990967
3,263.8,24526.242314725183,1.007523343855769,0,0.08797193190429704,0.4616471008075996,1637.732905104204,203.67095397602708
3,263.90000000000003,24505.88027912844,1.0059872957985747,0,0.053137419874069135,0.46130842447719456,1636.5652363959207,203.569759805999
3,264,24485.52839986235,1.0044546399726793,0,0.09759829295594194,0.4609705091482609,1635.3984230224519,203.46782734138208
3,264.1,24465.186750345863,1.0029253685393837,0,0.09852334834921117,0.4606333517892069,1634.232463065216,203.36516477098678
3,264.2,24444.855403185822,1.0013994736910856,0,0.16296033580440134,0.46029694938566945,1633.067354613262,203.2617802212336
3,264.3,24424.53443017509,0.9998769476510567,0,0.19917663126789803,0.459961298940366,1631.9030957632256,203.15768175650948
3,264.40000000000003,24404.22390230652,0.9983577826731739,0,0.24815547175614958,0.45962639747297995,1630.7396846192855,203.05287737952133
3,264.5,24383.92388977576,0.9968419710416836,0,0.25663783306509486,0.4592922420200055,1629.5771192931227,202.94737503165118
3,264.6,24363.63446198497,0.9953295050709682,0,0.23930827209062838,0.45895882963462264,1628.4153979038763,202.8411825933099
3,264.7,24343.3556875512,0.9938203771052949,0,0.23459266052981215,0.45862615738657186,1627.2545185781032,202.73430788428922
3,264.8,24323.08763431385,0.9923145795185752,0,0.2301809419676244,0.4582942223620161,1626.0944794497357,202.62675866411405
3,264.90000000000003,24302.83036933653,0.9908121047141362,0,0.23565383892223313,0.457963021663408,1624.93527866004,202.51854263239395
3,265,24282.583958921023,0.9893129451244617,0,0.21501561352264792,0.45763255240937145,1623.776914357576,202.40966742917288
3,265.1,24262.34846860543,0.9878170932109793,0,0.1573260898476827,0.45730281173455356,1622.6193846981566,202.30014063527997
3,265.2,24242.123963172548,0.9863245414638182,0,0.10998243820315673,0.45697379678951816,1621.4626878448069,202.1899697726775
3,265.3,24221.910506656393,0.9848352824015763,0,0.05279538018068556,0.4566455047406147,1620.3068219677243,202.07916230480922
3,265.40000000000003,24201.708162346855,0.9833493085710907,0,0.14864222465884416,0.4563179327698518,1619.15178524424,201.96772563694736
3,265.5,24181.516992797144,0.9818666125472046,0,0.14970410654658994,0.45599107807477746,1617.997575858778,201.8556671165391
3,265.6,24161.33705982566,0.9803871869325497,0,0.1854245358451029,0.45566493786835316,1616.8441920028172,201.7429940335517
3,265.7,24141.168424528092,0.9789110243573,0,0.19687406547978345,0.4553395093788428,1615.6916318748522,201.62971362081646
3,265.8,24121.011147281155,0.9774381174789568,0,0.19805061915805802,0.45501478984967664,1614.5398936803554,201.51583305437333
3,265.90000000000003,24100.865287741646,0.9759684589821352,0,0.1923225702518981,0.4546907765393381,1613.388975631738,201.40135945381252
3,266,24080.73090485856,0.9745020415783304,0,0.16402057150412513,0.4543674667212623,1612.2388759483133,201.2862998826166
3,266.1,24060.608056882396,0.9730388580056837,0,0.1890624350242861,0.4540448576837039,1611.0895928562582,201.17066134850066
3,266.2,24040.49680136144,0.9715789010287876,0,0.1944838350311647,0.45372294672961166,1609.9411245885765,201.05445080375233
3,266.3,24020.397195149213,0.9701221634384636,0,0.18705287827340591,0.45340173117653776,1608.793469385062,200.9376751455705
3,266.40000000000003,24000.309294413775,0.9686686380515322,0,0.15442056111695418,0.4530812083565194,1607.6466254922616,200.8203412164024
3,266.5,23980.233154649846,0.967218317710585,0,0.11108874511773884,0.45276137561595686,1606.5005911634387,200.70245580428013
3,266.6,23960.168830661103,0.9657711952838248,0,0.08267198941338459,0.4524422303154861,1605.3553646585378,200.58402564315736
3,266.7,23940.116376592778,0.9643272636647869,0,0.1583914136833168,0.452123769829925,1604.2109442441485,200.46505741324208
3,266.8,23920.075845915824,0.9628865157721818,0,0.06788187468176415,0.4518059915480973,1603.0673281934694,200.34555774133145
3,266.90000000000003,23900.04729145579,0.9614489445496207,0,0.08135256123301236,0.4514888928727767,1601.9245147862734,200.22553320114275
3,267,23880.030765362084,0.9600145429655048,0,0.0897775336618891,0.45117247122052084,1600.7825023088726,200.10499031364637
3,267.1,23860.026319153607,0.9585833040127116,0,0.11637458078187603,0.45085672402165416,1599.6412890540837,199.9839355473939
3,267.2,23840.03400369268,0.9571552207084691,0,0.14529636263243306,0.4505416487200629,1598.500873321193,199.862375318849
3,267.3,23820.053869209252,0.9557302860941036,0,0.16576018599078257,0.45022724277316756,1597.361253415923,199.74031599271356
3,267.40000000000003,23800.085965298116,0.9543084932348564,0,0.150177273149821,0.4499135036517728,1596.2224276503982,199.6177638822558
3,267.5,23780.130340924487,0.9528898352196802,0,0.14672067682518714,0.449600428839984,1595.0843943431112,199.49472524963514
3,267.6,23760.18704442773,0.9514743051610446,0,0.13559811295342733,0.4492880158351052,1593.947151818889,199.37120630622695
3,267.7,23740.256123535335,0.9500618961947112,0,0.08380408523017721,0.4489762621475406,1592.8106984088613,199.24721321294547
3,267.8,23720.337625351734,0.9486526014795794,0,0.07485224828378446,0.448665165300674,1591.6750324504255,199.1227520805663
3,267.90000000000003,23700.43159638066,0.9472464141974446,0,0.0895656718772032,0.4483547228308088,1590.5401522872162,198.99782897004715
3,268,23680.538082517684,0.945843327552836,0,0.17231805441349127,0.448044932287028,1589.4060562690709,198.87244989284724
3,268.1,23660.657129065134,0.9444433347727959,0,0.07263853232818626,0.4477357912311268,1588.2727427519992,198.7466208112463
3,268.2,23640.788780722767,0.9430464291067252,0,0.041768561129717566,0.4474272972374924,1587.1402100981504,198.6203476386617
3,268.3,23620.933081609197,0.941652603826149,0,0.11583894294100096,0.44711944789304336,1586.0084566757816,198.4936362399645
3,268.40000000000003,23601.090075257234,0.9402618522245518,0,0.15894899653836053,0.4468122407970945,1584.8774808592268,198.3664924317941
3,268.5,23581.259804616682,0.9388741676171942,0,0.18240451835000193,0.4465056735612861,1583.7472810288652,198.23892198287243
3,268.6,23561.442312066443,0.9374895433409072,0,0.2356065556029431,0.4461997438094965,1582.6178555710908,198.11093061431592
3,268.7,23541.63763941545,0.9361079727539157,0,0.19956391063367795,0.4458944491777317,1581.489202878281,197.98252399994672
3,268.8,23521.84582790453,0.9347294492356613,0,0.17432669589691838,0.4455897873140442,1580.3613213487668,197.8537077666028
3,268.90000000000003,23502.06691821944,0.9333539661865993,0,0.14624842128506024,0.4452857558784484,1579.2342093868017,197.72448749444615
3,269,23482.300950489007,0.9319815170280318,0,0.11706595158960313,0.4449823525428121,1578.1078654025325,197.59486871727074
3,269.1,23462.54796428792,0.9306120952019333,0,0.06672172968700772,0.4446795749907827,1576.9822878119696,197.4648569228085
3,269.2,23442.807998644188,0.9292456941707626,0,0.08244606010081139,0.44437742091770427,1575.8574750369562,197.33445755303404
3,269.3,23423.081092045642,0.9278823074172813,0,0.18157362370820293,0.4440758880305224,1574.7334255051403,197.203676004468
3,269.40000000000003,23403.367282440886,0.9265219284443852,0,0.18895537007187327,0.4437749740476947,1573.6101376499446,197.07251762847986
3,269.5,23383.666607253253,0.9251645507749068,0,0.10723412383943011,0.44347467669911256,1572.487609910538,196.9409877315882
3,269.6,23363.97910336498,0.92381016795149,0,0.06580116697021442,0.44317499372599484,1571.3658407318069,196.80909157576156
3,269.7,23344.30480714608,0.9224587735363585,0,0.08926705792932745,0.4428759228808511,1570.2448285643268,196.67683437871565
3,269.8,23324.643754437566,0.9211103611111949,0,0.12239418506671634,0.4425774619273412,1569.1245718643333,196.54422131421148
3,269.90000000000003,23304.99598057475,0.9197649242769252,0,0.19449358679059034,0.4422796086402425,1568.005069093695,196.41125751234995
3,270,23285.361520374194,0.9184224566535921,0,0.13930247691216108,0.4419823608053237,1566.8863187198851,196.27794805986792
3,270.1,23265.740408149548,0.9170829518801592,0,0.10289504894002013,0.44168571621930436,1565.7683192159536,196.14429800043027
3,270.2,23246.132677710615,0.9157464036143577,0,0.07453803616197388,0.4413896726897482,1564.6510690605,196.01031233492205
3,270.3,23226.538362370804,0.9144128055325126,0,0.05393689606695421,0.4410942280349953,1563.5345667376462,195.87599602173918
3,270.40000000000003,23206.957494947128,0.9130821513293887,0,0.05732618058009013,0.4407993800840758,1562.4188107370092,195.74135397707744
3,270.5,23187.39010777045,0.9117544347180162,0,0.11907957813555158,0.440505126676642,1561.3037995536743,195.6063910752207
3,270.6,23167.836232687347,0.9104296494295305,0,0.21283668040289574,0.44021146566287644,1560.1895316881685,195.47111214882722
3,270.7,23148.295901055448,0.9091077892130374,0,0.2339072698450347,0.43991839490342105,1559.0760056464337,195.33552198921547
3,270.8,23128.76914376393,0.9077888478354118,0,0.1396402827865242,0.4396259122693212,1557.963219939801,195.1996253466472
3,270.90000000000003,23109.255991226062,0.9064728190811698,0,0.10570597142281103,0.43933401564191227,1556.8511730849646,195.06342693061075
3,271,23089.756473383866,0.9051596967523091,0,0.08540479581233346,0.43904270291277253,1555.7398636039543,194.92693141010218
3,271.1,23070.270619721152,0.9038494746681335,0,0.14512002430877816,0.4387519719836468,1554.6292900241124,194.79014341390504
3,271.2,23050.79845925048,0.9025421466651385,0,0.1807851562445804,0.438461820766353,1553.519450878066,194.65306753086924
3,271.3,23031.340020534582,0.9012377065968181,0,0.12472907111208165,0.4381722471827483,1552.4103447037028,194.51570831018785
3,271.40000000000003,23011.895331678912,0.8999361483335392,0,0.13291288716689187,0.4378832491646176,1551.3019700441453,194.37807026167354
3,271.5,22992.464420349337,0.8986374657623591,0,0.0922355044828307,0.4375948246536277,1550.1943254477262,194.24015785603257
3,271.6,22973.047313754447,0.8973416527869276,0,0.09818542131784957,0.43730697160122584,1549.0874094679637,194.10197552513898
3,271.7,22953.644038667902,0.8960487033272949,0,0.04236441377693944,0.4370196879686183,1547.9812206635363,193.9635276623057
3,271.8,22934.2546214303,0.8947586113197697,0,0.10349277842897747,0.43673297172665904,1546.875757598259,193.82481862255509
3,271.90000000000003,22914.879087936133,0.8934713707168146,0,0.2071442538001993,0.43644682085578596,1545.7710188410585,193.6858527228889
3,272,22895.51746366173,0.8921869754868417,0,0.21658090282483067,0.43616123334599016,1544.6670029659495,193.5466342425552
3,272.1,22876.16977365315,0.8909054196141096,0,0.12121862756024446,0.4358762071966941,1543.5637085520102,193.40716742331563
3,272.2,22856.836042531766,0.8896266970985769,0,0.10653941179368522,0.4355917404167206,1542.4611341833593,193.26745646971054
3,272.3,22837.516294505447,0.8883508019557417,0,0.08779422393448481,0.43530783102422216,1541.3592784491318,193.12750554932214
3,272.40000000000003,22818.21055335924,0.8870777282165349,0,0.14925290422630996,0.43502447704659863,1540.2581399434557,192.98731879303804
3,272.5,22798.918842478655,0.8858074699271333,0,0.18032468382628708,0.434741676520461,1539.1577172654288,192.84690029531131
3,272.6,22779.641184831038,0.8845400211488779,0,0.1369301510893238,0.4344594274915231,1538.0580090190956,192.70625411442157
3,272.7,22760.377602984197,0.8832753759580984,0,0.14640851408599204,0.4341777280145875,1536.9590138134245,192.56538427273233
3,272.8,22741.12811910361,0.8820135284459961,0,0.11386636255215252,0.43389657615344807,1535.8607302622845,192.4242947569487
3,272.90000000000003,22721.892754962668,0.8807544727184933,0,0.1039648463268676,0.43361596998084234,1534.763156984423,192.282989518373
3,273,22702.671531935222,0.8794982028961262,0,0.04567528590110776,0.43333590757837304,1533.6662926034435,192.14147247315944
3,273.1,22683.46447100956,0.8782447131138902,0,0.07062493436387314,0.4330563870364723,1532.5701357477828,191.9997475025672
3,273.2,22664.27159278374,0.8769939975211266,0,0.15492824039301062,0.4327774064543163,1531.4746850506892,191.857818453212
3,273.3,22645.092917473055,0.8757460502813852,0,0.1631068848951434,0.4324989639397829,1530.3799391502002,191.7156891373167
3,273.40000000000003,22625.92846492119,0.8745008655722777,0,0.06616284945307409,0.4322210576093832,1529.285896689121,191.57336333296018
3,273.5,22606.778254587203,0.87325843758539,0,0.050348295983775465,0.4319436855881845,1528.1925563150025,191.43084478432573
3,273.6,22587.642305555753,0.8720187605261385,0,0.08816983074847101,0.4316668460097881,1527.09991668012,191.28813720194702
3,273.7,22568.520636554807,0.8707818286136143,0,0.14775674291036422,0.43139053701625507,1526.0079764414515,191.14524426295324
3,273.8,22549.41326593049,0.8695476360805235,0,0.2019967638781774,0.4311147567580177,1524.9167342606568,191.00216961131318
3,273.90000000000003,22530.320211677812,0.8683161771730036,0,0.18501621795808681,0.4308395033938842,1523.8261888040558,190.8589168580772
3,274,22511.241521306336,0.8670847272690649,0,0.18041794573061207,0.4305647750909218,1522.7363387426083,190.7148920077782
3,274.1,22492.17738062702,0.8658433854781052,0,0.17508470542145904,0.43029026362221157,1521.6471835274613,190.56792292861581
3,274.2,22473.128074364737,0.8645929995858512,0,0.1508303307087611,0.4300148542397487,1520.5587254314232,190.4182037241366
3,274.3,22454.09386882838,0.863334326696156,0,0.12886801827349686,0.4297386457600168,1519.4709664771776,190.2659084053797
3,274.40000000000003,22435.075013306923,0.8620680900432176,0,0.08326202748943125,0.4294617264342714,1518.3839084640254,190.11120340385156
3,274.5,22416.07174081728,0.8607949799911722,0,0.13355428690067558,0.42918418036989986,1517.2975529783737,189.95424778943675
3,274.6,22397.08426881954,0.8595156552811454,0,0.08309359064201335,0.4289060876556618,1516.2119014039085,189.7951935433394
3,274.7,22378.112799922936,0.8582307442394294,0,0.15377062123586407,0.4286275245150336,1515.1269549313781,189.6341858229077
3,274.8,22359.15752254147,0.8569408459488806,0,0.11108910214625388,0.4283485634552518,1514.0427145679994,189.47136321874754
3,274.90000000000003,22340.218611550517,0.8556465313838496,0,0.04607028606098282,0.4280692734122935,1512.9591811464982,189.30685800418271
3,275,22321.29622889962,0.8543483445094039,0,0.0873173444587949,0.4277897198916591,1511.876355333792,189.1407963771779
3,275.1,22302.390524215996,0.8530468033453047,0,0.12036577500051895,0.4275099651050722,1510.794237639327,188.97329869481058
3,275.2,22283.501635364257,0.8517424009955012,0,0.10621270224821962,0.42723006810303005,1509.712828423081,188.80447970041718
3,275.3,22264.629689011723,0.8504356066436349,0,0.12330722621256036,0.4269500849033118,1508.632127903238,188.63444874351782
3,275.40000000000003,22245.774801144376,0.8491268665154575,0,0.12923858356686066,0.42667006861536955,1507.5521361635513,188.46330999266962
3,275.5,22226.937077581882,0.8478166048086768,0,0.11373766893449867,0.4263900695607751,1506.4728531603996,188.29116264136047
3,275.6,22208.11661446467,0.846505224591081,0,0.09566842933040176,0.4261101353896641,1505.3942787295496,188.11810110709862
3,275.7,22189.313498717733,0.845193108667652,0,0.035494438920049914,0.425830311193302,1504.3164125926317,187.94421522383524
3,275.8,22170.52780850418,0.8438806204173684,0,0.10467634267972911,0.42555063961282596,1503.239254363343,187.769590427863
3,275.90000000000003,22151.759613653645,0.8425681046005259,0,0.10599324527460484,0.4252711609442044,1502.162803553383,187.59430793734913
3,276,22133.008976078592,0.8412558881372747,0,0.1865787293478385,0.42499191323952584,1501.0870595781332,187.4184449256464
3,276.1,22114.27595016919,0.8399442808581793,0,0.12155068648107725,0.42471293240466373,1500.0120217620904,187.24207468854178
3,276.2,22095.56058316212,0.8386335762275579,0,0.048606940686019465,0.4244342522934236,1498.9376893440594,187.06526680559185
3,276.3,22076.862915528007,0.837324052040229,0,0.037998760911746476,0.4241559047982623,1497.864061482119,186.88808729569325
3,276.40000000000003,22058.182981291786,0.8360159710927204,0,0.10067630311657606,0.4238779199375711,1496.791137258365,186.71059876706855
3,276.5,22039.520808392204,0.834709581829287,0,0.1187669738765151,0.42360032593979885,1495.7189156834413,186.5328605617808
3,276.6,22020.876418985426,0.8334051189638624,0,0.13280952281260408,0.42332314932426657,1494.6473957008654,186.3549288949738
3,276.7,22002.24982975982,0.8321028040783907,0,0.16716166840699878,0.42304641497897694,1493.5765761911584,186.17685698895474
3,276.8,21983.64105221629,0.8308028461984491,0,0.1559734606205462,0.42277014623535564,1492.5064559757843,185.99869520229245
3,276.90000000000003,21965.050092964433,0.8295054423466852,0,0.10250137038697595,0.42249436494011555,1491.437033820909,185.82049115406136
3,277,21946.476953981444,0.828210778074984,0,0.05581987557313859,0.4222190915242232,1490.3683084409824,185.64228984340164
3,277.1,21927.9216328701,0.8269190279758888,0,0.04767702685597994,0.42194434506917317,1489.3002785021563,185.46413376452
3,277.2,21909.384123096243,0.8256303561740287,0,0.12241578138167668,0.42167014337057546,1488.2329426255371,185.28606301728325
3,277.3,21890.864414240234,0.8243449167981137,0,0.19703608181339152,0.4213965029991859,1487.1662993902878,185.1081154135374
3,277.40000000000003,21872.362492204644,0.8230628544343438,0,0.11730805265566825,0.42112343935939145,1486.100347336579,184.93032657930894
3,277.5,21853.87833943963,0.8217843045616309,0,0.10666821312963365,0.42085096674536054,1485.0350849684005,184.75273005299732
3,277.6,21835.41193513293,0.8205093939694519,0,0.09106112789245052,0.42057909839480406,1483.9705107562338,184.57535737971295
3,277.7,21816.96325542126,0.8192382411587342,0,0.09908825917098295,0.42030784654054604,1482.9066231395975,184.3982382018694
3,277.8,21798.532273560762,0.8179709567265991,0,0.1391131537881833,0.42003722245985814,1481.8434205294643,184.22140034618084
3,277.90000000000003,21780.118960112333,0.8167076437353039,0,0.1809781271349636,0.4197672365217749,1480.780901310561,184.04486990716256
3,278,21761.723283115774,0.8154483980660872,0,0.2006167870092388,0.41949789823233763,1479.7190638435525,183.8686713272739
3,278.1,21743.34520823974,0.8141933087584687,0,0.19312599005903933,0.41922921627790655,1478.6579064671168,183.69282747381752
3,278.2,21724.984698945656,0.8129424583354015,0,0.15834185362345748,0.4189611985666349,1477.5974274999148,183.5173597126983
3,278.3,21706.64171662461,0.8116959231149508,0,0.09688064068121957,0.4186938522680938,1476.5376252424596,183.34228797916896
3,278.40000000000003,21688.316220746376,0.8104537735088501,0,0.02335884818208111,0.4184271838512078,1475.47849797889,183.16763084565582
3,278.5,21670.008168987,0.8092160743085498,0,0.09686702224734973,0.41816119912048,1474.4200439786523,182.9934055867847
3,278.6,21651.717517361045,0.8079828849591282,0,0.1690867818778235,0.4178959032506465,1473.3622614980948,182.8196282416974
3,278.7,21633.444220328704,0.8067542598216171,0,0.12182541440454135,0.4176313008197651,1472.3051487819776,182.64631367376768
3,278.8,21615.188230928965,0.8055302484240204,0,0.14224645092272215,0.4173673958408626,1471.2487040649028,182.47347562779782
3,278.90000000000003,21596.949500872754,0.8043108957016867,0,0.1492383425372953,0.4171041917920912,1470.1929255726686,182.30112678481424
3,279,21578.72798065748,0.8030962422272157,0,0.15590382032115138,0.41684169164559326,1469.1378115235505,182.12927881452546
3,279.1,21560.523619660176,0.8018863244304759,0,0.20942996995975657,0.4165798978949955,1468.0833601295117,181.95794242555257
3,279.2,21542.336366232485,0.8006811748090188,0,0.24857395322478362,0.4163188125816811,1467.0295695973482,181.78712741350273
3,279.3,21524.16616779007,0.7994808221292966,0,0.27392473915545784,0.41605843731983866,1465.9764381297705,181.6168427069755
3,279.40000000000003,21506.01297089737,0.7982852916190528,0,0.2678801796904438,0.4157987733203555,1464.9239639264238,181.4470964115785
3,279.5,21487.876721348614,0.7970946051512222,0,0.22693132841129512,0.4155398214136013,1463.8721451848514,181.27789585203215
3,279.6,21469.757364239544,0.7959087814196957,0,0.176991822192384,0.4152815820711464,1462.8209801014034,181.1092476124358
3,279.7,21451.654844040982,0.7947278361072386,0,0.09921657348336571,0.415024055426471,1461.7704668720914,180.9411575747659
3,279.8,21433.569104676135,0.7935517820458893,0,0.10928641210844527,0.4147672412946843,1460.7206036933956,180.7736309556778
3,279.90000000000003,21415.500089573674,0.7923806293702231,0,0.14237680528369992,0.4145111391912945,1459.6713887630222,180.60667234168582
3,280,21397.447741732933,0.7912143856636347,0,0.2038144089625377,0.4142557483501263,1458.6228202806167,180.4402857227697
3,280.1,21379.412003781646,0.7900530560980118,0,0.1442919175546583,0.41400106774034545,1457.574896448434,180.27447452448317
3,280.2,21361.39281803742,0.7888966435670379,0,0.10570270716637192,0.4137470960826738,1456.5276154719672,180.10924163862035
3,280.3,21343.390126547776,0.7877451488134509,0,0.11154202742146228,0.4134938318648047,1455.4809755605372,179.94458945250403
3,280.40000000000003,21325.403871144168,0.7865985705503913,0,0.11905466275384877,0.4132412733561053,1454.4349749278458,179.78051987693905
3,280.5,21307.433993493207,0.7854569055771647,0,0.14443923085259674,0.41298941862156424,1453.3896117924921,179.6170343728965
3,280.6,21289.48043513391,0.7843201488896727,0,0.14643784344677768,0.41273826553505477,1452.3448843784577,179.45413397698076
3,280.7,21271.543137530796,0.7831882937856455,0,0.14463648652838357,0.4124878117919641,1451.3007909155567,179.29181932572183
3,280.8,21253.622042091563,0.7820613319650511,0,0.12256128912449993,0.4122380549211584,1450.257329639859,179.13009067875453
3,280.90000000000003,21235.717090222985,0.7809392536256411,0,0.08736350358115944,0.41198899229641583,1449.214498794082,178.96894794090667
3,281,21217.82822335232,0.779822047554105,0,0.08864558297307853,0.41174062114720145,1448.1722966279551,178.80839068327248
3,281.1,21199.95538296923,0.7787097012128131,0,0.06655723713140717,0.41149293856896446,1447.1307213985604,178.64841816328735
3,281.2,21182.09851065278,0.7776022008224764,0,0.09461187902088593,0.41124594153286553,1446.0897713706465,178.48902934386615
3,281.3,21164.257548101246,0.7764995314408238,0,0.18050530014805355,0.41099962689503233,1445.04944481692,178.3302229116316
3,281.40000000000003,21146.432437149808,0.775401677037514,0,0.08577874635000114,0.4107539914053305,1444.0097400183136,178.17199729427716
3,281.5,21128.623119810596,0.7743086205653468,0,0.015520073349952711,0.41050903171569936,1442.9706552642353,178.01435067709377
3,281.6,21110.829538286664,0.7732203440280995,0,0.0894660227328556,0.41026474438800614,1441.9321888527957,177.85728101871177
3,281.7,21093.05163498968,0.7721368285450068,0,0.15021924091575298,0.4100211259015385,1440.8943390910167,177.70078606607586
3,281.8,21075.289352573454,0.7710580544120222,0,0.13642566129712982,0.40977817266008854,1439.8571042950232,177.54486336868925
3,281.90000000000003,21057.542633948848,0.7699840011601223,0,0.13648406215014763,0.409535880998628,1438.820482790217,177.38951029217122
3,282,21039.811422292143,0.7689146476107072,0,0.13934998085281633,0.40929424718966095,1437.7844729114352,177.23472403114476
3,282.1,21022.095661068335,0.7678499719281748,0,0.11866403146194607,0.40905326744924425,1436.7490730030922,177.08050162148132
3,282.2,21004.395294048823,0.7667899516698782,0,0.13086546210669028,0.40881293794264756,1435.7142814193096,176.9268399519421
3,282.3,20986.710265319794,0.7657345638335759,0,0.15778875874971912,0.4085732547897156,1434.6800965240302,176.7737357752374
3,282.40000000000003,20969.040519304574,0.7646837849024224,0,0.06950321059323117,0.40833421406994913,1433.6465166911205,176.6211857185262
3,282.5,20951.386000761762,0.7636375908877266,0,0.07149098131453435,0.408095811827276,1432.6135403044607,176.46918629339046
3,282.6,20933.746654809453,0.7625959573694099,0,0.14075890210963754,0.4078580440745996,1431.581165758023,176.3177339052908
3,282.7,20916.122426930815,0.7615588595344431,0,0.07626362391693034,0.4076209067980377,1430.5493914559397,176.16682486254675
3,282.8,20898.513262977824,0.7605262722132582,0,0.07266410995979568,0.4073843959609558,1429.5182158125606,176.01645538484888
3,282.90000000000003,20880.91910918709,0.7594981699142106,0,0.11412489571152865,0.4071485075077696,1428.487637252501,175.86662161132608
3,283,20863.33991218265,0.7584745268562562,0,0.20643790135638038,0.40691323736750223,1427.4576542106809,175.71731960819307
3,283.1,20845.775618990883,0.7574553169998489,0,0.1805579598193037,0.40667858145715674,1426.428265132355,175.5685453759922
3,283.2,20828.22617703583,0.756440514076234,0,0.17726327843829415,0.4064445356848659,1425.3994684731354,175.42029485645497
3,283.3,20810.691534154117,0.7554300916150883,0,0.17152657256341472,0.40621109595288835,1424.3712626990066,175.2725639389886
3,283.40000000000003,20793.171638591215,0.7544240229707092,0,0.1735710908460202,0.40597825816038596,1423.3436462863333,175.1253484668176
3,283.5,20775.66643901542,0.7534222813467051,0,0.1647296085490774,0.40574601820606593,1422.3166177218611,174.97864424278558
3,283.6,20758.175884506665,0.7524248398193875,0,0.18987042411390678,0.40551437199062407,1421.290175502712,174.83244703484485
3,283.7,20740.699924584478,0.7514316713597368,0,0.11614781491122433,0.40528331541908263,1420.2643181363728,174.68675258123
3,283.8,20723.23850918375,0.7504427488542906,0,0.051822706813474145,0.40505284440290457,1419.23904414068,174.5415565953594
3,283.90000000000003,20705.791588673368,0.7494580451246867,0,0.10265802757805247,0.4048229548620699,1418.2143520437974,174.39685477044168
3,284,20688.359113852493,0.7484775329461637,0,0.03856154835302905,0.40459364272693416,1417.190240384189,174.25264278382932
3,284.1,20670.94103595428,0.7475011850649571,0,0.09769605985048452,0.404364903940006,1416.1667077105903,174.10891630111843
3,284.2,20653.537306646816,0.7465289742146793,0,0.163715406769527,0.40413673445759,1415.1437525819717,173.96567098000952
3,284.3,20636.147878032178,0.7455608731317295,0,0.24996351628205926,0.4039091302513224,1414.1213735675003,173.82290247394155
3,284.40000000000003,20618.772702643648,0.7445968545697748,0,0.23467338120168463,0.4036820873096019,1413.0995692464974,173.6806064355078
3,284.5,20601.411733450368,0.743636891313326,0,0.23445322116694875,0.40345560163892263,1412.0783382083926,173.538778519663
3,284.6,20584.064923861064,0.7426809561904895,0,0.23154480483189488,0.4032296692650954,1411.057679052675,173.39741438673784
3,284.7,20566.73222771194,0.7417290220849599,0,0.2285253692909592,0.40300428623438106,1410.0375903888419,173.25650970526814
3,284.8,20549.413599275053,0.7407810619471864,0,0.22112832666020574,0.40277944861456677,1409.0180708363432,173.11606015463954
3,284.90000000000003,20532.10899325274,0.7398370488048683,0,0.2313844558017102,0.4025551524959205,1407.9991190245257,172.97606142756865
3,285,20514.81837723218,0.7388958901251139,0,0.14468844614882587,0.40233139399209517,1406.9807335925732,172.83626009809245
3,285.1,20497.54173911456,0.7379569229243796,0,0.06709364259442849,0.40210806283408645,1405.9629134587833,172.69650337131984
3,285.2,20480.279074388556,0.7370201411172194,0,0.02658303815437644,0.40188509200864014,1404.9456577110786,172.55679226001564
3,285.3,20463.030378434807,0.7360855392361582,0,0.1323967662838766,0.4016624802199839,1403.9289654406614,172.41712790757413
3,285.40000000000003,20445.795646524057,0.7351531118225283,0,0.07870816394495667,0.40144022623813985,1402.9128357418472,172.27751144541728
3,285.5,20428.57487380784,0.7342228534259189,0,0.1426908798410406,0.40121832883801395,1401.8972677120528,172.13794399296734
3,285.6,20411.36805533059,0.7332947586041495,0,0.1914551067340092,0.40099678679933654,1400.8822604517834,171.9984266577503
3,285.7,20394.17518602684,0.7323688219232719,0,0.1663241566245873,0.4007755989066214,1399.8678130646213,171.85896053549894
3,285.8,20376.996260721236,0.7314450379575695,0,0.19296955728639417,0.4005547639491519,1398.853924657213,171.7195467102553
3,285.90000000000003,20359.83127412852,0.730523401289553,0,0.17827576336070539,0.4003342807209613,1397.8405943392574,171.58018625447164
3,286,20342.680220860057,0.7296039065099489,0,0.18910764532435356,0.40011414802081396,1396.8278212234948,171.44088022911183
3,286.1,20325.543095418252,0.7286865482177068,0,0.16426914899022568,0.39989436465217526,1395.8156044256932,171.30162968375046
3,286.2,20308.419892206788,0.7277713210199805,0,0.18401244098389594,0.39967492942320254,1394.8039430646381,171.16243565667256
3,286.3,20291.31060551945,0.7268582195321479,0,0.1162737847266686,0.3994558411467082,1393.7928362621196,171.02329917497153
3,286.40000000000003,20274.21522955224,0.7259472383777881,0,0.029873767733693664,0.3992370986401616,1392.7822831429212,170.8842212546467
3,286.5,20257.133758399636,0.7250383721886883,0,0.06560291599259822,0.3990187007256486,1391.772282834808,170.7452029007004
3,286.6,20240.066186051816,0.7241316156048501,0,0.16973821916010343,0.3988006462298604,1390.762834468515,170.60624510723383
3,286.7,20223.01250640955,0.7232269632744612,0,0.09418791895125114,0.3985829339840803,1389.753937177735,170.4673488575421
3,286.8,20205.97271326091,0.7223244098539424,0,0.13001289774204533,0.3983655628241396,1388.7455900991083,170.32851512420922
3,286.90000000000003,20188.94680031482,0.7214239500078816,0,0.16253700178012628,0.3981485315904403,1387.7377923722102,170.18974486920104
3,287,20171.93476117123,0.7205255784090963,0,0.1381894421526907,0.39793183912787866,1386.7305431395393,170.0510390439594
3,287.1,20154.936589344405,0.719629289738589,0,0.1703377940293801,0.3977154842858804,1385.7238415465072,169.9123985894934
3,287.2,20137.952278243378,0.7187350786855875,0,0.15852434906741797,0.39749946591834157,1384.717686741426,169.77382443647178
3,287.3,20120.98182119988,0.7178429399474935,0,0.1674202058175368,0.39728378288364596,1383.7120778754977,169.63531750531283
3,287.40000000000003,20104.02521144133,0.7169528682299378,0,0.1468368839208496,0.3970684340445986,1382.707014102803,169.4968787062753
3,287.5,20087.0824421132,0.7160648582467398,0,0.16363671987398,0.39685341826845605,1381.7024945802893,169.35850893954733
3,287.6,20070.153506261297,0.715178904719946,0,0.08599725984600848,0.3966387344268704,1380.6985184677606,169.22020909533543
3,287.7,20053.238396856934,0.714295002379785,0,0.029019907987273698,0.3964243813959028,1379.6950849278655,169.08198005395195
3,287.8,20036.337106770836,0.7134131459647206,0,0.05735075275534405,0.39621035805596333,1378.6921931260867,168.9438226859028
3,287.90000000000003,20019.449628795497,0.7125333302214142,0,0.13405122846295514,0.3959966632918392,1377.6898422307297,168.80573785197367
3,288,20002.575955635868,0.7116555499047473,0,0.040215695427883495,0.3957832959926393,1376.6880314129116,168.6677264033162
3,288.1,19985.716079908423,0.7107531636926011,0,0.07360010120429365,0.39557025505179444,1375.686759846551,168.5297891815328
3,288.2,19968.870016545057,0.7098475075560037,0,0.14558270154868355,0.39535753936704193,1374.6860267083562,168.39147911939384
3,288.3,19952.037806582637,0.7089432778940464,0,0.14474291992776103,0.39514509069717413,1373.6858313224564,168.25272121529176
3,288.40000000000003,19935.219929795712,0.7080037835893759,0,0.1659520013867662,0.39493289760701406,1372.6861730419253,168.10481561752135
3,288.5,19918.4173414018,0.7070255469404366,0,0.17927698141512227,0.39471740404656913,1371.687060220948,167.94695331800708
3,288.6,19901.631005143747,0.7060111824986326,0,0.17947742394629432,0.3944982820539989,1370.68850204385,167.7797729041242
3,288.7,19884.861822682433,0.7049631566063761,0,0.18725939429241326,0.39427579475261904,1369.6905070289356,167.60387733984547
3,288.8,19868.110636793077,0.7038838190941202,0,0.17869298854587995,0.39405019055668017,1368.6930830657216,167.41984148920585
3,288.90000000000003,19851.378234121017,0.7027754072926544,0,0.1418166165913695,0.39382170618157947,1367.696237444547,167.22821305971559
3,289,19834.66534784157,0.7016400501187858,0,0.07741459580911632,0.3935905669824217,1366.6999768853307,167.02951356586527
3,289.1,19817.972660251893,0.7004797721026811,0,0.0718499601584686,0.39335698731138663,1365.7043075654203,166.82423928112954
3,289.2,19801.300805231556,0.6992964973493285,0,0.1345840301049273,0.39312117087965726,1364.709235146528,166.61286217643743
3,289.3,19784.6503706323,0.698092053426812,0,0.16732534765593762,0.39288331112198327,1363.714764800742,166.39583084314742
3,289.40000000000003,19768.021900573745,0.6968681751754249,0,0.10959049135916453,0.3926435915618879,1362.7209012356134,166.17357139890416
3,289.5,19751.415897637606,0.6956265084324589,0,0.0774436858570337,0.3924021861759136,1361.7276487183224,165.94648837495822
3,289.6,19734.83282499388,0.6943686136683215,0,0.03781261131572977,0.39215925975545485,1360.735011098927,165.71496558374199
3,289.7,19718.273108419962,0.6930959695305905,0,0.08539354538351353,0.3919149682648372,1359.7429918327077,165.47936696573592
3,289.8,19701.73702328652,0.691819606869348,0,0.1011280959896073,0.39166945919460733,1358.7515940016144,165.2423367503982
3,289.90000000000003,19685.224646754563,0.6905450203203127,0,0.1031010933347079,0.39142378961823043,1357.7608180119219,165.00519493435192
3,290,19668.735989435576,0.6892722303499137,0,0.11502644400239456,0.3911784840090429,1356.7706629423526,164.76795247919588
3,290.1,19652.27106090635,0.6880012527879213,0,0.10182178690313985,0.3909335437530835,1355.7811278681208,164.53061916225892
3,290.2,19635.82986976765,0.6867321032969285,0,0.0882297618298574,0.39068896978711876,1354.7922118620695,164.29320464642893
3,290.3,19619.41242366284,0.6854647973759852,0,0.07284792899955607,0.39044476302522946,1353.8039139947277,164.0557184816872
3,290.40000000000003,19603.018729285337,0.68419935036061,0,0.11244009830057876,0.3902009243592343,1352.8162333343673,163.81817010577282
3,290.5,19586.64879238978,0.6829357774228207,0,0.16784081842089513,0.38995745465878734,1351.8291689470586,163.58056884485072
3,290.6,19570.302617804147,0.6816740935711867,0,0.21114194102358846,0.38971435477147204,1350.8427198967272,163.34292391418168
3,290.7,19553.98020943906,0.6804143136509028,0,0.12412286535116253,0.3894716255228959,1349.856885245208,163.10524441879573
3,290.8,19537.681570301764,0.6791564523438831,0,0.07567469978530876,0.38922926771679195,1348.8716640523023,162.86753935416803
3,290.90000000000003,19521.406702504493,0.677900524168876,0,0.06353212260463768,0.38898728213511535,1347.8870553758316,162.6298176068976
3,291,19505.155607276596,0.6766465434815992,0,0.07944502799737016,0.3887456695381515,1346.9030582716928,162.39208795538832
3,291.1,19488.92828497663,0.6753945244748938,0,0.12590848056405993,0.38850443066461965,1345.9196717939135,162.15435907053205
3,291.2,19472.72473509889,0.6741444811788989,0,0.12318663680002188,0.3882635662317794,1344.9368949947057,161.91663951639498
3,291.3,19456.544956284575,0.6728964274612436,0,0.08610890105981417,0.3880230769355478,1343.9547269245193,161.67893775090496
3,291.40000000000003,19440.38894634042,0.6716503770272576,0,0.07447300689115921,0.38778296345061164,1342.973166632097,161.44126212654078
3,291.5,19424.256702239625,0.6704063434202026,0,0.0665862432797333,0.38754322643052835,1341.9922131645271,161.20362089102468
3,291.6,19408.14822013583,0.6691643400215184,0,0.12602531356561975,0.38730386650785925,1341.0118655672968,160.96602218801524
3,291.7,19392.063495375216,0.667924380051087,0,0.16012317214609748,0.38706488429428176,1340.0321228843447,160.7284740578023
3,291.8,19376.002522502095,0.6666864765675165,0,0.17573130210936888,0.38682628038070765,1339.0529841581138,160.49098443800372
3,291.90000000000003,19359.965295270085,0.6654506424684365,0,0.2251153911790378,0.3865880553374129,1338.0744484296038,160.25356116426312
3,292,19343.951806661673,0.6642168904908143,0,0.12865672175161344,0.3863502097141603,1337.0965147384227,160.01621197094855
3,292.1,19327.96204889007,0.6629852332112868,0,0.03900260805636189,0.38611274404031004,1336.1191821228385,159.77894449185376
3,292.2,19311.99601340294,0.661755683046506,0,0.06374095136398297,0.385875658824961,1335.1424496198308,159.54176626089958
3,292.3,19296.05369090289,0.6605282522535019,0,0.1251172709595722,0.3856389545570897,1334.1663162651414,159.30468471283572
3,292.40000000000003,19280.135071358643,0.6593029529300568,0,0.1499510512548264,0.3854026317056636,1333.1907810933249,159.06770718394415
3,292.5,19264.24014400039,0.6580797970151003,0,0.15240180816698917,0.38516669071977194,1332.2158431377993,158.8308409127437
3,292.6,19248.368897350505,0.6568587962891123,0,0.1357043612051584,0.38493113202878154,1331.2415014308958,158.59409304069393
3,292.7,19232.52131921705,0.6556399623745447,0,0.10056091748593299,0.384695956042439,1330.2677550039084,158.35747061290115
3,292.8,19216.69739670679,0.6544233067362554,0,0.11837837732990922,0.384461163151032,1329.2946028871431,158.12098057882392
3,292.90000000000003,19200.89711623639,0.6532088406819532,0,0.15431705611054441,0.38422675372552206,1328.322044109967,157.88462979297867
3,293,19185.120463545434,0.6519965753626594,0,0.17776247552397517,0.3839927281176795,1327.350077700857,157.64842501564627
3,293.1,19169.367423697375,0.6507865217731804,0,0.17987539146750745,0.38375908666021835,1326.3787026874472,157.41237291357862
3,293.2,19153.637981096283,0.6495786907525924,0,0.20875375879710995,0.3835258296669507,1325.4079180965782,157.17648006070496
3,293.3,19137.932119493373,0.6483730929847399,0,0.1218224110924809,0.3832929574329162,1324.4377229543434,156.94075293883844
3,293.40000000000003,19122.249821997248,0.6471697389987426,0,0.03505564909310496,0.38306047023452994,1323.4681162861364,156.70519793838247
3,293.5,19106.591071078554,0.6459686391695196,0,0.12214954384132995,0.3828283683297243,1322.499097116698,156.46982135903724
3,293.6,19090.955848587677,0.6447698037183185,0,0.180723555807664,0.38259665195810094,1321.530664470163,156.23462941050508
3,293.7,19075.34413575474,0.6435732427132603,0,0.21740370965496525,0.38236532134106277,1320.5628173701048,155.99962821319636
3,293.8,19059.755913199857,0.6423789660698924,0,0.22378664597241354,0.3821343766819746,1319.595554839583,155.76482379893466
3,293.90000000000003,19044.19116095174,0.6411869835517521,0,0.19993412206953806,0.3819038181663079,1318.628875901187,155.53022211166063
3,294,19028.649858443066,0.639997304770943,0,0.17380854420811126,0.3816736459617739,1317.6627795770823,155.29582900813674
3,294.1,19013.131984527223,0.6388099391887164,0,0.1489231433706327,0.38144386021849286,1316.697264889054,155.06165025864965
3,294.2,18997.637517483905,0.6376248961160673,0,0.12138399256157364,0.3812144610691308,1315.7323308585514,154.8276915477131
3,294.3,18982.16643503215,0.6364421847143363,0,0.0831480577441789,0.3809854486290541,1314.7679765067323,154.59395847476915
3,294.40000000000003,18966.71871432755,0.6352618139958226,0,0.0905553346875334,0.38075682299647284,1313.8042008545053,154.36045655488903
3,294.5,18951.29433198739,0.6340837928244041,0,0.0746468579650424,0.3805285842526091,1312.8410029225736,154.12719121947205
3,294.6,18935.89326408226,0.6329081299161676,0,0.14881894898884945,0.3803007324618227,1311.8783817314775,153.89416781694482
3,294.7,18920.5154861575,0.631734833840047,0,0.13569393235670238,0.38007326767178884,1310.9163363016366,153.66139161345788
3,294.8,18905.16097323224,0.6305639130184686,0,0.04927599006728245,0.37984618991362956,1309.954865653392,153.4288677935821
3,294.90000000000003,18889.82969981525,0.6293953757280051,0,0.09040307516017765,0.3796194992020807,1308.9939688070472,153.196601461003
3,295,18874.52163990494,0.6282292301000383,0,0.0930638949640261,0.37939319553563344,1308.0336447829095,152.96459763921484
3,295.1,18859.236767005175,0.6270654841214259,0,0.10965180988702351,0.37916727889669866,1307.073892601331,152.73286127221152
3,295.2,18843.975054126233,0.6259041456351797,0,0.11567654687774023,0.37894174925174934,1306.1147112827482,152.5013972251778
3,295.3,18828.73647379689,0.6247452223411474,0,0.11373538054345908,0.37871660655148426,1305.1560998477228,152.27021028517757
3,295.40000000000003,18813.520998070948,0.623588721796701,0,0.1502635956181109,0.37849185073097596,1304.1980573169806,152.03930516184096
3,295.5,18798.32859853469,0.6224346514174358,0,0.11272435176138758,0.3782674817098256,1303.2405827114512,151.80868648805023
3,295.6,18783.15924631711,0.6212830184778703,0,0.05837016632414221,0.3780434993923184,1302.2836750523063,151.57835882062267
3,295.7,18768.012912089936,0.6201338301121561,0,0.09291677436757355,0.37781990366757323,1301.3273333609982,151.34832664099332
3,295.8,18752.889566087164,0.6189870933147903,0,0.11116775977532947,0.37759669440970844,1300.3715566592978,151.1185943558939
3,295.90000000000003,18737.789178100415,0.6178428149413381,0,0.1959526558539018,0.37737387147797796,1299.4163439693323,150.88916629803154
3,296,18722.711717495695,0.6167010017091555,0,0.18800603488938022,0.37715143471694335,1298.4616943136225,150.66004672676448
3,296.1,18707.657153213397,0.6155616601981221,0,0.0832578040963855,0.3769293839566144,1297.5076067151194,150.43123982877592
3,296.2,18692.625453780405,0.6144247968513756,0,0.06229425378083826,0.3767077190126134,1296.5540801972409,150.20274971874593
3,296.3,18677.61658731755,0.6132904179760519,0,0.07012885608695951,0.37648643968632256,1295.601113783907,149.9745804400208
3,296.40000000000003,18662.630521544255,0.6121585297440323,0,0.10013900264852792,0.37626554576503723,1294.648706499577,149.74673596528106
3,296.5,18647.66722378414,0.611029138192691,0,0.1084410022590787,0.376045037022123,1293.696857369283,149.51922019720598
3,296.6,18632.7266609706,0.6099022492256506,0,0.1448610314192485,0.37582491321717143,1292.7455654186658,149.29203696913666
3,296.7,18617.80879966449,0.6087778686135384,0,0.19216089136424813,0.37560517409615535,1291.7948296740099,149.0651900457359
3,296.8,18602.913606051356,0.6076560019947508,0,0.12226208378219695,0.37538581939156634,1290.844649162276,148.83868312364706
3,296.90000000000003,18588.041045947,0.6065366548762178,0,0.07177740021731095,0.37516684882258144,1289.8950229111365,148.61251983214908
3,297,18573.191084814258,0.6054198326341721,0,0.06725901342722439,0.37494826209521726,1288.9459499490072,148.38670373380933
3,297.1,18558.36368775461,0.6043055405149244,0,0.121994115366445,0.3747300589024684,1287.9974293050811,148.16123832513475
3,297.2,18543.55881953053,0.6031937836356361,0,0.20110640293317092,0.3745122389244798,1287.0494600093614,147.93612703721888
3,297.3,18528.77644456178,0.6020845669851023,0,0.18766263036468084,0.37429480182867675,1286.1020410926924,147.71137323638757
3,297.40000000000003,18514.016526931897,0.6009778954245317,0,0.1059744862999345,0.3740777472699303,1285.1551715867924,147.48698022484152
3,297.5,18499.279030404985,0.5998737736883325,0,0.07510055109261221,0.3738610748907079,1284.2088505242848,147.26295124129558
4,297.6,18484.563918413594,0.598772206384901,0,0.11277196936046567,0.37364478432120934,1283.2630769387285,147.03928946161653
4,297.7,18469.871154082008,0.5976731979974108,0,0.1610886942939735,0,1283.2630769387285,146.8159979994564
4,297.8,18455.194830139168,0.5970546839883574,0,0.19168753916510084,0,1283.2630769387285,146.7104816779231
4,297.90000000000003,18440.529092226177,0.5964351388542101,0,0.21656650250149975,0,1283.2630769387285,146.60427739368524
4,298,18425.874008336104,0.5958146090048453,0,0.2467599061739696,0,1283.2630769387285,146.4974012869971
4,298.1,18411.22964484524,0.5951931403339862,0,0.20965767642970484,0,1283.2630769387285,146.3898693203092
4,298.2,18396.596066558734,0.5945707782190132,0,0.18509577090553053,0,1283.2630769387285,146.2816972785782
4,298.3,18381.973336697556,0.593947567520939,0,0.15530331869709407,0,1283.2630769387285,146.17290076962098
4,298.40000000000003,18367.361516940407,0.5933235525845001,0,0.09961454538079939,0,1283.2630769387285,146.06349522449773
4,298.5,18352.76066742651,0.592698777238401,0,0.07284887326040161,0,1283.2630769387285,145.9534958979361
4,298.6,18338.170846781693,0.5920732847956844,0,0.09467925019453613,0,1283.2630769387285,145.84291786878703
4,298.7,18323.59211212769,0.5914471180542323,0,0.1951096242124877,0,1283.2630769387285,145.7317760405156
4,298.8,18309.024519109167,0.5908203192973946,0,0.10341523212019815,0,1283.2630769387285,145.62008514172376
4,298.90000000000003,18294.468121907674,0.5901929302947421,0,0.0891299518552179,0,1283.2630769387285,145.50785972670596
4,299,18279.922973254696,0.5895649923029417,0,0.10404056813357102,0,1283.2630769387285,145.39511417603626
4,299.1,18265.389124453068,0.5889365460667448,0,0.14219239283646562,0,1283.2630769387285,145.2818626971839
4,299.2,18250.86662539281,0.5883076318200929,0,0.18650403469612797,0,1283.2630769387285,145.1681193251597
4,299.3,18236.355524572544,0.587678289287335,0,0.23036708224930286,0,1283.2630769387285,145.05389792319045
4,299.40000000000003,18221.85586910881,0.5870485576845549,0,0.1804584338588385,0,1283.2630769387285,144.9392121834218
4,299.5,18207.36770475842,0.5864184757209997,0,0.1502364469951225,0,1283.2630769387285,144.82407562764647
4,299.6,18192.891075936146,0.5857880816006145,0,0.12466962672676839,0,1283.2630769387285,144.7085016080596
4,299.7,18178.42602573242,0.5851574130236765,0,0.0717933232434278,0,1283.2630769387285,144.59250330803948
4,299.8,18163.972595920786,0.5845265071885294,0,0.08978799293634443,0,1283.2630769387285,144.47609374295283
4,299.90000000000003,18149.530826986767,0.5838954007934009,0,0.13445745690880187,0,1283.2630769387285,144.35928576098183
4,300,18135.100758138113,0.5832641300383234,0,0.22359392664482236,0,1283.2630769387285,144.24209204397624
4,300.1,18120.682427324355,0.5826327306271388,0,0.12979640297800504,0,1283.2630769387285,144.12452510832685
4,300.2,18106.275871242397,0.5820012377695885,0,0.08646891435103399,0,1283.2630769387285,144.0065973058602
4,300.3,18091.88112537749,0.5813696861834804,0,0.11707757184620517,0,1283.2630769387285,143.88832082475176
4,300.40000000000003,18077.498223993927,0.5807381100969546,0,0.15413904513017596,0,1283.2630769387285,143.76970769046432
4,300.5,18063.127200159244,0.5801065432508075,0,0.18496154974539905,0,1283.2630769387285,143.65076976669982
4,300.6,18048.76808577217,0.5794750189008973,0,0.24234191345981215,0,1283.2630769387285,143.5315187563715
4,300.7,18034.42091156263,0.5788435698206292,0,0.18723929482389803,0,1283.2630769387285,143.4119662025953
4,300.8,18020.085707119666,0.5782122283035017,0,0.1559356737009816,0,1283.2630769387285,143.29212348969605
4,300.90000000000003,18005.762500893325,0.5775810261657275,0,0.11932566096015441,0,1283.2630769387285,143.17200184423152
4,301,17991.45132022351,0.5769499947489097,0,0.10435679114670555,0,1283.2630769387285,143.05161233602956
4,301.1,17977.152191353962,0.5763191649227912,0,0.06512796261998863,0,1283.2630769387285,142.93096587924285
4,301.2,17962.865139436908,0.5756885670880618,0,0.1154935997444613,0,1283.2630769387285,142.81007323341683
4,301.3,17948.5901885638,0.5750582311792175,0,0.22300258704137849,0,1283.2630769387285,142.6889450045703
4,301.40000000000003,17934.327361770906,0.5744281866674845,0,0.12466538020333533,0,1283.2630769387285,142.5675916462908
4,301.5,17920.076681054197,0.5737984625637909,0,0.10904687287077287,0,1283.2630769387285,142.44602346084085
4,301.6,17905.838167389855,0.5731690874217904,0,0.12333292426620637,0,1283.2630769387285,142.32425060027637
4,301.7,17891.611840748228,0.5725400893409368,0,0.16640722752301282,0,1283.2630769387285,142.20228306757605
4,301.8,17877.397720097564,0.5719114959696069,0,0.20747426057432752,0,1283.2630769387285,142.08013071778223
4,301.90000000000003,17863.195823439397,0.5712833345082586,0,0.2566336208151518,0,1283.2630769387285,141.95780325914887
4,302,17849.006167804822,0.570655631712649,0,0.21225634986199357,0,1283.2630769387285,141.83531025430295
4,302.1,17834.828769274987,0.5700284138970759,0,0.1911508745826706,0,1283.2630769387285,141.7126611214113
4,302.2,17820.66364300158,0.5694017069376681,0,0.15771779492391313,0,1283.2630769387285,141.5898651353566
4,302.3,17806.510803213343,0.5687755362757116,0,0.13519128549179008,0,1283.2630769387285,141.46693142892252
4,302.40000000000003,17792.37026323378,0.5681499269210083,0,0.08467478032561697,0,1283.2630769387285,141.3438689939841
4,302.5,17778.242035491392,0.5675249034552685,0,0.09525936095473034,0,1283.2630769387285,141.22068668270586
4,302.6,17764.126131534576,0.5669004900355342,0,0.18269064020956047,0,1283.2630769387285,141.09739320874533
4,302.7,17750.02256205585,0.5662767103976301,0,0.1704298243016721,0,1283.2630769387285,140.97399714846213
4,302.8,17735.93133688718,0.565653587859651,0,0.09182214321063627,0,1283.2630769387285,140.85050694213456
4,302.90000000000003,17721.852465034463,0.5650311453254608,0,0.06834217485880884,0,1283.2630769387285,140.72693089517685
4,303,17707.78595467098,0.5644094052882321,0,0.0999268855975581,0,1283.2630769387285,140.60327717936528
4,303.1,17693.731813160703,0.5637883898339928,0,0.12564031788301733,0,1283.2630769387285,140.4795538340637
4,303.2,17679.69004706852,0.5631681206452024,0,0.19824173984695562,0,1283.2630769387285,140.35576876745475
4,303.3,17665.660662180744,0.5625486190043429,0,0.14812024258803166,0,1283.2630769387285,140.231929757773
4,303.40000000000003,17651.643663507886,0.5619299057975353,0,0.1051458927472923,0,1283.2630769387285,140.1080444545423
4,303.5,17637.639055307023,0.5613120015181637,0,0.09018253789814837,0,1283.2630769387285,139.98412037981296
4,303.6,17623.64684108086,0.5606949262705205,0,0.05456676379322943,0,1283.2630769387285,139.8601649294027
4,303.7,17609.667023603804,0.5600786997734573,0,0.07442177983109478,0,1283.2630769387285,139.73618537413606
4,303.8,17595.699604929425,0.5594633413640555,0,0.1111879733004394,0,1283.2630769387285,139.61218886108745
4,303.90000000000003,17581.74458640348,0.5588488700013045,0,0.17676251907290103,0,1283.2630769387285,139.48818241482346
4,304,17567.801968672313,0.5582353042697881,0,0.20648627437061973,0,1283.2630769387285,139.3641729386457
4,304.1,17553.871751703322,0.557622662383379,0,0.11775491291084754,0,1283.2630769387285,139.24016721583266
4,304.2,17539.95393478591,0.5570109621889422,0,0.04672301717782867,0,1283.2630769387285,139.1161719108822
4,304.3,17526.048516551033,0.5564002211700398,0,0.03519174774497873,0,1283.2630769387285,138.99219357075208
4,304.40000000000003,17512.155494979583,0.5557904564506424,0,0.09346142048781804,0,1283.2630769387285,138.8682386260996
4,304.5,17498.274867415428,0.5551816847988416,0,0.14882543409555682,0,1283.2630769387285,138.74431339251956
4,304.6,17484.406630581245,0.5545739226305666,0,0.1039633447187397,0,1283.2630769387285,138.6204240717809
4,304.7,17470.550780579448,0.5539671860133024,0,0.09804248055322275,0,1283.2630769387285,138.49657675306136
4,304.8,17456.707312909886,0.5533614906698023,0,0.08210168121825442,0,1283.2630769387285,138.37277741417853
4,304.90000000000003,17442.87622248009,0.5527568519818016,0,0.06480037682825354,0,1283.2630769387285,138.24903192281855
4,305,17429.057503622025,0.5521532849937301,0,0.051233952270661035,0,1283.2630769387285,138.1253460377625
4,305.1,17415.251150087453,0.5515508044164223,0,0.08210242954669307,0,1283.2630769387285,138.00172541010994
4,305.2,17401.457155074924,0.550949424630815,0,0.1478494683815658,0,1283.2630769387285,137.87817558449626
4,305.3,17387.67551123444,0.550349159691649,0,0.18709879563376489,0,1283.2630769387285,137.75470200030946
4,305.40000000000003,17373.90621067118,0.5497500233311611,0,0.10207664453435245,0,1283.2630769387285,137.63130999290163
4,305.5,17360.149244972505,0.5491520289627629,0,0.027695908816431643,0,1283.2630769387285,137.50800479479474
4,305.6,17346.404605194926,0.5485551896847243,0,0.03836207608139977,0,1283.2630769387285,137.38479153688561
4,305.7,17332.6722818939,0.5479595182838307,0,0.08660726006936494,0,1283.2630769387285,137.26167524964114
4,305.8,17318.952265124768,0.547365027239046,0,0.1462956871803597,0,1283.2630769387285,137.13866086429303
4,305.90000000000003,17305.244544457644,0.5467717287251552,0,0.12942684198845944,0,1283.2630769387285,137.015753214025
4,306,17291.549108982086,0.5461796346164016,0,0.12667022575921733,0,1283.2630769387285,136.8929570351561
4,306.1,17277.865947319195,0.5455887564901075,0,0.1315768614037738,0,1283.2630769387285,136.7702769683172
4,306.2,17264.195047629997,0.5449991056302844,0,0.10920184479130862,0,1283.2630769387285,136.64771755962292
4,306.3,17250.536397627555,0.5444106930312277,0,0.09145320614687216,0,1283.2630769387285,136.5252832618365
4,306.40000000000003,17236.88998458162,0.5438235294010996,0,0.04295923415334527,0,1283.2630769387285,136.40297843552997
4,306.5,17223.255795328878,0.5432376251654941,0,0.1246501864819063,0,1283.2630769387285,136.28080735023693
4,306.6,17209.633816289715,0.542652990470988,0,0.127043320759282,0,1283.2630769387285,136.15877418559933
4,306.7,17196.024033466354,0.5420696351886773,0,0.05642303162474262,0,1283.2630769387285,136.0368830325086
4,306.8,17182.42643245682,0.5414875689176953,0,0.10642584831391927,0,1283.2630769387285,135.91513789423908
4,306.90000000000003,17168.840998467058,0.5409068009887121,0,0.10996273198768494,0,1283.2630769387285,135.79354268757484
4,307,17155.267716309056,0.5403273404674206,0,0.1537503024198618,0,1283.2630769387285,135.67210124393048
4,307.1,17141.70657041855,0.5397491961579977,0,0.1709570723899384,0,1283.2630769387285,135.55081731046312
4,307.20000000000005,17128.15754486341,0.5391723766065512,0,0.1780155481630908,0,1283.2630769387285,135.42969455117844
4,307.3,17114.62062334735,0.5385968901045489,0,0.19920679867468621,0,1283.2630769387285,135.30873654803008
4,307.40000000000003,17101.095789215527,0.5380227446922244,0,0.19666274006106263,0,1283.2630769387285,135.18794680201015
4,307.5,17087.583025475033,0.5374499481619606,0,0.17886148502250607,0,1283.2630769387285,135.06732873423238
4,307.6,17074.082314787433,0.536878508061661,0,0.16019628474916686,0,1283.2630769387285,134.94688568700943
4,307.70000000000005,17060.593639495783,0.5363084316980914,0,0.09292062786291616,0,1283.2630769387285,134.82662092491995
4,307.8,17047.116981604137,0.5357397261402088,0,0.09943397189415695,0,1283.2630769387285,134.70653763587126
4,307.90000000000003,17033.652322812937,0.5351723982224558,0,0.06512487014232836,0,1283.2630769387285,134.58663893214944
4,308,17020.199644510634,0.5346064545480458,0,0.14958981133210258,0,1283.2630769387285,134.4669278514657
4,308.1,17006.758927788585,0.5340419014922185,0,0.1261547341032981,0,1283.2630769387285,134.34740735799247
4,308.20000000000005,16993.330153440125,0.5334787452054771,0,0.07804376317660483,0,1283.2630769387285,134.22808034339286
4,308.3,16979.913301976398,0.5329169916167955,0,0.08544052562686172,0,1283.2630769387285,134.10894962783976
4,308.40000000000003,16966.508353632875,0.53235664643681,0,0.09245370331991591,0,1283.2630769387285,133.99001796102917
4,308.5,16953.115288369358,0.5317977151609853,0,0.12479386107363258,0,1283.2630769387285,133.8712880231844
4,308.6,16939.734085884877,0.5312402030727524,0,0.15615193073229297,0,1283.2630769387285,133.75276242605082
4,308.70000000000005,16926.364725613967,0.5306841152466296,0,0.17653357963049884,0,1283.2630769387285,133.6344437138844
4,308.8,16913.007186746225,0.5301294565513092,0,0.16516762261176307,0,1283.2630769387285,133.51633436442881
4,308.90000000000003,16899.66144822631,0.52957623165273,0,0.1299119955416998,0,1283.2630769387285,133.39843678988728
4,309,16886.327488753945,0.5290244450171214,0,0.06465737624774294,0,1283.2630769387285,133.2807533378842
4,309.1,16873.005286809057,0.5284741009140165,0,0.04315560888557057,0,1283.2630769387285,133.1632862924174
4,309.20000000000005,16859.694820637815,0.5279252034192522,0,0.11245373380315324,0,1283.2630769387285,133.04603787480465
4,309.3,16846.396068269387,0.527377756417934,0,0.19484035862777765,0,1283.2630769387285,132.92901024461895
4,309.40000000000003,16833.109007515945,0.5268317636073792,0,0.13843238036622618,0,1283.2630769387285,132.81220550061587
4,309.5,16819.833615991287,0.5262872285000314,0,0.1058129424964035,0,1283.2630769387285,132.69562568165222
4,309.6,16806.56987110339,0.5257441544263582,0,0.07412756686730479,0,1283.2630769387285,132.57927276759747
4,309.70000000000005,16793.31775006838,0.5252025445377139,0,0.09170252100202264,0,1283.2630769387285,132.46314868023472
4,309.8,16780.077229905874,0.5246624018091814,0,0.1321654438864415,0,1283.2630769387285,132.34725528415413
4,309.90000000000003,16766.848287459463,0.5241237290423821,0,0.18803171562469628,0,1283.2630769387285,132.23159438763582
4,310,16753.630899389274,0.5235865288682694,0,0.1938609771687121,0,1283.2630769387285,132.1161677435267
4,310.1,16740.425042186864,0.5230508037498874,0,0.18753881859170216,0,1283.2630769387285,132.00097705010674
4,310.20000000000005,16727.230692175217,0.5225165559851092,0,0.17154069189746352,0,1283.2630769387285,131.88602395194744
4,310.3,16714.04782550875,0.521983787709346,0,0.10262196031129478,0,1283.2630769387285,131.77131004076136
4,310.40000000000003,16700.87641820032,0.5214525008982271,0,0.06620762060681007,0,1283.2630769387285,131.65683685624134
4,310.5,16687.71644609887,0.5209226973702661,0,0.11619879412486608,0,1283.2630769387285,131.54260588689556
4,310.6,16674.567884911783,0.5203943787894846,0,0.19569944567284225,0,1283.2630769387285,131.4286185708686
4,310.70000000000005,16661.43071020581,0.5198675466680198,0,0.15526587028158964,0,1283.2630769387285,131.31487629675703
4,310.8,16648.30489740614,0.5193422023687044,0,0.13150184664600403,0,1283.2630769387285,131.201380404416
4,310.90000000000003,16635.190421813168,0.5188183471076152,0,0.11160983848466416,0,1283.2630769387285,131.08813218575537
4,311,16622.087258595973,0.5182959819566033,0,0.11702682813149552,0,1283.2630769387285,130.97513288553014
4,311.1,16608.995382804424,0.5177751078457922,0,0.1713606678188409,0,1283.2630769387285,130.86238370212007
4,311.20000000000005,16595.91476936266,0.5172557255660519,0,0.22411266172830138,0,1283.2630769387285,130.74988578830155
4,311.3,16582.84539309796,0.516737835771443,0,0.237950564003362,0,1283.2630769387285,130.63764025201
4,311.40000000000003,16569.78722871188,0.5162214389816465,0,0.23226590816521897,0,1283.2630769387285,130.5256481570968
4,311.5,16556.74025081657,0.5157065355843492,0,0.2040827800880744,0,1283.2630769387285,130.4139105240731
4,311.6,16543.70443391055,0.5151931258376221,0,0.14010339713542352,0,1283.2630769387285,130.30242833084964
4,311.70000000000005,16530.679752401076,0.5146812098722553,0,0.058635686355516706,0,1283.2630769387285,130.19120251346442
4,311.8,16517.666180610657,0.5141707876940784,0,0.1316349364745923,0,1283.2630769387285,130.08023396680412
4,311.90000000000003,16504.663692770526,0.5136618591862552,0,0.1974678605485447,0,1283.2630769387285,129.96952354531783
4,312,16491.672263024375,0.5131544241115474,0,0.1709232385273096,0,1283.2630769387285,129.85907206372087
4,312.1,16478.691865440458,0.5126484821145524,0,0.18756187419345322,0,1283.2630769387285,129.74888029769014
4,312.20000000000005,16465.722474013455,0.5121440327239208,0,0.18424830615332502,0,1283.2630769387285,129.63894898455274
4,312.3,16452.76406265702,0.5116410753545453,0,0.16812239021594372,0,1283.2630769387285,129.5292788239659
4,312.40000000000003,16439.816605228,0.5111396093097197,0,0.19078379008282573,0,1283.2630769387285,129.41987047858692
4,312.5,16426.880075512454,0.5106396337832837,0,0.20431091167859547,0,1283.2630769387285,129.3107245747384
4,312.6,16413.954447231255,0.510141147861732,0,0.23079482076526714,0,1283.2630769387285,129.20184170306268
4,312.70000000000005,16401.03969405964,0.5096441505262999,0,0.22674356460050554,0,1283.2630769387285,129.0932224191683
4,312.8,16388.135789612308,0.5091486406550332,0,0.18401242286804034,0,1283.2630769387285,128.9848672442713
4,312.90000000000003,16375.242707451805,0.508654617024822,0,0.16318802715957556,0,1283.2630769387285,128.87677666582545
4,313,16362.360421095975,0.5081620783134136,0,0.1314252371582806,0,1283.2630769387285,128.76895113814558
4,313.1,16349.488904018886,0.5076710231014027,0,0.03822060204255357,0,1283.2630769387285,128.66139108302363
4,313.20000000000005,16336.628129653633,0.5071814498741954,0,0.06275359586160402,0,1283.2630769387285,128.5540968903366
4,313.3,16323.778071396984,0.5066933570239495,0,0.13105495463155517,0,1283.2630769387285,128.44706891864683
4,313.40000000000003,16310.938702613115,0.5062067428514901,0,0.08152920630008699,0,1283.2630769387285,128.3403074957943
4,313.5,16298.109996625222,0.5057216055682037,0,0.05859219629800731,0,1283.2630769387285,128.23381291948215
4,313.6,16285.291926739737,0.5052379432978992,0,0.08211386414888179,0,1283.2630769387285,128.12758545785243
4,313.70000000000005,16272.484466234222,0.5047557540786592,0,0.15120699098144266,0,1283.2630769387285,128.02162535005766
4,313.8,16259.68758835923,0.5042750358646588,0,0.13806587736001438,0,1283.2630769387285,127.91593280682254
4,313.90000000000003,16246.901266353205,0.5037957865279593,0,0.1564076538724734,0,1283.2630769387285,127.81050801099842
4,314,16234.125473428518,0.503318003860286,0,0.1583146551602948,0,1283.2630769387285,127.70535111811179
4,314.1,16221.360182794742,0.502841685574775,0,0.12426045753600072,0,1283.2630769387285,127.60046225690343
4,314.20000000000005,16208.60536763724,0.5023668293077056,0,0.13787128987248223,0,1283.2630769387285,127.49584152986303
4,314.3,16195.861001143232,0.5018934326201991,0,0.15375319556152856,0,1283.2630769387285,127.39148901375336
4,314.40000000000003,16183.127056489699,0.5014214929999058,0,0.05251078803710921,0,1283.2630769387285,127.28740476013023
4,314.5,16170.403506845236,0.5009510078626631,0,0.07520903312711882,0,1283.2630769387285,127.18358879585419
4,314.6,16157.690325383097,0.5004819745541297,0,0.14188695815120844,0,1283.2630769387285,127.08004112359397
4,314.70000000000005,16144.98748527281,0.5000143903514045,0,0.09093841376122787,0,1283.2630769387285,126.97676172232556
4,314.8,16132.294959692284,0.499548252464617,0,0.0735550970265318,0,1283.2630769387285,126.87375054782215
4,314.90000000000003,16119.612721825019,0.49908355803850063,0,0.09106777084919343,0,1283.2630769387285,126.77100753313887
4,315,16106.940744852647,0.49862030415394265,0,0.18291731829622512,0,1283.2630769387285,126.66853258909008
4,315.1,16094.279001977295,0.4981584878295067,0,0.15067848817159804,0,1283.2630769387285,126.56632560471851
4,315.20000000000005,16081.627466409467,0.49769810602294556,0,0.14437802648900794,0,1283.2630769387285,126.46438644776066
4,315.3,16068.986111370847,0.49723915563268434,0,0.13595842749744855,0,1283.2630769387285,126.36271496510342
4,315.40000000000003,16056.354910106398,0.49678163349928284,0,0.13982319953331734,0,1283.2630769387285,126.26131098323448
4,315.5,16043.733835875988,0.49632553640688376,0,0.12796471999023423,0,1283.2630769387285,126.16017430868739
4,315.6,16031.122861958109,0.4958708610846346,0,0.16152942800526102,0,1283.2630769387285,126.05930472847949
4,315.70000000000005,16018.521961653605,0.49541760420808706,0,0.10271944485246542,0,1283.2630769387285,125.95870201054234
4,315.8,16005.931108292192,0.49496576240058215,0,0.07053856484227054,0,1283.2630769387285,125.85836590414752
4,315.90000000000003,15993.350275223143,0.4945153322346133,0,0.13894446108618994,0,1283.2630769387285,125.75829614032614
4,316,15980.77943582926,0.49406631023316677,0,0.047047344245927415,0,1283.2630769387285,125.65849243228077
4,316.1,15968.218563516624,0.4936186928710467,0,0.051108914588001056,0,1283.2630769387285,125.5589544757929
4,316.20000000000005,15955.667631729506,0.4931724765761745,0,0.11846660514287355,0,1283.2630769387285,125.45968194962263
4,316.3,15943.126613941044,0.4927276577308777,0,0.2008252986289127,0,1283.2630769387285,125.36067451590438
4,316.40000000000003,15930.59548365511,0.4922842326731514,0,0.17608533161266424,0,1283.2630769387285,125.26193182053528
4,316.5,15918.074214424007,0.49184219769790266,0,0.1809333285881336,0,1283.2630769387285,125.163453493557
4,316.6,15905.56277982425,0.49140154905818306,0,0.17204703494482393,0,1283.2630769387285,125.06523914953495
4,316.70000000000005,15893.061153480783,0.49096228296639083,0,0.1750808738039864,0,1283.2630769387285,124.96728838792748
4,316.8,15880.569309056737,0.4905243955954648,0,0.15983676554384255,0,1283.2630769387285,124.86960079345285
4,316.90000000000003,15868.087220252492,0.49008788308005463,0,0.18092408126825854,0,1283.2630769387285,124.77217593644875
4,317,15855.614860820584,0.4896527415176724,0,0.10738621184594781,0,1283.2630769387285,124.67501337322625
4,317.1,15843.152204553597,0.48921896696983164,0,0.03402634742811819,0,1283.2630769387285,124.57811264641957
4,317.20000000000005,15830.699225290678,0.48878655546316346,0,0.08679502084878321,0,1283.2630769387285,124.48147328532927
4,317.3,15818.255896919407,0.48835550299051655,0,0.04283747458527719,0,1283.2630769387285,124.38509480625987
4,317.40000000000003,15805.822193374857,0.48792580551204096,0,0.10059887773257264,0,1283.2630769387285,124.28897671285308
4,317.5,15793.398088647053,0.4874974589562525,0,0.1543974241491808,0,1283.2630769387285,124.19311849641484
4,317.6,15780.983556775376,0.4870704592210843,0,0.24042549943168803,0,1283.2630769387285,124.09751963623822
4,317.70000000000005,15768.57857184764,0.4866448021749185,0,0.22910240031087453,0,1283.2630769387285,124.00217959992054
4,317.8,15756.183108008467,0.48622048365759857,0,0.22467561335975805,0,1283.2630769387285,123.90709784367432
4,317.90000000000003,15743.797139456496,0.4857974994814302,0,0.2263456882727569,0,1283.2630769387285,123.8122738126351
4,318,15731.420640453696,0.4853758454321634,0,0.21784125911235022,0,1283.2630769387285,123.71770694116289
4,318.1,15719.053585306741,0.48495551726996244,0,0.21651590982855012,0,1283.2630769387285,123.62339665314056
4,318.20000000000005,15706.695948388427,0.48453651073035126,0,0.22118535730171462,0,1283.2630769387285,123.52934236226409
4,318.3,15694.347704129294,0.4841188215251516,0,0.1292015796768216,0,1283.2630769387285,123.43554347233137
4,318.40000000000003,15682.008827018552,0.48370244534340173,0,0.08152144778425165,0,1283.2630769387285,123.34199937752422
4,318.5,15669.679291608743,0.48328737785226,0,0.04457847674514643,0,1283.2630769387285,123.2487094626864
4,318.6,15657.359072512947,0.4828736146978945,0,0.09709174824262655,0,1283.2630769387285,123.15567310359721
4,318.70000000000005,15645.048144406639,0.48246115150635616,0,0.020392361368905102,0,1283.2630769387285,123.06288966723977
4,318.8,15632.746482032351,0.4820499838844371,0,0.08932154316376247,0,1283.2630769387285,122.97035851206536
4,318.90000000000003,15620.454060191289,0.4816401074205166,0,0.15966701991414967,0,1283.2630769387285,122.87807898825345
4,319,15608.170853752643,0.48123151768538824,0,0.14380207309971146,0,1283.2630769387285,122.78605043796622
4,319.1,15595.896837653592,0.4808242102330755,0,0.16036256726464232,0,1283.2630769387285,122.69427219559974
4,319.20000000000005,15583.631986897439,0.4804181806016342,0,0.15882671830744566,0,1283.2630769387285,122.60274358803083
4,319.3,15571.37627655454,0.4800134243139392,0,0.15891745993568926,0,1283.2630769387285,122.51146393485935
4,319.40000000000003,15559.12968176324,0.47960993687845704,0,0.15106397208596,0,1283.2630769387285,122.42043254864609
4,319.5,15546.89217773173,0.4792077137900056,0,0.16300816290711515,0,1283.2630769387285,122.32964873514683
4,319.6,15534.663739737123,0.47880675053049976,0,0.07495819129916569,0,1283.2630769387285,122.23911179354212
4,319.70000000000005,15522.444343129173,0.4784070425696841,0,0.055675638292545654,0,1283.2630769387285,122.14882101666313
4,319.8,15510.233963326551,0.4780085853658534,0,0.07562439171207472,0,1283.2630769387285,122.05877569121377
4,319.90000000000003,15498.032575817779,0.47761137436655754,0,0.13336378735960203,0,1283.2630769387285,121.96897509798804
4,320,15485.84015617147,0.47721540500929455,0,0.047059354064996374,0,1283.2630769387285,121.879418512084
4,320.1,15473.656680016778,0.47682067272219514,0,0.049699070063489934,0,1283.2630769387285,121.79010520311489
4,320.20000000000005,15461.482123066671,0.4764271729246851,0,0.12648866283581423,0,1283.2630769387285,121.70103443541375
4,320.3,15449.316461103037,0.47603490102814583,0,0.12169352455183902,0,1283.2630769387285,121.6122054682374
4,320.40000000000003,15437.159669986926,0.4756438524365559,0,0.13879832912808093,0,1283.2630769387285,121.52361755596469
4,320.5,15425.011725644581,0.47525402254712434,0,0.15151152377830632,0,1283.2630769387285,121.43526994829232
4,320.6,15412.872604085132,0.47486540675090677,0,0.14777443497578963,0,1283.2630769387285,121.34716189042531
4,320.70000000000005,15400.742281392217,0.4744780004334156,0,0.15583849153626614,0,1283.2630769387285,121.25929262326592
4,320.8,15388.620733723976,0.47409179897521636,0,0.14553292063587148,0,1283.2630769387285,121.17166138359813
4,320.90000000000003,15376.507937313057,0.47370679775251157,0,0.12030511132576704,0,1283.2630769387285,121.08426740426869
4,321,15364.403868478723,0.4733229921377127,0,0.06766693751169722,0,1283.2630769387285,120.99710991436416
4,321.1,15352.30850360915,0.4729403775000076,0,0.09521297315455118,0,1283.2630769387285,120.9101881393869
4,321.20000000000005,15340.22181916982,0.47255894920590746,0,0.1702745736053763,0,1283.2630769387285,120.82350130142493
4,321.3,15328.143791706301,0.47217870261978645,0,0.09235117476829732,0,1283.2630769387285,120.73704861931925
4,321.40000000000003,15316.074397844262,0.47179963310441353,0,0.10452597086946301,0,1283.2630769387285,120.65082930882924
4,321.5,15304.01361428015,0.4714217360214708,0,0.11788834309738812,0,1283.2630769387285,120.56484258279363
4,321.6,15291.961417800747,0.4710450067320601,0,0.1381279568491708,0,1283.2630769387285,120.4790876512882
4,321.70000000000005,15279.91778526362,0.4706694405972047,0,0.18086581613763436,0,1283.2630769387285,120.39356372178192
4,321.8,15267.882693608291,0.47029503297833475,0,0.1883307940392032,0,1283.2630769387285,120.30826999928826
4,321.90000000000003,15255.856119853444,0.46992177923776646,0,0.1880135336015343,0,1283.2630769387285,120.2232056865143
4,322,15243.838041103445,0.4695496747391692,0,0.19529921021323407,0,1283.2630769387285,120.13836998400683
4,322.1,15231.828434530646,0.4691787148480273,0,0.1679048728803164,0,1283.2630769387285,120.05376209029636
4,322.20000000000005,15219.8272773996,0.4688088949320834,0,0.15596744659763231,0,1283.2630769387285,119.96938120203563
4,322.3,15207.834547043778,0.46844021036178235,0,0.11424143593690339,0,1283.2630769387285,119.88522651413874
4,322.40000000000003,15195.850220887922,0.4680726565106971,0,0.11757183853165173,0,1283.2630769387285,119.80129721991422
4,322.5,15183.874276430346,0.46770622875595314,0,0.15978948748584354,0,1283.2630769387285,119.71759251119822
4,322.6,15171.906691257842,0.4673409224786374,0,0.17437144176144231,0,1283.2630769387285,119.63411157848277
4,322.70000000000005,15159.947443030775,0.4669767330642045,0,0.1076116654444267,0,1283.2630769387285,119.55085361104332
4,322.8,15147.996509491466,0.4666136559028672,0,0.030000413168642125,0,1283.2630769387285,119.46781779706149
4,322.90000000000003,15136.053868465126,0.4662516863899817,0,0.058478553331683544,0,1283.2630769387285,119.38500332374643
4,323,15124.11949785985,0.46589081992642467,0,0.10947356314825225,0,1283.2630769387285,119.3024093774537
4,323.1,15112.193375663832,0.46553105191896277,0,0.1338813653528519,0,1283.2630769387285,119.22003514380162
4,323.20000000000005,15100.275479945354,0.4651723777806115,0,0.13085126194918875,0,1283.2630769387285,119.13787980778473
4,323.3,15088.36578885559,0.46481479293098604,0,0.11561450662080656,0,1283.2630769387285,119.05594255388496
4,323.40000000000003,15076.464280630462,0.46445829279664547,0,0.0792095537082847,0,1283.2630769387285,118.97422256618032
4,323.5,15064.570933582261,0.46410287281142953,0,0.09394477179119273,0,1283.2630769387285,118.89271902845198
4,323.6,15052.685726106167,0.46374852841678416,0,0.12094830608716926,0,1283.2630769387285,118.81143112428745
4,323.70000000000005,15040.808636677451,0.46339525506208185,0,0.1545557369667719,0,1283.2630769387285,118.73035803718285
4,323.8,15028.939643859863,0.46304304820493364,0,0.1841703174596626,0,1283.2630769387285,118.64949895064194
4,323.90000000000003,15017.078726287931,0.4626919033114963,0,0.22129425375100528,0,1283.2630769387285,118.56885304827426
4,324,15005.225862690248,0.46234181585676526,0,0.12892449532039033,0,1283.2630769387285,118.48841951388899
4,324.1,14993.381031868048,0.4619820755290681,0,0.08273448027925906,0,1283.2630769387285,118.40819753158927
4,324.20000000000005,14981.544254672714,0.4616120128507909,0,0.08680298751960919,0,1283.2630769387285,118.32734702635264
4,324.3,14969.7156262137,0.4612378114505358,0,0.14882102547090276,0,1283.2630769387285,118.24522276211975
4,324.40000000000003,14957.895272419788,0.46085956778062914,0,0.14662642711963514,0,1283.2630769387285,118.16185372330413
4,324.5,14946.083316337317,0.4604773772701159,0,0.1442153629396111,0,1283.2630769387285,118.07726856956005
4,324.6,14934.279878160916,0.4600913343201148,0,0.14462950371437872,0,1283.2630769387285,117.99149563507261
4,324.70000000000005,14922.485075262375,0.4597015322996736,0,0.08723683864200277,0,1283.2630769387285,117.9045629279802
4,324.8,14910.699022240005,0.4593080635421508,0,0.1316267572389656,0,1283.2630769387285,117.81649812992535
4,324.90000000000003,14898.921830936335,0.4589110193420421,0,0.15159273257398698,0,1283.2630769387285,117.72732859573632
4,325,14887.153610468842,0.45851048995228844,0,0.18313891149048536,0,1283.2630769387285,117.63708135322828
4,325.1,14875.39446727559,0.4581065645820658,0,0.20940799953558542,0,1283.2630769387285,117.5457831031249
4,325.20000000000005,14863.644505141303,0.45769933139500346,0,0.23320807567641455,0,1283.2630769387285,117.45346021910025
4,325.3,14851.903825223446,0.4572888775078341,0,0.14137587667411947,0,1283.2630769387285,117.36013874793348
4,325.40000000000003,14840.172526095994,0.45687528898949337,0,0.07902858333683224,0,1283.2630769387285,117.26584440977375
4,325.5,14828.450703776442,0.4564586508606167,0,0.11318623301622192,0,1283.2630769387285,117.17060259851638
4,325.6,14816.7384517584,0.45603904709344273,0,0.17355541578322112,0,1283.2630769387285,117.07443838228279
4,325.70000000000005,14805.035861045122,0.45561656061211336,0,0.18440636539784097,0,1283.2630769387285,116.97737650400364
4,325.8,14793.343020182103,0.4551912732933521,0,0.18369278975435344,0,1283.2630769387285,116.87944138210153
4,325.90000000000003,14781.660015287809,0.4547632659675129,0,0.16821727619978835,0,1283.2630769387285,116.78065711127076
4,326,14769.986930089071,0.45433261841999206,0,0.11542747962799463,0,1283.2630769387285,116.68104746335081
4,326.1,14758.32384595275,0.4538994093929886,0,0.08912064706007064,0,1283.2630769387285,116.58063588829124
4,326.20000000000005,14746.670841912739,0.45346371658759393,0,0.06967559093095399,0,1283.2630769387285,116.47944551520526
4,326.3,14735.027994710952,0.45302561666622726,0,0.08522973046158826,0,1283.2630769387285,116.37749915350712
4,326.40000000000003,14723.395378817804,0.45258518525536484,0,0.0879501289942581,0,1283.2630769387285,116.27481929413474
4,326.5,14711.773066479713,0.4521424969486093,0,0.1535332719924663,0,1283.2630769387285,116.1714281108494
4,326.6,14700.161127732135,0.45169762531001495,0,0.08083972235787448,0,1283.2630769387285,116.06734746161652
4,326.70000000000005,14688.559630446136,0.45125064287773803,0,0.07384466269435891,0,1283.2630769387285,115.96259889005658
4,326.8,14676.968640349805,0.45080162116793726,0,0.08881105818260464,0,1283.2630769387285,115.85720362697165
4,326.90000000000003,14665.38822107017,0.450350630678967,0,0.1320404725436038,0,1283.2630769387285,115.75118259193913
4,327,14653.81843415089,0.4498977408957982,0,0.18106260358025755,0,1283.2630769387285,115.6445563949742
4,327.1,14642.259339096025,0.44944302029471894,0,0.19556198417151446,0,1283.2630769387285,115.53734533825406
4,327.20000000000005,14630.710993387736,0.4489865363482444,0,0.176238959503746,0,1283.2630769387285,115.4295694179067
4,327.3,14619.173452530056,0.44852835553028675,0,0.18192332391964905,0,1283.2630769387285,115.32124832585583
4,327.40000000000003,14607.646770071238,0.4480685433215246,0,0.18838119344720788,0,1283.2630769387285,115.21240145172591
4,327.5,14596.130997637287,0.44760716421499575,0,0.12074002526921163,0,1283.2630769387285,115.10304788479978
4,327.6,14584.626184951514,0.4471442817218739,0,0.06625235985145247,0,1283.2630769387285,114.99320641602922
4,327.70000000000005,14573.132379882969,0.4466799583774791,0,0.03406943506200943,0,1283.2630769387285,114.88289554009296
4,327.8,14561.649628463201,0.44621425574744,0,0.0711090958706421,0,1283.2630769387285,114.77213345750667
4,327.90000000000003,14550.1779749142,0.4457472344340416,0,0.15490515559675483,0,1283.2630769387285,114.66093807677531
4,328,14538.717461687513,0.4452789540827612,0,0.148115843721768,0,1283.2630769387285,114.54932701658817
4,328.1,14527.268129487522,0.4448094733889501,0,0.05910422419548349,0,1283.2630769387285,114.43731760805761
4,328.20000000000005,14515.830017292872,0.44433885010466223,0,0.05166481959906016,0,1283.2630769387285,114.32492689699524
4,328.3,14504.403162396513,0.4438671410456555,0,0.1005345059448755,0,1283.2630769387285,114.21217164622328
4,328.40000000000003,14492.98760042619,0.44339440209850994,0,0.12481705542852606,0,1283.2630769387285,114.09906833792354
4,328.5,14481.583365380764,0.4429206882278985,0,0.11528131993610066,0,1283.2630769387285,113.98563317601757
4,328.6,14470.190489646047,0.44244605348395877,0,0.15057698647078482,0,1283.2630769387285,113.87188208857975
4,328.70000000000005,14458.80900403671,0.4419705510098129,0,0.18742155763134913,0,1283.2630769387285,113.75783073027638
4,328.8,14447.438937806524,0.4414942330491635,0,0.10834047394040357,0,1283.2630769387285,113.64349448483568
4,328.90000000000003,14436.080318689346,0.4410171509540284,0,0.062117797349552244,0,1283.2630769387285,113.52888846753932
4,329,14424.733172920533,0.4405393551925551,0,0.05491246807253973,0,1283.2630769387285,113.4140275277405
4,329.1,14413.397525260225,0.4400608953569263,0,0.12364476720227234,0,1283.2630769387285,113.29892625140285
4,329.20000000000005,14402.07339902874,0.4395818201713691,0,0.20192504428864624,0,1283.2630769387285,113.18359896365935
4,329.3,14390.760816123337,0.4391021775002209,0,0.18081660496347782,0,1283.2630769387285,113.06805973139116
4,329.40000000000003,14379.45979704801,0.43862201435608517,0,0.09800816880112787,0,1283.2630769387285,112.95232236582169
4,329.5,14368.170360939577,0.43814137690805155,0,0.05299719269658358,0,1283.2630769387285,112.83640042512747
4,329.6,14356.892525584437,0.43766031048996673,0,0.08497796214314285,0,1283.2630769387285,112.7203072170624
4,329.70000000000005,14345.626307462342,0.4371788596087962,0,0.09732161582658885,0,1283.2630769387285,112.60405580159284
4,329.8,14334.371721751988,0.4366970679529969,0,0.13074608722690642,0,1283.2630769387285,112.48765899354835
4,329.90000000000003,14323.128782363608,0.43621497840096257,0,0.1366047664073481,0,1283.2630769387285,112.37112936527697
4,330,14311.897501961328,0.4357326330295018,0,0.18633992793122717,0,1283.2630769387285,112.25447924931123
4,330.1,14300.67789199017,0.43525007312236025,0,0.14129642235104342,0,1283.2630769387285,112.13772074104038
4,330.20000000000005,14289.469962696545,0.4347673391787676,0,0.07971262458609935,0,1283.2630769387285,112.02086570138917
4,330.3,14278.273723152466,0.4342844709220163,0,0.08652497971308565,0,1283.2630769387285,111.9039257594998
4,330.40000000000003,14267.089181277901,0.43380150730806233,0,0.10194030283370437,0,1283.2630769387285,111.78691231541823
4,330.5,14255.916343863122,0.4333184865341437,0,0.1808681516540953,0,1283.2630769387285,111.66983654278118
4,330.6,14244.755216594785,0.4328354460474215,0,0.17606929436763571,0,1283.2630769387285,111.55270939150476
4,330.70000000000005,14233.605804073624,0.43235242255362083,0,0.08421092036373558,0,1283.2630769387285,111.4355415904733
4,330.8,14222.46810984239,0.43186945202569144,0,0.063438201568689,0,1283.2630769387285,111.3183436502258
4,330.90000000000003,14211.342136394233,0.43138656971244727,0,0.11767176946813941,0,1283.2630769387285,111.20112586564146
4,331,14200.227885214612,0.43090381014724605,0,0.1295444345457422,0,1283.2630769387285,111.08389831861898
4,331.1,14189.12535678409,0.4304212071566228,0,0.15956595202329546,0,1283.2630769387285,110.96667088075588
4,331.20000000000005,14178.034550609067,0.4299387938689429,0,0.16090272839365033,0,1283.2630769387285,110.84945321601886
4,331.3,14166.955465235747,0.4294566027230278,0,0.19979523156762682,0,1283.2630769387285,110.73225478340954
4,331.40000000000003,14155.888098285533,0.42897466547679586,0,0.1524058539262987,0,1283.2630769387285,110.61508483962245
4,331.5,14144.832446450368,0.4284930132158346,0,0.08988458236028571,0,1283.2630769387285,110.49795244169802
4,331.6,14133.78850553371,0.42801167636200627,0,0.06367420201582454,0,1283.2630769387285,110.38086644966155
4,331.70000000000005,14122.75627046451,0.427530684682004,0,0.06673043345423298,0,1283.2630769387285,110.26383552915733
4,331.8,14111.735735308379,0.42705006729587697,0,0.13985287676163238,0,1283.2630769387285,110.14686815407151
4,331.90000000000003,14100.726893301122,0.4265698526855526,0,0.14376237106233253,0,1283.2630769387285,110.02997260914212
4,332,14089.729736849666,0.42609006870329186,0,0.10149794511994405,0,1283.2630769387285,109.91315699256069
4,332.1,14078.744257569313,0.42561074258015263,0,0.12030862742947268,0,1283.2630769387285,109.79642921855766
4,332.20000000000005,14067.770446287468,0.42513190093438114,0,0.15307234690489174,0,1283.2630769387285,109.67979701997906
4,332.3,14056.808293065988,0.4246535697797841,0,0.18115425565502982,0,1283.2630769387285,109.56326795084647
4,332.40000000000003,14045.857787226327,0.4241757745340673,0,0.1973316742816217,0,1283.2630769387285,109.44684938890376
4,332.5,14034.918917358853,0.42369854002711566,0,0.2143039308028344,0,1283.2630769387285,109.33054853815084
4,332.6,14023.991671338677,0.423221890509233,0,0.23797936507907522,0,1283.2630769387285,109.21437243136046
4,332.70000000000005,14013.076036348939,0.4227458496593456,0,0.18083624146158192,0,1283.2630769387285,109.09832793257897
4,332.8,14002.171998894773,0.4222704405931511,0,0.1459055792517454,0,1283.2630769387285,108.98242173961228
4,332.90000000000003,13991.279544815421,0.4217956858712111,0,0.09650654026334655,0,1283.2630769387285,108.86666038649444
4,333,13980.398659312166,0.42132160750701525,0,0.061588252126544896,0,1283.2630769387285,108.7510502459385
4,333.1,13969.529326952063,0.420848226974966,0,0.06955635649950606,0,1283.2630769387285,108.63559753177199
4,333.20000000000005,13958.671531689353,0.42037556521832536,0,0.17052777275756595,0,1283.2630769387285,108.52030830135226
4,333.3,13947.825256880373,0.41990364265710217,0,0.05101594184867346,0,1283.2630769387285,108.40518845796439
4,333.40000000000003,13936.990485299379,0.4194324791958839,0,0.030285683074690647,0,1283.2630769387285,108.29024375320068
4,333.5,13926.167199148796,0.4189620942316028,0,0.10527773055915736,0,1283.2630769387285,108.17547978932102
4,333.6,13915.35538008716,0.41849250666126486,0,0.11825900863320529,0,1283.2630769387285,108.06090202159312
4,333.70000000000005,13904.555009226315,0.418023734889585,0,0.1385900022882626,0,1283.2630769387285,107.946515760616
4,333.8,13893.76606715843,0.41755579683659116,0,0.1421993078058158,0,1283.2630769387285,107.83232617461971
4,333.90000000000003,13882.988533961587,0.4170887099451437,0,0.1704918082874055,0,1283.2630769387285,107.71833829174813
4,334,13872.222389224917,0.4166224911884154,0,0.12049181612879947,0,1283.2630769387285,107.60455700231874
4,334.1,13861.467612052336,0.4161571570772849,0,0.09573086200544972,0,1283.2630769387285,107.49098706106552
4,334.20000000000005,13850.724181071855,0.4156927236676643,0,0.05826359443884435,0,1283.2630769387285,107.37763308935766
4,334.3,13839.992074467242,0.4152292065677933,0,0.04285262136660913,0,1283.2630769387285,107.26449957739715
4,334.40000000000003,13829.27126997523,0.4147666209454286,0,0.07372558101827983,0,1283.2630769387285,107.15159088639896
4,334.5,13818.561744895764,0.4143049815349761,0,0.17028715941527167,0,1283.2630769387285,107.03891125074678
4,334.6,13807.863476119936,0.4138443026445778,0,0.06523912540827548,0,1283.2630769387285,106.92646478012635
4,334.70000000000005,13797.176440137438,0.4133845981631134,0,0.05262527659913066,0,1283.2630769387285,106.81425546164087
4,334.8,13786.50061303284,0.4129258815671135,0,0.09719677415060873,0,1283.2630769387285,106.70228716190354
4,334.90000000000003,13775.835970520042,0.4124681659276477,0,0.11881499209820698,0,1283.2630769387285,106.59056362910492
4,335,13765.18248794321,0.41201146391711096,0,0.12756831912532424,0,1283.2630769387285,106.47908849506297
4,335.1,13754.5401402805,0.4115557878159378,0,0.14601727960122585,0,1283.2630769387285,106.3678652772494
4,335.20000000000005,13743.908902173862,0.41110114951927806,0,0.16805309814475242,0,1283.2630769387285,106.25689738079171
4,335.3,13733.288747929968,0.41064756054357326,0,0.12149691710218091,0,1283.2630769387285,106.14618810045742
4,335.40000000000003,13722.679651521146,0.4101950320330574,0,0.13713773450013414,0,1283.2630769387285,106.03574062261397
4,335.5,13712.081586617045,0.4097435747662223,0,0.11679967640538953,0,1283.2630769387285,105.92555802716429
4,335.6,13701.494526579045,0.4092931991621747,0,0.04938970785578466,0,1283.2630769387285,105.81564328946436
4,335.70000000000005,13690.918444477022,0.4088439152869434,0,0.07913825833157889,0,1283.2630769387285,105.70599928221587
4,335.8,13680.353313101456,0.40839573285971237,0,0.1381601777169378,0,1283.2630769387285,105.59662877733717
4,335.90000000000003,13669.799104968086,0.40794866125897467,0,0.10867970545973331,0,1283.2630769387285,105.48753444781308
4,336,13659.25579233002,0.4075027095286216,0,0.1325966029778691,0,1283.2630769387285,105.37871886952097
4,336.1,13648.723347187974,0.40705788638396045,0,0.14162518559765588,0,1283.2630769387285,105.27018452303567
4,336.20000000000005,13638.20174129866,0.4066142002176592,0,0.18635353823332773,0,1283.2630769387285,105.16193379541183
4,336.3,13627.690946186893,0.4061716591056244,0,0.18602586096370877,0,1283.2630769387285,105.05396898194448
4,336.40000000000003,13617.190933152102,0.4057302708128033,0,0.1637748545162609,0,1283.2630769387285,104.94629228790801
4,336.5,13606.701673272997,0.40529004279890923,0,0.16594149886104093,0,1283.2630769387285,104.83890583027215
4,336.6,13596.223137428053,0.40485098222409854,0,0.15382154250781532,0,1283.2630769387285,104.73181163939617
4,336.70000000000005,13585.755296290852,0.40441309595454883,0,0.15506454594476485,0,1283.2630769387285,104.62501166070292
4,336.8,13575.29812034592,0.4039763905679856,0,0.13684870503559843,0,1283.2630769387285,104.51850775632863
4,336.90000000000003,13564.851579898968,0.4035408723591386,0,0.09155854271814597,0,1283.2630769387285,104.41230170675264
4,337,13554.415645082481,0.4031065473451214,0,0.05221026863288245,0,1283.2630769387285,104.30639521240555
4,337.1,13543.99028585665,0.4026734212707356,0,0.0809175270975538,0,1283.2630769387285,104.20078989525632
4,337.20000000000005,13533.57547202427,0.40224149961371886,0,0.10081007489923656,0,1283.2630769387285,104.09548730037564
4,337.3,13523.171173240058,0.4018107875899226,0,0.16487379695485652,0,1283.2630769387285,103.99048889747988
4,337.40000000000003,13512.777359019034,0.40138129015842083,0,0.19757795212589305,0,1283.2630769387285,103.88579608245426
4,337.5,13502.393998733722,0.40095301202653494,0,0.2430550552545189,0,1283.2630769387285,103.78141017885514
4,337.6,13492.021061629057,0.40052595765481164,0,0.248627673685385,0,1283.2630769387285,103.6773324393895
4,337.70000000000005,13481.658516832627,0.4001001312619289,0,0.2289753483263474,0,1283.2630769387285,103.57356404737482
4,337.8,13471.306333350018,0.39967553682951784,0,0.22382280250480427,0,1283.2630769387285,103.47010611817926
4,337.90000000000003,13460.964480087161,0.39925217810694974,0,0.22119123073220995,0,1283.2630769387285,103.36695970063928
4,338,13450.632925841026,0.3988300586160203,0,0.22995898585812835,0,1283.2630769387285,103.26412577845942
4,338.1,13440.311639315449,0.39840918165559475,0,0.2128305039317632,0,1283.2630769387285,103.16160527158897
4,338.20000000000005,13430.00058912579,0.3979895503061777,0,0.15883473404709914,0,1283.2630769387285,103.05939903758062
4,338.3,13419.699743809178,0.3975711674344257,0,0.11451873441967157,0,1283.2630769387285,102.9575078729286
4,338.40000000000003,13409.4090718152,0.39715403569757024,0,0.051260604890476555,0,1283.2630769387285,102.85593251438794
4,338.5,13399.128541534767,0.3967381575478197,0,0.13593257516244386,0,1283.2630769387285,102.75467364027101
4,338.6,13388.858121287078,0.3963235352366565,0,0.14987720061512844,0,1283.2630769387285,102.6537318717293
4,338.70000000000005,13378.59777933266,0.39591017081909285,0,0.18836751570372853,0,1283.2630769387285,102.5531077740119
4,338.8,13368.347483878024,0.3954980661578601,0,0.19913738178785323,0,1283.2630769387285,102.45280185770669
4,338.90000000000003,13358.10720308125,0.39508722292753456,0,0.1983117504626376,0,1283.2630769387285,102.35281457996182
4,339,13347.876905062236,0.3946776426186108,0,0.19051921353695309,0,1283.2630769387285,102.25314634568923
4,339.1,13337.656557898037,0.3942693265414947,0,0.16070320109247654,0,1283.2630769387285,102.15379750874965
4,339.20000000000005,13327.446129631251,0.3938622758304497,0,0.18721653487773676,0,1283.2630769387285,102.0547683731176
4,339.3,13317.24558828026,0.39345649144748773,0,0.19463001432988458,0,1283.2630769387285,101.95605919402918
4,339.40000000000003,13307.054901839234,0.39305197418618937,0,0.1891817392517712,0,1283.2630769387285,101.85767017911178
4,339.5,13296.874038282782,0.3926487246754693,0,0.15783902657531076,0,1283.2630769387285,101.75960148949585
4,339.6,13286.702965570614,0.3922467433832846,0,0.11382599398155031,0,1283.2630769387285,101.66185324090836
4,339.70000000000005,13276.541651658714,0.39184603062029266,0,0.07291801784537157,0,1283.2630769387285,101.56442550474877
4,339.8,13266.390064493753,0.39144658654343534,0,0.13647147806433974,0,1283.2630769387285,101.4673183091491
4,339.90000000000003,13256.248172021471,0.3910484111594785,0,0.055209421272896894,0,1283.2630769387285,101.3705316400145
4,340,13246.115942195058,0.39065150432849843,0,0.0822248554567925,0,1283.2630769387285,101.27406544204791
4,340.1,13235.993342967704,0.3902558657672943,0,0.09327932777894642,0,1283.2630769387285,101.17791961975823
4,340.20000000000005,13225.880342308432,0.389861495052771,0,0.11690267036048299,0,1283.2630769387285,101.08209403845015
4,340.3,13215.776908206753,0.38946839162525815,0,0.14286386317023855,0,1283.2630769387285,100.98658852519917
4,340.40000000000003,13205.68300866615,0.38907655479176406,0,0.16296052486780085,0,1283.2630769387285,100.89140286981076
4,340.5,13195.598611706868,0.38868598372917956,0,0.1473047620365801,0,1283.2630769387285,100.7965368257613
4,340.6,13185.52368538268,0.3882966774874505,0,0.14618858204712942,0,1283.2630769387285,100.701990111123
4,340.70000000000005,13175.458197781816,0.387908634992684,0,0.13746141052894387,0,1283.2630769387285,100.60776240947544
4,340.8,13165.402117016725,0.3875218550501869,0,0.0882775339169126,0,1283.2630769387285,100.51385337080102
4,340.90000000000003,13155.355411243625,0.38713633634748545,0,0.07937087271371374,0,1283.2630769387285,100.42026261236231
4,341,13145.318048654124,0.38675207745726736,0,0.08452154295919519,0,1283.2630769387285,100.3269897195675
4,341.1,13135.289997483604,0.38636907684029004,0,0.1571757924861971,0,1283.2630769387285,100.23403424681828
4,341.20000000000005,13125.271226010285,0.3859873328482301,0,0.06761002387489183,0,1283.2630769387285,100.14139571834426
4,341.3,13115.26170256827,0.3856068437265007,0,0.04632493891367212,0,1283.2630769387285,100.04907362902125
4,341.40000000000003,13105.261395542882,0.385227607617005,0,0.117724070994183,0,1283.2630769387285,99.95706744517769
4,341.5,13095.270273367874,0.38484962256083793,0,0.15751449899151856,0,1283.2630769387285,99.86537660538485
4,341.6,13085.288304536603,0.3844728865009594,0,0.17820793595596393,0,1283.2630769387285,99.77400052123187
4,341.70000000000005,13075.31545760855,0.3840973972848177,0,0.2317428222107245,0,1283.2630769387285,99.6829385780886
4,341.8,13065.351701198146,0.383723152666908,0,0.1946721940761851,0,1283.2630769387285,99.59219013585509
4,341.90000000000003,13055.397003989667,0.38335015031131175,0,0.16964998806835233,0,1283.2630769387285,99.50175452969508
4,342,13045.451334735379,0.3829783877941766,0,0.1439177694540776,0,1283.2630769387285,99.41163107075842
4,342.1,13035.514662255533,0.38260786260615276,0,0.11716424356020963,0,1283.2630769387285,99.32181904688899
4,342.20000000000005,13025.586955443956,0.38223857215479196,0,0.07126626797284279,0,1283.2630769387285,99.23231772331967
4,342.3,13015.668183268048,0.3818705137668993,0,0.08225486519376221,0,1283.2630769387285,99.1431263433546
4,342.40000000000003,13005.758314769715,0.3815036846908401,0,0.17335688001796865,0,1283.2630769387285,99.05424412903831
4,342.5,12995.857319075614,0.38113808209882016,0,0.1693532745920829,0,1283.2630769387285,98.96567028181222
4,342.6,12985.965165387839,0.38077370308910213,0,0.09405698371395452,0,1283.2630769387285,98.87740398316015
4,342.70000000000005,12976.081822995096,0.3804105446882015,0,0.06518606697858234,0,1283.2630769387285,98.78944439523936
4,342.8,12966.207261267118,0.3800486038530269,0,0.09244128086112136,0,1283.2630769387285,98.70179066150148
4,342.90000000000003,12956.341449665837,0.3796878774729982,0,0.12350011409668465,0,1283.2630769387285,98.61444190729976
4,343,12946.48435773328,0.37932836237210044,0,0.19535088437000137,0,1283.2630769387285,98.52739724048693
4,343.1,12936.63595510833,0.3789700553109293,0,0.13985838550626936,0,1283.2630769387285,98.44065575199822
4,343.20000000000005,12926.796211521141,0.37861295298867864,0,0.10285984954676676,0,1283.2630769387285,98.3542165164262
4,343.3,12916.965096791275,0.3782570520450905,0,0.07670122384647046,0,1283.2630769387285,98.26807859258291
4,343.40000000000003,12907.14258083608,0.3779023490623809,0,0.05616168674659612,0,1283.2630769387285,98.18224102405024
4,343.5,12897.328633667901,0.3775488405671168,0,0.05825897112542401,0,1283.2630769387285,98.09670283972073
4,343.6,12887.523225399666,0.37719652303206813,0,0.11358964831203366,0,1283.2630769387285,98.01146305432657
4,343.70000000000005,12877.726326241158,0.37684539287801333,0,0.20140150340554439,0,1283.2630769387285,97.92652066895921
4,343.8,12867.937906499952,0.376495446475513,0,0.21335414257492882,0,1283.2630769387285,97.84187467157707
4,343.90000000000003,12858.157936590724,0.37614668014666064,0,0.12531750654700394,0,1283.2630769387285,97.75752403750315
4,344,12848.386387028731,0.3757990901667841,0,0.09811982290335364,0,1283.2630769387285,97.67346772991402
4,344.1,12838.623228433542,0.37545267276612126,0,0.08338604009018503,0,1283.2630769387285,97.58970470031718
4,344.20000000000005,12828.868431527168,0.3751074241314582,0,0.14366237746982022,0,1283.2630769387285,97.50623388901934
4,344.3,12819.121967148036,0.37476334040775333,0,0.17991728516835853,0,1283.2630769387285,97.423054225584
4,344.40000000000003,12809.3838062305,0.3744204176996923,0,0.12324447354778133,0,1283.2630769387285,97.34016462928228
4,344.5,12799.653919824399,0.3740786520732516,0,0.13098641618449544,0,1283.2630769387285,97.25756400953024
4,344.6,12789.932279087603,0.3737380395572063,0,0.09133196510555117,0,1283.2630769387285,97.17525126632029
4,344.70000000000005,12780.218855285086,0.37339857614461136,0,0.09728724185743838,0,1283.2630769387285,97.09322529064198
4,344.8,12770.513619800098,0.37306025779426777,0,0.040508256557068585,0,1283.2630769387285,97.01148496489367
4,344.90000000000003,12760.816544122063,0.3727230804321338,0,0.09759154694772446,0,1283.2630769387285,96.9300291632868
4,345,12751.127599851228,0.37238703995272265,0,0.19723889557842428,0,1283.2630769387285,96.84885675223961
4,345.1,12741.446758708917,0.37205213222048045,0,0.19838031412384,0,1283.2630769387285,96.76796659076275
4,345.20000000000005,12731.77399253007,0.3717183530711186,0,0.10949027154437163,0,1283.2630769387285,96.68735753083821
4,345.3,12722.109273255803,0.3713856983129135,0,0.10205800015877504,0,1283.2630769387285,96.60702841778847
4,345.40000000000003,12712.452572956681,0.3710541637280141,0,0.08626543591264484,0,1283.2630769387285,96.52697809063622
4,345.5,12702.803863807581,0.370723745073673,0,0.14680403686515314,0,1283.2630769387285,96.44720538245974
4,345.6,12693.163118106313,0.3703944380834927,0,0.17748187075737556,0,1283.2630769387285,96.36770912073627
4,345.70000000000005,12683.530308269896,0.3700662384686273,0,0.1322789045181212,0,1283.2630769387285,96.28848812768051
4,345.8,12673.905406829901,0.3697391419189553,0,0.14178532291591245,0,1283.2630769387285,96.20954122057475
4,345.90000000000003,12664.288386433385,0.36941314410423004,0,0.10992210902083491,0,1283.2630769387285,96.1308672120908
4,346,12654.679219854996,0.36908824067522206,0,0.10168915123119558,0,1283.2630769387285,96.05246491060434
4,346.1,12645.077879980206,0.3687644272648044,0,0.04638397899692836,0,1283.2630769387285,95.97433312050428
4,346.20000000000005,12635.484339817427,0.3684416994890421,0,0.0700164456042389,0,1283.2630769387285,95.89647064249185
4,346.3,12625.89857249707,0.36812005294824884,0,0.14966084694720716,0,1283.2630769387285,95.81887627387479
4,346.40000000000003,12616.320551266894,0.3677994832280126,0,0.15092296309577793,0,1283.2630769387285,95.74154880885446
4,346.5,12606.750249500386,0.3674799859002141,0,0.06111686897127215,0,1283.2630769387285,95.664487038805
4,346.6,12597.187640685588,0.36716155652400195,0,0.04928244100747534,0,1283.2630769387285,95.58768975254776
4,346.70000000000005,12587.632698435336,0.3668441906467653,0,0.08482891918146453,0,1283.2630769387285,95.51115573661662
4,346.8,12578.085396486335,0.36652788380507806,0,0.14168644737879055,0,1283.2630769387285,95.43488377551914
4,346.90000000000003,12568.545708689839,0.3662126315256084,0,0.19519110184411503,0,1283.2630769387285,95.35887265199065
4,347,12559.013609024696,0.3658984293260315,0,0.1758874807133299,0,1283.2630769387285,95.28312114724098
4,347.1,12549.489071591757,0.36558527271590513,0,0.1709371901959557,0,1283.2630769387285,95.20762804119707
4,347.20000000000005,12539.972070608288,0.36527315719752057,0,0.16697805132494298,0,1283.2630769387285,95.1323921127385
4,347.3,12530.462580421008,0.3649620782667547,0,0.1446257981761181,0,1283.2630769387285,95.05741213992631
4,347.40000000000003,12520.960575492121,0.364652031413876,0,0.1251988492239266,0,1283.2630769387285,94.98268690022817
4,347.5,12511.466030411422,0.36434301212435455,0,0.08197658264344282,0,1283.2630769387285,94.90821517073547
4,347.6,12501.97891989164,0.3640350158796406,0,0.13145178079305972,0,1283.2630769387285,94.83399572837705
4,347.70000000000005,12492.499218763784,0.36372803815792043,0,0.07416479994792807,0,1283.2630769387285,94.7600273501262
4,347.8,12483.026901979,0.36342207443485924,0,0.13847077222436618,0,1283.2630769387285,94.68630881320189
4,347.90000000000003,12473.56194461789,0.3631171201843382,0,0.10387130961608157,0,1283.2630769387285,94.61283889526514
4,348,12464.104321878403,0.3628131708791499,0,0.04407114927965564,0,1283.2630769387285,94.5396163746112
4,348.1,12454.654009082355,0.36251022199169414,0,0.08593204764166111,0,1283.2630769387285,94.46664003035522
4,348.20000000000005,12445.210981675424,0.3622082689946524,0,0.11838663938660296,0,1283.2630769387285,94.3939086426136
4,348.3,12435.775215218775,0.36190730736163323,0,0.1026781972877748,0,1283.2630769387285,94.32142099268052
4,348.40000000000003,12426.346685400233,0.36160733256782385,0,0.11960703268097643,0,1283.2630769387285,94.2491758631986
4,348.5,12416.925368031487,0.3613083400906114,0,0.1267142287326741,0,1283.2630769387285,94.17717203832632
4,348.6,12407.511239039712,0.3610103254101818,0,0.11255987001685937,0,1283.2630769387285,94.10540830390045
4,348.70000000000005,12398.10427447781,0.3607132840101204,0,0.09532716067616753,0,1283.2630769387285,94.03388344759259
4,348.8,12388.704450516962,0.36041721137798205,0,0.03547898371802236,0,1283.2630769387285,93.96259625906319
4,348.90000000000003,12379.311743452214,0.3601221030058571,0,0.09988753357131289,0,1283.2630769387285,93.89154553010952
4,349,12369.926129695028,0.3598279543909105,0,0.0945201969294874,0,1283.2630769387285,93.8207300548107
4,349.1,12360.547585783526,0.35953476103592386,0,0.17063595787290486,0,1283.2630769387285,93.75014862966717
4,349.20000000000005,12351.176088372245,0.3592425184498033,0,0.11281037137002799,0,1283.2630769387285,93.67980005373768
4,349.3,12341.811614237726,0.3589512221480886,0,0.046374886512100706,0,1283.2630769387285,93.60968312877074
4,349.40000000000003,12332.454140272923,0.3586608676534356,0,0.038015209034410684,0,1283.2630769387285,93.53979665933271
4,349.5,12323.103643492796,0.3583714504960987,0,0.09989988414055918,0,1283.2630769387285,93.47013945293176
4,349.6,12313.760101026855,0.3580829662143858,0,0.11688282910553091,0,1283.2630769387285,93.4007103201384
4,349.70000000000005,12304.423490133137,0.3577954103551224,0,0.13028061567174337,0,1283.2630769387285,93.33150807470123
4,349.8,12295.093788174912,0.35750877847406565,0,0.16553704337786523,0,1283.2630769387285,93.2625315336613
4,349.90000000000003,12285.770972646773,0.3572230661363534,0,0.15529134851960896,0,1283.2630769387285,93.19377951745953
4,350,12276.455021152273,0.35693826891689645,0,0.10287991001397465,0,1283.2630769387285,93.12525085004422
4,350.1,12267.14591141697,0.3566543824007898,0,0.05830041180147367,0,1283.2630769387285,93.05694435897212
4,350.20000000000005,12257.843621280976,0.3563714021836939,0,0.044109715330447524,0,1283.2630769387285,92.98885887550799
4,350.3,12248.548128699884,0.3560893238722117,0,0.11713400663830718,0,1283.2630769387285,92.9209932347196
4,350.40000000000003,12239.259411747567,0.35580814308425635,0,0.18668237871715546,0,1283.2630769387285,92.85334627557022
4,350.5,12229.977448616177,0.3555278554494064,0,0.11353145809455044,0,1283.2630769387285,92.78591684100756
4,350.6,12220.702217609622,0.3552484566092422,0,0.10837167505363123,0,1283.2630769387285,92.71870377805055
4,350.70000000000005,12211.433697146364,0.35496994221768,0,0.09188824579590738,0,1283.2630769387285,92.65170593787145
4,350.8,12202.171865765005,0.35469230794130024,0,0.09541984818562123,0,1283.2630769387285,92.58492217587593
4,350.90000000000003,12192.916702112183,0.3544155494596468,0,0.1347146109857704,0,1283.2630769387285,92.51835135178061
4,351,12183.66818495281,0.35413966246553846,0,0.17653473505294046,0,1283.2630769387285,92.45199232968656
4,351.1,12174.426293160766,0.3538646426653503,0,0.19686221036783527,0,1283.2630769387285,92.3858439781511
4,351.20000000000005,12165.191005728208,0.3535904857793059,0,0.19029403971274358,0,1283.2630769387285,92.31990517025585
4,351.3,12155.962301756255,0.3533171875417397,0,0.15655329303748028,0,1283.2630769387285,92.25417478367335
4,351.40000000000003,12146.740160455927,0.35304474370136046,0,0.0971824873496015,0,1283.2630769387285,92.18865170072998
4,351.5,12137.524561153725,0.35277315002151005,0,0.0247460313841653,0,1283.2630769387285,92.12333480846603
4,351.6,12128.315483286977,0.3525024022804044,0,0.09631984841479158,0,1283.2630769387285,92.05822299869465
4,351.70000000000005,12119.112906402908,0.35223249627136916,0,0.1636799274071446,0,1283.2630769387285,91.9933151680575
4,351.8,12109.916810156778,0.3519634278030638,0,0.12244389856223516,0,1283.2630769387285,91.9286102180779
4,351.90000000000003,12100.727174313739,0.35169519269970206,0,0.1436738163529246,0,1283.2630769387285,91.86410705521142
4,352,12091.543978756294,0.35142778680127235,0,0.147404764216935,0,1283.2630769387285,91.79980459089467
4,352.1,12082.367203465663,0.35116120596372113,0,0.14968475788996863,0,1283.2630769387285,91.73570174159265
4,352.20000000000005,12073.196828529239,0.35089544605915274,0,0.20256802407778102,0,1283.2630769387285,91.67179742884174
4,352.3,12064.032834150828,0.35063050297602705,0,0.24160583878562736,0,1283.2630769387285,91.60809057929114
4,352.40000000000003,12054.875200639479,0.3503663726193307,0,0.2676413422278327,0,1283.2630769387285,91.54458012474427
4,352.5,12045.723908406682,0.3501030509107438,0,0.2625387327358358,0,1283.2630769387285,91.4812650021962
4,352.6,12036.578937971964,0.34984053378881047,0,0.22273836212159992,0,1283.2630769387285,91.41814415386894
4,352.70000000000005,12027.440269962884,0.3495788172090969,0,0.17494023678105197,0,1283.2630769387285,91.3552165272455
4,352.8,12018.307885108516,0.34931789714433564,0,0.09973751021578763,0,1283.2630769387285,91.29248107510232
4,352.90000000000003,12009.181764240377,0.3490577695845689,0,0.11040303252420766,0,1283.2630769387285,91.22993675553872
4,353,12000.061888300814,0.34879843053729515,0,0.14093936944539126,0,1283.2630769387285,91.16758253200483
4,353.1,11990.94823832903,0.3485398760275867,0,0.19607488545659268,0,1283.2630769387285,91.10541737332919
4,353.20000000000005,11981.840795471333,0.34828210209822225,0,0.14313456430962954,0,1283.2630769387285,91.0434402537422
4,353.3,11972.739540976472,0.3480251048098026,0,0.10740440487098563,0,1283.2630769387285,90.9816501529
4,353.40000000000003,11963.644456187263,0.3477688802408522,0,0.11116697506626294,0,1283.2630769387285,90.92004605590567
4,353.5,11954.555522560142,0.34751342448794553,0,0.11693439404888206,0,1283.2630769387285,90.85862695332777
4,353.6,11945.472721642815,0.34725873366578636,0,0.14145226168420155,0,1283.2630769387285,90.79739184122045
4,353.70000000000005,11936.396035086364,0.3470048039073123,0,0.1438748486914625,0,1283.2630769387285,90.73633972113836
4,353.8,11927.325444645248,0.3467516313637854,0,0.1427105957610594,0,1283.2630769387285,90.67546960015243
4,353.90000000000003,11918.260932164267,0.34649921220486257,0,0.12119871656649,0,1283.2630769387285,90.61478049086386
4,354,11909.202479592524,0.34624754261868584,0,0.0883044977635087,0,1283.2630769387285,90.55427141141513
4,354.1,11900.150068975985,0.34599661881195026,0,0.08945040522521017,0,1283.2630769387285,90.49394138550149
4,354.20000000000005,11891.103682461195,0.34574643700997487,0,0.06282848977891804,0,1283.2630769387285,90.43378944238016
4,354.3,11882.06330227945,0.34549699345674995,0,0.08513070856119452,0,1283.2630769387285,90.37381461687917
4,354.40000000000003,11873.028910772875,0.34524828441501904,0,0.16640182751866928,0,1283.2630769387285,90.31401594940189
4,354.5,11864.000490375794,0.3450003061663192,0,0.07819496991798824,0,1283.2630769387285,90.2543924859352
4,354.6,11854.978023609146,0.34475305501101994,0,0.01591512637872528,0,1283.2630769387285,90.19494327805273
4,354.70000000000005,11845.961493098177,0.3445065272683866,0,0.0887541490193204,0,1283.2630769387285,90.13566738291716
4,354.8,11836.950881560333,0.3442607192766092,0,0.14896196116796584,0,1283.2630769387285,90.0765638632833
4,354.90000000000003,11827.946171802469,0.34401562739283514,0,0.1340381526308691,0,1283.2630769387285,90.01763178749869
4,355,11818.947346723638,0.34377124799320186,0,0.13443279044541642,0,1283.2630769387285,89.95887022950271
4,355.1,11809.954389324412,0.3435275774728755,0,0.13771353064859382,0,1283.2630769387285,89.90027826882509
4,355.20000000000005,11800.967282682657,0.3432846122460503,0,0.11734266068787817,0,1283.2630769387285,89.84185499058484
4,355.3,11791.986009981483,0.3430423487459944,0,0.13128350595145424,0,1283.2630769387285,89.78359948548467
4,355.40000000000003,11783.010554485954,0.342800783425045,0,0.1581841660754359,0,1283.2630769387285,89.72551084980866
4,355.5,11774.040899557061,0.34255991275463366,0,0.06770531937834844,0,1283.2630769387285,89.66758818541545
4,355.6,11765.077028641477,0.34231973322528486,0,0.06306430550406217,0,1283.2630769387285,89.60983059973302
4,355.70000000000005,11756.118925275281,0.3420802413466251,0,0.12687834006446874,0,1283.2630769387285,89.55223720575066
4,355.8,11747.166573080234,0.34184143364737957,0,0.0724809678079911,0,1283.2630769387285,89.49480712201118
4,355.90000000000003,11738.219955774024,0.3416033066753819,0,0.07481852198625351,0,1283.2630769387285,89.43753947260132
4,356,11729.279057154432,0.34136585699755495,0,0.11386028165203428,0,1283.2630769387285,89.38043338714333
4,356.1,11720.343861107714,0.34112908119990903,0,0.2049096750350501,0,1283.2630769387285,89.3234880007832
4,356.20000000000005,11711.414351607673,0.3408929758875313,0,0.1775614384635627,0,1283.2630769387285,89.26670245417962
4,356.3,11702.49051271379,0.34065753768457013,0,0.17293442627606978,0,1283.2630769387285,89.21007589349203
4,356.40000000000003,11693.572328569368,0.34042276323421633,0,0.16732102891968617,0,1283.2630769387285,89.15360747036777
4,356.5,11684.659783400595,0.3401886491986821,0,0.16997889977604194,0,1283.2630769387285,89.09729634192833
4,356.6,11675.75286152307,0.3399551922591851,0,0.16285565751348843,0,1283.2630769387285,89.04114167075494
4,356.70000000000005,11666.85154733155,0.3397223891159149,0,0.18914703587436263,0,1283.2630769387285,88.98514262487424
4,356.8,11657.955825305544,0.3394902364880094,0,0.11543068861565656,0,1283.2630769387285,88.92929837774224
4,356.90000000000003,11649.065680004656,0.339258731113521,0,0.04786493152336721,0,1283.2630769387285,88.87360810822847
4,357,11640.181096074171,0.3390278697493884,0,0.09201084664235162,0,1283.2630769387285,88.81807100059864
4,357.1,11631.30205823481,0.33879764917139316,0,0.03967018364370507,0,1283.2630769387285,88.762686244498
4,357.20000000000005,11622.428551292047,0.3385680661741295,0,0.09874295909488857,0,1283.2630769387285,88.70745303493253
4,357.3,11613.56056013517,0.33833911757096613,0,0.16153336087295728,0,1283.2630769387285,88.65237057225096
4,357.40000000000003,11604.698069724254,0.33811080019399187,0,0.24648437929405476,0,1283.2630769387285,88.59743806212634
4,357.5,11595.841065107845,0.3378831108939875,0,0.22934401029142423,0,1283.2630769387285,88.54265471553526
4,357.6,11586.989531408995,0.3376560465403693,0,0.22794569865791406,0,1283.2630769387285,88.48801974873916
4,357.70000000000005,11578.143453827128,0.3374296040211402,0,0.22506864053617856,0,1283.2630769387285,88.43353238326321
4,357.8,11569.302817638963,0.3372037802428424,0,0.2227963471011053,0,1283.2630769387285,88.37919184587521
4,357.90000000000003,11560.467608202249,0.33697857213050847,0,0.21715629127133346,0,1283.2630769387285,88.32499736856411
4,358,11551.637810947374,0.3367539766276017,0,0.22936801048016472,0,1283.2630769387285,88.27094818851894
4,358.1,11542.813411384821,0.33652999069596695,0,0.14417414594281014,0,1283.2630769387285,88.21704354810588
4,358.20000000000005,11533.994395093992,0.33630661131576384,0,0.0696435340976857,0,1283.2630769387285,88.16328269484636
4,358.3,11525.180747736245,0.33608383548541987,0,0.020473265562047458,0,1283.2630769387285,88.1096648813931
4,358.40000000000003,11516.37245504558,0.3358616602215637,0,0.1217368597073562,0,1283.2630769387285,88.05618936550792
4,358.5,11507.569502829574,0.3356400825589638,0,0.07450473969687722,0,1283.2630769387285,88.00285541003765
4,358.6,11498.771876968443,0.33541909955046445,0,0.14168933995542618,0,1283.2630769387285,87.94966228289015
4,358.70000000000005,11489.979563413188,0.3351987082669194,0,0.19077555528472945,0,1283.2630769387285,87.89660925701003
4,358.8,11481.192548192106,0.33497890579713213,0,0.16489306997903216,0,1283.2630769387285,87.8436956103535
4,358.90000000000003,11472.410817404278,0.3347596892477842,0,0.1905243249979718,0,1283.2630769387285,87.79092062586442
4,359,11463.634357214905,0.3345410557433612,0,0.1757026927231253,0,1283.2630769387285,87.73828359144865
4,359.1,11454.863153868355,0.3343230024260959,0,0.18674580297487206,0,1283.2630769387285,87.68578379994818
4,359.20000000000005,11446.097193672322,0.33410552645588365,0,0.16301191265509055,0,1283.2630769387285,87.63342054911655
4,359.3,11437.336463011801,0.3338886250102225,0,0.18360891038813607,0,1283.2630769387285,87.58119314159173
4,359.40000000000003,11428.580948334187,0.3336722952841279,0,0.11633564718862117,0,1283.2630769387285,87.52910088487121
4,359.5,11419.83063615486,0.3334565344900616,0,0.030011694902201572,0,1283.2630769387285,87.47714309128467
4,359.6,11411.085513068363,0.33324133985786863,0,0.05673986546273685,0,1283.2630769387285,87.42531907796707
4,359.70000000000005,11402.345565728843,0.3330267086346854,0,0.15808084386455648,0,1283.2630769387285,87.37362816683368
4,359.8,11393.610780858435,0.33281263808486755,0,0.08772909129977231,0,1283.2630769387285,87.32206968455182
4,359.90000000000003,11384.88114524819,0.3325991254899138,0,0.1284116713335686,0,1283.2630769387285,87.27064296251382
4,360,11376.156645756215,0.33238616814838723,0,0.16213013878243185,0,1283.2630769387285,87.21934733681005
4,360.1,11367.437269304879,0.3321737633758316,0,0.13733187330298588,0,1283.2630769387285,87.16818214820155
4,360.20000000000005,11358.723002884537,0.3319619085046962,0,0.16837213641373683,0,1283.2630769387285,87.11714674209243
4,360.3,11350.013833547011,0.3317506008842478,0,0.15633851479800667,0,1283.2630769387285,87.06624046850222
4,360.40000000000003,11341.309748411179,0.3315398378804946,0,0.16525651503586944,0,1283.2630769387285,87.01546268203789
4,360.5,11332.61073466111,0.3313296168761028,0,0.1456596383052293,0,1283.2630769387285,86.964812741866
4,360.6,11323.916779546067,0.33111993527031414,0,0.16331658470731403,0,1283.2630769387285,86.91429001168497
4,360.70000000000005,11315.227870374918,0.3309107904788568,0,0.08682873244381682,0,1283.2630769387285,86.8638938596972
4,360.8,11306.543994518928,0.33070217993386375,0,0.03307931515453805,0,1283.2630769387285,86.8136236585803
4,360.90000000000003,11297.865139419213,0.3304941010837957,0,0.05270005665580025,0,1283.2630769387285,86.76347878545882
4,361,11289.191292570904,0.33028655139334223,0,0.12376263987458803,0,1283.2630769387285,86.71345862187694
4,361.1,11280.522441534325,0.33007952834334503,0,0.034128499588649726,0,1283.2630769387285,86.66356255376908
4,361.20000000000005,11271.8585739322,0.3298730294307109,0,0.073662193671534,0,1283.2630769387285,86.61378997143181
4,361.3,11263.199677443132,0.3296670521683183,0,0.1452922602149998,0,1283.2630769387285,86.56414026949567
4,361.40000000000003,11254.545739809051,0.32946159408493736,0,0.14317133993875636,0,1283.2630769387285,86.51461284689594
4,361.5,11245.896748832427,0.32925665272514104,0,0.1629561798280092,0,1283.2630769387285,86.46520710684472
4,361.6,11237.252692376263,0.32905222564921777,0,0.17593859395236408,0,1283.2630769387285,86.41592245680212
4,361.70000000000005,11228.613558361307,0.32884831043308194,0,0.17606344465290868,0,1283.2630769387285,86.36675830844811
4,361.8,11219.979334764183,0.3286449046681821,0,0.18420283203058313,0,1283.2630769387285,86.31771407765368
4,361.90000000000003,11211.350009622984,0.32844200596141954,0,0.17673035636138826,0,1283.2630769387285,86.2687891844519
4,362,11202.725571035407,0.3282396119350578,0,0.14090853779851956,0,1283.2630769387285,86.21998305300987
4,362.1,11194.106007149443,0.32803772022662525,0,0.07911086998397955,0,1283.2630769387285,86.17129511160019
4,362.20000000000005,11185.49130617734,0.3278363284888382,0,0.07213613969081656,0,1283.2630769387285,86.12272479257162
4,362.3,11176.881456382573,0.3276354343895012,0,0.12932821992601018,0,1283.2630769387285,86.07427153232149
4,362.40000000000003,11168.276446091942,0.32743503561142917,0,0.15618430924269822,0,1283.2630769387285,86.02593477126656
4,362.5,11159.676263677888,0.3272351298523407,0,0.10251317652491396,0,1283.2630769387285,85.97771395381534
4,362.6,11151.080897575244,0.327035714824784,0,0.07561618151330156,0,1283.2630769387285,85.92960852833843
4,362.70000000000005,11142.490336274728,0.3268367882560427,0,0.040438822424389516,0,1283.2630769387285,85.881617947141
4,362.8,11133.904568317346,0.32663834788804086,0,0.08593525542103385,0,1283.2630769387285,85.83374166643472
4,362.90000000000003,11125.32358229626,0.32644039147725357,0,0.1017345950429403,0,1283.2630769387285,85.78597914630862
4,363,11116.74736686889,0.3262429167946297,0,0.10320807641724171,0,1283.2630769387285,85.73832985070077
4,363.1,11108.175910734572,0.3260459216254826,0,0.11422847459246087,0,1283.2630769387285,85.69079324737156
4,363.20000000000005,11099.609202652238,0.325849403769415,0,0.10144617951637519,0,1283.2630769387285,85.6433688078739
4,363.3,11091.047231435776,0.32565336104022696,0,0.08811697714982936,0,1283.2630769387285,85.59605600752604
4,363.40000000000003,11082.489985940978,0.325457791265813,0,0.07369744337000933,0,1283.2630769387285,85.54885432538404
4,363.5,11073.937455086038,0.3252626922880911,0,0.11032556053022013,0,1283.2630769387285,85.50176324421238
4,363.6,11065.389627831988,0.32506806196289656,0,0.1611712811033648,0,1283.2630769387285,85.45478225045777
4,363.70000000000005,11056.846493197605,0.3248738981599043,0,0.1999437341410949,0,1283.2630769387285,85.40791083421983
4,363.8,11048.308040251955,0.32468019876253584,0,0.11594399748162759,0,1283.2630769387285,85.36114848922479
4,363.90000000000003,11039.774258114398,0.3244869616678686,0,0.07265916639975074,0,1283.2630769387285,85.31449471279751
4,364,11031.245135948993,0.32429418478654193,0,0.0653441078995031,0,1283.2630769387285,85.26794900583432
4,364.1,11022.720662975684,0.3241018660426779,0,0.08090363046366789,0,1283.2630769387285,85.2215108727747
4,364.20000000000005,11014.20082846377,0.3239100033737877,0,0.12683383107982385,0,1283.2630769387285,85.17517982157489
4,364.3,11005.685621726327,0.32371859473067816,0,0.12363631555000706,0,1283.2630769387285,85.12895536368084
4,364.40000000000003,10997.175032129511,0.32352763807737056,0,0.08578114925101174,0,1283.2630769387285,85.08283701400048
4,364.5,10988.669049084187,0.32333713139100545,0,0.07458847118294575,0,1283.2630769387285,85.03682429087722
4,364.6,10980.167662057094,0.32314707266176596,0,0.0679177429130494,0,1283.2630769387285,84.99091671606273
4,364.70000000000005,10971.670860551298,0.32295745989277147,0,0.12752895531380148,0,1283.2630769387285,84.9451138146913
4,364.8,10963.178634128533,0.32276829110001065,0,0.16017291739521358,0,1283.2630769387285,84.89941511525173
4,364.90000000000003,10954.690972385928,0.322579564312233,0,0.17207010320779598,0,1283.2630769387285,84.85382014956242
4,365,10946.207864975557,0.3223912775708786,0,0.2177883831079083,0,1283.2630769387285,84.80832845274341
4,365.1,10937.729301596992,0.32220342892998727,0,0.12496046290894432,0,1283.2630769387285,84.76293956319127
4,365.20000000000005,10929.255271990784,0.3220160164561047,0,0.03515794335946524,0,1283.2630769387285,84.71765302255318
4,365.3,10920.785765942186,0.3218290382281996,0,0.06482443736068018,0,1283.2630769387285,84.67246837570029
4,365.40000000000003,10912.320773286745,0.32164249233758213,0,0.12452008215667293,0,1283.2630769387285,84.62738517070184
4,365.5,10903.860283900984,0.32145637688781126,0,0.14902783277953777,0,1283.2630769387285,84.58240295879988
4,365.6,10895.404287708923,0.321270689994615,0,0.15076099636125098,0,1283.2630769387285,84.53752129438351
4,365.70000000000005,10886.952774679288,0.3210854297858032,0,0.13313606897107574,0,1283.2630769387285,84.49273973496348
4,365.8,10878.50573482085,0.32090059440117824,0,0.09815643441611678,0,1283.2630769387285,84.4480578411471
4,365.90000000000003,10870.063158192672,0.3207161819924605,0,0.11770033816131026,0,1283.2630769387285,84.40347517661257
4,366,10861.625034890138,0.32053219072319145,0,0.15544350901715262,0,1283.2630769387285,84.35899130808475
4,366.1,10853.19135505613,0.3203486187686596,0,0.1789369485850328,0,1283.2630769387285,84.31460580530927
4,366.20000000000005,10844.762108875439,0.3201654643158133,0,0.17909796045784437,0,1283.2630769387285,84.27031824102862
4,366.3,10836.337286576629,0.3199827255631791,0,0.20511203614711318,0,1283.2630769387285,84.22612819095718
4,366.40000000000003,10827.916878429241,0.31980040072077615,0,0.12192437045023663,0,1283.2630769387285,84.18203523375696
4,366.5,10819.500874740072,0.3196184880100314,0,0.03563551212293142,0,1283.2630769387285,84.13803895101336
4,366.6,10811.089265868999,0.31943698566371076,0,0.12151966769929577,0,1283.2630769387285,84.09413892721012
4,366.70000000000005,10802.682042205706,0.3192558919258188,0,0.17824691083995545,0,1283.2630769387285,84.05033474970696
4,366.8,10794.279194189236,0.3190752050515337,0,0.21422713045746164,0,1283.2630769387285,84.00662600871416
4,366.90000000000003,10785.880712298676,0.3188949233071198,0,0.21984393117896842,0,1283.2630769387285,83.96301229727001
4,367,10777.486587044783,0.31871504496983827,0,0.19516069948044965,0,1283.2630769387285,83.91949321121704
4,367.1,10769.096808989532,0.3185355683278842,0,0.1692768063166218,0,1283.2630769387285,83.8760683491775
4,367.20000000000005,10760.711368727498,0.31835649168029245,0,0.1449078333204462,0,1283.2630769387285,83.83273731253165
4,367.3,10752.330256898887,0.318177813336869,0,0.11868109688189003,0,1283.2630769387285,83.78949970539348
4,367.40000000000003,10743.953464178368,0.31799953161810357,0,0.08273856001033461,0,1283.2630769387285,83.74635513458885
4,367.5,10735.580981281586,0.3178216448550951,0,0.08944506877955848,0,1283.2630769387285,83.70330320963173
4,367.6,10727.212798965164,0.3176441513894757,0,0.0699510999883709,0,1283.2630769387285,83.66034354270197
4,367.70000000000005,10718.848908022977,0.31746704957333033,0,0.1396274689466059,0,1283.2630769387285,83.6174757486231
4,367.8,10710.489299284294,0.31729033776911664,0,0.1307461719222297,0,1283.2630769387285,83.57469944483984
4,367.90000000000003,10702.13396362029,0.3171140143495943,0,0.04695397235853265,0,1283.2630769387285,83.53201425139538
4,368,10693.782891937532,0.3169380776977443,0,0.0892800961640085,0,1283.2630769387285,83.4894197909101
4,368.1,10685.436075183563,0.3167625262066975,0,0.09227583729475718,0,1283.2630769387285,83.44691568855923
4,368.20000000000005,10677.09350434132,0.31658735827965495,0,0.10793483904111081,0,1283.2630769387285,83.40450157205166
4,368.3,10668.755170429125,0.3164125723298127,0,0.11280902162433772,0,1283.2630769387285,83.36217707160809
4,368.40000000000003,10660.421064505354,0.3162381667802915,0,0.11122349099139917,0,1283.2630769387285,83.31994181993947
4,368.5,10652.091177662835,0.31606414006405825,0,0.14815486787147925,0,1283.2630769387285,83.2777954522262
4,368.6,10643.76550103072,0.31589049062385405,0,0.11085791640149818,0,1283.2630769387285,83.23573760609676
4,368.70000000000005,10635.444025776349,0.31571721691212257,0,0.05677357842936395,0,1283.2630769387285,83.19376792160676
4,368.8,10627.126743100584,0.31554431739093397,0,0.08908000165919358,0,1283.2630769387285,83.1518860412185
4,368.90000000000003,10618.81364424061,0.3153717905319147,0,0.10402968026626143,0,1283.2630769387285,83.11009160978014
4,369,10610.504720466211,0.3151996348161719,0,0.18595313386312193,0,1283.2630769387285,83.06838427450512
4,369.1,10602.199963089079,0.3150278487342312,0,0.1826192566534937,0,1283.2630769387285,83.02676368495173
4,369.20000000000005,10593.8993634535,0.31485643078595876,0,0.08034028643907898,0,1283.2630769387285,82.98522949300374
4,369.3,10585.602912935428,0.3146853794804896,0,0.06073114818867861,0,1283.2630769387285,82.94378135285021
4,369.40000000000003,10577.310602942482,0.3145146933361553,0,0.06958132802694617,0,1283.2630769387285,82.90241892096516
4,369.5,10569.022424925119,0.31434437088042666,0,0.09859757045748242,0,1283.2630769387285,82.86114185608771
4,369.6,10560.73837036267,0.3141744106498331,0,0.10565386073835632,0,1283.2630769387285,82.81994981920354
4,369.70000000000005,10552.458430768922,0.3140048111898972,0,0.14263213391136706,0,1283.2630769387285,82.77884247352493
4,369.8,10544.182597693056,0.3138355710550695,0,0.1901135463978782,0,1283.2630769387285,82.7378194844717
4,369.90000000000003,10535.91086271312,0.31366668880865295,0,0.12059631123612338,0,1283.2630769387285,82.69688051965225
4,370,10527.643217447214,0.3134981630227477,0,0.07109417013468973,0,1283.2630769387285,82.65602524884436
4,370.1,10519.379653538577,0.31332999227816977,0,0.0643342390085217,0,1283.2630769387285,82.61525334397695
4,370.20000000000005,10511.120162667707,0.31316217516439626,0,0.11761101765957342,0,1283.2630769387285,82.57456447911096
4,370.3,10502.864736548625,0.3129947102794958,0,0.19363172277059715,0,1283.2630769387285,82.53395833042114
4,370.40000000000003,10494.613366926089,0.3128275962300623,0,0.18398652602153542,0,1283.2630769387285,82.49343457617815
4,370.5,10486.366045574658,0.3126608316311473,0,0.10515474084738496,0,1283.2630769387285,82.45299289672998
4,370.6,10478.122764302418,0.3124944151061994,0,0.07445952866314172,0,1283.2630769387285,82.41263297448403
4,370.70000000000005,10469.88351494912,0.3123283452869989,0,0.10587231377530848,0,1283.2630769387285,82.37235449388918
4,370.8,10461.648289387114,0.3121626208135952,0,0.12348095654488397,0,1283.2630769387285,82.33215714141834
4,370.90000000000003,10453.417079521343,0.31199724033424436,0,0.15539953001176107,0,1283.2630769387285,82.29204060555091
4,371,10445.18987728469,0.31183220250534227,0,0.168265613752857,0,1283.2630769387285,82.25200457675571
4,371.1,10436.966674640775,0.3116675059913638,0,0.21425782343148353,0,1283.2630769387285,82.2120487474732
4,371.20000000000005,10428.747463585809,0.3115031494648039,0,0.16384188657023352,0,1283.2630769387285,82.1721728120986
4,371.3,10420.532236143015,0.3113391316061105,0,0.10353764156153351,0,1283.2630769387285,82.13237646696497
4,371.40000000000003,10412.320984371938,0.31117545110363276,0,0.08342822979156495,0,1283.2630769387285,82.09265941032622
4,371.5,10404.113700356334,0.31101210665355017,0,0.08571321046437619,0,1283.2630769387285,82.05302134234105
4,371.6,10395.910376210697,0.3108490969598172,0,0.15546313360938635,0,1283.2630769387285,82.01346196505587
4,371.70000000000005,10387.711004083976,0.3106864207341085,0,0.17273432627716345,0,1283.2630769387285,81.97398098238838
4,371.8,10379.515576152131,0.3105240766957536,0,0.1135624825119047,0,1283.2630769387285,81.93457810011208
4,371.90000000000003,10371.32408461906,0.31036206357167845,0,0.11732683116287349,0,1283.2630769387285,81.89525302583992
4,372,10363.136521717533,0.3102003800963481,0,0.15464190523385696,0,1283.2630769387285,81.85600546900802
4,372.1,10354.952879705466,0.31003902501170477,0,0.1774879062677638,0,1283.2630769387285,81.81683514086022
4,372.20000000000005,10346.773150880821,0.30987799706712477,0,0.20236277627510052,0,1283.2630769387285,81.77774175443153
4,372.3,10338.597327564843,0.3097172950193487,0,0.21678871976231529,0,1283.2630769387285,81.73872502453428
4,372.40000000000003,10330.425402099267,0.30955691763242027,0,0.24978590374346032,0,1283.2630769387285,81.69978466774211
4,372.5,10322.257366866805,0.3093968636776483,0,0.19601416231331206,0,1283.2630769387285,81.66092040237365
4,372.6,10314.09321427159,0.30923713193353647,0,0.14570829089460383,0,1283.2630769387285,81.62213194847907
4,372.70000000000005,10305.932936744764,0.30907772118573074,0,0.10083455046407908,0,1283.2630769387285,81.58341902782433
4,372.8,10297.776526747271,0.30891863022696786,0,0.09533946637357339,0,1283.2630769387285,81.54478136387615
4,372.90000000000003,10289.6239767652,0.30875985785701704,0,0.13142271672482794,0,1283.2630769387285,81.50621868178776
4,373,10281.475279316306,0.3086014028826324,0,0.19440752592499475,0,1283.2630769387285,81.46773070838395
4,373.1,10273.330426942557,0.30844326411749245,0,0.12690034552954801,0,1283.2630769387285,81.42931717214712
4,373.20000000000005,10265.189412213862,0.3082854403821513,0,0.09373731275498005,0,1283.2630769387285,81.3909778032028
4,373.3,10257.052227724344,0.30812793050398163,0,0.07355388205623786,0,1283.2630769387285,81.3527123333055
4,373.40000000000003,10248.918866105378,0.30797073331713604,0,0.11650690276515495,0,1283.2630769387285,81.31452049582435
4,373.5,10240.789319998585,0.3078138476624701,0,0.1292125206023084,0,1283.2630769387285,81.27640202573053
4,373.6,10232.66358208377,0.3076572723875151,0,0.17699069113720178,0,1283.2630769387285,81.23835665958153
4,373.70000000000005,10224.541645065881,0.3075010063464178,0,0.21658356823140168,0,1283.2630769387285,81.200384135509
4,373.8,10216.42350167036,0.30734504839988447,0,0.14357412020598326,0,1283.2630769387285,81.16248419320497
4,373.90000000000003,10208.309144652449,0.3071893974151386,0,0.12929132475460625,0,1283.2630769387285,81.12465657390794
4,374,10200.198566795327,0.3070340522658712,0,0.09008636520377232,0,1283.2630769387285,81.08690102039002
4,374.1,10192.091760900803,0.3068790118321818,0,0.035421414546925684,0,1283.2630769387285,81.04921727694403
4,374.20000000000005,10183.988719804212,0.30672427500054383,0,0.10085627289602724,0,1283.2630769387285,81.01160508936985
4,374.3,10175.889436362311,0.30656984066374543,0,0.19152081447714434,0,1283.2630769387285,80.97406420496225
4,374.40000000000003,10167.793903454207,0.3064157077208415,0,0.09315726473312956,0,1283.2630769387285,80.93659437249775
4,374.5,10159.702113990672,0.3062618750771148,0,0.04578389787949799,0,1283.2630769387285,80.89919534222174
4,374.6,10151.614060902968,0.3061083416440196,0,0.06040948146061173,0,1283.2630769387285,80.86186686583673
4,374.70000000000005,10143.52973714564,0.3059551063391357,0,0.09608555336746577,0,1283.2630769387285,80.8246086964893
4,374.8,10135.449135701172,0.30580216808612654,0,0.1129349302541202,0,1283.2630769387285,80.78742058875777
4,374.90000000000003,10127.372249578126,0.3056495258146925,0,0.15122587699322712,0,1283.2630769387285,80.75030229864038
4,375,10119.299071803689,0.30549717846051844,0,0.18897877231836135,0,1283.2630769387285,80.71325358354348
4,375.1,10111.22959543392,0.3053451249652358,0,0.12624829476338184,0,1283.2630769387285,80.67627420226886
4,375.20000000000005,10103.163813549094,0.30519336427637594,0,0.12469943467999159,0,1283.2630769387285,80.63936391500259
4,375.3,10095.101719249971,0.305041895347321,0,0.09395864911273243,0,1283.2630769387285,80.60252248330328
4,375.40000000000003,10087.04330566246,0.3048907171372636,0,0.009906883620147576,0,1283.2630769387285,80.56574967009004
4,375.5,10078.988565938547,0.304739828611164,0,0.07860420525551365,0,1283.2630769387285,80.52904523963126
4,375.6,10070.937493249774,0.30458922873970173,0,0.15915794793198626,0,1283.2630769387285,80.49240895753348
4,375.70000000000005,10062.890080791898,0.30443891649923494,0,0.08650095977330594,0,1283.2630769387285,80.4558405907297
4,375.8,10054.846321789548,0.3042888908717634,0,0.08555051637458337,0,1283.2630769387285,80.4193399074683
4,375.90000000000003,10046.806209481321,0.3041391508448731,0,0.09833786293216776,0,1283.2630769387285,80.3829066773027
4,376,10038.769737132825,0.30398969541170323,0,0.14414952345206794,0,1283.2630769387285,80.3465406710794
4,376.1,10030.736898037605,0.30384052357090846,0,0.152706273900323,0,1283.2630769387285,80.31024166092753
4,376.20000000000005,10022.707685504109,0.303691634326605,0,0.15920326052373812,0,1283.2630769387285,80.27400942024877
4,376.3,10014.682092867792,0.3035430266883396,0,0.17570568859125324,0,1283.2630769387285,80.2378437237059
4,376.40000000000003,10006.660113482736,0.30339469967104227,0,0.15602624027244355,0,1283.2630769387285,80.20174434721271
4,376.5,9998.641740731895,0.30324136426303866,0,0.12623593119250176,0,1283.2630769387285,80.16571106792316
4,376.6,9990.626970902085,0.30306221531185873,0,0.09830942771473508,0,1283.2630769387285,80.1296859675816
4,376.70000000000005,9982.615817234851,0.3028822261892927,0,0.08256993325337482,0,1283.2630769387285,80.09338777263362
4,376.8,9974.60830662027,0.3027014249806174,0,0.030387882204092543,0,1283.2630769387285,80.05682491106592
4,376.90000000000003,9966.604465113021,0.30251983920482994,0,0.11378987873333254,0,1283.2630769387285,80.02000563872508
4,377,9958.604317951016,0.3023374958240048,0,0.02682072163829507,0,1283.2630769387285,79.98293804222885
4,377.1,9950.60788956564,0.302154421252503,0,0.10444507694603172,0,1283.2630769387285,79.94563004184151
4,377.20000000000005,9942.615203614347,0.3019706413661809,0,0.16003194896593878,0,1283.2630769387285,79.90808939431153
4,377.3,9934.626282978803,0.3017861815113306,0,0.19673014238624575,0,1283.2630769387285,79.87032369567578
4,377.40000000000003,9926.641149794683,0.30160106651365903,0,0.21100959617351978,0,1283.2630769387285,79.83234038402462
4,377.5,9918.659825460054,0.3014153206870613,0,0.220697103515331,0,1283.2630769387285,79.79414674223302
4,377.6,9910.682330648415,0.30122896784230535,0,0.22145112747694115,0,1283.2630769387285,79.75574990065469
4,377.70000000000005,9902.70868533291,0.30104203129566215,0,0.2160922600035618,0,1283.2630769387285,79.71715683977979
4,377.8,9894.738908792846,0.3008545338773458,0,0.19507022429495932,0,1283.2630769387285,79.67837439285863
4,377.90000000000003,9886.773019630462,0.30066649793989264,0,0.1702713332799153,0,1283.2630769387285,79.63940924848828
4,378,9878.811035791412,0.3004779453664509,0,0.13697794616198833,0,1283.2630769387285,79.60026795316404
4,378.1,9870.8529745657,0.3002888975788718,0,0.06231823741403422,0,1283.2630769387285,79.56095691379711
4,378.20000000000005,9862.898852619343,0.300099375545836,0,0.04353025552799868,0,1283.2630769387285,79.52148240019473
4,378.3,9854.948685994372,0.2999093997907287,0,0.11341235763458953,0,1283.2630769387285,79.48185054750849
4,378.40000000000003,9847.002490119077,0.29971899039945077,0,0.12120551569523116,0,1283.2630769387285,79.44206735864594
4,378.5,9839.060279835947,0.2995281670282086,0,0.13805510343819685,0,1283.2630769387285,79.40213870664716
4,378.6,9831.122069406323,0.2993369489110936,0,0.17385209418138314,0,1283.2630769387285,79.36207033702979
4,378.70000000000005,9823.187872516923,0.2991453548675601,0,0.17548135007984875,0,1283.2630769387285,79.32186787009861
4,378.8,9815.257702305913,0.2989534033098925,0,0.15646993656274125,0,1283.2630769387285,79.28153680322062
4,378.90000000000003,9807.33157136105,0.2987611122504386,0,0.15467629880796202,0,1283.2630769387285,79.24108251306883
4,379,9799.409491742961,0.2985684993088548,0,0.15756169807550988,0,1283.2630769387285,79.20051025783077
4,379.1,9791.491474991664,0.29837558171917405,0,0.1739215676684042,0,1283.2630769387285,79.15982517938575
4,379.20000000000005,9783.577532137744,0.29818237633679084,0,0.1655399960148055,0,1283.2630769387285,79.11903230544902
4,379.3,9775.667673716322,0.2979888996453588,0,0.1183844899347698,0,1283.2630769387285,79.07813655168304
4,379.40000000000003,9767.76190977171,0.29779516776354464,0,0.08937619371393545,0,1283.2630769387285,79.0371427237778
4,379.5,9759.860249878839,0.29760119645175914,0,0.06747504570393831,0,1283.2630769387285,78.99605551949779
4,379.6,9751.962703147903,0.2974070011187143,0,0.15269197991471825,0,1283.2630769387285,78.95487953069961
4,379.70000000000005,9744.069278231822,0.29721259682789347,0,0.14376883164976012,0,1283.2630769387285,78.9136192453172
4,379.8,9736.17998333741,0.29701799830393943,0,0.1702855100741447,0,1283.2630769387285,78.87227904931608
4,379.90000000000003,9728.294826242141,0.29682321993897415,0,0.17813724173157366,0,1283.2630769387285,78.83086322861685
4,380,9720.413814300671,0.29662827579877726,0,0.17648300485211182,0,1283.2630769387285,78.78937597098988
4,380.1,9712.536954454146,0.29643317962888105,0,0.16757793946064925,0,1283.2630769387285,78.74782136791914
4,380.20000000000005,9704.664253234863,0.29623794486054966,0,0.14453258700893334,0,1283.2630769387285,78.7062034164369
4,380.3,9696.795716783032,0.2960425846167209,0,0.16974751746851252,0,1283.2630769387285,78.66452602092797
4,380.40000000000003,9688.931350851431,0.29584711171780165,0,0.18470325627511885,0,1283.2630769387285,78.62279299490623
4,380.5,9681.071160821244,0.2956515386874237,0,0.1823714285742077,0,1283.2630769387285,78.58100806276215
4,380.6,9673.215151695535,0.29545587775800664,0,0.14671719225717628,0,1283.2630769387285,78.53917486148265
4,380.70000000000005,9665.363328128122,0.29526014087639213,0,0.11161668731565573,0,1283.2630769387285,78.49729694234091
4,380.8,9657.515694412403,0.29506433970920937,0,0.06979109163619725,0,1283.2630769387285,78.45537777256146
4,380.90000000000003,9649.672254505567,0.2948684856483127,0,0.16148590314640943,0,1283.2630769387285,78.41342073695509
4,381,9641.833012031391,0.29467258981603867,0,0.16946199147378524,0,1283.2630769387285,78.371429139529
4,381.1,9633.997970285825,0.29447666307038806,0,0.19957674127996183,0,1283.2630769387285,78.32940620506962
4,381.20000000000005,9626.167132241651,0.2942807160101191,0,0.2172061193328055,0,1283.2630769387285,78.28735508069867
4,381.3,9618.340500568971,0.29408475897982966,0,0.21857860488859204,0,1283.2630769387285,78.24527883740265
4,381.40000000000003,9610.518077624962,0.2938888020748195,0,0.2013949664409703,0,1283.2630769387285,78.20318047153873
4,381.5,9602.699865476228,0.2936928551460155,0,0.18179132510134435,0,1283.2630769387285,78.16106290631248
4,381.6,9594.88586590346,0.29349692780474057,0,0.20991895944432662,0,1283.2630769387285,78.11892899323274
4,381.70000000000005,9587.07608039584,0.29330102942735364,0,0.23817927968281916,0,1283.2630769387285,78.07678151354148
4,381.8,9579.270510182716,0.29310516915998225,0,0.2277411357499793,0,1283.2630769387285,78.03462317961751
4,381.90000000000003,9571.469156211242,0.2929093559229321,0,0.21387075970391897,0,1283.2630769387285,77.99245663635945
4,382,9563.672019174322,0.2927135984152469,0,0.14364979657210833,0,1283.2630769387285,77.95028446254086
4,382.1,9555.879099512473,0.2925179051190777,0,0.07716423119477692,0,1283.2630769387285,77.90810917214517
4,382.20000000000005,9548.09039741382,0.29232228430396734,0,0.12050931096053374,0,1283.2630769387285,77.8659332156765
4,382.3,9540.305912821554,0.292126744031095,0,0.16131704536661254,0,1283.2630769387285,77.82375898144704
4,382.40000000000003,9532.525645453483,0.29193129215750374,0,0.13416555930645085,0,1283.2630769387285,77.78158879684183
4,382.5,9524.749594786204,0.29173593634009803,0,0.07771885390389893,0,1283.2630769387285,77.73942492956364
4,382.6,9516.97776008211,0.2915406840397618,0,0.0662935433483544,0,1283.2630769387285,77.69726958885252
4,382.70000000000005,9509.21014037542,0.2913455425252238,0,0.08997849741896656,0,1283.2630769387285,77.65512492668715
4,382.8,9501.446734499186,0.2911505188770378,0,0.10503854662927833,0,1283.2630769387285,77.61299303896163
4,382.90000000000003,9493.687541069463,0.2909556199913052,0,0.09813675032739484,0,1283.2630769387285,77.5708759666451
4,383,9485.932558506727,0.29076085258349416,0,0.14075367462018679,0,1283.2630769387285,77.52877569691687
4,383.1,9478.181785034016,0.29056622319209247,0,0.12270752039727395,0,1283.2630769387285,77.4866941642841
4,383.20000000000005,9470.435218682513,0.29037173818222717,0,0.12785368748254186,0,1283.2630769387285,77.44463325167813
4,383.3,9462.692857299,0.29017740374922946,0,0.05053054245553774,0,1283.2630769387285,77.4025947915313
4,383.40000000000003,9454.954698549584,0.2899832259221194,0,0.0628674025913933,0,1283.2630769387285,77.36058056683439
4,383.5,9447.220739927143,0.28978921056704676,0,0.17431529845726323,0,1283.2630769387285,77.31859231217483
4,383.6,9439.490978745744,0.28959536339061076,0,0.19569692736754885,0,1283.2630769387285,77.27663171475663
4,383.70000000000005,9431.765412160195,0.28940168994323157,0,0.1284332953608857,0,1283.2630769387285,77.23470041539987
4,383.8,9424.044037159532,0.2892081956223492,0,0.04429688724961936,0,1283.2630769387285,77.19280000952426
4,383.90000000000003,9416.326850577258,0.2890148856756355,0,0.02891877191410577,0,1283.2630769387285,77.150932048113
4,384,9408.613849094138,0.28882176520411806,0,0.0736507410337913,0,1283.2630769387285,77.10909803865967
4,384.1,9400.905029239133,0.2886288391652375,0,0.1416209203350325,0,1283.2630769387285,77.06729944609754
4,384.20000000000005,9393.200387401506,0.2884361123758995,0,0.09482538697130904,0,1283.2630769387285,77.0255376937111
4,384.3,9385.499919827096,0.28824358951540174,0,0.0874854554805905,0,1283.2630769387285,76.98381416403174
4,384.40000000000003,9377.803622630425,0.28805127512837775,0,0.06673166124876805,0,1283.2630769387285,76.94213019971585
4,384.5,9370.111491785385,0.2878591736275909,0,0.05781029490034156,0,1283.2630769387285,76.9004871044074
4,384.6,9362.423523142934,0.28766728929679575,0,0.030118240057102966,0,1283.2630769387285,76.85888614358262
4,384.70000000000005,9354.739712426439,0.28747562629345,0,0.08793746546300435,0,1283.2630769387285,76.81732854538069
4,384.8,9347.060055244714,0.28728418865145505,0,0.17822104396229668,0,1283.2630769387285,76.77581550141774
4,384.90000000000003,9339.38454708457,0.2870929802837554,0,0.19488941451857972,0,1283.2630769387285,76.73434816758679
4,385,9331.713183309883,0.28690200498491325,0,0.10521230803651949,0,1283.2630769387285,76.69292766484067
4,385.1,9324.045959192328,0.28671126643378125,0,0.08105317691586228,0,1283.2630769387285,76.65155507995982
4,385.20000000000005,9316.382869885303,0.28652076819587524,0,0.07039424696952505,0,1283.2630769387285,76.61023146630909
4,385.3,9308.723910438828,0.286330513725878,0,0.13566873360548234,0,1283.2630769387285,76.56895784457599
4,385.40000000000003,9301.069075806066,0.2861405063700622,0,0.17557009518702177,0,1283.2630769387285,76.52773520349642
4,385.5,9293.418360839598,0.28595074936862364,0,0.13051046629565383,0,1283.2630769387285,76.48656450056697
4,385.6,9285.771760302596,0.28576124585803453,0,0.13802066080197156,0,1283.2630769387285,76.44544666274255
4,385.70000000000005,9278.129268859513,0.28557199887326234,0,0.10662625469979096,0,1283.2630769387285,76.40438258712155
4,385.8,9270.490881091915,0.28538301135005656,0,0.10126951823048577,0,1283.2630769387285,76.3633731416161
4,385.90000000000003,9262.856591497548,0.2851942861271209,0,0.04972694224318922,0,1283.2630769387285,76.32241916561124
4,386,9255.226394485682,0.28500582594822593,0,0.08294768635904468,0,1283.2630769387285,76.2815214706105
4,386.1,9247.60028438922,0.28481763346435335,0,0.16953116887510938,0,1283.2630769387285,76.240680840868
4,386.20000000000005,9239.978255466558,0.28462971123575825,0,0.16036585036013454,0,1283.2630769387285,76.19989803400941
4,386.3,9232.360301895998,0.28444206173395664,0,0.07192411890019555,0,1283.2630769387285,76.15917378164067
4,386.40000000000003,9224.746417785995,0.28425468734374293,0,0.07687930610844607,0,1283.2630769387285,76.11850878994365
4,386.5,9217.136597179808,0.2840675903651474,0,0.0991300811406816,0,1283.2630769387285,76.07790374026082
4,386.6,9209.530834046192,0.283880773015293,0,0.16230283423609893,0,1283.2630769387285,76.03735928966924
4,386.70000000000005,9201.929122297093,0.2836942374303329,0,0.21018310499371481,0,1283.2630769387285,75.99687607154087
4,386.8,9194.331455779262,0.28350798566724034,0,0.17879971935397213,0,1283.2630769387285,75.95645469609445
4,386.90000000000003,9186.737828277983,0.28332201970561266,0,0.17541726485554182,0,1283.2630769387285,75.91609575093452
4,387,9179.148233519867,0.28313634144943667,0,0.15713117392557788,0,1283.2630769387285,75.87579980158006
4,387.1,9171.562665180303,0.2829509527288412,0,0.1386674591242767,0,1283.2630769387285,75.83556739198264
4,387.20000000000005,9163.981116877869,0.2827658553017588,0,0.1171714575385913,0,1283.2630769387285,75.79539904503469
4,387.3,9156.403582182713,0.2825810508556141,0,0.11562633058973283,0,1283.2630769387285,75.75529526306673
4,387.40000000000003,9148.830054610968,0.28239654100891887,0,0.14746663943345661,0,1283.2630769387285,75.71525652833536
4,387.5,9141.260527635925,0.2822123273129078,0,0.12831520461598564,0,1283.2630769387285,75.67528330350025
4,387.6,9133.694994686171,0.2820284112530873,0,0.16125294962344155,0,1283.2630769387285,75.63537603209282
4,387.70000000000005,9126.133449147455,0.2818447942507691,0,0.07070868100396681,0,1283.2630769387285,75.59553513897487
4,387.8,9118.57588436082,0.28166147766455607,0,0.05397357512673091,0,1283.2630769387285,75.55576103078775
4,387.90000000000003,9111.022293622606,0.281478462791805,0,0.086709260746704,0,1283.2630769387285,75.51605409639211
4,388,9103.472670203075,0.2812957508701431,0,0.1725683489564291,0,1283.2630769387285,75.47641470729806
4,388.1,9095.927007324994,0.281113343078783,0,0.14026129795254696,0,1283.2630769387285,75.43684321808905
4,388.20000000000005,9088.385298186913,0.28093124054000074,0,0.10931415664407447,0,1283.2630769387285,75.39733996683387
4,388.3,9080.847535943612,0.28074944432040105,0,0.12757803171443743,0,1283.2630769387285,75.35790527549293
4,388.40000000000003,9073.313713724725,0.28056795543231994,0,0.10534516474483188,0,1283.2630769387285,75.3185394503133
4,388.5,9065.783824632876,0.2803867748351142,0,0.05753629787312024,0,1283.2630769387285,75.27924278221816
4,388.6,9058.2578617353,0.2802059034363949,0,0.05464051386532425,0,1283.2630769387285,75.24001554718723
4,388.70000000000005,9050.735818076879,0.2800253420933252,0,0.1307523100155496,0,1283.2630769387285,75.20085800662825
4,388.8,9043.217686675489,0.27984509161382104,0,0.11694470394126422,0,1283.2630769387285,75.16177040774238
4,388.90000000000003,9035.70346052479,0.27966515275775505,0,0.1727310773814084,0,1283.2630769387285,75.12275298388064
4,389,9028.193132598884,0.2794855262381461,0,0.09525706360770135,0,1283.2630769387285,75.08380595489346
4,389.1,9020.686695842072,0.27930621272225986,0,0.03113052061806842,0,1283.2630769387285,75.04492952747334
4,389.20000000000005,9013.184143191203,0.27912721283282566,0,0.05622484074804179,0,1283.2630769387285,75.00612389548843
4,389.3,9005.685467553325,0.27894852714904017,0,0.13842898353846306,0,1283.2630769387285,74.96738924031212
4,389.40000000000003,8998.190661824308,0.2787701562077212,0,0.11761298272569755,0,1283.2630769387285,74.92872573114244
4,389.5,8990.69971888233,0.27859210050433364,0,0.10393238332560088,0,1283.2630769387285,74.89013352531693
4,389.6,8983.212631586008,0.2784143604940121,0,0.13328169200030623,0,1283.2630769387285,74.85161276861983
4,389.70000000000005,8975.72939278651,0.278236936592622,0,0.11824273578606086,0,1283.2630769387285,74.81316359558224
4,389.8,8968.249995318241,0.27805982917770944,0,0.06467036556147346,0,1283.2630769387285,74.77478612977738
4,389.90000000000003,8960.774432007223,0.2778830385895051,0,0.040217305691739556,0,1283.2630769387285,74.73648048410821
4,390,8953.302695665509,0.27770656513184705,0,0.09586251482318699,0,1283.2630769387285,74.69824676108951
4,390.1,8945.834779094905,0.2775304090731248,0,0.10516527202587246,0,1283.2630769387285,74.66008505312341
4,390.20000000000005,8938.3706750907,0.27735457064720254,0,0.1652500244322206,0,1283.2630769387285,74.62199544276893
4,390.3,8930.910376436077,0.2771790500542842,0,0.07692354529058218,0,1283.2630769387285,74.58397800300641
4,390.40000000000003,8923.453875914216,0.2770038474618359,0,0.05217406874068445,0,1283.2630769387285,74.54603279749496
4,390.5,8916.001166298985,0.27682896300539794,0,0.06049201106345088,0,1283.2630769387285,74.50815988082599
4,390.6,8908.552240356803,0.2766543967894258,0,0.12565926256172502,0,1283.2630769387285,74.47035929876981
4,390.70000000000005,8901.107090855949,0.27648014888814576,0,0.11954723483151183,0,1283.2630769387285,74.43263108851698
4,390.8,8893.665710558183,0.2763062193463185,0,0.15685065638838575,0,1283.2630769387285,74.39497527891545
4,390.90000000000003,8886.22809221968,0.2761326081800224,0,0.15582404001508673,0,1283.2630769387285,74.35739189070102
4,391,8878.794228596613,0.275959315377442,0,0.14775849813110425,0,1283.2630769387285,74.31988093672328
4,391.1,8871.364112448879,0.2757863408996323,0,0.13754548893115312,0,1283.2630769387285,74.28244242216651
4,391.20000000000005,8863.937736528926,0.27561368468120334,0,0.07656956587807141,0,1283.2630769387285,74.24507634476662
4,391.3,8856.51509359572,0.27544134663109493,0,0.0884752788605239,0,1283.2630769387285,74.20778269502134
4,391.40000000000003,8849.0961764073,0.27526932663324616,0,0.038652043659008435,0,1283.2630769387285,74.17056145639758
4,391.5,8841.680977723561,0.2750976245472924,0,0.11604014428364703,0,1283.2630769387285,74.13341260553324
4,391.6,8834.269490304403,0.2749262402092268,0,0.07260281770791557,0,1283.2630769387285,74.09633611243429
4,391.70000000000005,8826.86170692183,0.274755173432108,0,0.07353447667340716,0,1283.2630769387285,74.05933194066759
4,391.8,8819.45762034133,0.274584424006624,0,0.10532154093217914,0,1283.2630769387285,74.02240004755068
4,391.90000000000003,8812.057223337702,0.2744139917017834,0,0.16413612272032274,0,1283.2630769387285,73.9855403843345
4,392,8804.660508691333,0.27424387626551516,0,0.18227099628216728,0,1283.2630769387285,73.94875289638449
4,392.1,8797.267469190992,0.27407407742528067,0,0.22231102273287834,0,1283.2630769387285,73.91203752335636
4,392.20000000000005,8789.878097622655,0.2739045948886123,0,0.22558744788929305,0,1283.2630769387285,73.87539419936864
4,392.3,8782.492386789061,0.273735428343769,0,0.21835021503546287,0,1283.2630769387285,73.83882285316955
4,392.40000000000003,8775.110329495743,0.27356657746024043,0,0.1984770079508862,0,1283.2630769387285,73.80232340830253
4,392.5,8767.731918555684,0.2733980418893134,0,0.13992453422304849,0,1283.2630769387285,73.76589578326598
4,392.6,8760.357146790251,0.2732298212646118,0,0.09846382781442571,0,1283.2630769387285,73.72953989167004
4,392.70000000000005,8752.986007034779,0.27306191520264583,0,0.06261873944118987,0,1283.2630769387285,73.6932556423897
4,392.8,8745.61849212367,0.2728943233032607,0,0.10249619963838111,0,1283.2630769387285,73.65704293971488
4,392.90000000000003,8738.254594911821,0.27272704515022694,0,0.14804530396057272,0,1283.2630769387285,73.6209016834953
4,393,8730.894308256917,0.27256008031165735,0,0.11114669695182113,0,1283.2630769387285,73.58483176928435
4,393.1,8723.537625032477,0.2723934283405391,0,0.07651936950118297,0,1283.2630769387285,73.54883308847756
4,393.20000000000005,8716.18453811761,0.27222708877515883,0,0.07131051822893629,0,1283.2630769387285,73.51290552844922
4,393.3,8708.835040408187,0.2720610611396061,0,0.12658738310070247,0,1283.2630769387285,73.47704897268447
4,393.40000000000003,8701.489124811254,0.27189534494419787,0,0.17576635278879263,0,1283.2630769387285,73.44126330090971
4,393.5,8694.1467842469,0.27172993968592263,0,0.2065427631699,0,1283.2630769387285,73.40554838921898
4,393.6,8686.808011639863,0.27156484484883064,0,0.20622343954866426,0,1283.2630769387285,73.36990411019777
4,393.70000000000005,8679.472799935378,0.27140005990451643,0,0.16896500115370658,0,1283.2630769387285,73.33433033304246
4,393.8,8672.141142093576,0.27123558431250355,0,0.12534310727380116,0,1283.2630769387285,73.29882692367914
4,393.90000000000003,8664.813031078316,0.2710714175205958,0,0.054903409590544704,0,1283.2630769387285,73.26339374487871
4,394,8657.488459874876,0.27090755896533675,0,0.08742787578646144,0,1283.2630769387285,73.22803065636755
4,394.1,8650.167421486229,0.2707440080723771,0,0.1371571160530671,0,1283.2630769387285,73.1927375149381
4,394.20000000000005,8642.849908919074,0.2705807642567856,0,0.20208904681739073,0,1283.2630769387285,73.15751417455596
4,394.3,8635.535915205255,0.2704178269234992,0,0.13627997039764955,0,1283.2630769387285,73.12236048646258
4,394.40000000000003,8628.225433384068,0.27025519546760407,0,0.08524036099956851,0,1283.2630769387285,73.08727629927829
4,394.5,8620.918456515297,0.27009286927473386,0,0.08173198937283269,0,1283.2630769387285,73.0522614591003
4,394.6,8613.614977670833,0.2699308477213727,0,0.13833746377958944,0,1283.2630769387285,73.0173158096001
4,394.70000000000005,8606.31498993747,0.2697691301751945,0,0.19779664441835584,0,1283.2630769387285,72.9824391921173
4,394.8,8599.018486422487,0.2696077159954078,0,0.22235680179711692,0,1283.2630769387285,72.94763144575134
4,394.90000000000003,8591.725460248068,0.2694466045330469,0,0.2245039877171231,0,1283.2630769387285,72.91289240745171
4,395,8584.435904551297,0.26928579513127754,0,0.19385152809221837,0,1283.2630769387285,72.87822191210518
4,395.1,8577.149812485091,0.2691252871256988,0,0.14715108057045587,0,1283.2630769387285,72.84361979262083
4,395.20000000000005,8569.867177220993,0.26896507984464596,0,0.07129914177391812,0,1283.2630769387285,72.80908588001297
4,395.3,8562.587991944514,0.2688051726094559,0,0.11416968938948419,0,1283.2630769387285,72.7746200034822
4,395.40000000000003,8555.31224986352,0.26864556473477896,0,0.15923127568397255,0,1283.2630769387285,72.74022199049402
4,395.5,8548.039944197983,0.2684862555288089,0,0.21107138933501304,0,1283.2630769387285,72.70589166685637
4,395.6,8540.771068191156,0.26832724429359134,0,0.160126286995343,0,1283.2630769387285,72.67162885679376
4,395.70000000000005,8533.505615099333,0.2681685303252413,0,0.12122403690609251,0,1283.2630769387285,72.63743338302108
4,395.8,8526.24357819464,0.26801011291420407,0,0.09764920430914836,0,1283.2630769387285,72.60330506681402
4,395.90000000000003,8518.984950772487,0.2678519913455311,0,0.11611843034707742,0,1283.2630769387285,72.56924372807812
4,396,8511.729726146907,0.26769416489910236,0,0.14349933833387088,0,1283.2630769387285,72.53524918541683
4,396.1,8504.477897644974,0.26753663284983503,0,0.18137168737308093,0,1283.2630769387285,72.50132125619736
4,396.20000000000005,8497.229458611459,0.2673793944679294,0,0.19153087655714757,0,1283.2630769387285,72.46745975661383
4,396.3,8489.984402415343,0.26722244901911724,0,0.15882960352846545,0,1283.2630769387285,72.43366450174955
4,396.40000000000003,8482.742722442374,0.2670657957648497,0,0.15829182858102692,0,1283.2630769387285,72.3999353056384
4,396.5,8475.504412096925,0.2669094339625143,0,0.14385241656648656,0,1283.2630769387285,72.36627198132352
4,396.6,8468.269464801066,0.2667533628656369,0,0.050116473922159614,0,1283.2630769387285,72.33267434091474
4,396.70000000000005,8461.037873991765,0.26659758172406933,0,0.07734118977834831,0,1283.2630769387285,72.29914219564435
4,396.8,8453.809633133933,0.2664420897842385,0,0.1094542478223361,0,1283.2630769387285,72.26567535592105
4,396.90000000000003,8446.584735702723,0.2662868862892647,0,0.11487728816700433,0,1283.2630769387285,72.23227363138379
4,397,8439.363175198436,0.2661319704792069,0,0.13011360847004458,0,1283.2630769387285,72.19893683095223
4,397.1,8432.144945137203,0.265977341591206,0,0.13873854049493,0,1283.2630769387285,72.1656647628777
4,397.20000000000005,8424.930039057508,0.2658229988596869,0,0.22065792902774953,0,1283.2630769387285,72.13245723479106
4,397.3,8417.718450509943,0.2656689415164877,0,0.2172451542520748,0,1283.2630769387285,72.09931405375089
4,397.40000000000003,8410.510173074901,0.2655151687910979,0,0.21143259851581675,0,1283.2630769387285,72.06623502628815
4,397.5,8403.305200346746,0.26536167991075904,0,0.21623628967659167,0,1283.2630769387285,72.03321995845246
4,397.6,8396.10352593474,0.2652084741006237,0,0.20587499729428976,0,1283.2630769387285,72.0002686558548
4,397.70000000000005,8388.905143474229,0.2650555505839554,0,0.20133232786183541,0,1283.2630769387285,71.96738092370924
4,397.8,8381.710046617314,0.2649029085822413,0,0.20396475905875444,0,1283.2630769387285,71.93455656687469
4,397.90000000000003,8374.518229039386,0.2647505473153645,0,0.11936810969326954,0,1283.2630769387285,71.90179538989445
4,398,8367.329684429802,0.2645984660017087,0,0.05987918424364805,0,1283.2630769387285,71.86909719703534
4,398.1,8360.144406497478,0.264446663858317,0,0.021252156119680392,0,1283.2630769387285,71.83646179232474
4,398.20000000000005,8352.962388976477,0.26429514010105,0,0.12282566980628264,0,1283.2630769387285,71.80388897958684
4,398.3,8345.783625616692,0.2641438939446795,0,0.09812750673614917,0,1283.2630769387285,71.7713785624789
4,398.40000000000003,8338.608110189438,0.26399292460303747,0,0.09591525715495755,0,1283.2630769387285,71.73893034452506
4,398.5,8331.435836482793,0.2638422312891213,0,0.19824726772923426,0,1283.2630769387285,71.70654412915005
4,398.6,8324.26679830812,0.26369181321523955,0,0.1733104285528085,0,1283.2630769387285,71.67421971971105
4,398.70000000000005,8317.100989495404,0.2635416695931114,0,0.15223146793740167,0,1283.2630769387285,71.64195691952958
4,398.8,8309.9384038914,0.26339179963397125,0,0.16226064273331223,0,1283.2630769387285,71.60975553192172
4,398.90000000000003,8302.77903536614,0.2632422025487058,0,0.1560094395159854,0,1283.2630769387285,71.57761536022736
4,399,8295.622877803631,0.2630928775479238,0,0.17728766897601292,0,1283.2630769387285,71.5455362078392
4,399.1,8288.469925117679,0.26294382384212406,0,0.20176702105109787,0,1283.2630769387285,71.51351787822975
4,399.20000000000005,8281.320171234198,0.262795040641727,0,0.1030702154844881,0,1283.2630769387285,71.48156017497946
4,399.3,8274.17361009866,0.26264652715720066,0,0.07562738973246608,0,1283.2630769387285,71.4496629018017
4,399.40000000000003,8267.030235678889,0.26249828259916824,0,0.07204127611533241,0,1283.2630769387285,71.41782586256804
4,399.5,8259.890041962266,0.26235030617849037,0,0.1279004015647351,0,1283.2630769387285,71.3860488613329
4,399.6,8252.753022951074,0.262202597106335,0,0.058597568276792654,0,1283.2630769387285,71.35433170235711
4,399.70000000000005,8245.619172672741,0.26205515459430634,0,0.09910247205724229,0,1283.2630769387285,71.32267419013033
4,399.8,8238.488485176116,0.2619079778545158,0,0.17325124542669626,0,1283.2630769387285,71.2910761293935
4,399.90000000000003,8231.360954522155,0.2617610660996266,0,0.14241747565666577,0,1283.2630769387285,71.25953732516078
4,400,8224.23657479696,0.26161441854298456,0,0.15205032620589193,0,1283.2630769387285,71.22805758273901
4,400.1,8217.115340100601,0.2614680343986511,0,0.1494174283039898,0,1283.2630769387285,71.19663670774847
4,400.20000000000005,8209.997244559228,0.26132191288152634,0,0.15778559346907522,0,1283.2630769387285,71.16527450614139
4,400.3,8202.88228231296,0.2611760532073747,0,0.1605578853722559,0,1283.2630769387285,71.13397078422152
4,400.40000000000003,8195.770447525196,0.26103045459293106,0,0.18904764263084206,0,1283.2630769387285,71.10272534866128
4,400.5,8188.661734375171,0.2608851162559401,0,0.10221656192899506,0,1283.2630769387285,71.07153800651969
4,400.6,8181.5561370663345,0.2607400374152555,0,0.04970368993019853,0,1283.2630769387285,71.04040856525857
4,400.70000000000005,8174.453649815172,0.2605952172908595,0,0.04807449585177505,0,1283.2630769387285,71.00933683275935
4,400.8,8167.354266860522,0.26045065510396176,0,0.12056964718616174,0,1283.2630769387285,70.97832261733782
4,400.90000000000003,8160.257982461713,0.2603063500770514,0,0.04601556165326227,0,1283.2630769387285,70.94736572775952
4,401,8153.164790894836,0.2601623014339412,0,0.10145583522780126,0,1283.2630769387285,70.91646597325426
4,401.1,8146.074686456472,0.2600185083998376,0,0.17507605387226965,0,1283.2630769387285,70.88562316352971
4,401.20000000000005,8138.987663460895,0.2598749702013844,0,0.15610900932895397,0,1283.2630769387285,70.85483710878512
4,401.3,8131.9037162410095,0.259731686066718,0,0.16982588595356635,0,1283.2630769387285,70.82410761972376
4,401.40000000000003,8124.822839151137,0.2595886552255298,0,0.1743504185690723,0,1283.2630769387285,70.79343450756535
4,401.5,8117.7450265670195,0.25944587690911575,0,0.17967854625803864,0,1283.2630769387285,70.76281758405823
4,401.6,8110.670272872783,0.25930335035037144,0,0.18800621794468172,0,1283.2630769387285,70.73225666149102
4,401.70000000000005,8103.59857247863,0.2591610747839059,0,0.20800306454864034,0,1283.2630769387285,70.70175155270232
4,401.8,8096.529919817112,0.2590190494460728,0,0.12352990410536667,0,1283.2630769387285,70.67130207109199
4,401.90000000000003,8089.464309332892,0.25887727357497325,0,0.09788421287830198,0,1283.2630769387285,70.64090803063169
4,402,8082.401735487394,0.25873574641051256,0,0.070931680267691,0,1283.2630769387285,70.61056924587375
4,402.1,8075.342192765325,0.25859446719446566,0,0.06669846995988932,0,1283.2630769387285,70.58028553196002
4,402.20000000000005,8068.285675670952,0.25845343517050173,0,0.14600839240574748,0,1283.2630769387285,70.55005670463132
4,402.3,8061.232178725302,0.2583126495842099,0,0.08882459558363814,0,1283.2630769387285,70.519882580236
4,402.40000000000003,8054.18169646617,0.2581721096831331,0,0.14557599312689543,0,1283.2630769387285,70.48976297573755
4,402.5,8047.134223449044,0.2580318147168062,0,0.1046456140476918,0,1283.2630769387285,70.45969770872235
4,402.6,8040.089754251763,0.257891763936806,0,0.07468614121744507,0,1283.2630769387285,70.42968659740664
4,402.70000000000005,8033.048283468001,0.2577519565967587,0,0.11081753904158821,0,1283.2630769387285,70.39972946064408
4,402.8,8026.009805708192,0.25761239195237157,0,0.10866556633561048,0,1283.2630769387285,70.36982611793194
4,402.90000000000003,8018.97431560047,0.2574730692614657,0,0.1055300205146038,0,1283.2630769387285,70.3399763894172
4,403,8011.941807795316,0.2573339877840222,0,0.1315968394984897,0,1283.2630769387285,70.31018009590254
4,403.1,8004.912276957184,0.2571951467821764,0,0.06607300825531029,0,1283.2630769387285,70.28043705885239
4,403.20000000000005,7997.885717767291,0.2570565455202525,0,0.027857829001478665,0,1283.2630769387285,70.25074710039763
4,403.3,7990.862124928273,0.2569181832648067,0,0.0701370006779452,0,1283.2630769387285,70.22111004334074
4,403.40000000000003,7983.84149315767,0.25678005928462516,0,0.12909009187210846,0,1283.2630769387285,70.19152571116072
4,403.5,7976.8238171944395,0.2566421728507714,0,0.18731309078605576,0,1283.2630769387285,70.16199392801722
4,403.6,7969.809091789648,0.2565045232365708,0,0.11479836845357684,0,1283.2630769387285,70.13251451875517
4,403.70000000000005,7962.797311717644,0.2563671097176745,0,0.11574622927715483,0,1283.2630769387285,70.10308730890806
4,403.8,7955.788471763954,0.2562299315720312,0,0.06632215325251747,0,1283.2630769387285,70.07371212470208
4,403.90000000000003,7948.782566736452,0.25609298807994824,0,0.044516428582667765,0,1283.2630769387285,70.04438879305896
4,404,7941.779591456987,0.25595627852407693,0,0.09316098653417089,0,1283.2630769387285,70.01511714159949
4,404.1,7934.779540767893,0.25581980218945416,0,0.09291953971564962,0,1283.2630769387285,69.98589699864615
4,404.20000000000005,7927.782409524545,0.2556835583634889,0,0.08027758124685397,0,1283.2630769387285,69.95672819322613
4,404.3,7920.7881926056,0.2555475463360166,0,0.10004000556744098,0,1283.2630769387285,69.92761055507322
4,404.40000000000003,7913.79688490089,0.25541176539926713,0,0.043762553039474704,0,1283.2630769387285,69.8985439146308
4,404.5,7906.808481318876,0.25527621484790475,0,0.06581351037219187,0,1283.2630769387285,69.86952810305317
4,404.6,7899.822976785712,0.25514089397903805,0,0.10191064681283389,0,1283.2630769387285,69.8405629522075
4,404.70000000000005,7892.840366241522,0.25500580209221646,0,0.1341417162093189,0,1283.2630769387285,69.81164829467554
4,404.8,7885.860644645058,0.2548709384894589,0,0.18787228792040245,0,1283.2630769387285,69.78278396375471
4,404.90000000000003,7878.883806972764,0.2547363024752605,0,0.09714084967163121,0,1283.2630769387285,69.75396979345955
4,405,7871.909848222509,0.25460189335661776,0,0.09566400176657462,0,1283.2630769387285,69.72520561852284
4,405.1,7864.9387633940205,0.25446771044296085,0,0.052204062526229784,0,1283.2630769387285,69.69649127439716
4,405.20000000000005,7857.97054751683,0.2543337530462673,0,0.11586871832672672,0,1283.2630769387285,69.66782659725368
4,405.3,7851.005195636302,0.25420002048101914,0,0.11138083837578985,0,1283.2630769387285,69.63921142398435
4,405.40000000000003,7844.042702801526,0.2540665120641612,0,0.11909874236417793,0,1283.2630769387285,69.61064559220222
4,405.5,7837.083064095117,0.25393322711522137,0,0.14194730298319114,0,1283.2630769387285,69.58212894024018
4,405.6,7830.126274602488,0.25380016495619995,0,0.11946279177645172,0,1283.2630769387285,69.55366130715299
4,405.70000000000005,7823.172329428606,0.2536673249116373,0,0.11583290217571654,0,1283.2630769387285,69.52524253271578
4,405.8,7816.221223697998,0.2535347063086186,0,0.09513765321525533,0,1283.2630769387285,69.49687245742402
4,405.90000000000003,7809.272952546366,0.2534023084767467,0,0.11301589182121682,0,1283.2630769387285,69.46855092249379
4,406,7802.327511129901,0.25327013074818044,0,0.14048945402962199,0,1283.2630769387285,69.44027776986064
4,406.1,7795.384894616902,0.25313817245760617,0,0.15967967638819797,0,1283.2630769387285,69.41205284217949
4,406.20000000000005,7788.445098192431,0.253006432942257,0,0.0665172332661059,0,1283.2630769387285,69.38387598282355
4,406.3,7781.508117059246,0.2528749115419195,0,0.09238723393956347,0,1283.2630769387285,69.35574703588351
4,406.40000000000003,7774.573946434073,0.2527436075989206,0,0.10349265347997465,0,1283.2630769387285,69.32766584616687
4,406.5,7767.642581545748,0.25261252045812127,0,0.1691529112960985,0,1283.2630769387285,69.29963225919666
4,406.6,7760.714017645456,0.25248164946695584,0,0.1755846094976198,0,1283.2630769387285,69.27164612120973
4,406.70000000000005,7753.7882499899715,0.25235099397536914,0,0.1835637997734175,0,1283.2630769387285,69.24370727915655
4,406.8,7746.865273866802,0.25222055333591176,0,0.19092106818376622,0,1283.2630769387285,69.2158155806984
4,406.90000000000003,7739.945084561594,0.2520903269036166,0,0.1615049750637506,0,1283.2630769387285,69.1879708742079
4,407,7733.0276773851365,0.25196031403609787,0,0.1635092384477403,0,1283.2630769387285,69.16017300876527
4,407.1,7726.113047660328,0.2518305140935026,0,0.15841386943831562,0,1283.2630769387285,69.13242183415798
4,407.20000000000005,7719.201190726832,0.25170092643852576,0,0.1604122143864633,0,1283.2630769387285,69.1047172008785
4,407.3,7712.292101936415,0.25157155043639085,0,0.1484790159686621,0,1283.2630769387285,69.0770589601229
4,407.40000000000003,7705.38577665668,0.2514423854548609,0,0.14449971041968662,0,1283.2630769387285,69.04944696378837
4,407.5,7698.482210273854,0.2513134308642474,0,0.16222912431973222,0,1283.2630769387285,69.02188106447144
4,407.6,7691.581398182549,0.2511846860373681,0,0.07523075787135793,0,1283.2630769387285,68.99436111546642
4,407.70000000000005,7684.683335794136,0.2510561503495749,0,0.07232581069028274,0,1283.2630769387285,68.96688697076252
4,407.8,7677.788018539548,0.2509278231787612,0,0.12438597673217103,0,1283.2630769387285,68.93945848504174
4,407.90000000000003,7670.895441859029,0.25079970390532047,0,0.15070168636655065,0,1283.2630769387285,68.91207551367744
4,408,7664.005601205863,0.2506717919121541,0,0.1555490404345754,0,1283.2630769387285,68.8847379127312
4,408.1,7657.118492049165,0.25054408658467814,0,0.13238849077368992,0,1283.2630769387285,68.85744553895047
4,408.20000000000005,7650.234109877609,0.2504165873108329,0,0.1065269702344969,0,1283.2630769387285,68.83019824976606
4,408.3,7643.352450187318,0.25028929348103307,0,0.13155763827631384,0,1283.2630769387285,68.80299590329041
4,408.40000000000003,7636.4735084930435,0.25016220448820414,0,0.17381467821197905,0,1283.2630769387285,68.77583835831425
4,408.5,7629.59728031978,0.25003531972774473,0,0.18394790306544379,0,1283.2630769387285,68.74872547430442
4,408.6,7622.723761208355,0.2499086385975429,0,0.19900561070038855,0,1283.2630769387285,68.72165711140099
4,408.70000000000005,7615.852946711704,0.24978216049795512,0,0.1849988791962598,0,1283.2630769387285,68.69463313041452
4,408.8,7608.98483240325,0.24965588483183299,0,0.20231944416104047,0,1283.2630769387285,68.6676533928232
4,408.90000000000003,7602.119413862936,0.24952981100446478,0,0.12597710587776462,0,1283.2630769387285,68.64071776077098
4,409,7595.2566866874695,0.24940393842360611,0,0.11456499258731717,0,1283.2630769387285,68.61382609706375
4,409.1,7588.396646490321,0.24927826649947477,0,0.15878589833219303,0,1283.2630769387285,68.5869782651668
4,409.20000000000005,7581.539288887754,0.24915279464469006,0,0.1695609903944424,0,1283.2630769387285,68.56017412920248
4,409.3,7574.684609520249,0.24902752227434605,0,0.17184350117217995,0,1283.2630769387285,68.53341355394583
4,409.40000000000003,7567.832604040392,0.2489024488059605,0,0.15041403558600772,0,1283.2630769387285,68.506696404823
4,409.5,7560.983268111944,0.24877757365946393,0,0.11337031803663518,0,1283.2630769387285,68.48002254790796
4,409.6,7554.136597410776,0.24865289625719494,0,0.0888540914719825,0,1283.2630769387285,68.45339184991946
4,409.70000000000005,7547.292587628588,0.24852841602390643,0,0.08449319899788321,0,1283.2630769387285,68.42680417821757
4,409.8,7540.451234465465,0.24840413238672993,0,0.06744285432577983,0,1283.2630769387285,68.40025940080113
4,409.90000000000003,7533.61253364291,0.24828004477521698,0,0.08989120203712196,0,1283.2630769387285,68.373757386304
4,410,7526.7764808908105,0.2481561526212829,0,0.09463574741584853,0,1283.2630769387285,68.34729800399298
4,410.1,7519.943071953952,0.24803245535922291,0,0.1537091578822631,0,1283.2630769387285,68.32088112376394
4,410.20000000000005,7513.112302583642,0.24790895242567176,0,0.10931206733533887,0,1283.2630769387285,68.2945066161392
4,410.3,7506.284168553539,0.24778564325965458,0,0.005953783288810889,0,1283.2630769387285,68.26817435226334
4,410.40000000000003,7499.458665642887,0.24766252730251648,0,0.06936644128340551,0,1283.2630769387285,68.24188420390128
4,410.5,7492.63578964863,0.24753960399795877,0,0.12241834775095217,0,1283.2630769387285,68.2156360434341
4,410.6,7485.8155363779515,0.2474168727920036,0,0.14795377553742392,0,1283.2630769387285,68.18942974385659
4,410.70000000000005,7478.997901648283,0.24729433313298338,0,0.13538772325729498,0,1283.2630769387285,68.16326517877356
4,410.8,7472.182881295681,0.2471719844715644,0,0.15964914703852867,0,1283.2630769387285,68.13714222239649
4,410.90000000000003,7465.370471163653,0.24704982626069621,0,0.1807781182318012,0,1283.2630769387285,68.11106074954078
4,411,7458.56066711247,0.24692785795563732,0,0.11079518920761312,0,1283.2630769387285,68.08502063562213
4,411.1,7451.753465007991,0.24680607901390478,0,0.07933647361368161,0,1283.2630769387285,68.0590217566536
4,411.20000000000005,7444.948860740289,0.24668448889533348,0,0.02537760433072826,0,1283.2630769387285,68.03306398924167
4,411.3,7438.146850197576,0.24656308706197164,0,0.09509704364638825,0,1283.2630769387285,68.00714721058425
4,411.40000000000003,7431.3474292894825,0.246441872978156,0,0.15376526557745188,0,1283.2630769387285,67.98127129846581
4,411.5,7424.5505939386785,0.24632084611047333,0,0.13800344067698694,0,1283.2630769387285,67.95543613125523
4,411.6,7417.756340068765,0.24620000592770505,0,0.11237437969375556,0,1283.2630769387285,67.92964158790242
4,411.70000000000005,7410.964663628489,0.24607935190090655,0,0.12365438370042858,0,1283.2630769387285,67.90388754793398
4,411.8,7404.175560572185,0.24595888350332804,0,0.14482114885212508,0,1283.2630769387285,67.87817389145125
4,411.90000000000003,7397.38902687002,0.2458386002104413,0,0.1738115202996291,0,1283.2630769387285,67.85250049912635
4,412,7390.605058502406,0.24571850149991045,0,0.19118792891250586,0,1283.2630769387285,67.8268672521993
4,412.1,7383.823651455343,0.2455985868515641,0,0.21018666124293495,0,1283.2630769387285,67.80127403247461
4,412.20000000000005,7377.044801734388,0.24547885574743697,0,0.2404720205027051,0,1283.2630769387285,67.77572072231726
4,412.3,7370.268505357206,0.24535930767173397,0,0.18579017258271327,0,1283.2630769387285,67.75020720465014
4,412.40000000000003,7363.494758344255,0.24523994211078615,0,0.14067656178706084,0,1283.2630769387285,67.72473336295117
4,412.5,7356.723556739278,0.2451207585531153,0,0.0953598488595859,0,1283.2630769387285,67.6992990812487
4,412.6,7349.954896592535,0.2450017564893644,0,0.09425536776174538,0,1283.2630769387285,67.67390424411965
4,412.70000000000005,7343.188773961738,0.2448829354122905,0,0.13086800280983263,0,1283.2630769387285,67.64854873668585
4,412.8,7336.4251849185675,0.24476429481677733,0,0.19684452332546207,0,1283.2630769387285,67.62323244460998
4,412.90000000000003,7329.664125552401,0.2446458341998414,0,0.12448379108355917,0,1283.2630769387285,67.59795525409295
4,413,7322.905591951683,0.2445275530605531,0,0.08440348089427645,0,1283.2630769387285,67.57271705187118
4,413.1,7316.149580231868,0.24440945090012917,0,0.0693348318787337,0,1283.2630769387285,67.54751772521196
4,413.20000000000005,7309.396086505614,0.24429152722181524,0,0.10766997185124806,0,1283.2630769387285,67.52235716191217
4,413.3,7302.645106902346,0.24417378153094477,0,0.12840802766885587,0,1283.2630769387285,67.49723525029322
4,413.40000000000003,7295.896637562662,0.24405621333491087,0,0.1713740739858902,0,1283.2630769387285,67.4721518791987
4,413.5,7289.150674637407,0.2439388221431526,0,0.2175808750479475,0,1283.2630769387285,67.44710693799112
4,413.6,7282.407214289531,0.24382160746715176,0,0.1481789384225181,0,1283.2630769387285,67.42210031654855
4,413.70000000000005,7275.666252696887,0.24370456882043423,0,0.1163206063050444,0,1283.2630769387285,67.39713190526163
4,413.8,7268.9277860391885,0.24358770571851227,0,0.07449070842667066,0,1283.2630769387285,67.37220159503079
4,413.90000000000003,7262.191810512915,0.24347101767892806,0,0.07467072758300168,0,1283.2630769387285,67.34730927726218
4,414,7255.458322325721,0.24335450422122448,0,0.12347131909406446,0,1283.2630769387285,67.3224548438651
4,414.1,7248.727317689918,0.24323816486691108,0,0.22242227027422268,0,1283.2630769387285,67.29763818724888
4,414.20000000000005,7241.998792839237,0.2431219991395157,0,0.10526760683053853,0,1283.2630769387285,67.27285920031917
4,414.3,7235.27274400834,0.24300600656450053,0,0.032222183139374715,0,1283.2630769387285,67.24811777647594
4,414.40000000000003,7228.549167445861,0.24289018666929885,0,0.08342369516557221,0,1283.2630769387285,67.22341380960933
4,414.5,7221.828059411608,0.24277453898329565,0,0.09202867232447404,0,1283.2630769387285,67.19874719409698
4,414.6,7215.109416176565,0.24265906303781826,0,0.12808025064452191,0,1283.2630769387285,67.17411782480104
4,414.70000000000005,7208.393234022893,0.2425437583661264,0,0.1474063057112513,0,1283.2630769387285,67.14952559706504
4,414.8,7201.679509240203,0.2424286245033896,0,0.19722920860855533,0,1283.2630769387285,67.12497040671104
4,414.90000000000003,7194.968238130212,0.2423136609866935,0,0.14118469304745243,0,1283.2630769387285,67.10045215003639
4,415,7188.259417003021,0.2421988673550167,0,0.10002614116856916,0,1283.2630769387285,67.07597072381058
4,415.1,7181.553042182699,0.2420842431492419,0,0.06034566091232869,0,1283.2630769387285,67.05152602527241
4,415.20000000000005,7174.849110003561,0.24196978791213367,0,0.07545559708700762,0,1283.2630769387285,67.02711795212713
4,415.3,7168.147616801783,0.24185550118829688,0,0.1074183429100551,0,1283.2630769387285,67.00274640254366
4,415.40000000000003,7161.448558935896,0.24174138252424193,0,0.20318133860116447,0,1283.2630769387285,66.97841127515062
4,415.5,7154.7519327662885,0.2416274314683019,0,0.0806804213297662,0,1283.2630769387285,66.9541124690347
4,415.6,7148.057734666392,0.24151364757066282,0,0.023054499803849934,0,1283.2630769387285,66.929849883737
4,415.70000000000005,7141.365961019881,0.24140003038334423,0,0.09239211846829593,0,1283.2630769387285,66.9056234192503
4,415.8,7134.676608219743,0.24128657946018692,0,0.11375923592720777,0,1283.2630769387285,66.88143297601624
4,415.90000000000003,7127.989672663622,0.24117329435682547,0,0.14358844522408973,0,1283.2630769387285,66.85727845492247
4,416,7121.30515076872,0.24106017463073307,0,0.16931478730130764,0,1283.2630769387285,66.83315975729907
4,416.1,7114.623038960621,0.24094721984117376,0,0.2103901931740763,0,1283.2630769387285,66.80907678491684
4,416.20000000000005,7107.943333667703,0.24083442954917186,0,0.15805332148437629,0,1283.2630769387285,66.78502943998441
4,416.3,7101.266031333245,0.24072180331754536,0,0.1403484541413668,0,1283.2630769387285,66.76101762514456
4,416.40000000000003,7094.591128408909,0.24060934071087411,0,0.1051932202000463,0,1283.2630769387285,66.73704124347195
4,416.5,7087.918621352874,0.24049704129548372,0,0.047342288703450766,0,1283.2630769387285,66.71310019847037
4,416.6,7081.248506641015,0.24038490463947634,0,0.06262815274662771,0,1283.2630769387285,66.68919439406953
4,416.70000000000005,7074.580780751072,0.24027293031266606,0,0.14198869381137422,0,1283.2630769387285,66.66532373462323
4,416.8,7067.915440175682,0.24016111788661554,0,0.07049118085499137,0,1283.2630769387285,66.64148812490585
4,416.90000000000003,7061.252481414005,0.24004946693459703,0,0.09715186093755572,0,1283.2630769387285,66.6176874701101
4,417,7054.591900973581,0.2399379770315903,0,0.13156390337584503,0,1283.2630769387285,66.59392167584419
4,417.1,7047.933695374988,0.23982664775429016,0,0.18066886539090354,0,1283.2630769387285,66.57019064812889
4,417.20000000000005,7041.277861144394,0.2397154786810709,0,0.1996627292562198,0,1283.2630769387285,66.54649429339544
4,417.3,7034.624394818209,0.23960446939199395,0,0.21472307782273153,0,1283.2630769387285,66.52283251848233
4,417.40000000000003,7027.973292947747,0.23949361946881634,0,0.23553005356018458,0,1283.2630769387285,66.49920523063292
4,417.5,7021.324552085251,0.23938292849493206,0,0.2123084549356504,0,1283.2630769387285,66.47561233749342
4,417.6,7014.6781687978655,0.2392723960554124,0,0.18300661415878783,0,1283.2630769387285,66.45205374710929
4,417.70000000000005,7008.034139660187,0.23916202173697146,0,0.15143018086123342,0,1283.2630769387285,66.42852936792355
4,417.8,7001.392461254261,0.23905180512795698,0,0.11796711694764302,0,1283.2630769387285,66.40503910877372
4,417.90000000000003,6994.753130171448,0.23894174581834807,0,0.05766860970634929,0,1283.2630769387285,66.38158287888945
4,418,6988.116143015213,0.2388318433997572,0,0.09219697950427858,0,1283.2630769387285,66.35816058788983
4,418.1,6981.481496395543,0.2387220974654017,0,0.09891961275486273,0,1283.2630769387285,66.33477214578126
4,418.20000000000005,6974.849186933599,0.23861250761011202,0,0.07012929162382366,0,1283.2630769387285,66.31141746295471
4,418.3,6968.2192112561315,0.23850307343030328,0,0.08515872822794208,0,1283.2630769387285,66.28809645018356
4,418.40000000000003,6961.591566001996,0.23839379452398968,0,0.1267653677917927,0,1283.2630769387285,66.26480901862071
4,418.5,6954.966247813776,0.23828467049074645,0,0.13832352203647152,0,1283.2630769387285,66.24155507979658
4,418.6,6948.343253349885,0.23817570093174442,0,0.14527456541770045,0,1283.2630769387285,66.21833454561612
4,418.70000000000005,6941.722579272464,0.23806688544969967,0,0.16373249553677105,0,1283.2630769387285,66.19514732835718
4,418.8,6935.104222254828,0.23795822364889074,0,0.149187584265893,0,1283.2630769387285,66.1719933406676
4,418.90000000000003,6928.488178980537,0.23784971513514824,0,0.1381495500052072,0,1283.2630769387285,66.14887249556313
4,419,6921.874446136877,0.2377413595158229,0,0.11921372205247108,0,1283.2630769387285,66.12578470642526
4,419.1,6915.263020426966,0.23763315639982044,0,0.07819039493435019,0,1283.2630769387285,66.1027298869983
4,419.20000000000005,6908.653898552991,0.23752510539753455,0,0.02418495827759722,0,1283.2630769387285,66.07970795138796
4,419.3,6902.047077233903,0.23741720612090034,0,0.07116611117505006,0,1283.2630769387285,66.05671881405796
4,419.40000000000003,6895.442553189583,0.2373094581833313,0,0.15024390246460415,0,1283.2630769387285,66.03376238982868
4,419.5,6888.840323156677,0.23720186119976702,0,0.11072210976699307,0,1283.2630769387285,66.01083859387417
4,419.6,6882.240383875556,0.23709441478662005,0,0.14671772403563765,0,1283.2630769387285,65.98794734172064
4,419.70000000000005,6875.642732096836,0.23698711856179036,0,0.13479062643237968,0,1283.2630769387285,65.96508854924384
4,419.8,6869.047364579514,0.23687997214465165,0,0.14219003658673318,0,1283.2630769387285,65.9422621326671
4,419.90000000000003,6862.454278090037,0.23677297515603973,0,0.170354783777101,0,1283.2630769387285,65.91946800855895
4,420,6855.863469402306,0.23666612721824543,0,0.15924025740822753,0,1283.2630769387285,65.89670609383114
4,420.1,6849.274935300462,0.2365594279550159,0,0.17148475856388076,0,1283.2630769387285,65.87397630573618
4,420.20000000000005,6842.688672573306,0.23645287699152773,0,0.1481694288576504,0,1283.2630769387285,65.85127856186554
4,420.3,6836.104678022675,0.23634647395440883,0,0.1353085807874422,0,1283.2630769387285,65.828612780147
4,420.40000000000003,6829.5229484578595,0.23624021847171192,0,0.11871531152799307,0,1283.2630769387285,65.8059788788432
4,420.5,6822.9434806918725,0.23613411017289374,0,0.04894575361325509,0,1283.2630769387285,65.78337677654949
4,420.6,6816.366271550767,0.2360281486888394,0,0.050458445945648786,0,1283.2630769387285,65.76080639219127
4,420.70000000000005,6809.7913178680465,0.235922333651837,0,0.16110758738505643,0,1283.2630769387285,65.73826764502259
4,420.8,6803.218616479076,0.2358166646955492,0,0.13933910021331114,0,1283.2630769387285,65.71576045462399
4,420.90000000000003,6796.648164235987,0.2357111414550585,0,0.18033702549661879,0,1283.2630769387285,65.69328474089977
4,421,6790.079957994632,0.23560576356681526,0,0.17423570942732525,0,1283.2630769387285,65.67084042407697
4,421.1,6783.513994620182,0.23550053066864937,0,0.1808357277631554,0,1283.2630769387285,65.64842742470297
4,421.20000000000005,6776.9502709833905,0.23539544239975035,0,0.19659331104192845,0,1283.2630769387285,65.6260456636436
4,421.3,6770.388783962466,0.2352904984006659,0,0.17848034877702804,0,1283.2630769387285,65.60369506208087
4,421.40000000000003,6763.829530450515,0.23518569831332187,0,0.19874974383709734,0,1283.2630769387285,65.58137554151122
4,421.5,6757.272507338785,0.2350810417809567,0,0.19406739547084834,0,1283.2630769387285,65.55908702374404
4,421.6,6750.71771153342,0.23497652844817218,0,0.1859363277283346,0,1283.2630769387285,65.53682943089895
4,421.70000000000005,6744.165139944293,0.23487215796088817,0,0.15496807316713043,0,1283.2630769387285,65.51460268540453
4,421.8,6737.614789490588,0.23476792996635493,0,0.10119938497762206,0,1283.2630769387285,65.49240670999609
4,421.90000000000003,6731.0666571017355,0.23466384411314964,0,0.028335925827996378,0,1283.2630769387285,65.47024142771393
4,422,6724.52073971089,0.2345599000511476,0,0.12610471838879728,0,1283.2630769387285,65.44810676190177
4,422.1,6717.977034256794,0.23445609743152007,0,0.20699247067490625,0,1283.2630769387285,65.42600263620452
4,422.20000000000005,6711.435537694953,0.2343524359067679,0,0.19404882122730435,0,1283.2630769387285,65.40392897456613
4,422.3,6704.896246979013,0.2342489151306504,0,0.17768038840583994,0,1283.2630769387285,65.38188570122892
4,422.40000000000003,6698.359159074724,0.23414553475822605,0,0.15889477226486962,0,1283.2630769387285,65.35987274073072
4,422.5,6691.824270954356,0.23404229444582705,0,0.1266107131916421,0,1283.2630769387285,65.33789001790342
4,422.6,6685.29157959763,0.233939193851056,0,0.09508006404036645,0,1283.2630769387285,65.31593745787134
4,422.70000000000005,6678.761081991717,0.2338362326327795,0,0.1365406148851233,0,1283.2630769387285,65.29401498604935
4,422.8,6672.232775132172,0.23373341045112475,0,0.17970607060741836,0,1283.2630769387285,65.27212252814114
4,422.90000000000003,6665.706656019203,0.23363072696746046,0,0.17606044689025638,0,1283.2630769387285,65.25026001013765
4,423,6659.182721668854,0.23352818184442933,0,0.17237116023836174,0,1283.2630769387285,65.22842735831497
4,423.1,6652.660969092511,0.23342577474587065,0,0.11158986698911123,0,1283.2630769387285,65.2066244992336
4,423.20000000000005,6646.141395315528,0.23332350533687796,0,0.0764458512472867,0,1283.2630769387285,65.18485135973553
4,423.3,6639.623997369781,0.23322137328376702,0,0.1470562786058667,0,1283.2630769387285,65.16310786694322
4,423.40000000000003,6633.10877229739,0.2331193782540837,0,0.19479663176576273,0,1283.2630769387285,65.14139394825789
4,423.5,6626.595717139542,0.23301751991655795,0,0.14238788242936828,0,1283.2630769387285,65.11970953135815
4,423.6,6620.084828952327,0.23291579794115222,0,0.07406814270223992,0,1283.2630769387285,65.09805454419761
4,423.70000000000005,6613.576104796492,0.2328142119990209,0,0.04112065791408467,0,1283.2630769387285,65.07642891500393
4,423.8,6607.0695417393,0.23271276176251027,0,0.0537082691753752,0,1283.2630769387285,65.05483257227708
4,423.90000000000003,6600.5651368563995,0.2326114469051592,0,0.09877481160254806,0,1283.2630769387285,65.03326544478766
4,424,6594.062887226231,0.23251026710167283,0,0.07618082256912308,0,1283.2630769387285,65.01172746157543
4,424.1,6587.562789943069,0.23240922202796266,0,0.10662648058566772,0,1283.2630769387285,64.99021855194728
4,424.20000000000005,6581.064842100255,0.232308311361083,0,0.09196959710520103,0,1283.2630769387285,64.96873864547658
4,424.3,6574.5690407995135,0.23220753477925604,0,0.0931021231807844,0,1283.2630769387285,64.94728767200093
4,424.40000000000003,6568.075383154675,0.23210689196187995,0,0.020285097757892397,0,1283.2630769387285,64.92586556162057
4,424.5,6561.583866282366,0.23200638258949102,0,0.06040627617108408,0,1283.2630769387285,64.90447224469762
4,424.6,6555.094487303868,0.23190600634376365,0,0.16616643556454375,0,1283.2630769387285,64.88310765185399
4,424.70000000000005,6548.607243350707,0.2318057629075239,0,0.18620960743680712,0,1283.2630769387285,64.86177171396974
4,424.8,6542.122131565586,0.23170565196474743,0,0.10423885717961318,0,1283.2630769387285,64.84046436218188
4,424.90000000000003,6535.639149089344,0.2316056732005097,0,0.056674438335635985,0,1283.2630769387285,64.81918552788333
4,425,6529.158293072134,0.2315058263010171,0,0.07396436571244788,0,1283.2630769387285,64.79793514272072
4,425.1,6522.679560677148,0.23140611095361507,0,0.09682245246251328,0,1283.2630769387285,64.77671313859307
4,425.20000000000005,6516.202949062921,0.23130652684672195,0,0.17856992619784487,0,1283.2630769387285,64.75551944765095
4,425.3,6509.728455407545,0.23120707366990603,0,0.13870284840515887,0,1283.2630769387285,64.73435400229403
4,425.40000000000003,6503.256076886319,0.23110775111380435,0,0.10600447472832836,0,1283.2630769387285,64.7132167351709
4,425.5,6496.785810687579,0.23100855887017085,0,0.09983564390566392,0,1283.2630769387285,64.69210757917672
4,425.6,6490.317654002458,0.23090949663183646,0,0.07144551183127487,0,1283.2630769387285,64.67102646745246
4,425.70000000000005,6483.851604027674,0.23081056409271247,0,0.08661089665742781,0,1283.2630769387285,64.64997333338314
4,425.8,6477.387657971121,0.2307117609478046,0,0.11380074972210667,0,1283.2630769387285,64.62894811059641
4,425.90000000000003,6470.925813046284,0.23061308689318952,0,0.1707255559560848,0,1283.2630769387285,64.60795073296151
4,426,6464.46606647037,0.23051454162600238,0,0.17759265165359756,0,1283.2630769387285,64.58698113458797
4,426.1,6458.008415467106,0.23041612484444113,0,0.09506430710837689,0,1283.2630769387285,64.566039249824
4,426.20000000000005,6451.552857268602,0.23031783624776728,0,0.0543875652765753,0,1283.2630769387285,64.54512501325499
4,426.3,6445.099389118142,0.23021967553631165,0,0.09713152777951684,0,1283.2630769387285,64.5242383597026
4,426.40000000000003,6438.648008254357,0.23012164241141478,0,0.15652920683838942,0,1283.2630769387285,64.50337922422383
4,426.5,6432.198711932637,0.23002373657549355,0,0.2193830597638473,0,1283.2630769387285,64.48254754210852
4,426.6,6425.751497411169,0.22992595773199043,0,0.18507596887232255,0,1283.2630769387285,64.46174324887924
4,426.70000000000005,6419.306361950003,0.22982830558536427,0,0.17104362765254108,0,1283.2630769387285,64.44096628028963
4,426.8,6412.863302825019,0.22973077984113255,0,0.15560259177168032,0,1283.2630769387285,64.42021657232267
4,426.90000000000003,6406.422317310236,0.22963338020580756,0,0.13569668733542567,0,1283.2630769387285,64.39949406119032
4,427,6399.983402689919,0.22953610638693098,0,0.12440366223073632,0,1283.2630769387285,64.37879868333151
4,427.1,6393.5465562539175,0.22943895809305453,0,0.13069547838692686,0,1283.2630769387285,64.3581303754113
4,427.20000000000005,6387.111775298603,0.22934193503373773,0,0.168839987137231,0,1283.2630769387285,64.33748907431966
4,427.3,6380.679057126865,0.22924503691954307,0,0.1425101462525519,0,1283.2630769387285,64.3168747171701
4,427.40000000000003,6374.248399044387,0.2291482634620183,0,0.16744782598491667,0,1283.2630769387285,64.29628724129857
4,427.5,6367.819798372686,0.22905161437373683,0,0.08557787961525133,0,1283.2630769387285,64.27572658426203
4,427.6,6361.393252426758,0.22895508936821676,0,0.0698515141003111,0,1283.2630769387285,64.2551926838381
4,427.70000000000005,6354.968758533709,0.2288586881599781,0,0.11079451075510928,0,1283.2630769387285,64.23468547802268
4,427.8,6348.546314030886,0.22876241046453327,0,0.1874505032266194,0,1283.2630769387285,64.21420490502933
4,427.90000000000003,6342.125916256569,0.22866625599835094,0,0.1414224026751456,0,1283.2630769387285,64.19375090328852
4,428,6335.707562557422,0.22857022447887634,0,0.10881225643729743,0,1283.2630769387285,64.17332341144603
4,428.1,6329.2912502856925,0.22847431562451698,0,0.10906646787007622,0,1283.2630769387285,64.15292236836197
4,428.20000000000005,6322.87697679922,0.22837852915463847,0,0.08702873711819162,0,1283.2630769387285,64.1325477131096
4,428.3,6316.464739459567,0.22828286478955298,0,0.08246613604898748,0,1283.2630769387285,64.11219938497426
4,428.40000000000003,6310.054535641335,0.22818732225054697,0,0.09176985961693936,0,1283.2630769387285,64.09187732345188
4,428.5,6303.646362716332,0.2280919012598231,0,0.17622303374838133,0,1283.2630769387285,64.07158146824868
4,428.6,6297.24021807313,0.22799660154056203,0,0.13577024975717097,0,1283.2630769387285,64.05131175927922
4,428.70000000000005,6290.83609909378,0.22790142281683906,0,0.1794935058426257,0,1283.2630769387285,64.03106813666616
4,428.8,6284.434003177099,0.22780636481369818,0,0.12746580160991308,0,1283.2630769387285,64.01085054073826
4,428.90000000000003,6278.033927719109,0.22771142725708218,0,0.07232329789010038,0,1283.2630769387285,63.99065891203017
4,429,6271.635870130733,0.22761660987388763,0,0.11214450556799631,0,1283.2630769387285,63.970493191280575
4,429.1,6265.2398278201,0.22752191239190156,0,0.15812980817399608,0,1283.2630769387285,63.950353319432054
4,429.20000000000005,6258.845798208378,0.22742733453984976,0,0.10995732946576849,0,1283.2630769387285,63.930239237629046
4,429.3,6252.453778717667,0.2273328760473529,0,0.1029207409360592,0,1283.2630769387285,63.91015088721782
4,429.40000000000003,6246.063766778447,0.22723853664494578,0,0.09668591649766521,0,1283.2630769387285,63.890088209744555
4,429.5,6239.675759826787,0.2271443160640653,0,0.08261730379532176,0,1283.2630769387285,63.87005114695489
4,429.6,6233.289755300619,0.22705021403703246,0,0.0908548528635065,0,1283.2630769387285,63.85003964079273
4,429.70000000000005,6226.9057506537065,0.22695623029709622,0,0.07893495411011302,0,1283.2630769387285,63.830053633398876
4,429.8,6220.523743336089,0.22686236457836398,0,0.1567931192916845,0,1283.2630769387285,63.81009306711106
4,429.90000000000003,6214.143730804324,0.22676861661583056,0,0.11023142176025409,0,1283.2630769387285,63.79015788446202
4,430,6207.765710526146,0.22667498614539056,0,0.1572151624846178,0,1283.2630769387285,63.77024802817854
4,430.1,6201.389679969288,0.2265814729037968,0,0.10049588947126778,0,1283.2630769387285,63.75036344118102
4,430.20000000000005,6195.015636609867,0.22648807662868406,0,0.03724190463943922,0,1283.2630769387285,63.73050406658203
4,430.3,6188.6435779333115,0.2263947970585692,0,0.08968017591098666,0,1283.2630769387285,63.7106698476855
4,430.40000000000003,6182.273501420394,0.2263016339327995,0,0.15136648464184513,0,1283.2630769387285,63.690860727986234
4,430.5,6175.9054045677185,0.22620858699161706,0,0.1307279671640144,0,1283.2630769387285,63.67107665116782
4,430.6,6169.539284873754,0.22611565597610914,0,0.12928222084916227,0,1283.2630769387285,63.651317561102815
4,430.70000000000005,6163.175139841624,0.22602284062821315,0,0.14667567311036767,0,1283.2630769387285,63.63158340185142
4,430.8,6156.812966982834,0.22593014069072548,0,0.13457797348034614,0,1283.2630769387285,63.61187411766035
4,430.90000000000003,6150.452763811685,0.22583755590727905,0,0.10025846223862954,0,1283.2630769387285,63.592189652962375
4,431,6144.094527847134,0.22574508602234497,0,0.07239605001238186,0,1283.2630769387285,63.57252995237502
4,431.1,6137.738256618381,0.22565273078124792,0,0.10715926065482184,0,1283.2630769387285,63.55289496069958
4,431.20000000000005,6131.383947655559,0.22556048993013184,0,0.07328416111919128,0,1283.2630769387285,63.53328462292067
4,431.3,6125.031598496251,0.22546836321597713,0,0.11914657975389278,0,1283.2630769387285,63.513698884204985
4,431.40000000000003,6118.68120668456,0.22537635038659423,0,0.027893444348993348,0,1283.2630769387285,63.494137689900484
4,431.5,6112.332769768313,0.2252844511906108,0,0.06636534731685642,0,1283.2630769387285,63.474600985535645
4,431.6,6105.986285299994,0.22519266537747093,0,0.11009574704591471,0,1283.2630769387285,63.45508871681854
4,431.70000000000005,6099.64175084047,0.22510099269744352,0,0.17338973576273825,0,1283.2630769387285,63.43560082963571
4,431.8,6093.29916395247,0.22500943290159772,0,0.17373575682016867,0,1283.2630769387285,63.416137270051735
4,431.90000000000003,6086.958522208035,0.22491798574182365,0,0.20201659865670837,0,1283.2630769387285,63.396697984308
4,432,6080.619823178276,0.22482665097079457,0,0.2035435316043359,0,1283.2630769387285,63.37728291882212
4,432.1,6074.283064449206,0.22473542834201626,0,0.19542855629050462,0,1283.2630769387285,63.35789202018669
4,432.20000000000005,6067.948243601248,0.22464431760975567,0,0.17893390763305703,0,1283.2630769387285,63.33852523516921
4,432.3,6061.615358230658,0.224553318529108,0,0.1304740766834653,0,1283.2630769387285,63.31918251071026
4,432.40000000000003,6055.28440593183,0.22446243085593526,0,0.11950081887075294,0,1283.2630769387285,63.29986379392374
4,432.5,6048.955384305678,0.22437165434688972,0,0.03880380105935038,0,1283.2630769387285,63.28056903209527
4,432.6,6042.628290959634,0.22428098875941077,0,0.06372426623261115,0,1283.2630769387285,63.26129817268158
4,432.70000000000005,6036.30312350858,0.22419043385172494,0,0.12456531881741127,0,1283.2630769387285,63.24205116330972
4,432.8,6029.979879570194,0.22409998938282719,0,0.06900837662529713,0,1283.2630769387285,63.22282795177663
4,432.90000000000003,6023.658556764014,0.22400965511247403,0,0.036706358862636804,0,1283.2630769387285,63.20362848604794
4,433,6017.339152720757,0.22391943080121032,0,0.09443894624302036,0,1283.2630769387285,63.184452714256935
4,433.1,6011.021665072069,0.2238293162103335,0,0.10521465888456602,0,1283.2630769387285,63.16530058470444
4,433.20000000000005,6004.706091453321,0.22373931110189776,0,0.15156238543611153,0,1283.2630769387285,63.146172045857455
4,433.3,5998.392429515719,0.22364941523875217,0,0.1676914187681249,0,1283.2630769387285,63.12706704634832
4,433.40000000000003,5992.080676903017,0.2235596283844613,0,0.1654601537797214,0,1283.2630769387285,63.107985534975136
4,433.5,5985.770831268281,0.22346995030335448,0,0.13995961539979568,0,1283.2630769387285,63.088927460699445
4,433.6,5979.462890270166,0.22338038076051223,0,0.08794470042067697,0,1283.2630769387285,63.069892772646206
4,433.70000000000005,5973.1568515775725,0.2232909195217785,0,0.05458009325894347,0,1283.2630769387285,63.05088142010298
4,433.8,5966.852712855674,0.22320156635371124,0,0.07604890455602999,0,1283.2630769387285,63.03189335251959
4,433.90000000000003,5960.550471778028,0.22311232102361808,0,0.13197945199687852,0,1283.2630769387285,63.01292851950663
4,434,5954.2501260228455,0.22302318329954166,0,0.17257215744767837,0,1283.2630769387285,62.993986870835
4,434.1,5947.951673277654,0.22293415295027189,0,0.13850275844745855,0,1283.2630769387285,62.97506835643527
4,434.20000000000005,5941.655111229047,0.2228452297453092,0,0.09815223673885719,0,1283.2630769387285,62.956172926397144
4,434.3,5935.360437572002,0.22275641345489203,0,0.05653981298949557,0,1283.2630769387285,62.93730053096837
4,434.40000000000003,5929.067650005221,0.2226677038499779,0,0.11833041703524604,0,1283.2630769387285,62.918451120554224
4,434.5,5922.776746234857,0.2225791007022533,0,0.15929891186489054,0,1283.2630769387285,62.89962464571671
4,434.6,5916.48772396706,0.22249060378410598,0,0.20707945484377754,0,1283.2630769387285,62.88082105717415
4,434.70000000000005,5910.200580914505,0.22240221286864267,0,0.21056155639765564,0,1283.2630769387285,62.86204030579998
4,434.8,5903.915314798243,0.2223139277296923,0,0.16542618202671316,0,1283.2630769387285,62.84328234262209
4,434.90000000000003,5897.631923340261,0.22222574814177956,0,0.14260361935467775,0,1283.2630769387285,62.82454711882268
4,435,5891.350404271856,0.22213767388014877,0,0.09081248076163848,0,1283.2630769387285,62.805834585737045
4,435.1,5885.070755322464,0.2220497047207239,0,0.06411624703043622,0,1283.2630769387285,62.78714469485331
4,435.20000000000005,5878.792974233627,0.22196184044015202,0,0.12304775399828023,0,1283.2630769387285,62.76847739781119
4,435.3,5872.517058747821,0.22187408081576362,0,0.17620318334962146,0,1283.2630769387285,62.74983264640193
4,435.40000000000003,5866.243006611243,0.221786425625579,0,0.12837682524432822,0,1283.2630769387285,62.73121039256736
4,435.5,5859.970815578476,0.22169887464831958,0,0.09011936837999604,0,1283.2630769387285,62.712610588399
4,435.6,5853.700483405963,0.22161142766338524,0,0.07373663233521908,0,1283.2630769387285,62.69403318613782
4,435.70000000000005,5847.432007854804,0.22152408445085922,0,0.14768786858783012,0,1283.2630769387285,62.675478138173325
4,435.8,5841.1653866916895,0.22143684479150894,0,0.20041879539844984,0,1283.2630769387285,62.656945397042826
4,435.90000000000003,5834.900617691688,0.22134970846679236,0,0.2419687144317254,0,1283.2630769387285,62.638434915430885
4,436,5828.63769862894,0.22126267525882537,0,0.24792218424942344,0,1283.2630769387285,62.61994664616909
4,436.1,5822.3766272850335,0.2211757449504048,0,0.21056357794074385,0,1283.2630769387285,62.60148054223474
4,436.20000000000005,5816.117401447147,0.22108891732500108,0,0.18293990473413815,0,1283.2630769387285,62.58303655675062
4,436.3,5809.860018904321,0.22100219216674258,0,0.12358490617161734,0,1283.2630769387285,62.564614642984374
4,436.40000000000003,5803.604477451183,0.2209155692604247,0,0.10483712752024153,0,1283.2630769387285,62.54621475434753
4,436.5,5797.350774887949,0.22082904839150758,0,0.14262214427667785,0,1283.2630769387285,62.52783684439519
4,436.6,5791.098909015767,0.22074262934609767,0,0.17182588376168484,0,1283.2630769387285,62.509480866825236
4,436.70000000000005,5784.848877649754,0.22065631191098822,0,0.15797930476714175,0,1283.2630769387285,62.491146775477546
4,436.8,5778.60067859944,0.2205700958735932,0,0.14779390689843971,0,1283.2630769387285,62.47283452433422
4,436.90000000000003,5772.35430968646,0.2204839810220012,0,0.1339366885985377,0,1283.2630769387285,62.45454406751794
4,437,5766.10976873152,0.22039796714493154,0,0.1812804882340663,0,1283.2630769387285,62.436275359292225
4,437.1,5759.867053560913,0.22031205403175103,0,0.20028960374140437,0,1283.2630769387285,62.41802835406009
4,437.20000000000005,5753.626162010245,0.2202262414724852,0,0.21730844446966832,0,1283.2630769387285,62.399803006363705
4,437.3,5747.387091910467,0.2201405292577696,0,0.21940426996801066,0,1283.2630769387285,62.38159927088431
4,437.40000000000003,5741.149841109291,0.22005491717891634,0,0.2118891615123032,0,1283.2630769387285,62.36341710244054
4,437.5,5734.914407447912,0.2199694050278372,0,0.18212888173403793,0,1283.2630769387285,62.345256455989194
4,437.6,5728.680788775906,0.2198839925970877,0,0.16734443195838086,0,1283.2630769387285,62.3271172866235
4,437.70000000000005,5722.448982948437,0.21979867967985656,0,0.11997450666050158,0,1283.2630769387285,62.3089995495729
4,437.8,5716.218987825327,0.21971346606995976,0,0.06580028855111285,0,1283.2630769387285,62.290903200202706
4,437.90000000000003,5709.9908012691885,0.21962835156183255,0,0.07503395840208835,0,1283.2630769387285,62.27282819401339
4,438,5703.76442115102,0.21954333595054462,0,0.10688151946373736,0,1283.2630769387285,62.25477448663995
4,438.1,5697.539845342748,0.21945841903177424,0,0.04242656109036486,0,1283.2630769387285,62.23674203385168
4,438.20000000000005,5691.3170717172325,0.21937360060180428,0,0.05835138596794006,0,1283.2630769387285,62.218730791551266
4,438.3,5685.096098156646,0.21928888045754721,0,0.15021794285451495,0,1283.2630769387285,62.200740715773954
4,438.40000000000003,5678.876922547817,0.21920425839652818,0,0.13592647521461237,0,1283.2630769387285,62.18277176268743
4,438.5,5672.659542782232,0.21911973421688272,0,0.15181101121844315,0,1283.2630769387285,62.16482388859125
4,438.6,5666.443956750445,0.21903530771733604,0,0.15173738613745946,0,1283.2630769387285,62.14689704991639
4,438.70000000000005,5660.230162351392,0.21895097869722965,0,0.15880634937236215,0,1283.2630769387285,62.1289912032242
4,438.8,5654.018157490529,0.2188667469565141,0,0.1480519976874555,0,1283.2630769387285,62.111106305206135
4,438.90000000000003,5647.807940077968,0.21878261229574134,0,0.17090765895496682,0,1283.2630769387285,62.09324231268356
4,439,5641.599508019164,0.2186985745160311,0,0.10128051093744381,0,1283.2630769387285,62.0753991826072
4,439.1,5635.392859230749,0.21861463341911846,0,0.02302152869936824,0,1283.2630769387285,62.057576872055655
4,439.20000000000005,5629.187991635874,0.2185307888073383,0,0.06022142470253841,0,1283.2630769387285,62.039775338235714
4,439.3,5622.98490315862,0.21844704048360514,0,0.1344943221335754,0,1283.2630769387285,62.021994538481934
4,439.40000000000003,5616.783591726795,0.2183633882514186,0,0.08622833263500815,0,1283.2630769387285,62.004234430255735
4,439.5,5610.584055271,0.21827983191485853,0,0.08793017334285293,0,1283.2630769387285,61.98649497114498
4,439.6,5604.386291731149,0.2181963712786031,0,0.18819604138437251,0,1283.2630769387285,61.968776118863175
4,439.70000000000005,5598.1902990508825,0.21811300614791038,0,0.1575158785011405,0,1283.2630769387285,61.95107783124957
4,439.8,5591.996075171977,0.2180297363285965,0,0.14235463544344926,0,1283.2630769387285,61.93340006626851
4,439.90000000000003,5585.803618046455,0.21794656162707243,0,0.15173579672457718,0,1283.2630769387285,61.91574278200836
4,440,5579.612925625406,0.21786348185030613,0,0.15327139200485687,0,1283.2630769387285,61.898105936681624
4,440.1,5573.423995871097,0.2177804968058589,0,0.17656925083349617,0,1283.2630769387285,61.88048948862393
4,440.20000000000005,5567.236826741137,0.21769760630183274,0,0.20770714269384488,0,1283.2630769387285,61.86289339629413
4,440.3,5561.051416205242,0.2176148101469214,0,0.11293834696572619,0,1283.2630769387285,61.845317618273135
4,440.40000000000003,5554.867762234062,0.2175321081503731,0,0.07879263417627487,0,1283.2630769387285,61.82776211326397
4,440.5,5548.685862801038,0.21744950012199366,0,0.06667524148082765,0,1283.2630769387285,61.81022684009116
4,440.6,5542.505715887994,0.2173669858721626,0,0.11732856825871628,0,1283.2630769387285,61.792711757699976
4,440.70000000000005,5536.327319477685,0.2172845652118074,0,0.05689208535105344,0,1283.2630769387285,61.77521682515646
4,440.8,5530.150671551935,0.21720223795239427,0,0.11241911433031787,0,1283.2630769387285,61.757742001646584
4,440.90000000000003,5523.975770105608,0.21712000390597078,0,0.1938502060001209,0,1283.2630769387285,61.74028724647532
4,441,5517.802613134496,0.21703786288512622,0,0.16885449084453352,0,1283.2630769387285,61.722852519066976
4,441.1,5511.63119863905,0.21695581470300088,0,0.17632348302456968,0,1283.2630769387285,61.70543777896446
4,441.20000000000005,5505.461524617858,0.21687385917326268,0,0.17936208639138673,0,1283.2630769387285,61.688042985828865
4,441.3,5499.293589078821,0.21679199611014044,0,0.18733853669667744,0,1283.2630769387285,61.67066809943844
4,441.40000000000003,5493.127390034497,0.21671022532840745,0,0.197574841292039,0,1283.2630769387285,61.6533130796887
4,441.5,5486.962925500236,0.2166285466433738,0,0.22356882063597983,0,1283.2630769387285,61.63597788659184
4,441.6,5480.80019349698,0.2165469598708928,0,0.13753757927837718,0,1283.2630769387285,61.61866248027625
4,441.70000000000005,5474.63919204846,0.21646546482735074,0,0.09123387594667837,0,1283.2630769387285,61.60136682098631
4,441.8,5468.479919180274,0.21638406132966093,0,0.04923076149283428,0,1283.2630769387285,61.58409086908162
4,441.90000000000003,5462.3223729217425,0.21630274919526757,0,0.0718704417573637,0,1283.2630769387285,61.56683458503662
4,442,5456.166551312432,0.21622152824216465,0,0.14923093712412874,0,1283.2630769387285,61.54959792943982
4,442.1,5450.012452388182,0.2161403982888502,0,0.11759733473906354,0,1283.2630769387285,61.53238086299411
4,442.20000000000005,5443.860074194148,0.21605935915436467,0,0.16649976947072923,0,1283.2630769387285,61.51518334651559
4,442.3,5437.709414776415,0.21597841065826315,0,0.1106222877472681,0,1283.2630769387285,61.4980053409336
4,442.40000000000003,5431.560472183861,0.21589755262061866,0,0.08914925655236466,0,1283.2630769387285,61.48084680729007
4,442.5,5425.413244474679,0.21581678486204076,0,0.10021709601916286,0,1283.2630769387285,61.46370770673877
4,442.6,5419.2677297052,0.21573610720363925,0,0.10824616337746931,0,1283.2630769387285,61.446588000545674
4,442.70000000000005,5413.123925938271,0.21565551946704736,0,0.14390487412237593,0,1283.2630769387285,61.42948765008775
4,442.8,5406.981831240468,0.21557502147441188,0,0.17262012529945506,0,1283.2630769387285,61.412406616852905
4,442.90000000000003,5400.8414436792955,0.21549461304838166,0,0.12196015458654132,0,1283.2630769387285,61.395344862439494
4,443,5394.702761334367,0.2154142940121418,0,0.03825709968852387,0,1283.2630769387285,61.37830234855567
4,443.1,5388.565782280639,0.21533406418935894,0,0.06268289730950305,0,1283.2630769387285,61.36127903701966
4,443.20000000000005,5382.430504601449,0.2152539234042198,0,0.15079440422083742,0,1283.2630769387285,61.3442748897586
4,443.3,5376.296926381066,0.21517387148140596,0,0.1983914216574711,0,1283.2630769387285,61.327289868808506
4,443.40000000000003,5370.165045706555,0.2150939082460975,0,0.1558707932939449,0,1283.2630769387285,61.31032393631364
4,443.5,5364.034860671498,0.21501403352398268,0,0.14702324246439377,0,1283.2630769387285,61.29337705452592
4,443.6,5357.906369375996,0.21493424714125747,0,0.07337173933959372,0,1283.2630769387285,61.276449185804914
4,443.70000000000005,5351.7795699173585,0.21485454892459324,0,0.07518590254808692,0,1283.2630769387285,61.25954029261751
4,443.8,5345.654460402206,0.21477493870117315,0,0.06728880793092921,0,1283.2630769387285,61.24265033753692
4,443.90000000000003,5339.53103893809,0.21469541629866432,0,0.08277807974206734,0,1283.2630769387285,61.22577928324293
4,444,5333.40930363629,0.21461598154522446,0,0.1324981032872664,0,1283.2630769387285,61.208927092521144
4,444.1,5327.2892526090145,0.2145366342694908,0,0.15058576954698147,0,1283.2630769387285,61.192093728262535
4,444.20000000000005,5321.170883979648,0.21445737430061068,0,0.11202850391814896,0,1283.2630769387285,61.175279153462846
4,444.3,5315.054195872508,0.2143782014682089,0,0.033684049874192615,0,1283.2630769387285,61.15848333122291
4,444.40000000000003,5308.939186412841,0.21429911560238504,0,0.06699760343424686,0,1283.2630769387285,61.14170622474792
4,444.5,5302.825853726827,0.21422011653371054,0,0.1439953002275123,0,1283.2630769387285,61.12494779734681
4,444.6,5296.714195952751,0.2141412040932628,0,0.1845797018339651,0,1283.2630769387285,61.10820801243163
4,444.70000000000005,5290.604211224243,0.2140623781125714,0,0.1239028104476713,0,1283.2630769387285,61.09148683351796
4,444.8,5284.495897686109,0.21398363842366513,0,0.11307347262563722,0,1283.2630769387285,61.07478422422365
4,444.90000000000003,5278.389253483154,0.2139049848590362,0,0.0549188729665671,0,1283.2630769387285,61.05810014826924
4,445,5272.284276762046,0.2138264172516435,0,0.06487226908555538,0,1283.2630769387285,61.04143456947718
4,445.1,5266.180965675041,0.21374793543492268,0,0.09672752621876778,0,1283.2630769387285,61.02478745177132
4,445.20000000000005,5260.079318380915,0.21366953924278756,0,0.10666550561417809,0,1283.2630769387285,61.00815875917669
4,445.3,5253.979333036579,0.21359122850960235,0,0.11594909039948956,0,1283.2630769387285,60.99154845581934
4,445.40000000000003,5247.881007804535,0.21351300307020243,0,0.1304444506670187,0,1283.2630769387285,60.974956505925554
4,445.5,5241.784340851009,0.21343486275988738,0,0.08119975153924912,0,1283.2630769387285,60.95838287382164
4,445.6,5235.689330346882,0.213356807414422,0,0.06156849150716643,0,1283.2630769387285,60.94182752393351
4,445.70000000000005,5229.595974466763,0.21327883687003227,0,0.07559265678545248,0,1283.2630769387285,60.92529042078647
4,445.8,5223.504271384329,0.21320095096338834,0,0.09546806608354233,0,1283.2630769387285,60.90877152900483
4,445.90000000000003,5217.414219281636,0.2131231495316321,0,0.142114995735382,0,1283.2630769387285,60.892270813311185
4,446,5211.3258163435385,0.21304543241235818,0,0.05098157885398132,0,1283.2630769387285,60.87578823852637
4,446.1,5205.239060755819,0.21296779944360686,0,0.10020506836628161,0,1283.2630769387285,60.8593237695692
4,446.20000000000005,5199.153950713575,0.21289025046388807,0,0.08551784477131537,0,1283.2630769387285,60.842877371455714
4,446.3,5193.070484407246,0.212812785312137,0,0.14392058712695607,0,1283.2630769387285,60.826449009299466
4,446.40000000000003,5186.988660041243,0.21273540382776926,0,0.15301335503419786,0,1283.2630769387285,60.810038648310325
4,446.5,5180.908475810662,0.2126581058506083,0,0.16544920853722037,0,1283.2630769387285,60.793646253795174
4,446.6,5174.82992992457,0.21258089122095436,0,0.18193824629536795,0,1283.2630769387285,60.77727179115624
4,446.70000000000005,5168.753020587377,0.2125037597795262,0,0.1695344991634814,0,1283.2630769387285,60.760915225891885
4,446.8,5162.6777460174635,0.21242671136751715,0,0.15035829165591857,0,1283.2630769387285,60.74457652359541
4,446.90000000000003,5156.6041044238955,0.21234974582652144,0,0.12517866691718213,0,1283.2630769387285,60.72825564995565
4,447,5150.532094027847,0.2122728629985979,0,0.11698586131308487,0,1283.2630769387285,60.71195257075546
4,447.1,5144.461713051423,0.21219606272623517,0,0.10552955024449272,0,1283.2630769387285,60.69566725187227
4,447.20000000000005,5138.392959721386,0.21211934485236109,0,0.10369099083559176,0,1283.2630769387285,60.67939965927738
4,447.3,5132.325832264498,0.21204270922032667,0,0.14451745239308567,0,1283.2630769387285,60.66314975903581
4,447.40000000000003,5126.260328917764,0.2119661556739366,0,0.09729639945320898,0,1283.2630769387285,60.64691751730562
4,447.5,5120.196447913535,0.21188968405740136,0,0.04061393909586992,0,1283.2630769387285,60.6307029003382
4,447.6,5114.134187490679,0.21181329421536976,0,0.09968015178696568,0,1283.2630769387285,60.61450587447718
4,447.70000000000005,5108.073545892723,0.21173698599292232,0,0.10960341501605528,0,1283.2630769387285,60.598326406158485
4,447.8,5102.014521365054,0.21166075923556055,0,0.11811099314309903,0,1283.2630769387285,60.5821644619099
4,447.90000000000003,5095.957112154923,0.21158461378920568,0,0.11890459392754084,0,1283.2630769387285,60.56602000835084
4,448,5089.901316522621,0.21150854950023215,0,0.10046976001303408,0,1283.2630769387285,60.54989301219174
4,448.1,5083.847132716328,0.21143256621538858,0,0.10223909631527982,0,1283.2630769387285,60.533783440234664
4,448.20000000000005,5077.794558995403,0.2113566637818662,0,0.13171113669637652,0,1283.2630769387285,60.517691259371546
4,448.3,5071.743593624793,0.21128084204728179,0,0.1518990418536142,0,1283.2630769387285,60.501616436584605
4,448.40000000000003,5065.694234870374,0.21120510085966201,0,0.14283411628008955,0,1283.2630769387285,60.48555893894617
4,448.5,5059.646481005475,0.21112944006746198,0,0.16916477968568877,0,1283.2630769387285,60.46951873361825
4,448.6,5053.600330295041,0.21105385951951436,0,0.19646575739856761,0,1283.2630769387285,60.45349578785241
4,448.70000000000005,5047.555781017058,0.21097835906509335,0,0.09304965636457654,0,1283.2630769387285,60.43749006898862
4,448.8,5041.512831453234,0.21090293855388573,0,0.07679524981896185,0,1283.2630769387285,60.42150154445565
4,448.90000000000003,5035.471479881555,0.21082759783596627,0,0.10278147495569012,0,1283.2630769387285,60.40553018177086
4,449,5029.431724590249,0.2107523367618386,0,0.15137041569122953,0,1283.2630769387285,60.38957594853923
4,449.1,5023.393563869409,0.21067715518240887,0,0.1592958182079848,0,1283.2630769387285,60.37363881245373
4,449.20000000000005,5017.356996006332,0.21060205294896953,0,0.12282242903458487,0,1283.2630769387285,60.357718741294775
4,449.3,5011.322019299492,0.21052702991324035,0,0.12427038860572866,0,1283.2630769387285,60.3418157029295
4,449.40000000000003,5005.288632048294,0.21045208592733666,0,0.13668330469055154,0,1283.2630769387285,60.32592966531206
4,449.5,4999.25683255028,0.21037738732201322,0,0.15254507345811347,0,1283.2630769387285,60.31006059648319
4,449.6,4993.2266208883375,0.2103038376269402,0,0.16877031684287286,0,1283.2630769387285,60.294172925579915
4,449.70000000000005,4987.198011506349,0.21022944766575988,0,0.17211795560527243,0,1283.2630769387285,60.27801503787394
4,449.8,4981.171030973084,0.2101542453810276,0,0.17123023357923123,0,1283.2630769387285,60.26159599328441
4,449.90000000000003,4975.145704957657,0.21007825797283236,0,0.18534489557651898,0,1283.2630769387285,60.244924604772926
4,450,4969.122058272362,0.21000151191689687,0,0.08180051371138436,0,1283.2630769387285,60.22800944448492
4,450.1,4963.1001148708165,0.20992403298216972,0,0.09271858295443151,0,1283.2630769387285,60.21085884975774
4,450.20000000000005,4957.079897899181,0.20984584624818564,0,0.14013725017284914,0,1283.2630769387285,60.19348092899148
4,450.3,4951.061429692432,0.20976697612190492,0,0.18175070888532177,0,1283.2630769387285,60.175883567392624
4,450.40000000000003,4945.044731806964,0.2096874463542809,0,0.19325039199622626,0,1283.2630769387285,60.15807443258483
4,450.5,4939.029825052246,0.20960728005647075,0,0.16577322062292707,0,1283.2630769387285,60.14006098009483
4,450.6,4933.016729494557,0.20952649971561305,0,0.15885663659435434,0,1283.2630769387285,60.12185045871495
4,450.70000000000005,4927.005464491434,0.20944512721033984,0,0.14435106529324562,0,1283.2630769387285,60.1034499157414
4,450.8,4920.996048699133,0.20936318382587374,0,0.09810290704167864,0,1283.2630769387285,60.08486620209458
4,450.90000000000003,4914.988500108011,0.20928069026886362,0,0.08296116731733076,0,1283.2630769387285,60.0661059773199
4,451,4908.9828360388055,0.20919766668178283,0,0.0536790857360526,0,1283.2630769387285,60.04717571447559
4,451.1,4902.979073184542,0.20911413265712564,0,0.07920877046163102,0,1283.2630769387285,60.02808170490409
4,451.20000000000005,4896.977227614261,0.20903010725118315,0,0.12543278814155975,0,1283.2630769387285,60.00883006289565
4,451.3,4890.977314791642,0.20894560899754339,0,0.08442733677110971,0,1283.2630769387285,59.989426730241085
4,451.40000000000003,4884.97934959922,0.20886065592030018,0,0.07093943722005816,0,1283.2630769387285,59.969877480678115
4,451.5,4878.983346343972,0.20877526554690978,0,0.11173349035133996,0,1283.2630769387285,59.95018792423393
4,451.6,4872.989318789914,0.20868945492082447,0,0.15768606049847575,0,1283.2630769387285,59.9303635114638
4,451.70000000000005,4866.997280150652,0.20860324061372632,0,0.17836901869232946,0,1283.2630769387285,59.91040953759149
4,451.8,4861.007243131287,0.20851663873761062,0,0.19757632885070006,0,1283.2630769387285,59.89033114654823
4,451.90000000000003,4855.0192199237645,0.20842966495646462,0,0.19519295420867808,0,1283.2630769387285,59.87013333491866
4,452,4849.033222228289,0.20834233449774078,0,0.21808974651108032,0,1283.2630769387285,59.84982095579002
4,452.1,4843.049261260778,0.208254662163524,0,0.1853345270550557,0,1283.2630769387285,59.829398722509715
4,452.20000000000005,4837.067347780801,0.20816666234149203,0,0.13519412573015643,0,1283.2630769387285,59.80887121235138
4,452.3,4831.087492093444,0.2080783490155491,0,0.10475443092788522,0,1283.2630769387285,59.78824287009455
4,452.40000000000003,4825.109704062343,0.20798973577623467,0,0.04893799653681324,0,1283.2630769387285,59.76751801151596
4,452.5,4819.133993135765,0.20790083583092206,0,0.09015347754502881,0,1283.2630769387285,59.74670082679575
4,452.6,4813.160368341021,0.20781166201368984,0,0.1846414888035283,0,1283.2630769387285,59.72579538384288
4,452.70000000000005,4807.188838303089,0.20772222679501837,0,0.08380987352023408,0,1283.2630769387285,59.70480563153659
4,452.8,4801.219411265105,0.2076325422912623,0,0.03302446030970299,0,1283.2630769387285,59.68373540288937
4,452.90000000000003,4795.252095089294,0.20754262027384357,0,0.0911128838417515,0,1283.2630769387285,59.66258841813342
4,453,4789.286897268146,0.20745247217824675,0,0.10656088532763416,0,1283.2630769387285,59.641368287729634
4,453.1,4783.323824942112,0.2073621091128164,0,0.14336094799614726,0,1283.2630769387285,59.62007851530231
4,453.20000000000005,4777.362884907052,0.20727154186731453,0,0.15598381470464043,0,1283.2630769387285,59.598722500502035
4,453.3,4771.404083620757,0.20718078092126607,0,0.20525370578129276,0,1283.2630769387285,59.577303541797136
4,453.40000000000003,4765.447427216917,0.20708983645212056,0,0.15944547210525514,0,1283.2630769387285,59.555824839195125
4,453.5,4759.492921516299,0.2069987183432086,0,0.10492370577180332,0,1283.2630769387285,59.534289496896776
4,453.6,4753.540572029538,0.2069074361914796,0,0.07848863743000178,0,1283.2630769387285,59.512700525884114
4,453.70000000000005,4747.590383974835,0.20681599931508957,0,0.08040891665839138,0,1283.2630769387285,59.49106084644246
4,453.8,4741.642362284474,0.20672441676077424,0,0.1410153612501563,0,1283.2630769387285,59.46937329062042
4,453.90000000000003,4735.6965116057545,0.20663269731102246,0,0.2235941274711025,0,1283.2630769387285,59.44764060462752
4,454,4729.752836317755,0.20654084949111465,0,0.131997673454143,0,1283.2630769387285,59.42586545117026
4,454.1,4723.811340539716,0.20644888157596655,0,0.07191983914685217,0,1283.2630769387285,59.40405041173018
4,454.20000000000005,4717.872028133832,0.206356801596787,0,0.054568017339714045,0,1283.2630769387285,59.38219798878433
4,454.3,4711.934902719222,0.20626461734759943,0,0.09061056461038351,0,1283.2630769387285,59.36031060796843
4,454.40000000000003,4705.999967671931,0.20617233639156396,0,0.12115926745825667,0,1283.2630769387285,59.338390620185876
4,454.5,4700.06722614076,0.206079966067183,0,0.16794587081516887,0,1283.2630769387285,59.31644030366198
4,454.6,4694.136681047268,0.20598751349430994,0,0.2216536261390702,0,1283.2630769387285,59.29446186594659
4,454.70000000000005,4688.208335097879,0.20589498558003877,0,0.1545698577612847,0,1283.2630769387285,59.272457445864816
4,454.8,4682.282190782018,0.2058023890244078,0,0.12280777473607513,0,1283.2630769387285,59.250429115417994
4,454.90000000000003,4676.358250398189,0.20570973032603557,0,0.0852123757013608,0,1283.2630769387285,59.22837888163484
4,455,4670.4365160362795,0.2056170157874981,0,0.08350376407858673,0,1283.2630769387285,59.206308688377305
4,455.1,4664.516989598051,0.20552425152066897,0,0.12751652159390026,0,1283.2630769387285,59.18422041809671
4,455.20000000000005,4658.599672796205,0.20543144345186815,0,0.2215697767728374,0,1283.2630769387285,59.162115893546314
4,455.3,4652.684567173012,0.20533859732693432,0,0.10670309058724371,0,1283.2630769387285,59.13999687944854
4,455.40000000000003,4646.771674090065,0.2052457187160904,0,0.047801970638875584,0,1283.2630769387285,59.11786508412051
4,455.5,4640.860994744115,0.2051528130187526,0,0.09186570614926302,0,1283.2630769387285,59.09572216105522
4,455.6,4634.952530165203,0.2050598854681715,0,0.11392520891897967,0,1283.2630769387285,59.0735697104629
4,455.70000000000005,4629.046281229705,0.20496694113599248,0,0.15027329022668456,0,1283.2630769387285,59.05140928077105
4,455.8,4623.14224866312,0.20487398493667516,0,0.1812914540678195,0,1283.2630769387285,59.02924237008625
4,455.90000000000003,4617.240433038212,0.20478102163178394,0,0.2303046621512393,0,1283.2630769387285,59.00707042761746
4,456,4611.340834788978,0.20468805583421068,0,0.17438872433626254,0,1283.2630769387285,58.984894855060745
4,456.1,4605.443454209715,0.2045950920122507,0,0.14308370200115608,0,1283.2630769387285,58.96271700794917
4,456.20000000000005,4599.548291464336,0.2045021344936002,0,0.1049827985834727,0,1283.2630769387285,58.94053819696604
4,456.3,4593.655346584506,0.20440918746922035,0,0.07934138432957163,0,1283.2630769387285,58.91835968922415
4,456.40000000000003,4587.764619479887,0.2043162549971339,0,0.0969044386130263,0,1283.2630769387285,58.89618270951049
4,456.5,4581.876109939069,0.20422334100609837,0,0.17979922597374326,0,1283.2630769387285,58.87400844149855
4,456.6,4575.9898176305,0.20413044929918422,0,0.08141342177010961,0,1283.2630769387285,58.85183802892819
4,456.70000000000005,4570.105742114596,0.20403758355728857,0,0.07901926881472106,0,1283.2630769387285,58.8296725767536
4,456.8,4564.223882844672,0.20394474734253054,0,0.12566092972787316,0,1283.2630769387285,58.80751315226175
4,456.90000000000003,4558.344239162281,0.20385194410154087,0,0.16568702867031856,0,1283.2630769387285,58.785360786160616
4,457,4552.466810314916,0.20375917716872466,0,0.19464279457184108,0,1283.2630769387285,58.76321647363728
4,457.1,4546.591595448554,0.20366644976937448,0,0.23442962874984247,0,1283.2630769387285,58.7410811753894
4,457.20000000000005,4540.718593611382,0.20357376502272878,0,0.2619997883512022,0,1283.2630769387285,58.71895581862776
4,457.3,4534.8478037705645,0.20348112594498602,0,0.23806335822084818,0,1283.2630769387285,58.6968412980516
4,457.40000000000003,4528.979224795476,0.2033885354521524,0,0.18968459266998072,0,1283.2630769387285,58.67473847679981
4,457.5,4523.112855477259,0.2032959963629076,0,0.1567793630247841,0,1283.2630769387285,58.652648187373636
4,457.6,4517.248694524169,0.20320351140133358,0,0.15355016146059502,0,1283.2630769387285,58.63057123253654
4,457.70000000000005,4511.386740556918,0.20311108319956897,0,0.11114014587049424,0,1283.2630769387285,58.608508386188966
4,457.8,4505.52699213475,0.20301871430047602,0,0.16120059170415518,0,1283.2630769387285,58.586460394218214
4,457.90000000000003,4499.669447730295,0.20292640716010285,0,0.10856489714275847,0,1283.2630769387285,58.56442797532821
4,458,4493.814105757512,0.20283416415021804,0,0.024664297268084556,0,1283.2630769387285,58.54241182184321
4,458.1,4487.960964549333,0.20274198756064732,0,0.08141321843040492,0,1283.2630769387285,58.52041260049284
4,458.20000000000005,4482.110022388399,0.20264987960168643,0,0.0935784043561479,0,1283.2630769387285,58.49843095317236
4,458.3,4476.261277481914,0.20255784240630548,0,0.1239061866075257,0,1283.2630769387285,58.476467497685974
4,458.40000000000003,4470.41472797934,0.20246587803240243,0,0.17718344054588303,0,1283.2630769387285,58.45452282846612
4,458.5,4464.570371976122,0.2023739884649636,0,0.19978125630715643,0,1283.2630769387285,58.43259751727481
4,458.6,4458.728207508102,0.2022821756181422,0,0.18482550864724553,0,1283.2630769387285,58.4106921138863
4,458.70000000000005,4452.888232559897,0.20219044133731567,0,0.13457445902209228,0,1283.2630769387285,58.388807146749535
4,458.8,4447.050445061177,0.20209878740105752,0,0.1073332598695403,0,1283.2630769387285,58.36694312363342
4,458.90000000000003,4441.214842895046,0.20200721552308684,0,0.11431051267940995,0,1283.2630769387285,58.34510053225324
4,459,4435.381423893385,0.20191572735413263,0,0.06821239080851843,0,1283.2630769387285,58.323279840880815
4,459.1,4429.550185840577,0.20182432448376772,0,0.13325807206825654,0,1283.2630769387285,58.3014814989367
4,459.20000000000005,4423.721126482822,0.20173300844221007,0,0.12667489431425283,0,1283.2630769387285,58.279705937566305
4,459.3,4417.8942435262725,0.20164178070204727,0,0.06149004570259987,0,1283.2630769387285,58.25795357020072
4,459.40000000000003,4412.0695346212015,0.2015506426798745,0,0.07023733693561118,0,1283.2630769387285,58.23622479310172
4,459.5,4406.246997398324,0.20145959573802455,0,0.09532853505129371,0,1283.2630769387285,58.21451998588906
4,459.6,4400.426629438996,0.20136864118608364,0,0.11269739024823072,0,1283.2630769387285,58.192839512057596
4,459.70000000000005,4394.608428291045,0.2012777802824777,0,0.13745368904718988,0,1283.2630769387285,58.1711837194758
4,459.8,4388.792391473427,0.2011870142359919,0,0.16095701532066006,0,1283.2630769387285,58.14955294087219
4,459.90000000000003,4382.978516468778,0.20109634420721584,0,0.14689251283265964,0,1283.2630769387285,58.12794749430835
4,460,4377.166800725274,0.20100577130997183,0,0.1297722042111721,0,1283.2630769387285,58.10636768363754
4,460.1,4371.3572416659445,0.2009152966127244,0,0.11193199550759482,0,1283.2630769387285,58.08481379895053
4,460.20000000000005,4365.549836683087,0.20082492113991385,0,0.07652638314034475,0,1283.2630769387285,58.063286117009596
4,460.3,4359.744583147578,0.20073464587329165,0,0.023337704414076066,0,1283.2630769387285,58.04178490166947
4,460.40000000000003,4353.9414783986285,0.2006444717531683,0,0.07399334018927742,0,1283.2630769387285,58.02031040428739
4,460.5,4348.1405197503045,0.20055439967966832,0,0.13653833117114436,0,1283.2630769387285,57.99886286411994
4,460.6,4342.341704498045,0.20046443051395316,0,0.09322948954275986,0,1283.2630769387285,57.977442508709245
4,460.70000000000005,4336.54502990935,0.20037456507936885,0,0.13686335023080304,0,1283.2630769387285,57.956049554258925
4,460.8,4330.750493235886,0.2002848041626169,0,0.13553556691151658,0,1283.2630769387285,57.93468420599784
4,460.90000000000003,4324.958091706969,0.20019514851484585,0,0.15186185338617442,0,1283.2630769387285,57.91334665853483
4,461,4319.167822534218,0.2001055988527404,0,0.18211661556340655,0,1283.2630769387285,57.89203709620238
4,461.1,4313.37968291156,0.20001615585956914,0,0.18293106033528153,0,1283.2630769387285,57.87075569339075
4,461.20000000000005,4307.593670011498,0.19992682018619243,0,0.18857777817551122,0,1283.2630769387285,57.84950261487244
4,461.3,4301.809780993499,0.1998375924520733,0,0.17196591381894955,0,1283.2630769387285,57.82827801611656
4,461.40000000000003,4296.028013003059,0.19974847324623843,0,0.15794980502891434,0,1283.2630769387285,57.807082043595216
4,461.5,4290.248363171704,0.1996594631282135,0,0.12867003263385587,0,1283.2630769387285,57.785914835080526
4,461.6,4284.470828616992,0.19957056262893264,0,0.0672177226439985,0,1283.2630769387285,57.76477651993314
4,461.70000000000005,4278.695406445302,0.19948177225162925,0,0.026242904503586836,0,1283.2630769387285,57.74366721938213
4,461.8,4272.922093746252,0.19939309247267983,0,0.10914292651255587,0,1283.2630769387285,57.72258704679691
4,461.90000000000003,4267.150887601078,0.19930452374246,0,0.18237949148673513,0,1283.2630769387285,57.70153610795053
4,462,4261.381785088219,0.19921606648617166,0,0.16586428210688667,0,1283.2630769387285,57.680514501276015
4,462.1,4255.61478326004,0.19912772110457053,0,0.1323565867473907,0,1283.2630769387285,57.659522318116025
4,462.20000000000005,4249.8498791782185,0.19903948797482268,0,0.11323682277510365,0,1283.2630769387285,57.63855964296201
4,462.3,4244.08706988208,0.19895136745116893,0,0.10749083595787688,0,1283.2630769387285,57.617626553690535
4,462.40000000000003,4238.326352414675,0.19886335986571427,0,0.08765283289753091,0,1283.2630769387285,57.59672312178886
4,462.5,4232.567723805085,0.19877546552908637,0,0.11357480562826806,0,1283.2630769387285,57.5758494125768
4,462.6,4226.811181074008,0.1986876847311308,0,0.13601497231695894,0,1283.2630769387285,57.55500548541972
4,462.70000000000005,4221.05672124587,0.1986000177416066,0,0.14301517318388232,0,1283.2630769387285,57.534191393935906
4,462.8,4215.304341330193,0.19851246481078375,0,0.10872906224347414,0,1283.2630769387285,57.51340718619913
4,462.90000000000003,4209.554038341157,0.19842502617011828,0,0.09552678581262554,0,1283.2630769387285,57.492652904932704
4,463,4203.805809279904,0.19833770203281584,0,0.08201335215606374,0,1283.2630769387285,57.471928587700226
4,463.1,4198.059651150368,0.19825049259446212,0,0.14251402271543528,0,1283.2630769387285,57.45123426708817
4,463.20000000000005,4192.315560953692,0.19816339803358377,0,0.23350540201818182,0,1283.2630769387285,57.43056997088499
4,463.3,4186.573535684496,0.19807641851219515,0,0.19653992958939406,0,1283.2630769387285,57.409935722254005
4,463.40000000000003,4180.833572338335,0.19798955417635872,0,0.18341885773538824,0,1283.2630769387285,57.38933153990059
4,463.5,4175.095667903312,0.19790280515668837,0,0.1594604301999047,0,1283.2630769387285,57.36875743823497
4,463.6,4169.359819373116,0.1978161715688934,0,0.10372426510880547,0,1283.2630769387285,57.348213427529316
4,463.70000000000005,4163.626023741439,0.19772965351426153,0,0.09663992085654582,0,1283.2630769387285,57.327699514071256
4,463.8,4157.894277996384,0.197643251080125,0,0.1269776844222674,0,1283.2630769387285,57.307215700312184
4,463.90000000000003,4152.164579125121,0.19755696434033812,0,0.14876776690711538,0,1283.2630769387285,57.28676198501012
4,464,4146.436924123205,0.19747079335575654,0,0.15397470735361915,0,1283.2630769387285,57.266338363368824
4,464.1,4140.711309980601,0.19738473817464203,0,0.14039000263396945,0,1283.2630769387285,57.24594482717371
4,464.20000000000005,4134.98773368448,0.1972987988330955,0,0.0995940147831063,0,1283.2630769387285,57.225581364921716
4,464.3,4129.26619223319,0.19721297535550833,0,0.06735624991481962,0,1283.2630769387285,57.205247961947464
4,464.40000000000003,4123.546682620421,0.19712726775492578,0,0.1633328044873734,0,1283.2630769387285,57.18494460054731
4,464.5,4117.829201844521,0.19704167603346107,0,0.24489061094579376,0,1283.2630769387285,57.164671260097364
4,464.6,4112.113746901043,0.19695620018265536,0,0.21806949922204483,0,1283.2630769387285,57.14442791716905
4,464.70000000000005,4106.400314791128,0.19687084018386694,0,0.20398074341659447,0,1283.2630769387285,57.124214545639994
4,464.8,4100.688902519643,0.1967855960086245,0,0.18452188014159435,0,1283.2630769387285,57.10403111680255
4,464.90000000000003,4094.9795070979744,0.19670046761898194,0,0.13907454524995602,0,1283.2630769387285,57.083877599468494
4,465,4089.2721255356446,0.1966154549678333,0,0.12453685705496757,0,1283.2630769387285,57.06375396007076
4,465.1,4083.5667548431084,0.19653055799924474,0,0.16709746075620924,0,1283.2630769387285,57.043660162760986
4,465.20000000000005,4077.863392041065,0.19644577664879562,0,0.18878469467835923,0,1283.2630769387285,57.02359616950411
4,465.3,4072.162034153007,0.1963611108438678,0,0.19598559559679377,0,1283.2630769387285,57.00356194017126
4,465.40000000000003,4066.4626782005653,0.19627656050393072,0,0.17614840797716608,0,1283.2630769387285,56.98355743262846
4,465.5,4060.7653212118894,0.19619212554085094,0,0.14066597022066807,0,1283.2630769387285,56.963582602822136
4,465.6,4055.069960226305,0.1961078058591858,0,0.08764689593213872,0,1283.2630769387285,56.943637404862756
4,465.70000000000005,4049.376592282206,0.1960236013564249,0,0.06759249601031221,0,1283.2630769387285,56.92372179110619
4,465.8,4043.685214421712,0.1959395119232648,0,0.14532720900088741,0,1283.2630769387285,56.90383571223128
4,465.90000000000003,4037.9958236925304,0.1958555374438687,0,0.08981654979639088,0,1283.2630769387285,56.88397911731495
4,466,4032.308417151682,0.19577167779612492,0,0.09493552302141915,0,1283.2630769387285,56.86415195390549
4,466.1,4026.622991860844,0.19568793285187625,0,0.09813857456294604,0,1283.2630769387285,56.844354168093545
4,466.20000000000005,4020.9395448835567,0.1956043024771452,0,0.13686896704125395,0,1283.2630769387285,56.82458570458045
4,466.3,4015.258073288016,0.19552078653236604,0,0.1552027737177927,0,1283.2630769387285,56.8048465067438
4,466.40000000000003,4009.5785741498694,0.19543738487261084,0,0.16114889817321632,0,1283.2630769387285,56.785136516701066
4,466.5,4003.9010445531458,0.19535409734780512,0,0.19010966464657378,0,1283.2630769387285,56.76545567537167
4,466.6,3998.225481586531,0.19527092380292424,0,0.17653659995973955,0,1283.2630769387285,56.74580392253682
4,466.70000000000005,3992.551882344298,0.19518786407819483,0,0.16436966335185152,0,1283.2630769387285,56.72618119689708
4,466.8,3986.880243929103,0.1951049180092954,0,0.10616405564633609,0,1283.2630769387285,56.70658743612798
4,466.90000000000003,3981.21056344267,0.1950220854275191,0,0.06056717571042874,0,1283.2630769387285,56.687022576934005
4,467,3975.5428380006924,0.19493936615999247,0,0.10429354962967856,0,1283.2630769387285,56.6674865550998
4,467.1,3969.877064724453,0.19485676002983143,0,0.07663058533704223,0,1283.2630769387285,56.64797930554122
4,467.20000000000005,3964.213240735233,0.1947742668562962,0,0.14141301769250186,0,1283.2630769387285,56.62850076235375
4,467.3,3958.5513631682843,0.19469188645499114,0,0.09899446177321507,0,1283.2630769387285,56.609050858858446
4,467.40000000000003,3952.891429164447,0.19460961863800444,0,0.04840566959905204,0,1283.2630769387285,56.58962952764804
4,467.5,3947.2334358682856,0.19452746321405756,0,0.10438800806818718,0,1283.2630769387285,56.57023670063042
4,467.6,3941.5773804327473,0.19444541998866618,0,0.14136954099748605,0,1283.2630769387285,56.550872309070236
4,467.70000000000005,3935.923260019161,0.1943634887642853,0,0.10584473471527485,0,1283.2630769387285,56.53153628362981
4,467.8,3930.2710717907175,0.19428166934043356,0,0.12331409415742331,0,1283.2630769387285,56.5122285544084
4,467.90000000000003,3924.620812924579,0.19419996151385854,0,0.10344712354299926,0,1283.2630769387285,56.49294905097935
4,468,3918.972480598837,0.19411836507863658,0,0.09584436256782225,0,1283.2630769387285,56.47369770242739
4,468.1,3913.326072008349,0.19403687982633985,0,0.061270665916818644,0,1283.2630769387285,56.454474437382935
4,468.20000000000005,3907.681584345177,0.1939555055461107,0,0.08001169086028631,0,1283.2630769387285,56.4352791840571
4,468.3,3902.0390148060396,0.19387424202479717,0,0.14608239533851333,0,1283.2630769387285,56.416111870273184
4,468.40000000000003,3896.3983606072143,0.19379308904710696,0,0.1373108181642182,0,1283.2630769387285,56.396972423497736
4,468.5,3890.7596189593896,0.19371204639565645,0,0.18201156004084018,0,1283.2630769387285,56.37786077087224
4,468.6,3885.122787094675,0.19363111385114568,0,0.10156834779587746,0,1283.2630769387285,56.35877683924077
4,468.70000000000005,3879.487862239592,0.1935502911923962,0,0.05628927368800485,0,1283.2630769387285,56.33972055517983
4,468.8,3873.8548416337,0.19346957819649632,0,0.09138061169637009,0,1283.2630769387285,56.32069184502362
4,468.90000000000003,3868.2237225240096,0.1933889746388864,0,0.16628601457774062,0,1283.2630769387285,56.30169063489089
4,469,3862.594502164051,0.19330848029345013,0,0.12313146002184869,0,1283.2630769387285,56.28271685070985
4,469.1,3856.9671778138727,0.1932280949326057,0,0.09814450158860479,0,1283.2630769387285,56.26377041824214
4,469.20000000000005,3851.3417467447,0.1931478183274056,0,0.10393589989876502,0,1283.2630769387285,56.24485126310578
4,469.3,3845.718206227757,0.19306765024759384,0,0.08580280600790521,0,1283.2630769387285,56.225959310798025
4,469.40000000000003,3840.096553550102,0.19298759046172723,0,0.08020924356161241,0,1283.2630769387285,56.20709448671565
4,469.5,3834.4767860043794,0.19290763873723085,0,0.08668744675174156,0,1283.2630769387285,56.18825671617657
4,469.6,3828.858900886029,0.19282779484046636,0,0.16857565778590838,0,1283.2630769387285,56.16944592443922
4,469.70000000000005,3823.242895502597,0.19274805853682964,0,0.12455629197357208,0,1283.2630769387285,56.1506620367211
4,469.8,3817.6287671662867,0.1926684295908039,0,0.1635958053221702,0,1283.2630769387285,56.131904978217264
4,469.90000000000003,3812.016513197683,0.1925889077660377,0,0.10687366008182889,0,1283.2630769387285,56.1131746741175
4,470,3806.4061309238896,0.19250949282540725,0,0.06031839265748789,0,1283.2630769387285,56.09447104962325
4,470.1,3800.7976176850498,0.19243018453109742,0,0.1132672658230896,0,1283.2630769387285,56.07579402996327
4,470.20000000000005,3795.190970821306,0.19235098264463166,0,0.174663009134162,0,1283.2630769387285,56.057143540409875
4,470.3,3789.586187683046,0.19227188692695615,0,0.1398436262393783,0,1283.2630769387285,56.03851950629255
4,470.40000000000003,3783.983265629038,0.19219289713849363,0,0.13052775276940556,0,1283.2630769387285,56.01992185301251
4,470.5,3778.382202025503,0.19211401303919742,0,0.13489577405138037,0,1283.2630769387285,56.0013505060562
4,470.6,3772.7829942461103,0.1920352343886047,0,0.12192351713586273,0,1283.2630769387285,55.98280539100809
4,470.70000000000005,3767.1856396691874,0.19195656094588118,0,0.10855059446548468,0,1283.2630769387285,55.96428643356317
4,470.8,3761.5901356823742,0.19187799246988255,0,0.09711779484577963,0,1283.2630769387285,55.94579355953827
4,470.90000000000003,3755.9964796835557,0.1917995287192055,0,0.15360796196708867,0,1283.2630769387285,55.92732669488349
4,471,3750.4046690734103,0.19172116945221557,0,0.09064837852381787,0,1283.2630769387285,55.90888576569341
4,471.1,3744.8147012628615,0.19164291442710987,0,0.11564904187279078,0,1283.2630769387285,55.89047069821664
4,471.20000000000005,3739.2265736721456,0.19156476340195872,0,0.05094173883056229,0,1283.2630769387285,55.872081418865974
4,471.3,3733.640283723362,0.19148671613472792,0,0.06045335685599431,0,1283.2630769387285,55.85371785422786
4,471.40000000000003,3728.0558288488537,0.1914087723833389,0,0.1260202526502984,0,1283.2630769387285,55.83537993107067
4,471.5,3722.4732064884156,0.19133093190570086,0,0.20665231948265053,0,1283.2630769387285,55.817067576353395
4,471.6,3716.8924140874296,0.1912531944597425,0,0.19861951209116807,0,1283.2630769387285,55.79878071723369
4,471.70000000000005,3711.3134491015226,0.19117555980345974,0,0.19126424491515662,0,1283.2630769387285,55.78051928107531
4,471.8,3705.7363089928403,0.19109802769494025,0,0.2131388861972283,0,1283.2630769387285,55.762283195455566
4,471.90000000000003,3700.160991226323,0.19102059789238737,0,0.2020050620766242,0,1283.2630769387285,55.74407238817226
4,472,3694.5874932846054,0.19094327015418797,0,0.16132346910529863,0,1283.2630769387285,55.72588678724939
4,472.1,3689.015812641941,0.19086604423887896,0,0.14666501300770138,0,1283.2630769387285,55.707726320944715
4,472.20000000000005,3683.4459467949346,0.19078891990525074,0,0.1496854880506007,0,1283.2630769387285,55.689590917753605
4,472.3,3677.8778932364658,0.19071189691231277,0,0.11103226329575322,0,1283.2630769387285,55.67148050641635
4,472.40000000000003,3672.311649473384,0.19063497501936227,0,0.10623905392796539,0,1283.2630769387285,55.65339501592198
4,472.5,3666.7472130199894,0.190558153985996,0,0.12239425210678698,0,1283.2630769387285,55.63533437551402
4,472.6,3661.1845813896507,0.19048143357211214,0,0.09948345912960513,0,1283.2630769387285,55.61729851469494
4,472.70000000000005,3655.6237521106377,0.1904048135379733,0,0.09128483899889232,0,1283.2630769387285,55.599287363229614
4,472.8,3650.0647227140144,0.1903282936441999,0,0.1258333313790387,0,1283.2630769387285,55.581300851150225
4,472.90000000000003,3644.5074907392263,0.1902518736518049,0,0.10676188220376849,0,1283.2630769387285,55.563338908759505
4,473,3638.952053735964,0.19017555332222003,0,0.12372661052569445,0,1283.2630769387285,55.54540146663438
4,473.1,3633.398409252055,0.19009933241728513,0,0.14544859130055426,0,1283.2630769387285,55.52748845562966
4,473.20000000000005,3627.8465548548847,0.1900232106993199,0,0.1415838863607631,0,1283.2630769387285,55.50959980687996
4,473.3,3622.296488107182,0.18994718793108348,0,0.11172332102832581,0,1283.2630769387285,55.4917354518041
4,473.40000000000003,3616.7482065828517,0.18987126387582864,0,0.08516937321268774,0,1283.2630769387285,55.47389532210618
4,473.5,3611.201707863249,0.1897954382973105,0,0.0998492758150086,0,1283.2630769387285,55.4560793497786
4,473.6,3605.656989536248,0.18971971095979973,0,0.07929136666500645,0,1283.2630769387285,55.43828746710418
4,473.70000000000005,3600.114049198106,0.18964408162810278,0,0.11396402145456752,0,1283.2630769387285,55.42051960665832
4,473.8,3594.5728844478726,0.1895685500675618,0,0.152902578756503,0,1283.2630769387285,55.4027757013107
4,473.90000000000003,3589.033492894843,0.1894931160440865,0,0.11343488678962463,0,1283.2630769387285,55.38505568422668
4,474,3583.4958721501753,0.1894177793241467,0,0.08121599299297136,0,1283.2630769387285,55.367359488869084
4,474.1,3577.9600198362023,0.18934253967480685,0,0.08858538273392308,0,1283.2630769387285,55.3496870489989
4,474.20000000000005,3572.4259335827082,0.18926739686373006,0,0.09300958724773774,0,1283.2630769387285,55.33203829867702
4,474.3,3566.8936110232025,0.18919235065917944,0,0.12274950471378138,0,1283.2630769387285,55.31441317226518
4,474.40000000000003,3561.363049798645,0.1891174008300376,0,0.162462425590211,0,1283.2630769387285,55.29681160442664
4,474.5,3555.8342475574464,0.18904254714581697,0,0.16409142763630466,0,1283.2630769387285,55.27923353012681
4,474.6,3550.307201950811,0.18896778937665704,0,0.12368531140415184,0,1283.2630769387285,55.26167888463401
4,474.70000000000005,3544.7819106392562,0.1888931272933495,0,0.10274750711364611,0,1283.2630769387285,55.2441476035195
4,474.8,3539.2583712926134,0.18881856066734745,0,0.08476772814300815,0,1283.2630769387285,55.22663962265809
4,474.90000000000003,3533.7365815807134,0.18874408927074993,0,0.03671454176311572,0,1283.2630769387285,55.20915487822866
4,475,3528.216539184563,0.18866971287633658,0,0.07984406402258588,0,1283.2630769387285,55.19169330671351
4,475.1,3522.6982417926192,0.1885954312575663,0,0.15540093038457461,0,1283.2630769387285,55.17425484489889
4,475.20000000000005,3517.181687094271,0.18852124418856753,0,0.07268586987887678,0,1283.2630769387285,55.15683942987499
4,475.3,3511.6668727882206,0.1884471514441643,0,0.025431711110760098,0,1283.2630769387285,55.13944699903517
4,475.40000000000003,3506.153796577826,0.18837315279987069,0,0.10184521797954887,0,1283.2630769387285,55.12207749007584
4,475.5,3500.6424561757594,0.18829924803190815,0,0.1200938632832498,0,1283.2630769387285,55.10473084099606
4,475.6,3495.1328492984176,0.18822543691719676,0,0.17263800263013684,0,1283.2630769387285,55.087406990097186
4,475.70000000000005,3489.624973668717,0.18815171923336638,0,0.19251007747556242,0,1283.2630769387285,55.070105875982264
4,475.8,3484.118827017024,0.18807809475876336,0,0.19576919541585205,0,1283.2630769387285,55.05282743755513
4,475.90000000000003,3478.6144070792943,0.1880045632724503,0,0.1718092774193427,0,1283.2630769387285,55.0355716140201
4,476,3473.111711596139,0.187931124554207,0,0.1320585464397152,0,1283.2630769387285,55.01833834488094
4,476.1,3467.610738313757,0.1878577783845357,0,0.09007335266041483,0,1283.2630769387285,55.001127569939904
4,476.20000000000005,3462.1114849885926,0.18778452454467592,0,0.07978788191633795,0,1283.2630769387285,54.98393922929677
4,476.3,3456.6139493770897,0.18771136281658224,0,0.08936686948610341,0,1283.2630769387285,54.96677326334831
4,476.40000000000003,3451.118129246868,0.1876382929829534,0,0.14313646702204094,0,1283.2630769387285,54.949629612786474
4,476.5,3445.624022369273,0.1875653148272174,0,0.08750024345309967,0,1283.2630769387285,54.932508218598095
4,476.6,3440.1316265221685,0.18749242813353945,0,0.08616290253438386,0,1283.2630769387285,54.91540902206327
4,476.70000000000005,3434.640939486213,0.1874196326868143,0,0.13339021150101954,0,1283.2630769387285,54.89833196475432
4,476.8,3429.1519590523094,0.18734692827268623,0,0.18033952521588278,0,1283.2630769387285,54.88127698853418
4,476.90000000000003,3423.6646830169484,0.18727431467753938,0,0.23206630182004276,0,1283.2630769387285,54.864244035555686
4,477,3418.179109177552,0.18720179168848672,0,0.26177829220445636,0,1283.2630769387285,54.847233048260065
4,477.1,3412.6952353399247,0.18712935909338846,0,0.26795470011455164,0,1283.2630769387285,54.830243969375104
4,477.20000000000005,3407.2130593173206,0.18705701668085106,0,0.24049884147054126,0,1283.2630769387285,54.813276741914045
4,477.3,3401.7325789285824,0.18698476424022328,0,0.21071781773974532,0,1283.2630769387285,54.79633130917429
4,477.40000000000003,3396.2537919981405,0.1869126015615967,0,0.16137439886799754,0,1283.2630769387285,54.77940761473598
4,477.5,3390.776696352288,0.18684052843579568,0,0.1293803414262119,0,1283.2630769387285,54.762505602460394
4,477.6,3385.301289827563,0.1867685446543978,0,0.12889627127885905,0,1283.2630769387285,54.745625216488044
4,477.70000000000005,3379.827570259571,0.18669665000970623,0,0.13222323593642907,0,1283.2630769387285,54.72876640123765
4,477.8,3374.355535497889,0.18662484429478526,0,0.16478137817227884,0,1283.2630769387285,54.71192910140376
4,477.90000000000003,3368.8851833948866,0.18655312730343399,0,0.1121436784180057,0,1283.2630769387285,54.69511326195614
4,478,3363.4165118038654,0.18648149883017964,0,0.05171314350791422,0,1283.2630769387285,54.6783188281378
4,478.1,3357.949518590234,0.18640995867030402,0,0.1499775191453641,0,1283.2630769387285,54.66154574546287
4,478.20000000000005,3352.4842016194016,0.18633850661981347,0,0.20337731616124136,0,1283.2630769387285,54.6447939597157
4,478.3,3347.020558765158,0.18626714247545748,0,0.23373406871896846,0,1283.2630769387285,54.62806341694848
4,478.40000000000003,3341.558587904088,0.18619586603471389,0,0.23724132407865953,0,1283.2630769387285,54.61135406347993
4,478.5,3336.098286923021,0.18612467709580582,0,0.2209309481078794,0,1283.2630769387285,54.59466584589331
4,478.6,3330.639653709717,0.18605357545767787,0,0.17104611815188345,0,1283.2630769387285,54.577998711035164
4,478.70000000000005,3325.1826861537993,0.1859825609199956,0,0.10834000818168951,0,1283.2630769387285,54.561352606013266
4,478.8,3319.727382163517,0.1859116332831851,0,0.13271233845320357,0,1283.2630769387285,54.54472747819428
4,478.90000000000003,3314.2737396415323,0.18584079234837422,0,0.14894871371027132,0,1283.2630769387285,54.528123275203605
4,479,3308.8217564933,0.18577003791740831,0,0.17483291801310805,0,1283.2630769387285,54.511539944922504
4,479.1,3303.371430637315,0.1856993697928733,0,0.20088803539154051,0,1283.2630769387285,54.49497743548582
4,479.20000000000005,3297.9227599948645,0.18562878777807024,0,0.13643580767283103,0,1283.2630769387285,54.478435695281306
4,479.3,3292.4757424918935,0.1855582916770173,0,0.06101511095862525,0,1283.2630769387285,54.46191467294746
4,479.40000000000003,3287.030376055278,0.18548788129443752,0,0.0891037776246332,0,1283.2630769387285,54.445414317371714
4,479.5,3281.5866586258635,0.18541755643578867,0,0.11719093531550966,0,1283.2630769387285,54.428934577688224
4,479.6,3276.144588141702,0.18534731690722084,0,0.14469173636550806,0,1283.2630769387285,54.41247540327706
4,479.70000000000005,3270.704162548296,0.18527716251559773,0,0.15449297585949068,0,1283.2630769387285,54.39603674376152
4,479.8,3265.265379796736,0.18520709306849006,0,0.14908448012725053,0,1283.2630769387285,54.37961854900661
4,479.90000000000003,3259.828237844631,0.1851371083741754,0,0.12949819584805713,0,1283.2630769387285,54.3632207691174
4,480,3254.392734652385,0.18506720824162723,0,0.12457260809368008,0,1283.2630769387285,54.346843354437354
4,480.1,3248.9588681850582,0.1849973924805156,0,0.06615698050268684,0,1283.2630769387285,54.3304862555463
4,480.20000000000005,3243.5266364160925,0.18492766090121396,0,0.05650213014410869,0,1283.2630769387285,54.314149423258606
4,480.3,3238.0960373179987,0.18485801331477447,0,0.07966097782177498,0,1283.2630769387285,54.297832808621926
4,480.40000000000003,3232.6670688744634,0.18478844953295315,0,0.14743185989919205,0,1283.2630769387285,54.281536362914586
4,480.5,3227.2397290701047,0.18471896936818363,0,0.06822956277766955,0,1283.2630769387285,54.265260037644666
4,480.6,3221.8140158932656,0.18464957263358023,0,0.1026189154756924,0,1283.2630769387285,54.24900378454777
4,480.70000000000005,3216.3899273406714,0.18458025914294615,0,0.14134047744361702,0,1283.2630769387285,54.23276755558512
4,480.8,3210.9674614127725,0.1845110287107601,0,0.14137244428849613,0,1283.2630769387285,54.21655130294228
4,480.90000000000003,3205.546616111882,0.18444188115216822,0,0.18509545845982803,0,1283.2630769387285,54.200354979027246
4,481,3200.1273894505575,0.18437281628300148,0,0.18114238310366287,0,1283.2630769387285,54.18417853646836
4,481.1,3194.709779442288,0.1843038339197507,0,0.19390819908873233,0,1283.2630769387285,54.168021928113326
4,481.20000000000005,3189.2937841033563,0.18423493387956733,0,0.17235622918641297,0,1283.2630769387285,54.151885107026935
4,481.3,3183.879401463084,0.18416611598028534,0,0.18662154278976018,0,1283.2630769387285,54.135768026489245
4,481.40000000000003,3178.4666295424104,0.1840973800403672,0,0.12915612118470401,0,1283.2630769387285,54.119670639994816
4,481.5,3173.0554663799703,0.1840287258789616,0,0.05857476600342974,0,1283.2630769387285,54.10359290124946
4,481.6,3167.645910009742,0.18396015331584908,0,0.025185559480709146,0,1283.2630769387285,54.08753476417013
4,481.70000000000005,3162.237958475016,0.1838916621714708,0,0.11484221326029145,0,1283.2630769387285,54.07149618288223
4,481.8,3156.8316098218784,0.18382325226691018,0,0.15977731704062975,0,1283.2630769387285,54.05547711171837
4,481.90000000000003,3151.426862104796,0.1837549234239039,0,0.14202139352528997,0,1283.2630769387285,54.03947750521668
4,482,3146.0237133773044,0.18368667546481618,0,0.1516148684310761,0,1283.2630769387285,54.02349731811945
4,482.1,3140.622161696665,0.18361850821264564,0,0.0972855333286218,0,1283.2630769387285,54.00753650537102
4,482.20000000000005,3135.2222051369026,0.18355042149105452,0,0.12213016878675094,0,1283.2630769387285,53.991595022115966
4,482.3,3129.8238417590037,0.18348241512429503,0,0.10587164001903368,0,1283.2630769387285,53.975672823698964
4,482.40000000000003,3124.4270696416497,0.18341448893727721,0,0.12680009833668773,0,1283.2630769387285,53.95976986566119
4,482.5,3119.031886857003,0.18334664275550977,0,0.12623895801700258,0,1283.2630769387285,53.943886103740205
4,482.6,3113.6382914911956,0.18327887640514426,0,0.1699775988879473,0,1283.2630769387285,53.92802149386727
4,482.70000000000005,3108.2462816303596,0.18321118971294034,0,0.09050596687559687,0,1283.2630769387285,53.912175992166745
4,482.8,3102.8558553680778,0.18314358250627993,0,0.04365561884388729,0,1283.2630769387285,53.89634955495407
4,482.90000000000003,3097.4670107970014,0.18307605461314383,0,0.057540956933163065,0,1283.2630769387285,53.880542138734725
4,483,3092.0797460200265,0.18300860586213477,0,0.12275201638170506,0,1283.2630769387285,53.86475370020187
4,483.1,3086.6940591381863,0.18294123608244625,0,0.19087534621887653,0,1283.2630769387285,53.84898419623566
4,483.20000000000005,3081.3099482627586,0.18287394510388727,0,0.1452527701506017,0,1283.2630769387285,53.8332335839011
4,483.3,3075.9274115059525,0.1828067327568582,0,0.1674906037073556,0,1283.2630769387285,53.817501820447156
4,483.40000000000003,3070.546446985565,0.1827395988723578,0,0.10073197928564413,0,1283.2630769387285,53.80178886330487
4,483.5,3065.1670528221875,0.18267254328197394,0,0.07292980884633574,0,1283.2630769387285,53.78609467008613
4,483.6,3059.78922714293,0.1826055658178889,0,0.08184449231565614,0,1283.2630769387285,53.77041919858204
4,483.70000000000005,3054.412968077697,0.1825386663128682,0,0.09470389585806996,0,1283.2630769387285,53.75476240676178
4,483.8,3049.0382737573236,0.18247184460025198,0,0.1370510291508877,0,1283.2630769387285,53.73912425277096
4,483.90000000000003,3043.665142324753,0.18240510051397885,0,0.17138543406059056,0,1283.2630769387285,53.72350469492987
4,484,3038.293571919203,0.1823384338885461,0,0.11839892024745904,0,1283.2630769387285,53.70790369173307
4,484.1,3032.923560688272,0.18227184455903397,0,0.035633060289765345,0,1283.2630769387285,53.692321201847044
4,484.20000000000005,3027.5551067832857,0.18220533236109257,0,0.055576121589856115,0,1283.2630769387285,53.6767571841093
4,484.3,3022.188208357431,0.18213889713093406,0,0.13822969822976858,0,1283.2630769387285,53.661211597527036
4,484.40000000000003,3016.822863572277,0.18207253870534484,0,0.1867656280385015,0,1283.2630769387285,53.64568440127546
4,484.5,3011.459070588462,0.18200625692166128,0,0.1429866760193259,0,1283.2630769387285,53.63017555469711
4,484.6,3006.096827575937,0.18194005161778995,0,0.15249561225345593,0,1283.2630769387285,53.61468501729973
4,484.70000000000005,3000.7361326999962,0.18187392263217228,0,0.08880617698180933,0,1283.2630769387285,53.59921274875582
4,484.8,2995.3769841408357,0.1818078698038267,0,0.08264680865007337,0,1283.2630769387285,53.583758708900184
4,484.90000000000003,2990.0193800767884,0.18174189297230808,0,0.09612640105907215,0,1283.2630769387285,53.56832285773001
4,485,2984.6633186899126,0.18167599197771644,0,0.11145519069076734,0,1283.2630769387285,53.552905155402854
4,485.1,2979.308798169717,0.18161016666070343,0,0.14368227830231411,0,1283.2630769387285,53.53750556223535
4,485.20000000000005,2973.9558167010546,0.1815444168624403,0,0.16931745460731834,0,1283.2630769387285,53.52212403870251
4,485.3,2968.6043724874035,0.18147874242467005,0,0.11318020125909843,0,1283.2630769387285,53.50676054543536
4,485.40000000000003,2963.254463721998,0.1814131431896378,0,0.03716473561243752,0,1283.2630769387285,53.49141504322149
4,485.5,2957.906088608317,0.18134761900013394,0,0.01941376276125622,0,1283.2630769387285,53.47608749300216
4,485.6,2952.559245354496,0.18128216969947952,0,0.08635345402685013,0,1283.2630769387285,53.46077785587196
4,485.70000000000005,2947.2139321677387,0.18121679513151004,0,0.13361552371066385,0,1283.2630769387285,53.445486093077655
4,485.8,2941.870147269219,0.18115149514060777,0,0.07990245381704314,0,1283.2630769387285,53.43021216601644
4,485.90000000000003,2936.5278888726607,0.1810862695716492,0,0.1370391825083753,0,1283.2630769387285,53.41495603623595
4,486,2931.187155202031,0.18102111827004236,0,0.11651255902742967,0,1283.2630769387285,53.39971766543192
4,486.1,2925.847944480367,0.1809560410816989,0,0.1196960801670771,0,1283.2630769387285,53.3844970154477
4,486.20000000000005,2920.5102549390867,0.1808910378530522,0,0.16387242469971391,0,1283.2630769387285,53.36929404827261
4,486.3,2915.1740848142654,0.18082610843104727,0,0.17570186730108256,0,1283.2630769387285,53.35410872604143
4,486.40000000000003,2909.8394323410466,0.1807612526631245,0,0.17095798979641125,0,1283.2630769387285,53.33894101103333
4,486.5,2904.506295762025,0.18069647039723613,0,0.19289565332792638,0,1283.2630769387285,53.32379086567024
4,486.6,2899.1746733197942,0.18063176148182644,0,0.13673112354947667,0,1283.2630769387285,53.30865825251636
4,486.70000000000005,2893.844563262537,0.1805671257658414,0,0.12721791037451394,0,1283.2630769387285,53.29354313427644
4,486.8,2888.515963844955,0.18050256309872925,0,0.11008005685531898,0,1283.2630769387285,53.278445473795166
4,486.90000000000003,2883.188873323612,0.18043807333042705,0,0.05539046939969474,0,1283.2630769387285,53.26336523405634
4,487,2877.8632899569348,0.1803736563113577,0,0.10174979107636603,0,1283.2630769387285,53.248302378181585
4,487.1,2872.5392120070755,0.18030931189243127,0,0.15494749970539134,0,1283.2630769387285,53.233256869429276
4,487.20000000000005,2867.216637743637,0.18024503992505164,0,0.11776140017728194,0,1283.2630769387285,53.21822867119351
4,487.3,2861.8955654362217,0.18018084026109674,0,0.031367531095331844,0,1283.2630769387285,53.203217747003436
4,487.40000000000003,2856.575993359089,0.18011671275292634,0,0.05006190399668064,0,1283.2630769387285,53.18822406052196
4,487.5,2851.257919792086,0.1800526572533823,0,0.08393988280605726,0,1283.2630769387285,53.173247575544906
4,487.6,2845.941343013197,0.17998867361576826,0,0.10018907363816502,0,1283.2630769387285,53.15828825600025
4,487.70000000000005,2840.626261310652,0.17992476169387517,0,0.10730031077349911,0,1283.2630769387285,53.143346065946524
4,487.8,2835.3126729708165,0.17986092134195122,0,0.1250180915016393,0,1283.2630769387285,53.128420969572744
4,487.90000000000003,2830.000576290302,0.17979715241472735,0,0.08193881416045362,0,1283.2630769387285,53.1135129311967
4,488,2824.6899695610628,0.17973345476738076,0,0.09608627072796554,0,1283.2630769387285,53.09862191526494
4,488.1,2819.3808510852978,0.17966982825556566,0,0.10843694296780118,0,1283.2630769387285,53.083747886350906
4,488.20000000000005,2814.073219165206,0.17960627273538865,0,0.09203435162733387,0,1283.2630769387285,53.06889080915472
4,488.3,2808.7670721057802,0.17954278806341178,0,0.13700126253031608,0,1283.2630769387285,53.05405064850197
4,488.40000000000003,2803.462408219464,0.17947937409666143,0,0.18331651123199652,0,1283.2630769387285,53.03922736934281
4,488.5,2798.159225818701,0.17941603069260884,0,0.11156907292836067,0,1283.2630769387285,53.02442093675143
4,488.6,2792.8575232215226,0.1793527577091804,0,0.03816716895517674,0,1283.2630769387285,53.00963131592479
4,488.70000000000005,2787.5572987450287,0.17928955500474053,0,0.05041066852320706,0,1283.2630769387285,52.994858472182194
4,488.8,2782.2585507174954,0.17922642243811673,0,0.10217027258072625,0,1283.2630769387285,52.98010237096373
4,488.90000000000003,2776.961277462542,0.17916335986856208,0,0.11532375061297474,0,1283.2630769387285,52.96536297783051
4,489,2771.6654773131013,0.17910036715578373,0,0.09630607479931155,0,1283.2630769387285,52.950640258462776
4,489.1,2766.3711486039683,0.17903744415992473,0,0.11477140336445242,0,1283.2630769387285,52.93593417865995
4,489.20000000000005,2761.0782896708697,0.17897459074155914,0,0.0935068528435953,0,1283.2630769387285,52.921244704339394
4,489.3,2755.786898860708,0.17891180676171367,0,0.11435685969369705,0,1283.2630769387285,52.906571801535556
4,489.40000000000003,2750.4969745129347,0.17884909208182295,0,0.11858029866307562,0,1283.2630769387285,52.89191543639997
4,489.5,2745.208514975384,0.17878644656376239,0,0.13579190300932945,0,1283.2630769387285,52.877275575199306
4,489.6,2739.921518601477,0.1787238700698406,0,0.1255565058947032,0,1283.2630769387285,52.862652184315145
4,489.70000000000005,2734.635983741842,0.178661362462778,0,0.16131241304891583,0,1283.2630769387285,52.84804523024346
4,489.8,2729.3519087601453,0.17859892360574073,0,0.10825551031559441,0,1283.2630769387285,52.83345467959319
4,489.90000000000003,2724.0692920144647,0.17853655336229682,0,0.05570860122190438,0,1283.2630769387285,52.81888049908665
4,490,2718.7881318684667,0.17847425159643837,0,0.11211048774235231,0,1283.2630769387285,52.80432265555769
4,490.1,2713.508426692337,0.1784120181725822,0,0.12819834597707214,0,1283.2630769387285,52.78978111595131
4,490.20000000000005,2708.2301748590544,0.17834985295556005,0,0.1424878276422638,0,1283.2630769387285,52.77525584732323
4,490.3,2702.9533747397363,0.17828775581060496,0,0.13998296435000152,0,1283.2630769387285,52.760746816839216
4,490.40000000000003,2697.6780247120187,0.17822572660336808,0,0.13107900834926914,0,1283.2630769387285,52.74625399177376
4,490.5,2692.4041231600568,0.17816376519991756,0,0.13770029564693298,0,1283.2630769387285,52.73177733950976
4,490.6,2687.131668465212,0.17810187146671505,0,0.16821815450254346,0,1283.2630769387285,52.71731682753813
4,490.70000000000005,2681.8606590172276,0.17804004527063902,0,0.1649299287851911,0,1283.2630769387285,52.70287242345657
4,490.8,2676.591093205847,0.1779782864789642,0,0.16651358556809465,0,1283.2630769387285,52.688444094969434
4,490.90000000000003,2671.3229694217443,0.17791659495936044,0,0.1314306703302614,0,1283.2630769387285,52.67403180988665
4,491,2666.056286068633,0.17785497057991995,0,0.13172246776770707,0,1283.2630769387285,52.65963553612288
4,491.1,2660.7910415446386,0.177793413209113,0,0.06808454636272797,0,1283.2630769387285,52.64525524169791
4,491.20000000000005,2655.5272342525423,0.1777319227158082,0,0.08885771283044598,0,1283.2630769387285,52.630890894735025
4,491.3,2650.2648625969887,0.17767049896926454,0,0.15711974556736474,0,1283.2630769387285,52.616542463460654
4,491.40000000000003,2645.003924991004,0.17760914183914442,0,0.19427139585171666,0,1283.2630769387285,52.602209916203456
4,491.5,2639.7444198466837,0.17754785119549132,0,0.21335413120861046,0,1283.2630769387285,52.58789322139438
4,491.6,2634.486345580779,0.17748662690874004,0,0.20417011090372544,0,1283.2630769387285,52.573592347565565
4,491.70000000000005,2629.2297006156296,0.1774254688497175,0,0.20064433810913132,0,1283.2630769387285,52.55930726334981
4,491.8,2623.9744833689183,0.17736437688961731,0,0.21408542680351514,0,1283.2630769387285,52.54503793748042
4,491.90000000000003,2618.7206922704354,0.17730335090003554,0,0.22252203391683897,0,1283.2630769387285,52.5307843387896
4,492,2613.4683257453144,0.1772423907529319,0,0.22096253287184983,0,1283.2630769387285,52.51654643620901
4,492.1,2608.2173822261393,0.17718149632065416,0,0.199753861053309,0,1283.2630769387285,52.502324198768164
4,492.20000000000005,2602.967860150151,0.17712066747593122,0,0.1681445291084813,0,1283.2630769387285,52.48811759559444
4,492.3,2597.7197579527274,0.17705990409185654,0,0.12986167769765483,0,1283.2630769387285,52.473926595912694
4,492.40000000000003,2592.4730740766972,0.17699920604190672,0,0.12036582312288174,0,1283.2630769387285,52.459751169044054
4,492.5,2587.227806966752,0.17693857319992795,0,0.12236213066155616,0,1283.2630769387285,52.44559128440596
4,492.6,2581.9839550703764,0.1768780054401364,0,0.14955113631824224,0,1283.2630769387285,52.4314469115114
4,492.70000000000005,2576.741516836919,0.17681750263711424,0,0.17731819082548844,0,1283.2630769387285,52.4173180199685
4,492.8,2571.500490720384,0.1767570646658135,0,0.17990305480585855,0,1283.2630769387285,52.40320457947951
4,492.90000000000003,2566.260875175707,0.17669669140154703,0,0.1748988217909166,0,1283.2630769387285,52.38910655984075
4,493,2561.022668662481,0.1766363827199947,0,0.13968582058310086,0,1283.2630769387285,52.37502393094187
4,493.1,2555.785869645886,0.17657613849720435,0,0.12678413819140666,0,1283.2630769387285,52.36095666276533
4,493.20000000000005,2550.55047658924,0.1765159586095735,0,0.1255412194912173,0,1283.2630769387285,52.346904725386246
4,493.3,2545.3164879614487,0.17645584293386363,0,0.10088594000407321,0,1283.2630769387285,52.33286808897131
4,493.40000000000003,2540.083902235143,0.17639579134719544,0,0.08717993162416535,0,1283.2630769387285,52.31884672377869
4,493.5,2534.8527178829536,0.1763358037270382,0,0.05332104176771028,0,1283.2630769387285,52.30484060015745
4,493.6,2529.622933381237,0.1762758799512163,0,0.08358633019244409,0,1283.2630769387285,52.29084968854684
4,493.70000000000005,2524.3945472119376,0.1762160198979123,0,0.16026036506138353,0,1283.2630769387285,52.276873959475864
4,493.8,2519.1675578597933,0.17615622344565987,0,0.07990200307989527,0,1283.2630769387285,52.26291338356308
4,493.90000000000003,2513.9419638076797,0.1760964904733307,0,0.05594812035272834,0,1283.2630769387285,52.24896793151607
4,494,2508.717763545923,0.17603682086015376,0,0.0872828625556808,0,1283.2630769387285,52.23503757413047
4,494.1,2503.4949555657804,0.17597721448569986,0,0.10190949707597907,0,1283.2630769387285,52.22112228229003
4,494.20000000000005,2498.2735383640975,0.17591767122989044,0,0.11881176307242436,0,1283.2630769387285,52.207222026965866
4,494.3,2493.053510436788,0.1758581909729816,0,0.12632105552252884,0,1283.2630769387285,52.19333677921637
4,494.40000000000003,2487.834870287217,0.1757987735955811,0,0.16370150114842147,0,1283.2630769387285,52.17946651018621
4,494.5,2482.617616415024,0.17573941897862194,0,0.12034564778172482,0,1283.2630769387285,52.165611191106514
4,494.6,2477.4017473291606,0.17568012700338975,0,0.08397370164322124,0,1283.2630769387285,52.15177079329361
4,494.70000000000005,2472.1872615395114,0.17562089755150348,0,0.04592113839736918,0,1283.2630769387285,52.13794528814933
4,494.8,2466.9741575578228,0.17556173050491558,0,0.07706741678741803,0,1283.2630769387285,52.12413464716034
4,494.90000000000003,2461.7624338958412,0.1755026257459059,0,0.12683741714526325,0,1283.2630769387285,52.1103388418976
4,495,2456.552089075558,0.17544358315710334,0,0.18995141478630967,0,1283.2630769387285,52.09655784401563
4,495.1,2451.34312161617,0.17538460262145647,0,0.12560582142274276,0,1283.2630769387285,52.08279162525292
4,495.20000000000005,2446.1355300415307,0.17532568402224746,0,0.09558884918759838,0,1283.2630769387285,52.069040157430805
4,495.3,2440.9293128764257,0.1752668272430827,0,0.07620586775127743,0,1283.2630769387285,52.055303412453355
4,495.40000000000003,2435.724468652159,0.17520803216790412,0,0.1253168906175698,0,1283.2630769387285,52.04158136230669
4,495.5,2430.520995900035,0.17514929868097343,0,0.14232980432305178,0,1283.2630769387285,52.02787397905895
4,495.6,2425.3188931513578,0.17509062666686998,0,0.19584458511522637,0,1283.2630769387285,52.01418123485971
4,495.70000000000005,2420.1181589476764,0.17503201601051277,0,0.23955251652212822,0,1283.2630769387285,52.0005031019392
4,495.8,2414.9187918296084,0.17497346659713484,0,0.1757967951562324,0,1283.2630769387285,51.986839552608565
4,495.90000000000003,2409.720790337771,0.17491497831228314,0,0.1635125857037427,0,1283.2630769387285,51.97319055925931
4,496,2404.524153020233,0.17485655104183426,0,0.12590827212996358,0,1283.2630769387285,51.95955609436257
4,496.1,2399.3288784222677,0.17479818467196975,0,0.06975253325410763,0,1283.2630769387285,51.945936130469086
4,496.20000000000005,2394.134965095669,0.17473987908919544,0,0.10142259361687006,0,1283.2630769387285,51.93233064020831
4,496.3,2388.942411596887,0.1746816341803371,0,0.17841174933424875,0,1283.2630769387285,51.918739596288475
4,496.40000000000003,2383.751216479577,0.17462344983252187,0,0.09823177280188673,0,1283.2630769387285,51.90516297149635
4,496.5,2378.5613783076406,0.1745653259332062,0,0.09240261812418904,0,1283.2630769387285,51.891600738696376
4,496.6,2373.372895640321,0.17450726237014172,0,0.12332858086794271,0,1283.2630769387285,51.878052870830935
4,496.70000000000005,2368.1857670443133,0.17444925903140007,0,0.16761916948985398,0,1283.2630769387285,51.86451934091931
4,496.8,2362.9999910825863,0.17439131580534728,0,0.19669376358308371,0,1283.2630769387285,51.85100012205787
4,496.90000000000003,2357.815566330217,0.17433343258067724,0,0.2411663350397833,0,1283.2630769387285,51.837495187418924
4,497,2352.6324913604185,0.1742756092463809,0,0.2832664417161812,0,1283.2630769387285,51.82400451025139
4,497.1,2347.450764745474,0.1742178456917458,0,0.23002614232394117,0,1283.2630769387285,51.81052806388004
4,497.20000000000005,2342.2703850641847,0.1741601418063712,0,0.21483903569744053,0,1283.2630769387285,51.79706582170469
4,497.3,2337.0913509009406,0.1741024974801656,0,0.17890461442423786,0,1283.2630769387285,51.78361775720021
4,497.40000000000003,2331.9136608345434,0.17404491260332067,0,0.12194087562859518,0,1283.2630769387285,51.77018384391662
4,497.5,2326.737313453108,0.17398738706634234,0,0.11852182849043102,0,1283.2630769387285,51.75676405547782
4,497.6,2321.562307345681,0.17392992076003175,0,0.15963356920268248,0,1283.2630769387285,51.743358365581926
4,497.70000000000005,2316.388641103171,0.1738725135754861,0,0.1463413460601427,0,1283.2630769387285,51.72996674800079
4,497.8,2311.2163133192807,0.17381516540409947,0,0.0898121208158272,0,1283.2630769387285,51.71658917657962
4,497.90000000000003,2306.0453225933015,0.17375787613756777,0,0.048651717519707524,0,1283.2630769387285,51.70322562523661
4,498,2300.8756675207987,0.17370064566786703,0,0.1109753414391381,0,1283.2630769387285,51.689876067962864
4,498.1,2295.707346708514,0.17364347388728532,0,0.13412982852965988,0,1283.2630769387285,51.67654047882161
4,498.20000000000005,2290.5403587557375,0.17358636068838032,0,0.16434116950135774,0,1283.2630769387285,51.66321883194853
4,498.3,2285.374702271074,0.1735293059640147,0,0.21306956033218163,0,1283.2630769387285,51.64991110155061
4,498.40000000000003,2280.210375867784,0.17347230960734586,0,0.17467230464035852,0,1283.2630769387285,51.63661726190641
4,498.5,2275.047378152609,0.17341537151179953,0,0.13662815368223022,0,1283.2630769387285,51.62333728736598
4,498.6,2269.885707744397,0.17335849157110925,0,0.10520493013636424,0,1283.2630769387285,51.610071152349605
4,498.70000000000005,2264.7253632592037,0.17330166967928343,0,0.09324463483478584,0,1283.2630769387285,51.59681883134852
4,498.8,2259.5663433140144,0.17324490573061152,0,0.08516796778977544,0,1283.2630769387285,51.583580298923984
4,498.90000000000003,2254.4086465379223,0.17318819961968823,0,0.1579480179010245,0,1283.2630769387285,51.57035552970693
4,499,2249.252271551639,0.17313155124136764,0,0.14357096434551278,0,1283.2630769387285,51.557144498398486
4,499.1,2244.0972169796005,0.17307496049078724,0,0.06203984049283183,0,1283.2630769387285,51.54394717976869
4,499.20000000000005,2238.9434814564884,0.17301842726338204,0,0.02369137620671983,0,1283.2630769387285,51.53076354865627
4,499.3,2233.7910636132583,0.17296195145485366,0,0.07726920857094911,0,1283.2630769387285,51.51759357996907
4,499.40000000000003,2228.6399620855227,0.17290553296118683,0,0.10699076726224893,0,1283.2630769387285,51.504437248683296
4,499.5,2223.490175508894,0.172849171678638,0,0.14776094531407954,0,1283.2630769387285,51.49129452984326
4,499.6,2218.341702525504,0.17279286750374898,0,0.19115762360573457,0,1283.2630769387285,51.478165398560996
4,499.70000000000005,2213.1945417756215,0.1727366203333273,0,0.16112268052979764,0,1283.2630769387285,51.46504983001624
4,499.8,2208.048691908829,0.17268043006446998,0,0.1274299511540235,0,1283.2630769387285,51.4519477994558
4,499.90000000000003,2202.904151567258,0.17262429659452597,0,0.10097269968754588,0,1283.2630769387285,51.43885928219394
4,500,2197.7609194023535,0.17256821982113035,0,0.08051024651819282,0,1283.2630769387285,51.42578425361113
4,500.1,2192.618994067423,0.17251219964218875,0,0.05826053096733879,0,1283.2630769387285,51.41272268915436
4,500.20000000000005,2187.478374218568,0.17245623595587795,0,0.12475001196494717,0,1283.2630769387285,51.399674564336934
4,500.3,2182.339058510028,0.17240032866063437,0,0.12871284849679077,0,1283.2630769387285,51.38663985473818
4,500.40000000000003,2177.2010456034914,0.17234447765517352,0,0.07613630419278862,0,1283.2630769387285,51.37361853600274
4,500.5,2172.0643341606483,0.17228868283847273,0,0.05957662353966799,0,1283.2630769387285,51.360610583840845
4,500.6,2166.928922845982,0.17223294410977638,0,0.12489730791183064,0,1283.2630769387285,51.34761597402766
4,500.70000000000005,2161.7948103277013,0.17217726136859696,0,0.14722440964392758,0,1283.2630769387285,51.334634682403255
4,500.8,2156.6619952730834,0.1721216345147039,0,0.15768034261556585,0,1283.2630769387285,51.3216666848724
4,500.90000000000003,2151.530476355925,0.17206606344813866,0,0.19890157707969006,0,1283.2630769387285,51.30871195740387
4,501,2146.400252249092,0.17201054806919794,0,0.1736438194017986,0,1283.2630769387285,51.29577047603077
4,501.1,2141.2713216282427,0.1719550882784402,0,0.1749306110992343,0,1283.2630769387285,51.28284221684981
4,501.20000000000005,2136.143683171831,0.17189968397668487,0,0.15877901881499548,0,1283.2630769387285,51.26992715602116
4,501.3,2131.0173355629668,0.17184433506501598,0,0.10606180863549629,0,1283.2630769387285,51.25702526976826
4,501.40000000000003,2125.8922774866223,0.17178904144477516,0,0.09195198686929773,0,1283.2630769387285,51.24413653437769
4,501.5,2120.7685076259077,0.1717338030175523,0,0.09666712795112731,0,1283.2630769387285,51.23126092619898
4,501.6,2115.6460246695206,0.17167861968520037,0,0.070965734249854,0,1283.2630769387285,51.21839842164389
4,501.70000000000005,2110.524827311747,0.1716234913498353,0,0.15179101071981105,0,1283.2630769387285,51.20554899718649
4,501.8,2105.404914241284,0.1715684179138106,0,0.11093309954099403,0,1283.2630769387285,51.19271262936326
4,501.90000000000003,2100.2862841580063,0.17151339927975257,0,0.07957756815349121,0,1283.2630769387285,51.17988929477201
4,502,2095.168935758993,0.1714584353505297,0,0.06515876045057536,0,1283.2630769387285,51.16707897007259
4,502.1,2090.0528677403927,0.17140352602925468,0,0.0776345645925029,0,1283.2630769387285,51.154281631986024
4,502.20000000000005,2084.938078810461,0.17134867121931277,0,0.10730568239676402,0,1283.2630769387285,51.1414972572941
4,502.3,2079.824567670934,0.1712938708243202,0,0.09570840656916027,0,1283.2630769387285,51.128725822839975
4,502.40000000000003,2074.7123330272734,0.17123912474814532,0,0.10619513103552218,0,1283.2630769387285,51.11596730552716
4,502.5,2069.601373590529,0.17118443289491136,0,0.10615342740965293,0,1283.2630769387285,51.103221682319344
4,502.6,2064.491688074544,0.17112979516899102,0,0.06127253567403905,0,1283.2630769387285,51.09048893024056
4,502.70000000000005,2059.383275189437,0.17107521147498997,0,0.061769288321091485,0,1283.2630769387285,51.077769026375
4,502.8,2054.276133653708,0.17102068171777263,0,0.08637954927773861,0,1283.2630769387285,51.06506194786613
4,502.90000000000003,2049.1702621877193,0.17096620580244773,0,0.12044790386935977,0,1283.2630769387285,51.05236767191709
4,503,2044.0656595090404,0.17091178363435683,0,0.2049513460956697,0,1283.2630769387285,51.03968617579045
4,503.1,2038.9623243408278,0.17085741511909122,0,0.1572808442715429,0,1283.2630769387285,51.02701743680751
4,503.20000000000005,2033.8602554108948,0.17080310016248984,0,0.12641644957230314,0,1283.2630769387285,51.014361432348345
4,503.3,2028.7594514442608,0.17074883867062216,0,0.09771524884556375,0,1283.2630769387285,51.00171813985186
4,503.40000000000003,2023.6599111715332,0.1706946305498048,0,0.05759600513746964,0,1283.2630769387285,50.989087536815035
4,503.5,2018.5616333289072,0.17064047570660212,0,0.0770776527165914,0,1283.2630769387285,50.976469600793116
4,503.6,2013.4646166460589,0.17058637404779817,0,0.08325084149879565,0,1283.2630769387285,50.96386430939959
4,503.70000000000005,2008.3688598619774,0.17053232548042987,0,0.12430594307407747,0,1283.2630769387285,50.951271640305286
4,503.8,2003.2743617137894,0.17047832991176262,0,0.11741267803051508,0,1283.2630769387285,50.9386915712387
4,503.90000000000003,1998.1811209442094,0.1704243872493052,0,0.12223052705664873,0,1283.2630769387285,50.926124079985456
4,504,1993.0891362978145,0.17037049740080148,0,0.05325494725380887,0,1283.2630769387285,50.91356914438842
4,504.1,1987.9984065145254,0.17031666027421472,0,0.060739748569140946,0,1283.2630769387285,50.90102674234743
4,504.20000000000005,1982.908930350095,0.1702628757777714,0,0.15862853284110567,0,1283.2630769387285,50.88849685181846
4,504.3,1977.8207065481693,0.17020914381990082,0,0.22176629550267862,0,1283.2630769387285,50.8759794508147
4,504.40000000000003,1972.7337338626385,0.1701554643092808,0,0.19329854727297943,0,1283.2630769387285,50.863474517404946
4,504.5,1967.6480110492557,0.1701018371548205,0,0.14834817415024298,0,1283.2630769387285,50.85098202971425
4,504.6,1962.5635368619114,0.17004826226565073,0,0.12299665848094217,0,1283.2630769387285,50.83850196592361
4,504.70000000000005,1957.4803100610152,0.16999473955114122,0,0.10825792858149849,0,1283.2630769387285,50.82603430426942
4,504.8,1952.398329407908,0.16994126892088857,0,0.08827586398203062,0,1283.2630769387285,50.813579023043694
4,504.90000000000003,1947.3175936620682,0.16988785028470832,0,0.12379265461444783,0,1283.2630769387285,50.80113610059367
4,505,1942.2381015922874,0.1698344835526588,0,0.172751989141026,0,1283.2630769387285,50.78870551532134
4,505.1,1937.1598519654945,0.16978116863501685,0,0.1650848569297907,0,1283.2630769387285,50.77628724568385
4,505.20000000000005,1932.0828435523435,0.16972790544228872,0,0.16202739371552455,0,1283.2630769387285,50.763881270192954
4,505.3,1927.0070751216263,0.16967469388519685,0,0.09070876472065549,0,1283.2630769387285,50.751487567414976
4,505.40000000000003,1921.9325454495847,0.1696215338746993,0,0.03448652924214236,0,1283.2630769387285,50.73910611597019
4,505.5,1916.8592533133924,0.16956842532197558,0,0.14526184048489765,0,1283.2630769387285,50.72673689453316
4,505.6,1911.78719748836,0.16951536813841944,0,0.20520119149414384,0,1283.2630769387285,50.71437988183248
4,505.70000000000005,1906.7163767544553,0.16946236223565148,0,0.19376503391239447,0,1283.2630769387285,50.702035056650125
4,505.8,1901.6467898953706,0.16940940752551722,0,0.1783422935697237,0,1283.2630769387285,50.68970239782154
4,505.90000000000003,1896.5784356938675,0.16935650392007617,0,0.17258513445424573,0,1283.2630769387285,50.6773818842356
4,506,1891.5113129392266,0.16930365133161732,0,0.15688919320605477,0,1283.2630769387285,50.66507349483416
4,506.1,1886.4454204151407,0.16925084967263174,0,0.15310034848115708,0,1283.2630769387285,50.652777208612214
4,506.20000000000005,1881.3807569192722,0.16919809885585452,0,0.1910928887318945,0,1283.2630769387285,50.640493004617056
4,506.3,1876.3173212371767,0.16914539879420812,0,0.21761415961306918,0,1283.2630769387285,50.62822086194923
4,506.40000000000003,1871.2551121683791,0.1690927494008566,0,0.2178805769027521,0,1283.2630769387285,50.61596075976092
4,506.5,1866.1941285105422,0.1690401505891725,0,0.19864998177464585,0,1283.2630769387285,50.6037126772569
4,506.6,1861.1343690603971,0.16898760227273713,0,0.15167936008951616,0,1283.2630769387285,50.591476593694125
4,506.70000000000005,1856.0758326211944,0.16893510436535597,0,0.08534076777708816,0,1283.2630769387285,50.579252488381066
4,506.8,1851.018517991528,0.16888265678103362,0,0.03371808361714804,0,1283.2630769387285,50.567040340678105
4,506.90000000000003,1845.9624239820987,0.16883025943400934,0,0.07584056540418654,0,1283.2630769387285,50.55484012999657
4,507,1840.9075493961573,0.1687779122387151,0,0.15185512250386782,0,1283.2630769387285,50.54265183579971
4,507.1,1835.853893045336,0.16872561510980766,0,0.10866765695801259,0,1283.2630769387285,50.530475437601396
4,507.20000000000005,1830.8014537394047,0.16867336796214666,0,0.05532303990458493,0,1283.2630769387285,50.51831091496674
4,507.3,1825.7502302946523,0.16862117071081187,0,0.08519534730763866,0,1283.2630769387285,50.50615824751143
4,507.40000000000003,1820.7002215245739,0.16856902327108267,0,0.10366000060554544,0,1283.2630769387285,50.49401741490201
4,507.5,1815.6514262454584,0.16851692555844855,0,0.09499900993126364,0,1283.2630769387285,50.481888396855304
4,507.6,1810.603843279183,0.16846487748861477,0,0.13369645706732178,0,1283.2630769387285,50.46977117313817
4,507.70000000000005,1805.557471446693,0.16841287897748847,0,0.12027436950316327,0,1283.2630769387285,50.45766572356784
4,507.8,1800.5123095726594,0.16836092994118726,0,0.1146461816722913,0,1283.2630769387285,50.44557202801138
4,507.90000000000003,1795.4683564798906,0.16830903029602656,0,0.0576413638169247,0,1283.2630769387285,50.433490066385694
4,508,1790.4256109995767,0.16825717995854106,0,0.04397462430399312,0,1283.2630769387285,50.42141981865699
4,508.1,1785.3840719591826,0.16820537884545808,0,0.12119037567404173,0,1283.2630769387285,50.409361264841166
4,508.20000000000005,1780.3437381880358,0.1681536268737086,0,0.11554837939399701,0,1283.2630769387285,50.39731438500325
4,508.3,1775.3046085257083,0.16810192396044482,0,0.1727782667334058,0,1283.2630769387285,50.385279159257045
4,508.40000000000003,1770.2666818005964,0.16805027002299405,0,0.10870715537768406,0,1283.2630769387285,50.37325556776588
4,508.5,1765.2299568550661,0.16799866497891064,0,0.04885579040102864,0,1283.2630769387285,50.36124359074108
4,508.6,1760.1944325277582,0.16794710874593885,0,0.09371550474517805,0,1283.2630769387285,50.34924320844306
4,508.70000000000005,1755.16010766197,0.1678956012420299,0,0.1470568671747618,0,1283.2630769387285,50.337254401180516
4,508.8,1750.1269810972735,0.16784414238532283,0,0.10436064884496059,0,1283.2630769387285,50.32527714931064
4,508.90000000000003,1745.0950516825542,0.1677927320941715,0,0.10599621443029225,0,1283.2630769387285,50.313311433238255
4,509,1740.064318260178,0.1677413702871107,0,0.09423983591346947,0,1283.2630769387285,50.301357233416496
4,509.1,1735.0347796855494,0.16769005688289707,0,0.08390306792801712,0,1283.2630769387285,50.289414530345795
4,509.20000000000005,1730.006434807554,0.1676387918004673,0,0.0845970069911639,0,1283.2630769387285,50.27748330457472
4,509.3,1724.9792824778706,0.16758757495895665,0,0.11026523304812934,0,1283.2630769387285,50.26556353669916
4,509.40000000000003,1719.9533215537667,0.16753640627770408,0,0.16025892056498459,0,1283.2630769387285,50.25365520736206
4,509.5,1714.9285508906469,0.1674852856762367,0,0.151978676068787,0,1283.2630769387285,50.241758297253774
4,509.6,1709.9049693485722,0.16743421307428213,0,0.18188894337915767,0,1283.2630769387285,50.229872787111475
4,509.70000000000005,1704.8825757885352,0.16738318839176036,0,0.08798211740094167,0,1283.2630769387285,50.217998657719214
4,509.8,1699.8613690743223,0.1673322115487873,0,0.07521139370019118,0,1283.2630769387285,50.20613588990775
4,509.90000000000003,1694.84134806972,0.16728128246566804,0,0.11100849324180415,0,1283.2630769387285,50.19428446455449
4,510,1689.82251164224,0.16723040106290388,0,0.2016541783521651,0,1283.2630769387285,50.18244436258307
4,510.1,1684.8048586584628,0.16717956726118205,0,0.16941481442367898,0,1283.2630769387285,50.17061556496343
4,510.20000000000005,1679.788387991488,0.16712878098139086,0,0.13853148188832526,0,1283.2630769387285,50.158798052711425
4,510.3,1674.7730985097587,0.16707804214459518,0,0.15461619155612255,0,1283.2630769387285,50.14699180688902
4,510.40000000000003,1669.758989092894,0.16702735067206995,0,0.1377258270332544,0,1283.2630769387285,50.13519680860364
4,510.5,1664.746058613062,0.16697670648525992,0,0.10563053616716951,0,1283.2630769387285,50.12341303900876
4,510.6,1659.7343059498817,0.16692610950581024,0,0.11325634389628496,0,1283.2630769387285,50.111640479303006
4,510.70000000000005,1654.7237299829721,0.16687555965555043,0,0.16883681771935719,0,1283.2630769387285,50.09987911073043
4,510.8,1649.714329593815,0.16682505685649757,0,0.11712267205850795,0,1283.2630769387285,50.08812891458027
4,510.90000000000003,1644.7061036666855,0.16677460103085787,0,0.1304733495410609,0,1283.2630769387285,50.076389872186766
4,511,1639.6990510867909,0.16672419210102202,0,0.061841070195344905,0,1283.2630769387285,50.06466196492906
4,511.1,1634.693170743063,0.16667382998957064,0,0.08154523233180022,0,1283.2630769387285,50.05294517423105
4,511.20000000000005,1629.688461523503,0.166623514619264,0,0.1435158021658885,0,1283.2630769387285,50.04123948156133
4,511.3,1624.6849223189056,0.16657324591304873,0,0.2267486097754407,0,1283.2630769387285,50.02954486843287
4,511.40000000000003,1619.6825520200655,0.16652302379405107,0,0.20802080810945883,0,1283.2630769387285,50.01786131640285
4,511.5,1614.6813495252281,0.1664728481855932,0,0.19304015212888362,0,1283.2630769387285,50.006188807072526
4,511.6,1609.6813137317076,0.1664227190111746,0,0.20823184772586673,0,1283.2630769387285,49.99452732208743
4,511.70000000000005,1604.6824435377494,0.1663726361944755,0,0.1957802982008687,0,1283.2630769387285,49.98287684313701
4,511.8,1599.6847378415987,0.16632259965935375,0,0.16374204775921333,0,1283.2630769387285,49.97123735195451
4,511.90000000000003,1594.6881955461577,0.1662726093298542,0,0.15635800960205545,0,1283.2630769387285,49.959608830316554
4,512,1589.6928155543283,0.1662226651301983,0,0.17775723000243335,0,1283.2630769387285,49.94799126004328
4,512.1,1584.6985967727378,0.16617276698479166,0,0.11667694311037101,0,1283.2630769387285,49.93638462299813
4,512.2,1579.7055381098762,0.1661229148182199,0,0.09515283956861022,0,1283.2630769387285,49.92478890108772
4,512.3000000000001,1574.7136384714395,0.16607310855523716,0,0.12137119582365247,0,1283.2630769387285,49.91320407626186
4,512.4,1569.7228967752308,0.16602334812079833,0,0.0854476413039047,0,1283.2630769387285,49.90163013051295
4,512.5,1564.7333119306713,0.1659736334400151,0,0.09649336915167829,0,1283.2630769387285,49.89006704587675
4,512.6,1559.744882851839,0.1659239644381817,0,0.16504321361396626,0,1283.2630769387285,49.87851480443132
4,512.7,1554.7576084546745,0.16587434104076923,0,0.12243155718193054,0,1283.2630769387285,49.866973388297204
4,512.8000000000001,1549.7714876597747,0.16582476317343092,0,0.13506219548199697,0,1283.2630769387285,49.85544277963724
4,512.9,1544.786519384943,0.16577523076198625,0,0.12853968509135377,0,1283.2630769387285,49.8439229606567
4,513,1539.8027025535703,0.1657257437324376,0,0.12415345125922168,0,1283.2630769387285,49.832413913602835
4,513.1,1534.8200360881165,0.16567630201095582,0,0.1271237376905846,0,1283.2630769387285,49.82091562076487
4,513.2,1529.8385189166293,0.16562690552389434,0,0.10565109671568909,0,1283.2630769387285,49.80942806447387
4,513.3000000000001,1524.8581499643624,0.16557755419777045,0,0.15068235812967218,0,1283.2630769387285,49.7979512271028
4,513.4,1519.878928160295,0.1655282479592781,0,0.07106746760840683,0,1283.2630769387285,49.78648509106606
4,513.5,1514.900852437131,0.1654789867352879,0,0.08241716008498964,0,1283.2630769387285,49.77502963881946
4,513.6,1509.9239217257127,0.16542977045283488,0,0.14767712995445906,0,1283.2630769387285,49.763584852860376
4,513.7,1504.9481349624693,0.1653805990391333,0,0.07584229997171439,0,1283.2630769387285,49.752150715727126
4,513.8000000000001,1499.9734910801053,0.16533147242155666,0,0.06157426795203025,0,1283.2630769387285,49.74072720999937
4,513.9,1494.9999890150502,0.16528239052765223,0,0.1401615492988028,0,1283.2630769387285,49.72931431829737
4,514,1490.0276277093217,0.165233353285145,0,0.09872206248418909,0,1283.2630769387285,49.717912023282075
4,514.1,1485.0564061058685,0.165184360621928,0,0.12716347166029648,0,1283.2630769387285,49.70652030765537
4,514.2,1480.0863231439143,0.16513541246605173,0,0.12580055712561,0,1283.2630769387285,49.69513915415987
4,514.3000000000001,1475.11737777479,0.16508650874575606,0,0.12514389022996064,0,1283.2630769387285,49.68376854557821
4,514.4,1470.1495689367875,0.16503764938941834,0,0.12083753838935136,0,1283.2630769387285,49.672408464734026
4,514.5,1465.1828955821693,0.16498883432560743,0,0.08875166713380284,0,1283.2630769387285,49.66105889449034
4,514.6,1460.217356659472,0.164940063483048,0,0.11816130979519722,0,1283.2630769387285,49.649719817750615
4,514.7,1455.2529511200264,0.16489133679063284,0,0.055953344737917896,0,1283.2630769387285,49.63839121745816
4,514.8000000000001,1450.28967791982,0.16484265417742666,0,0.08341569370673918,0,1283.2630769387285,49.62707307659602
4,514.9,1445.327536006458,0.1647940155726379,0,0.13197750287233015,0,1283.2630769387285,49.61576537818723
4,515,1440.3665243461728,0.1647454209056746,0,0.0822796076948563,0,1283.2630769387285,49.60446810529369
4,515.1,1435.4066418930888,0.16469687010608122,0,0.066732432640863,0,1283.2630769387285,49.593181241017646
4,515.2,1430.4478876059875,0.16464836310357117,0,0.11149573106307258,0,1283.2630769387285,49.581904768500245
4,515.3000000000001,1425.4902604464442,0.1645998998280229,0,0.11273628808141443,0,1283.2630769387285,49.57063867092178
4,515.4,1420.533759378828,0.16455148020947968,0,0.14426981731259478,0,1283.2630769387285,49.559382931501545
4,515.5,1415.5783833665773,0.16450310417814154,0,0.17732595860450162,0,1283.2630769387285,49.54813753349789
4,515.6,1410.6241313777864,0.16445477166437608,0,0.1812806848561077,0,1283.2630769387285,49.53690246020793
4,515.7,1405.6710023824126,0.16440648259871277,0,0.15038078728705234,0,1283.2630769387285,49.52567769496759
4,515.8000000000001,1400.7189953494817,0.1643582369118363,0,0.132348210768626,0,1283.2630769387285,49.51446322115149
4,515.9,1395.7681092498824,0.16431003453459167,0,0.11736063662513695,0,1283.2630769387285,49.503259022172735
4,516,1390.8183430563658,0.16426187539798362,0,0.052935928150590436,0,1283.2630769387285,49.49206508148265
4,516.1,1385.8696957454085,0.16421375943318023,0,0.04240561513134645,0,1283.2630769387285,49.48088138257075
4,516.2,1380.922166293487,0.1641656865715051,0,0.11073302999822757,0,1283.2630769387285,49.469707908964864
4,516.3000000000001,1375.9757536789402,0.16411765674444034,0,0.04232720090420623,0,1283.2630769387285,49.458544644230805
4,516.4,1371.0304568801075,0.1640696698836222,0,0.06860085509127861,0,1283.2630769387285,49.447391571972275
4,516.5,1366.0862748799846,0.16402172592085004,0,0.14243535602096596,0,1283.2630769387285,49.43624867583062
4,516.6,1361.1432066624984,0.16397382478807898,0,0.16696143771467598,0,1283.2630769387285,49.42511593948498
4,516.7,1356.2012512115762,0.1639259664174168,0,0.21152306787730404,0,1283.2630769387285,49.413993346652155
4,516.8000000000001,1351.2604075139388,0.1638781507411294,0,0.23620596930123217,0,1283.2630769387285,49.402880881086254
4,516.9,1346.3206745563075,0.16383037769163442,0,0.24158267422373536,0,1283.2630769387285,49.39177852657875
4,517,1341.3820513300598,0.1637826472015106,0,0.21841789184202073,0,1283.2630769387285,49.38068626695823
4,517.1,1336.4445368219167,0.16373495920347772,0,0.19139175999929742,0,1283.2630769387285,49.36960408609052
4,517.2,1331.5081300297752,0.16368731363042915,0,0.15751528678178692,0,1283.2630769387285,49.35853196787801
4,517.3000000000001,1326.5728299515322,0.16363971041540934,0,0.11261588946082429,0,1283.2630769387285,49.34746989626044
4,517.4,1321.6386355757713,0.16359214949159304,0,0.08643779863621018,0,1283.2630769387285,49.3364178552147
4,517.5,1316.7055459050462,0.16354463079233203,0,0.09439885187318266,0,1283.2630769387285,49.325375828753465
4,517.6,1311.7735599363223,0.16349715425111613,0,0.12351090030466193,0,1283.2630769387285,49.314343800926565
4,517.7,1306.8426766721532,0.1634497198015944,0,0.05648271649370678,0,1283.2630769387285,49.303321755819944
4,517.8000000000001,1301.9128951122984,0.16340232737755822,0,0.04905686626513392,0,1283.2630769387285,49.292309677556105
4,517.9,1296.9842142648995,0.16335497691296344,0,0.10819988714592774,0,1283.2630769387285,49.281307550293455
4,518,1292.0566331315786,0.16330766834189972,0,0.16512743513061853,0,1283.2630769387285,49.2703153582269
4,518.1,1287.1301507223397,0.16326040159862018,0,0.21231025841813855,0,1283.2630769387285,49.259333085586995
4,518.2,1282.2047660462558,0.1632131766175224,0,0.21182766874911138,0,1283.2630769387285,49.24836071664044
4,518.3000000000001,1277.280478110537,0.16316599333314563,0,0.20854903061433636,0,1283.2630769387285,49.237398235689724
4,518.4,1272.357285930775,0.1631188516801912,0,0.14962730550846845,0,1283.2630769387285,49.22644562707273
4,518.5,1267.4351885179058,0.16307175159349616,0,0.10685347637980949,0,1283.2630769387285,49.215502875163246
4,518.6,1262.5141848865896,0.16302469300804887,0,0.13610624872719995,0,1283.2630769387285,49.2045699643703
4,518.7,1257.5942740570754,0.1629776758589935,0,0.12578138155454135,0,1283.2630769387285,49.19364687913824
4,518.8000000000001,1252.675455044955,0.16293070008160843,0,0.16141114096590073,0,1283.2630769387285,49.182733603947
4,518.9,1247.7577268695459,0.16288376561132217,0,0.16765386788577852,0,1283.2630769387285,49.171830123311416
4,519,1242.8410885538906,0.16283687238371372,0,0.08882767658529983,0,1283.2630769387285,49.16093642178135
4,519.1,1237.9255391228944,0.16279002033450846,0,0.06457711854137821,0,1283.2630769387285,49.15005248394174
4,519.2,1233.0110775986686,0.16274320939956782,0,0.1156898574062235,0,1283.2630769387285,49.13917829441259
4,519.3000000000001,1228.0977030051872,0.1626964395148981,0,0.1804746871958469,0,1283.2630769387285,49.12831383784836
4,519.4,1223.1854143710807,0.16264971061665556,0,0.23462074593013357,0,1283.2630769387285,49.11745909893805
4,519.5,1218.274210725911,0.16260302264113932,0,0.2323029966515879,0,1283.2630769387285,49.10661406240526
4,519.6,1213.3640911011025,0.1625563755247925,0,0.22767209627899657,0,1283.2630769387285,49.095778713008045
4,519.7,1208.4550545262173,0.16250976920419402,0,0.1654268158652293,0,1283.2630769387285,49.08495303553893
4,519.8000000000001,1203.5471000345424,0.16246320361606917,0,0.11043704935199614,0,1283.2630769387285,49.074137014824394
4,519.9,1198.6402266640216,0.162416678697292,0,0.14882995513852887,0,1283.2630769387285,49.063330635725066
4,520,1193.734433450736,0.16237019438487152,0,0.14725401914596642,0,1283.2630769387285,49.052533883135794
4,520.1,1188.829719430767,0.16232375061595444,0,0.17311541342819603,0,1283.2630769387285,49.041746741985364
4,520.2,1183.9260836485773,0.16227734732784255,0,0.17917212652476236,0,1283.2630769387285,49.03096919723619
4,520.3000000000001,1179.0235251411796,0.16223098445795975,0,0.1112709843631207,0,1283.2630769387285,49.020201233884826
4,520.4,1174.122042951174,0.16218466194387768,0,0.06358916949856101,0,1283.2630769387285,49.00944283696109
4,520.5,1169.22163612023,0.16213837972330225,0,0.09981654911820088,0,1283.2630769387285,48.99869399152837
4,520.6,1164.3223037002608,0.16209213773409645,0,0.13192064383762628,0,1283.2630769387285,48.98795468268322
4,520.7,1159.4240447347984,0.16204593591424246,0,0.16938297908493413,0,1283.2630769387285,48.97722489555611
4,520.8000000000001,1154.526858269237,0.1619997742018606,0,0.1783949769555842,0,1283.2630769387285,48.96650461531044
4,520.9,1149.6307433582842,0.16195365253522487,0,0.17948655228593421,0,1283.2630769387285,48.95579382714242
4,521,1144.7356990538538,0.16190757085273896,0,0.16171643035936067,0,1283.2630769387285,48.945092516281775
4,521.1,1139.8417244069278,0.1618615290929384,0,0.15973718570215079,0,1283.2630769387285,48.93440066799119
4,521.2,1134.9488184740767,0.16181552719450365,0,0.10568845419750215,0,1283.2630769387285,48.92371826756598
4,521.3000000000001,1130.0569803062826,0.16176956509623686,0,0.07139867135150114,0,1283.2630769387285,48.91304530033447
4,521.4,1125.1662089657038,0.16172364273709547,0,0.054984419964996305,0,1283.2630769387285,48.90238175165713
4,521.5,1120.2765035079792,0.16167776005615656,0,0.10876463591709731,0,1283.2630769387285,48.89172760692746
4,521.6,1115.3878629989922,0.16163191699265014,0,0.05387580146098075,0,1283.2630769387285,48.8810828515711
4,521.7,1110.500286495313,0.1615861134859194,0,0.12665571489684713,0,1283.2630769387285,48.870447471046596
4,521.8000000000001,1105.6137730618939,0.1615403494754551,0,0.18417252086890434,0,1283.2630769387285,48.85982145084431
4,521.9,1100.7283217618242,0.16149462490087538,0,0.19243384901853672,0,1283.2630769387285,48.8492047764869
4,522,1095.8439316619188,0.16144893970193616,0,0.2284382846177288,0,1283.2630769387285,48.83859743352902
4,522.1,1090.9606018317863,0.16140329381852972,0,0.23147836608619038,0,1283.2630769387285,48.82799940755738
4,522.2,1086.0783313382417,0.1613576871906723,0,0.24200905377343152,0,1283.2630769387285,48.81741068419071
4,522.3000000000001,1081.1971192546189,0.16131211975852291,0,0.23168172357819364,0,1283.2630769387285,48.806831249079444
4,522.4,1076.316964648664,0.1612665914623582,0,0.24233839292998852,0,1283.2630769387285,48.79626108790595
4,522.5,1071.4378665983677,0.161221102242604,0,0.18121210210113037,0,1283.2630769387285,48.785700186383856
4,522.6,1066.5598241761327,0.16117565203980383,0,0.12410282866143274,0,1283.2630769387285,48.77514853025876
4,522.7,1061.682836458087,0.1611302407946361,0,0.06655798113069769,0,1283.2630769387285,48.76460610530751
4,522.8000000000001,1056.8069025203586,0.1610848684479065,0,0.06520139955898467,0,1283.2630769387285,48.75407289733823
4,522.9,1051.9320214446634,0.1610395349405596,0,0.09015382372767919,0,1283.2630769387285,48.743548892190304
4,523,1047.0581923099235,0.16099424021366104,0,0.10831104565789094,0,1283.2630769387285,48.73303407573442
4,523.1,1042.1854141969234,0.16094898420840656,0,0.1692466073888181,0,1283.2630769387285,48.72252843387229
4,523.2,1037.3136861892417,0.16090376686612337,0,0.14261569160567644,0,1283.2630769387285,48.7120319525365
4,523.3000000000001,1032.443007373251,0.16085858812827034,0,0.16028687494963018,0,1283.2630769387285,48.701544617690566
4,523.4,1027.5733768362552,0.16081344793643396,0,0.16632085333845392,0,1283.2630769387285,48.69106641532904
4,523.5,1022.7047936590388,0.160768346232312,0,0.18062334245242156,0,1283.2630769387285,48.680597331477266
4,523.6,1017.8372569363564,0.1607232829577547,0,0.19712562429829886,0,1283.2630769387285,48.67013735219062
4,523.7,1012.9707657583058,0.16067825805472813,0,0.22877212667230812,0,1283.2630769387285,48.65968646355563
4,523.8000000000001,1008.1053192159161,0.16063327146532394,0,0.14853059813307976,0,1283.2630769387285,48.64924465168922
4,523.9,1003.2409164030105,0.16058832313176302,0,0.11428379532916566,0,1283.2630769387285,48.63881190273865
4,524,998.3775564115494,0.1605434129963856,0,0.07402067885651831,0,1283.2630769387285,48.628388202881574
4,524.1,993.5152383372188,0.1604985410016619,0,0.041749272085786715,0,1283.2630769387285,48.617973538325636
4,524.2,988.6539612775669,0.16045370709018816,0,0.12237893970516854,0,1283.2630769387285,48.607567895308506
4,524.3000000000001,983.7937243329361,0.16040891120468903,0,0.1021640260005089,0,1283.2630769387285,48.59717126009806
4,524.4,978.9345266027376,0.16036415328800924,0,0.18881188290834283,0,1283.2630769387285,48.58678361899223
4,524.5,974.0763671863824,0.1603194332831145,0,0.15794068273848294,0,1283.2630769387285,48.57640495831873
4,524.6,969.2192451860756,0.16027475113309692,0,0.14192517421382117,0,1283.2630769387285,48.56603526443492
4,524.7,964.3631597077474,0.1602301067811772,0,0.17182686069621111,0,1283.2630769387285,48.55567452372786
4,524.8000000000001,959.5081098582596,0.16018550017069866,0,0.18020542770474657,0,1283.2630769387285,48.54532272261434
4,524.9,954.6540947407484,0.16014093124511708,0,0.1885541807859849,0,1283.2630769387285,48.53497984754081
4,525,949.8011134667322,0.16009639994802466,0,0.21865109703357383,0,1283.2630769387285,48.524645884982895
4,525.1,944.9491651458666,0.16005190622312973,0,0.15053438755420073,0,1283.2630769387285,48.514320821445814
4,525.2,940.0982488850132,0.1600074500142537,0,0.09413101721415426,0,1283.2630769387285,48.504004643464164
4,525.3000000000001,935.2483637994155,0.15996303126535322,0,0.04564115984670489,0,1283.2630769387285,48.493697337601304
4,525.4,930.3995090005919,0.15991864992049623,0,0.04428633223695189,0,1283.2630769387285,48.48339889045006
4,525.5,925.5516836047173,0.15987430592387772,0,0.10328264905284751,0,1283.2630769387285,48.47310928863208
4,525.6,920.7048867261037,0.15982999921980673,0,0.09194970341368627,0,1283.2630769387285,48.462828518798055
4,525.7,915.8591174855828,0.15978572975272284,0,0.17931984063767403,0,1283.2630769387285,48.45255656762741
4,525.8000000000001,911.0143749983981,0.15974149746717162,0,0.1596157530602235,0,1283.2630769387285,48.44229342182868
4,525.9,906.1706583872437,0.15969730230782997,0,0.15810403791456468,0,1283.2630769387285,48.432039068138735
4,526,901.3279667729512,0.1596531442194877,0,0.19250871010576448,0,1283.2630769387285,48.42179349332331
4,526.1,896.4862992772833,0.15960902314705241,0,0.2042508697105275,0,1283.2630769387285,48.41155668417666
4,526.2,891.6456550247967,0.15956493903555288,0,0.20817151802450856,0,1283.2630769387285,48.401328627521366
4,526.3000000000001,886.806033141911,0.15952089183013718,0,0.2326651688953497,0,1283.2630769387285,48.39110931020845
4,526.4,881.9674327559769,0.15947688147607048,0,0.17029145001698148,0,1283.2630769387285,48.38089871911733
4,526.5,877.1298529878259,0.1594329079187191,0,0.13358048544217865,0,1283.2630769387285,48.370696841155734
4,526.6,872.2932929750532,0.15938897110359687,0,0.09500676949084738,0,1283.2630769387285,48.360503663258804
4,526.7,867.457751845941,0.15934507097631437,0,0.018897611898893513,0,1283.2630769387285,48.35031917239057
4,526.8000000000001,862.6232287334278,0.1593012074826047,0,0.069005521373258,0,1283.2630769387285,48.34014335554277
4,526.9,857.7897227657959,0.15925738056830502,0,0.14551257837251966,0,1283.2630769387285,48.32997619973522
4,527,852.9572330843657,0.1592135901793914,0,0.1570401318542419,0,1283.2630769387285,48.31981769201505
4,527.1,848.1257588239387,0.15916983626194095,0,0.07883236745379082,0,1283.2630769387285,48.30966781945779
4,527.2,843.2952991155908,0.15912611876213456,0,0.09216508393636558,0,1283.2630769387285,48.29952656916651
4,527.3000000000001,838.4658531015739,0.1590824376262875,0,0.08541027713233837,0,1283.2630769387285,48.28939392827138
4,527.4,833.6374199232087,0.1590387928008256,0,0.10701472899173646,0,1283.2630769387285,48.27926988393042
4,527.5,828.809998719953,0.1589951842322827,0,0.14786190989686268,0,1283.2630769387285,48.2691544233292
4,527.6,823.9835886331275,0.15895161186730727,0,0.16556417989852787,0,1283.2630769387285,48.25904753368058
4,527.7,819.1581888096407,0.15890807565266987,0,0.11757533208638499,0,1283.2630769387285,48.24894920222457
4,527.8000000000001,814.3337983908132,0.15886457553524097,0,0.05757934914945206,0,1283.2630769387285,48.23885941622873
4,527.9,809.5104165244848,0.15882111146201386,0,0.04035104696617478,0,1283.2630769387285,48.22877816298745
4,528,804.6880423594266,0.15877768338009404,0,0.05990745047657472,0,1283.2630769387285,48.218705429822315
4,528.1,799.8666750397533,0.15873429123668728,0,0.09883554175668871,0,1283.2630769387285,48.20864120408204
4,528.2,795.0463137179613,0.15869093497912495,0,0.1739321364111951,0,1283.2630769387285,48.19858547314183
4,528.3000000000001,790.2269575446844,0.15864761455484405,0,0.1581861072329153,0,1283.2630769387285,48.18853822440401
4,528.4,785.4086056714877,0.15860432991139237,0,0.06641033901702552,0,1283.2630769387285,48.178499445297575
4,528.5,780.5912572545931,0.15856108099643515,0,0.07891673589709042,0,1283.2630769387285,48.16846912327815
4,528.6,775.7749114483595,0.15851786775774282,0,0.059768283865141825,0,1283.2630769387285,48.158447245828214
4,528.7,770.9595674080774,0.15847469014319512,0,0.08122246257872794,0,1283.2630769387285,48.14843380045674
4,528.8000000000001,766.1452242899686,0.15843154810078103,0,0.11755436019547987,0,1283.2630769387285,48.1384287746991
4,528.9,761.3318812567741,0.15838844157861,0,0.1299366992851015,0,1283.2630769387285,48.12843215611691
4,529,756.5195374675095,0.15834537052489162,0,0.09010284305766841,0,1283.2630769387285,48.1184439322985
4,529.1,751.7081920802593,0.1583023348879397,0,0.07244193142207916,0,1283.2630769387285,48.108464090858355
4,529.2,746.8978442568332,0.1582593346161816,0,0.0825637279719656,0,1283.2630769387285,48.09849261943693
4,529.3000000000001,742.0884931627661,0.158216369658158,0,0.07554357601225731,0,1283.2630769387285,48.088529505700656
4,529.4,737.2801379617304,0.15817343996251193,0,0.11554854425154637,0,1283.2630769387285,48.0785747373422
4,529.5,732.4727778201923,0.1581305454779975,0,0.1676334912939404,0,1283.2630769387285,48.06862830208013
4,529.6,727.6664119102061,0.15808768615348542,0,0.11101752203382974,0,1283.2630769387285,48.05869018765888
4,529.7,722.8610393935814,0.1580448619379313,0,0.0191589230861849,0,1283.2630769387285,48.04876038184915
4,529.8000000000001,718.0566594433039,0.1580020727804165,0,0.05421252568933723,0,1283.2630769387285,48.03883887244678
4,529.9,713.2532712295651,0.15795931863012205,0,0.10430419104256021,0,1283.2630769387285,48.02892564727361
4,530,708.450873923488,0.15791659943633427,0,0.12490177491327305,0,1283.2630769387285,48.01902069417698
4,530.1,703.6494667017832,0.15787391514845475,0,0.11912096678087213,0,1283.2630769387285,48.00912400102973
4,530.2,698.8490487365052,0.15783126571597939,0,0.14085006858651147,0,1283.2630769387285,47.99923555573039
4,530.3000000000001,694.0496192025021,0.15778865108851253,0,0.11617496303495815,0,1283.2630769387285,47.98935534620269
4,530.4,689.2511772792786,0.1577460712157706,0,0.1236457726548442,0,1283.2630769387285,47.97948336039563
4,530.5,684.4537221444771,0.15770352604756932,0,0.1167112211294516,0,1283.2630769387285,47.96961958628365
4,530.6,679.6572529766709,0.15766101553382858,0,0.11952200651780426,0,1283.2630769387285,47.95976401186637
4,530.7,674.8617689600214,0.15761853962458142,0,0.09295305150822308,0,1283.2630769387285,47.949916625168434
4,530.8000000000001,670.0672692684457,0.1575760982699423,0,0.1201334091003112,0,1283.2630769387285,47.940077414239845
4,530.9,665.2737530907616,0.15753369142015586,0,0.08084459510969633,0,1283.2630769387285,47.93024636715488
4,531,660.4812196101993,0.1574913190255579,0,0.051328968241041065,0,1283.2630769387285,47.9204234720133
4,531.1,655.6896680137143,0.15744898103659252,0,0.12272941183610281,0,1283.2630769387285,47.910608716939585
4,531.2,650.8990974863991,0.15740667740380082,0,0.15765061553595805,0,1283.2630769387285,47.900802090083126
4,531.3000000000001,646.1095072152093,0.15736440807782776,0,0.1800693097926906,0,1283.2630769387285,47.89100357961796
4,531.4,641.3208963880315,0.15732217300942006,0,0.18038901093804519,0,1283.2630769387285,47.88121317374262
4,531.5,636.5332641983405,0.15727997214943537,0,0.1853979867630352,0,1283.2630769387285,47.871430860680185
4,531.6,631.7466098340228,0.15723780544882024,0,0.18224463740250801,0,1283.2630769387285,47.861656628678524
4,531.7,626.9609324932098,0.1571956728586406,0,0.1894153775133233,0,1283.2630769387285,47.8518904660096
4,531.8000000000001,622.1762313637882,0.1571535743300417,0,0.17929456741061636,0,1283.2630769387285,47.842132360970346
4,531.9,617.392505642958,0.1571115098142852,0,0.1612241901685753,0,1283.2630769387285,47.83238230188146
4,532,612.6097545269877,0.1570694792627298,0,0.11595569782938103,0,1283.2630769387285,47.82264027708807
4,532.1,607.8279772102833,0.1570274826268286,0,0.08414102982633707,0,1283.2630769387285,47.81290627495955
4,532.2,603.0471728928387,0.15698551985814338,0,0.1283707124383515,0,1283.2630769387285,47.80318028388916
4,532.3000000000001,598.2673407765105,0.1569435909083379,0,0.07899837963196982,0,1283.2630769387285,47.79346229229434
4,532.4,593.48848005943,0.15690169572916593,0,0.10154799867038691,0,1283.2630769387285,47.78375228861672
4,532.5,588.710589944385,0.15685983427248754,0,0.14562901213861137,0,1283.2630769387285,47.77405026132164
4,532.6,583.9336696332321,0.1568180064902578,0,0.1626475666475538,0,1283.2630769387285,47.764356198898426
4,532.7,579.157718331553,0.1567762123345356,0,0.13771672340047286,0,1283.2630769387285,47.75467008986
4,532.8000000000001,574.3827352439985,0.156734451757475,0,0.15369684554467572,0,1283.2630769387285,47.74499192274328
4,532.9,569.6087195761502,0.15669272471132736,0,0.17088157461910305,0,1283.2630769387285,47.7353216861087
4,533,564.8356705373153,0.15665103114844758,0,0.17382657207114355,0,1283.2630769387285,47.725659368540256
4,533.1,560.063587334007,0.1566093710212807,0,0.1898152886583957,0,1283.2630769387285,47.71600495864565
4,533.2,555.2924691773951,0.1565677442823761,0,0.17339569970246585,0,1283.2630769387285,47.706358445055876
4,533.3000000000001,550.5223152758554,0.15652615088437247,0,0.17396002357263518,0,1283.2630769387285,47.69671981642543
4,533.4,545.7531248461455,0.1564845907800201,0,0.16223991870506468,0,1283.2630769387285,47.68708906143197
4,533.5,540.984897098504,0.1564430639221516,0,0.16313439038701152,0,1283.2630769387285,47.677466168776824
4,533.6,536.2176312478259,0.1564015702637024,0,0.15142548960081714,0,1283.2630769387285,47.66785112718431
4,533.7,531.4513265071437,0.1563601097576984,0,0.15377460572159005,0,1283.2630769387285,47.65824392540195
4,533.8000000000001,526.6859820950776,0.15631868235726995,0,0.15172417467275875,0,1283.2630769387285,47.64864455220016
4,533.9,521.9215972302482,0.1562772880156415,0,0.15812068780782834,0,1283.2630769387285,47.63905299637256
4,534,517.158171129413,0.15623592668612712,0,0.14289666884110733,0,1283.2630769387285,47.62946924673589
4,534.1,512.395703015849,0.15619459832214658,0,0.1299210829394902,0,1283.2630769387285,47.619893292129504
4,534.2,507.634192106314,0.15615330287720006,0,0.12781853419800387,0,1283.2630769387285,47.61032512141604
4,534.3000000000001,502.8736376268789,0.15611204030489792,0,0.10001572496287982,0,1283.2630769387285,47.600764723480445
4,534.4,498.11403879895806,0.15607081055893443,0,0.09100711436538417,0,1283.2630769387285,47.591212087230815
4,534.5,493.3553948448971,0.15602961359309733,0,0.06348385364141332,0,1283.2630769387285,47.58166720159774
4,534.6,488.5977049926296,0.1559884493612769,0,0.08444251556953118,0,1283.2630769387285,47.57213005553427
4,534.7,483.84096846729517,0.15594731781744967,0,0.11405110808695601,0,1283.2630769387285,47.56260063801613
4,534.8000000000001,479.08518450241536,0.15590621891570033,0,0.16470662294265015,0,1283.2630769387285,47.55307893804149
4,534.9,474.3303523203358,0.1558651526101833,0,0.10973618083314662,0,1283.2630769387285,47.543564944631456
4,535,469.5764711527154,0.155824118855161,0,0.09019531821204589,0,1283.2630769387285,47.53405864682893
4,535.1,464.82354023028165,0.1557831176049851,0,0.08275259544135302,0,1283.2630769387285,47.524560033699274
4,535.2,460.0715587856248,0.15574214881410092,0,0.12020223594193534,0,1283.2630769387285,47.51506909433009
4,535.3000000000001,455.32052605133504,0.15570121243704432,0,0.1314701818875588,0,1283.2630769387285,47.50558581783123
4,535.4,450.57044126465917,0.15566030842845005,0,0.16864430971653793,0,1283.2630769387285,47.4961101933346
4,535.5,445.82130365632474,0.15561943674303008,0,0.2057279615729894,0,1283.2630769387285,47.48664220999451
4,535.6,441.0731124645099,0.15557859733559964,0,0.15081269407470163,0,1283.2630769387285,47.47718185698682
4,535.7,436.3258669245988,0.15553779016105768,0,0.13394949142579637,0,1283.2630769387285,47.46772912350955
4,535.8000000000001,431.5795662822202,0.15549701517441258,0,0.09428928083434761,0,1283.2630769387285,47.45828399878241
4,535.9,426.83420977182686,0.15545627233074008,0,0.05929877918641622,0,1283.2630769387285,47.448846472047585
4,536,422.08979663439095,0.1554155615852165,0,0.08188895269025358,0,1283.2630769387285,47.439416532568586
4,536.1,417.34632611181587,0.15537488289310802,0,0.17542373305108083,0,1283.2630769387285,47.42999416963069
4,536.2,412.6037974478677,0.15533423620977266,0,0.07035330669593556,0,1283.2630769387285,47.42057937254082
4,536.3000000000001,407.86220988538116,0.1552936214906546,0,0.06691888399498984,0,1283.2630769387285,47.41117213062768
4,536.4,403.12156266812235,0.15525303869128665,0,0.13111771917213508,0,1283.2630769387285,47.40177243324129
4,536.5,398.3818550463766,0.15521248776730218,0,0.16098096087670627,0,1283.2630769387285,47.39238026975318
4,536.6,393.64308626390994,0.15517196867440922,0,0.19673678989002566,0,1283.2630769387285,47.3829956295567
4,536.7,388.9052555691451,0.15513148136841115,0,0.2228996301405094,0,1283.2630769387285,47.37361850206623
4,536.8000000000001,384.1683622132987,0.15509102580520365,0,0.2655739907750448,0,1283.2630769387285,47.36424887671753
4,536.9,379.4324054457247,0.1550506019407653,0,0.22232442077805048,0,1283.2630769387285,47.35488674296782
4,537,374.6973845139146,0.1550102097311568,0,0.19154047630006685,0,1283.2630769387285,47.34553209029543
4,537.1,369.96329867839813,0.15496984913255032,0,0.15572701393406094,0,1283.2630769387285,47.33618490819959
4,537.2,365.23014718759805,0.15492952010118086,0,0.13132837259552993,0,1283.2630769387285,47.32684518620125
4,537.3000000000001,360.4979292936623,0.15488922259337518,0,0.11884875395184318,0,1283.2630769387285,47.317512913842016
4,537.4,355.76664425618947,0.15484895656555991,0,0.17992487695822187,0,1283.2630769387285,47.308188080684346
4,537.5,351.03629133012146,0.15480872197423795,0,0.13523101962960915,0,1283.2630769387285,47.29887067631192
4,537.6,346.3068697731942,0.15476851877600234,0,0.051731380944785875,0,1283.2630769387285,47.28956069032921
4,537.7,341.5783788440749,0.15472834692753246,0,0.0652135487528452,0,1283.2630769387285,47.280258112361494
4,537.8000000000001,336.8508178051561,0.1546882063855995,0,0.08762928771252718,0,1283.2630769387285,47.27096293205487
4,537.9,332.1241859123111,0.15464809710704616,0,0.13055544902696212,0,1283.2630769387285,47.26167513907637
4,538,327.39848243258893,0.1546080190488205,0,0.17800836079842147,0,1283.2630769387285,47.25239472311328
4,538.1,322.6737066246569,0.15456797216793833,0,0.236695891124711,0,1283.2630769387285,47.24312167387398
4,538.2,317.94985775463283,0.1545279564215132,0,0.1806213562412098,0,1283.2630769387285,47.23385598108703
4,538.3000000000001,313.2269350849092,0.15448797176673457,0,0.16240302474014945,0,1283.2630769387285,47.22459763450174
4,538.4,308.5049378834665,0.15444801816088577,0,0.13178437329473175,0,1283.2630769387285,47.21534662388763
4,538.5,303.7838654173538,0.15440809556133137,0,0.0927880799062178,0,1283.2630769387285,47.206102939034835
4,538.6,299.063716952689,0.1543682039255167,0,0.11412623717968737,0,1283.2630769387285,47.19686656975383
4,538.7,294.3444917630404,0.15432834321098404,0,0.17921070924568505,0,1283.2630769387285,47.18763750587522
4,538.8000000000001,289.6261891145259,0.15428851337534372,0,0.17169525977963088,0,1283.2630769387285,47.1784157372503
4,538.9,284.90880827698857,0.15424871437629473,0,0.09845618528972318,0,1283.2630769387285,47.16920125375019
4,539,280.1923485249281,0.15420894617162656,0,0.03081269473662196,0,1283.2630769387285,47.15999404526607
4,539.1,275.4768091291189,0.1541692087192036,0,0.09330494841027441,0,1283.2630769387285,47.150794101709415
4,539.2,270.7621893649921,0.1541295019769801,0,0.120987472338427,0,1283.2630769387285,47.14160141301162
4,539.3000000000001,266.04848850890994,0.15408982590299372,0,0.15872326501259382,0,1283.2630769387285,47.13241596912406
4,539.4,261.33570583257824,0.15405018045535382,0,0.21473884753101236,0,1283.2630769387285,47.123237760018284
4,539.5,256.6238406198099,0.15401056559227377,0,0.1741542441854053,0,1283.2630769387285,47.11406677568527
4,539.6,251.91289214324206,0.1539709812720265,0,0.1387032116570161,0,1283.2630769387285,47.10490300613646
4,539.7,247.2028596829623,0.15393142745297872,0,0.11052678823446925,0,1283.2630769387285,47.095746441402596
4,539.8000000000001,242.49374251812696,0.1538919040935756,0,0.09650260755686246,0,1283.2630769387285,47.08659707153421
4,539.9,237.78553993068635,0.15385241115234755,0,0.09605316797509982,0,1283.2630769387285,47.07745488660153
4,540,233.07825120631605,0.1538129485879123,0,0.16295477051660265,0,1283.2630769387285,47.068319876694424
4,540.1,228.37187562230974,0.15377351635895092,0,0.1426489484337862,0,1283.2630769387285,47.05919203192266
4,540.2,223.666412464343,0.15373411442423918,0,0.068224654775459,0,1283.2630769387285,47.05007134241506
4,540.3000000000001,218.96186101995409,0.15369474274263592,0,0.03534847882507354,0,1283.2630769387285,47.04095779832005
4,540.4,214.25822057202458,0.15365540127307,0,0.105066627574194,0,1283.2630769387285,47.03185138980572
4,540.5,209.55549040809274,0.15361608997455758,0,0.13788278958489827,0,1283.2630769387285,47.02275210705931
4,540.6,204.85366981755942,0.1535768088061969,0,0.17110601533743638,0,1283.2630769387285,47.013659940287326
4,540.7,200.1527580898255,0.15353755772716476,0,0.2202133566878326,0,1283.2630769387285,47.004574879715804
4,540.8000000000001,195.45275450963527,0.15349833669670682,0,0.1878757740056244,0,1283.2630769387285,46.99549691559002
4,540.9,190.75365837477148,0.15345914567417132,0,0.16742645669346662,0,1283.2630769387285,46.98642603817394
4,541,186.05546897277236,0.15341998461896517,0,0.14427565466341383,0,1283.2630769387285,46.9773622377513
4,541.1,181.3581855976954,0.15338085349058478,0,0.1084476601155747,0,1283.2630769387285,46.96830550462458
4,541.2,176.66180754452944,0.15334175224860563,0,0.09276005249746484,0,1283.2630769387285,46.95925582911531
4,541.3000000000001,171.9663341064006,0.15330268085267704,0,0.1269274054076801,0,1283.2630769387285,46.950213201564175
4,541.4,167.2717645773664,0.15326363926252634,0,0.10847498534931678,0,1283.2630769387285,46.94117761233066
4,541.5,162.57809825614095,0.1532246274379665,0,0.052562481932883445,0,1283.2630769387285,46.93214905179295
4,541.6,157.88533443957567,0.1531856453388836,0,0.1266495154091718,0,1283.2630769387285,46.92312751034832
4,541.7,153.193472427316,0.15314669292524527,0,0.14642931229097364,0,1283.2630769387285,46.9141129784127
4,541.8000000000001,148.50251151807606,0.1531077701570936,0,0.18458060758385447,0,1283.2630769387285,46.90510544642094
4,541.9,143.81245101150125,0.15306887699454796,0,0.23426645988830253,0,1283.2630769387285,46.896104904826394
4,542,139.12329021189362,0.15303001339781264,0,0.2585521732780586,0,1283.2630769387285,46.88711134410113
4,542.1,134.43502841796726,0.15299117932715678,0,0.24811906536515904,0.6903489319703168,1281.5156585026311,46.878124754735964
4,542.2,129.84078081976622,0.14687507719250717,0,0.21963298147542346,0.703159297885443,1279.7358143343617,45.00682748219163
4,542.3000000000001,125.43159771896899,0.1408738608613709,0,0.1982382025796727,0.6879099401415391,1277.9945694998876,43.17683479856781
4,542.4,121.1997986426577,0.1352217148175337,0,0.17354939462335722,0.672673177195224,1276.2918921191254,41.459147046317575
4,542.5,117.134511818178,0.12989831150482214,0,0.12640755975382126,0.6585567883320418,1274.6249462894793,39.84658969471851
4,542.6,113.22569578327239,0.12487565387151536,0,0.11627261885350135,0.6454929647334354,1272.9910677467442,38.329731255986985
4,542.7,109.46420565154403,0.12012847965597442,0,0.09113299515875853,0.633377623293581,1271.3878556829607,36.900071609179996
4,542.8000000000001,105.84170003794134,0.11563428992170649,0,0.10638532112649839,0.6221181723098906,1269.8131436592557,35.550040895397196
4,542.9,102.35055395867676,0.11137299046666936,0,0.11589272573889706,0.6116335791531758,1268.2649703473942,34.27288087367594
4,543,98.98378293309361,0.1073265733255767,0,0.09225464879703085,0.601852705031555,1266.7415544863952,33.06253985405726
4,543.1,95.73497677221894,0.10347884681235245,0,0.11575331116385891,0.5927128530577377,1265.2412735142946,31.913583576216404
4,543.2,92.59824163187295,0.099815206256802,0,0.16275331488589262,0.5841585584646342,1263.7626452621266,30.821119433594298
4,543.3000000000001,89.5681490805,0.0963224384947435,0,0.1822011714904854,0.5761405778676494,1262.304312206296,29.780731756112328
4,543.4,86.63969118800014,0.09298855447876807,0,0.17871963061890214,0.5686150408724725,1260.8650278684074,28.7884262946988
4,543.5,83.80824076011777,0.08980264543154573,0,0.16429585254501594,0.561542734634535,1259.443645026029,27.840582397810216
4,543.6,81.06951606553048,0.08675475880206011,0,0.15335995803287977,0.554888498009795,1258.0391054569832,26.933911646318542
4,543.7,78.41954939533025,0.08383579095236102,0,0.1216636270590468,0.5486207062807423,1256.650430987909,26.06542193343308
4,543.8000000000001,75.85465900134295,0.08103739403981869,0,0.08323071453935181,0.5427108314094631,1255.276715655913,25.232386154005965
4,543.9,73.37142396066338,0.0783518949899799,0,0.07038390063262959,0.5371330652852288,1253.9171188238615,24.432314810243863
4,544,70.96666162740439,0.07577222480646624,0,0.06011313149381073,0.5318639959214135,1252.5708591152863,23.662931957584462
4,544.1,68.63740733731538,0.07329185674857415,0,0.1348291446660563,0.5268823282186544,1251.2372090560973,22.922154009259557
4,544.2,66.3808960961178,0.07090475214100707,0,0.11164885047691073,0.5221686425138125,1249.9154903274589,22.208070996180226
4,544.3000000000001,64.19454605318606,0.0686053127710587,0,0.10861046842241279,0.5177051852508164,1248.6050695485224,21.518929942767812
4,544.4,62.07594355754554,0.06638833898645387,0,0.11830162187093318,0.5134756869453332,1247.3053545199277,20.85312007243149
4,544.5,60.022829581052065,0.06424899273894252,0,0.12530905085450178,0.5094652035015999,1246.0157908689664,20.20915960080333
4,544.6,58.03308741282672,0.06218276492780426,0,0.15529889698479696,0.5056599777193274,1244.7358590452993,19.58568391160335
4,544.7,56.104731475934386,0.06018544648716973,0,0.1596655464148405,0.5020473180194089,1243.465071623645,18.98143494034772
4,544.8000000000001,54.23589715268463,0.05825310273926435,0,0.18019694142393725,0.49861549208075656,1242.2029708756957,18.395251617426975
4,544.9,52.42483151424676,0.05638205059978062,0,0.16780077568076304,0.49535363338172184,1240.949126578597,17.826061243631763
4,545,50.66988487355411,0.05456883827635448,0,0.15605726119149266,0.4922516589511215,1239.7031340316169,17.272871689497517
4,545.1,48.969503078609705,0.05281022714761437,0,0.08711268079543821,0.4893001968376116,1238.464612256404,16.734764325240487
4,545.2,47.32222048472613,0.051103175550452684,0,0.0445237502468655,0.4864905220572002,1237.2332023593783,16.210887601192116
4,545.3000000000001,45.726653549820185,0.04944482423736405,0,0.10384065842026964,0.48381449990266734,1236.0085660376153,15.700451209638379
4,545.4,44.18149495404214,0.047832483295655856,0,0.1572233591189459,0.4812645356445538,1234.7903842120493,15.202720768416222
4,545.5,42.68550826981664,0.04626362034652399,0,0.15170346316268468,0.4788335300025444,1233.578355773387,14.71701297463278
4,545.6,41.237523067742586,0.04473584986270489,0,0.1438826993453449,0.4765148393469427,1232.3721964287606,14.242691183030102
4,545.7,39.83643044158816,0.04324692346624842,0,0.15411112589056888,0.4743022403065405,1231.171637637964,13.779161370143072
4,545.8000000000001,38.48117895424366,0.041794721082726985,0,0.16143334167074908,0.47218989815581114,1229.9764256297099,13.3258684493557
4,545.9,37.170770891942084,0.040377242844318734,0,0.17725795448827045,0.47017233829093313,1228.7863204900846,12.882292906268589
4,546,35.904258862137794,0.03899260164989423,0,0.19828393958324544,0.4682444207704653,1227.601095315449,12.447947727840845
4,546.1,34.68074269872159,0.03763901629879657,0,0.22127240370908838,0.46640131722915645,1226.4205354237718,12.022375600541999
4,546.2,33.499366603791714,0.03631480512874022,0,0.2133175929793232,0.46463848983447237,1225.2444376192311,11.605146356137604
4,546.3000000000001,32.35931655578315,0.03501838009800027,0,0.1948409516964222,0.4629516722592582,1224.0726095049772,11.1958546458296
4,546.4,31.259817936457694,0.03374824125828131,0,0.13559594501667405,0.4613368520975031,1222.904868840404,10.794117824493384
4,546.5,30.200133345089853,0.032502971575216755,0,0.07052761297745215,0.4597902546036992,1221.7410429395813,10.399574029187246
4,546.6,29.179560626856983,0.03128123205934135,0,0.10063978540516964,0.45830832762812646,1220.5809681078167,10.01188043710553
4,546.7,28.197431021369994,0.030081757175737567,0,0.153609856220128,0.45688772719650245,1219.424489114721,9.630711689069178
4,546.8000000000001,27.25310751516372,0.028903350509375807,0,0.2230059777840377,0.4555253040902699,1218.2714587012395,9.255758466719875
4,546.9,26.345983284525573,0.02774488066316845,0,0.18756762596452217,0.4542180904542472,1217.121737120584,8.886726210979942
4,547,25.475480277091265,0.026605277377509548,0,0.15878135528031304,0.4529632869631327,1215.9751917116475,8.523333972548128
4,547.1,24.64104790892452,0.025483527857719727,0,0.10696985150814167,0.4517582498418727,1214.8316965052745,8.165313384031297
4,547.2,23.84216185286641,0.024378673304334544,0,0.11471829111668365,0.45060047746776466,1213.6911318644425,7.8124077457174055
4,547.3000000000001,23.07832290790975,0.02328980564544021,0,0.15256397752156575,0.44948759630295027,1212.5533841600532,7.464371218144268
4,547.4,22.349055943079293,0.022216064474036297,0,0.16792315707652258,0.4484173456921056,1211.4183454852023,7.120968115715983
4,547.5,21.65390892419964,0.02115663419885031,0,0.18050529242556226,0.4473875608319493,1210.2859134125588,6.781972297351602
4,547.6,20.992451977916062,0.0201107414242774,0,0.15681786284711685,0.4463961526718144,1209.1559908026181,6.447166652563607
4,547.7,20.364276511594653,0.019077652587147467,0,0.13510202276366667,0.44544108379017777,1208.0284856730184,6.116342685388836
4,547.8000000000001,19.768994368612766,0.01805667188724834,0,0.09284532179578658,0.444520337718178,1206.903311145505,5.789300201816112
4,547.9,19.206237006001174,0.01704713957190932,0,0.1306441608757023,0.44363187834086626,1205.780385495659,5.465847114184322
4,548,18.67565468326211,0.016048430665843865,0,0.21894549535872054,0.4427735937280341,1204.6596323448005,5.145799386335751
4,548.1,18.17691565491259,0.015059954288993592,0,0.2813857227444348,0.4419432146152621,1203.5409810582362,4.828981160302734
4,548.2,17.70970534067601,0.014081153794218934,0,0.22702832448304003,0.4411381897451083,1202.424367459042,4.515225134396878
4,548.3000000000001,17.273725419305265,0.0131115081187478,0,0.17880209983976458,0.4403554847863884,1201.3097350508247,4.204373315102301
4,548.4,16.86869283672422,0.012150535046612414,0,0.12729782522430225,0.43959123857626003,1200.1970371106067,3.896278363032784
4,548.5,16.494338621385396,0.011197797683316612,0,0.07993731214396686,0.43884012911687786,1199.0862403865071,3.590805947530894
4,548.6,16.150406377390027,0.010252916789534187,0,0.1452236435508835,0.4380940969485418,1197.977332026834,3.287838956613438
4,548.7,15.836650156415999,0.009315594834116606,0,0.18362434176285067,0.43733945656818096,1196.8703338207833,2.987285440112517
4,548.8000000000001,15.552831137552857,0.008385666466772456,0,0.19472450041954473,0.4365492222783802,1195.7653358640312,2.689094999351406
4,548.9,15.29871150571853,0.007463219053862838,0,0.17828957867079967,0.4356571019125878,1194.6625960516785,2.3932976188588997
4,549,15.07404069788754,0.006548950465968537,0,0.1487791112633548,0.4344222328768732,1193.562981952743,2.1001185550121932
4,549.1,14.878510327078402,0.005645760579324595,0,0.10052651615263271,0.43011664979629916,1192.4742661907278,1.8104888305817475
