throttle,preserved_fraction,final_density,net_deceleration,propellant_used,frozen_drag_deceleration,fluid_refs
#units,-,-,m^-3,m/s2,kg,m/s2,-
0,1,1129882920654745100000000,-5.297589370534984,1.11296707870315,-1.0649162975069097,3
0.25,0.4624291115311908,1117780757490432500000000,2.7618851634648083,76.41647819664831,4.17811578667663,2
0.55,0.21719849383465803,1116693100279057600000000,10.558665172566638,122.86207959045669,10.64756268700405,4
0.8,0.21719849383465803,1116693100279057600000000,15.900508449814962,122.86207959045669,15.989405964252375,5
0.45,0.21719849383465803,1116693100279057600000000,8.421927861667308,122.86207959045669,8.510825376104721,6
