round,bank_cmd,t,altitude,mach,speed,ne_peak,plasma_freq,gnss_denied,knudsen,regime,nav_err,nav_var,heat_flux,g_load,bank,x,y,z
#units,-,deg,s,m,-,m/s,m^-3,rad/s,-,-,0 continuum 1 slip 2 transitional 3 free-molecular,m,m^2,W/m2,g,rad,m,m,m
1,0,13.200000000000001,73025.36815888621,27.183382349761878,7963.351843755204,40386731540527950,11337332514.432592,1,0.01242588683685461,1,0.18672523124561863,0.24516547629058652,1037606.6901997619,0.4153464369169958,0,6443063.071928688,103634.19104467881,0
1,0,13.3,72896.4760775473,27.1586823340079,7963.117070512041,49529122124254900,12555148266.284588,1,0.012171806986188983,1,0.19117427986139593,0.2624033624549392,1048287.7725007919,0.4239915667833906,0,6442921.528932819,104417.80993943874,0
1,0,13.4,72767.60187846608,27.134001311196176,7962.8741660493215,60330195025753860,13856670666.711174,1,0.011927942746588382,1,0.1956977170119193,0.2807265948469156,1058852.6607649708,0.43263358867864665,0,6442779.908981015,105201.38983297473,0
1,0,13.5,72638.74592548888,27.1093392984522,7962.623133004235,73008613559808880,15243285405.285446,1,0.011693690816665414,1,0.20030158149267216,0.30018406950658605,1069304.580513854,0.44127242566580294,0,6442638.212457461,105984.92996013633,0
1,0,13.600000000000001,72509.90858210158,27.084696312791536,7962.363974086488,87798085096225060,16716065049.065254,1,0.011468494482997827,1,0.20499230024996734,0.3208265607620974,1079646.5966027412,0.44990800089364286,0,6442496.439746342,106768.42955612867,0
1,0,13.700000000000001,72381.09021142498,27.06007237112002,7962.096692078236,104946431979485570,18275756769.90973,1,0.011251839208295613,1,0.20977661475697482,0.34270680440176116,1089881.6240699873,0.4585402375985287,0,6442354.591231848,107551.88785651817,0
1,0,13.8,72252.29117621668,27.03546749023505,7961.821289833981,124714373255382750,19922772916.00554,1,0.01104324871161469,1,0.21466152364826402,0.36587958365239887,1100012.4380643168,0.4671690591057955,0,6442212.667298159,108335.30409723941,0
1,0,13.9,72123.51183885802,27.010881686824224,7961.537770280514,147374021443907700,21657184569.549248,1,0.010842281477729131,1,0.2196542206251886,0.3904018179622225,1110041.682945707,0.47579438883214664,0,6442070.668329443,109118.67751460125,0
1,0,14,71994.75256135035,26.986314977465668,7961.246136416819,173207105909970750,23478718191.37639,1,0.010648527641862426,1,0.2247620416566656,0.4163326545864245,1119971.8806406332,0.48441615028741364,0,6441928.594709862,109902.00734529288,0
1,0,14.100000000000001,71866.01370532159,26.96176737863016,7960.946391313985,202502941708610940,25386755408.56445,1,0.010461606203517389,1,0.22999241086950292,0.44373356297355226,1129805.438324811,0.49303426707562725,0,6441786.446823562,110685.29282639046,0
1,0,14.200000000000001,71737.29563201964,26.937238906680978,7960.638538115119,235556169990903870,27380335961.49684,1,0.010281162529513875,1,0.23535279911522428,0.47266843195064034,1139544.6555000797,0.5016486628969583,0,6441644.225054658,111468.53319536385,0
1,0,14.3,71608.59870229475,26.912729577871634,7960.32258003527,272664302717395260,29458163779.03002,1,0.010106866111808888,1,0.240850673675096,0.5032036697049707,1149191.7305227807,0.5102592615504121,0,6441501.929787247,112251.72769008184,0
1,0,14.4,71479.92327661347,26.88823940834938,7959.998520361321,314125110377597800,31618616103.890896,1,0.009938408550331406,0,0.24649346171516434,0.5354083065602335,1158748.7666315478,0.5188659869343814,0,6441359.561405394,113034.87554881972,0
1,0,14.5,71351.26971504372,26.8637684141535,7959.66636245191,360233896442850400,33859755546.094578,1,0.009775501734844814,0,0.2522885127111883,0.5693541005447585,1168217.7775248704,0.5274687630491416,0,6441217.120293132,113817.97601026444,0
1,0,14.600000000000001,71222.63837725669,26.83931661121658,7959.326109737325,411280706399989300,36179344909.46229,1,0.009617876203352357,0,0.25824306307960826,0.6051156457493846,1177600.692525693,0.5360675139982158,0,6441074.60683445,114601.02831352183,0
1,0,14.700000000000001,71094.0296225166,26.814884015363646,7958.977765719421,467547521662965700,38574864585.04797,1,0.009465279657330735,0,0.2643642072133541,0.6427704834724381,1186899.361371782,0.5446621639905447,0,6440932.021413302,115384.03169812192,0
1,0,14.8,70965.44380968809,26.790470642314432,7958.62133397151,529305490066263400,41043532276.86956,1,0.009317475616620085,0,0.27065887110953823,0.6823992161491885,1196115.5586623931,0.5532526373414677,0,6440789.364413593,116166.98540402601,0
1,0,14.9,70836.88129722141,26.766076507681692,7958.256818138275,596812244672866800,43582324800.083626,1,0.009174242198837583,0,0.2771337860177936,0.7240856240630463,1205250.9879936299,0.5618388584751978,0,6440646.636219175,116949.88867163262,0
1,0,15,70708.34244314954,26.74170162697161,7957.884221935661,670309360723697200,46188001651.339874,1,0.009035371010106584,0,0.28379546949977763,0.7679167848356769,1214307.2858064186,0.5704207519264826,0,6440503.8372138515,117732.7407417837,0
1,0,15.100000000000001,70579.82760509755,26.717346015586397,7957.503549150772,750019998170160900,48857130052.38867,1,0.008900666135434927,0,0.29065021013878206,0.8139831956930933,1223286.0249710341,0.5789982423414417,0,6440360.967781363,118515.54085577067,0
1,0,15.200000000000001,70451.33714025933,26.6930096888211,7957.114803641774,836146772471007600,51586111131.42041,1,0.008769943218407837,0,0.2977040506614855,0.8623788985046985,1232188.71813293,0.587571254480596,0,6440218.028305383,119298.28825534107,0
1,0,15.3,70322.8714054022,26.668692661865347,7956.717989337787,928869891349693000,54371206912.21257,1,0.008643028621170425,0,0.3049627747296368,0.9132016075921472,1241016.8208350183,0.5961397132200112,0,6440075.019169529,120080.98218270455,0
1,0,15.4,70194.43075687345,26.64439494980544,7956.313110238775,1028345589174002600,57208567783.89925,1,0.008519758656620106,0,0.31243190286647426,0.9665528403047945,1249771.734435971,0.6047035435523113,0,6439931.940757344,120863.62188053905,0
1,0,15.5,70066.01555058826,26.620116567623114,7955.900170415442,1134704882951620000,60094260106.41654,1,0.00839997888565056,0,0.3201166847464201,1.0225380503584032,1258454.808841994,0.6132626705889408,0,6439788.793452289,121646.20659199703,0
1,0,15.600000000000001,69937.62614201289,26.595857530193484,7955.4791740091205,1248052667079327500,63024293636.077354,1,0.008283543473119215,0,0.3280220998034906,1.0812667639336808,1267067.3450656035,0.6218170195627345,0,6439645.577637748,122428.73556071143,0
1,0,15.700000000000001,69809.26288617868,26.571617852288455,7955.050125231664,1368467155981295400,65994648460.70931,1,0.00817031459692282,0,0.33615284561913084,1.1428527185311186,1275610.5976222234,0.6303665158284154,0,6439502.293697028,123211.20803080208,0
1,0,15.8,69680.9261376774,26.54739754857674,7954.613028365321,1495999676006278100,69001301152.44652,1,0.008060161905099308,0,0.34451335179953785,1.2074140045785084,1284085.7767801033,0.6389110848643418,0,6439358.942013343,123993.6232468817,0
1,0,15.9,69552.6162506491,26.523196633622703,7954.167887762631,1630674800837864700,72040249878.42903,1,0.00795296201647223,0,0.3531077724293108,1.275073209787409,1292494.050673759,0.6474506522747474,0,6439215.522969819,124775.98045406232,0
1,0,16,69424.33357878588,26.499015121887897,7953.714707846313,1772490816429430800,75107538208.64352,1,0.007848598060835843,0,0.3619399990580373,1.3459575662547456,1300836.5472894001,0.6559851437909167,0,6439072.036949484,125558.2788979611,0
1,0,16.1,69296.07847532071,26.474853027729928,7953.253493109128,1921420496929368300,78199277433.90158,1,0.007746959255051624,0,0.371013662463746,1.420199100305616,1309114.356333608,0.6645144852733488,0,6438928.484335265,126340.51782470658,0
1,0,16.2,69167.8512930274,26.450710365403438,7952.784248113782,2077412165546726700,81311667194.05222,1,0.007647940511846,0,0.38033214132816995,1.4979347850732903,1317328.530991956,0.6730386027131763,0,6438784.86550999,127122.69648094465,0
1,0,16.3,69039.65238422062,26.42658714906094,7952.3069774927935,2240391010423761000,84441014270.73634,1,0.007551442078395244,0,0.3898985681487893,1.579306695812285,1325480.0895859993,0.6815574222335669,0,6438641.180856374,127904.81411384484,0
1,0,16.400000000000002,68911.48210074846,26.402483392752384,7951.821685948367,2410260622263920600,87583749439.21912,1,0.007457369202079215,0,0.39971584076081373,1.6644621679403033,1333570.017136232,0.6900708700916285,0,6438497.430757024,128686.86997110628,0
1,0,16.5,68783.3407939868,26.378399110425093,7951.32837825228,2586904716412090000,90736442280.71861,1,0.007365631821057198,0,0.40978663441964935,1.7535539578047277,1341599.2668368833,0.6985788726801804,0,6438353.61559443,129468.86330096365,0
1,0,16.6,68655.22881484032,26.35433431592477,7950.827059245748,2770189001957018000,93895813919.58134,1,0.007276144277544826,0,0.4201134042392309,1.8467404061692592,1349568.761448227,0.7070813565290837,0,6438209.735750963,130250.79335219355,0
1,0,16.7,68527.14651373774,26.330289022995576,7950.317733839302,2959963158777358000,97058747660.80919,1,0.007188825051864281,0,0.4306984050501789,1.944185604416206,1357479.3946127207,0.7155782483069356,0,6438065.791608866,131032.65937412033,0
1,0,16.8,68399.0942406226,26.306263245279347,7949.800407012656,3156062884126592500,100222297540.14752,1,0.007103596515533514,0,0.44154369717909064,2.046059563459815,1365332.0320999625,0.7240694748230778,0,6437921.7835502615,131814.4606166222,0
1,0,16.900000000000002,68271.07234496064,26.28225699631776,7949.27508381458,3358311971312051700,103383694822.39235,1,0.007020384701836779,0,0.45265115865756017,2.1525383853659554,1373127.5129837897,0.7325549630284696,0,6437777.711957128,132596.1963301369,0
1,0,17,68143.08117572218,26.258270289550147,7948.741769362775,3566524385908647400,106540352522.72983,1,0.006939119092423155,0,0.4640224930783613,2.2638044376733673,1380866.6507585195,0.7410346400182463,0,6437633.577211321,133377.86576566836,0
1,0,17.1,68015.12108139414,26.23430313831637,7948.200468843715,3780506306097276000,109689868023.871,1,0.006859732418675359,0,0.475659242584164,2.3800465304115805,1388550.2343948204,0.7495084330322649,0,6437489.37969455,134159.46817479224,0
1,0,17.2,67887.19240996428,26.210355555855028,7947.651187512544,4000058098542546000,112830023907.15695,1,0.006782160476635219,0,0.48756280452024764,2.5014600958105335,1396179.0293426046,0.757976269457529,0,6437345.119788376,134941.00280966167,0
1,0,17.3,67759.29550891742,26.186427555303574,7947.093930692922,4224976203468111400,115958787110.82576,1,0.006706341954441919,0,0.49973442737692403,2.6282473706968066,1403753.7784817806,0.7664380768297867,0,6437200.797874221,135722.46892301404,0
1,0,17.400000000000002,67631.4307252476,26.162519149701254,7946.528703776881,4455054908063235600,119074306565.11884,1,0.006632218271309209,0,0.5121752353728193,2.7606175815713128,1411275.203023885,0.7748937828340647,0,6437056.414333346,136503.86576817607,0
1,0,17.5,67503.59840543475,26.138630351985974,7945.955512224705,4690087988688997000,122174909426.08238,1,0.0065597334271225525,0,0.5248862266151224,2.898787132363161,1418744.0033706778,0.7833433153075692,0,6436911.969546862,137285.19259907014,0
1,0,17.6,67375.79889545031,26.114761174996076,7945.374361564778,4929870210176258000,125259096089.58199,1,0.006488833861883237,0,0.537868288814336,3.042979794854361,1426160.859928461,0.7917866022406451,0,6436767.463895718,138066.44867022033,0
1,0,17.7,67248.03254075628,26.090911631470934,7944.785257393433,5174198670625547000,128325534117.76988,1,0.006419468324236392,0,0.5511222053332769,3.193426901769892,1433526.4338828553,0.800223571778164,0,6436622.897760698,138847.63323675835,0
1,0,17.8,67120.29968629684,26.06708173405045,7944.188205374827,5422873986954992000,131373051252.93187,1,0.006351587748404849,0,0.5646486644090112,3.3503675425276107,1440841.3679364703,0.8086541522214094,0,6436478.271522419,139628.74555442872,0
1,0,17.900000000000002,66992.60067649651,26.043271495275473,7943.583211240784,5675701317426605000,134400627658.93558,1,0.006285145138915574,0,0.578448266351603,3.5140487616423397,1448106.2870107752,0.8170782720295149,0,6436333.585561325,140409.78487959562,0
1,0,18,66864.93585525919,26.019480927588443,7942.970280790645,5932491223293477000,137407387560.83759,1,0.006220095462546244,0,0.5925215285947975,3.684725759778436,1455321.798914595,0.8254958598208346,0,6436188.840257685,141190.7504692481,0
1,0,18.1,66737.30556595698,25.995710043332355,7942.3494198911285,6193060371912849000,140392590414.2549,1,0.006156395546964298,0,0.606868897488987,3.8626620974449795,1462488.4949818067,0.8339068443749961,0,6436044.035991588,141971.64158100655,0
1,0,18.2,66609.7101514386,25.971958854752973,7941.720634476185,6457232087962448000,143355621751.3935,1,0.006094003985594186,0,0.6214907508363466,4.0481299013277035,1469606.9506782321,0.8423111546336349,0,6435899.173142938,142752.45747312764,0
1,0,18.3,66482.14995401539,25.948227373997195,7941.083930546831,6724836761257737000,146295983838.19797,1,0.006032881048251042,0,0.6363874049899323,4.241410073251628,1476677.7261818752,0.8507087197026183,0,6435754.252091451,143533.19740451095,0
1,0,18.400000000000002,66354.62531546038,25.924515613113748,7940.439314171005,6995712119375535000,149213286245.53336,1,0.005972988597153483,0,0.6515591255613643,4.442792501768324,1483701.366935988,0.8590994688533902,0,6435609.273216649,144313.86063470456,0
1,0,18.5,66227.13657700736,25.90082358405384,7939.7867914834205,7269703378508169000,152107236470.39478,1,0.005914290007935646,0,0.6670061171533807,4.652576276361607,1490678.4041771693,0.8674833315243126,0,6435464.236897865,145094.44642391044,0
1,0,18.6,66099.6840793509,25.87715129867185,7939.126368685394,7546663282568174000,154977630683.5529,1,0.005856750095315075,0,0.6827285446856489,4.871069904265388,1497609.3554398117,0.8758602373219327,0,6435319.143514228,145874.9540329906,0
1,0,18.7,65972.26816263516,25.853498768724315,7938.458052044698,7826452043399837000,157824344694.54123,1,0.005800335043094128,0,0.6987265304519255,5.098591529887293,1504494.7250388726,0.8842301160229956,0,6435173.993444661,146655.38272347307,0
1,0,18.8,65844.88916645106,25.829866005870205,7937.78184789541,8108937195607442000,160647325216.57452,1,0.005745012338211384,0,0.7150001598830313,5.335469156831625,1511335.0045310222,0.8925928975758878,0,6435028.7870678855,147435.7317575572,0
1,0,18.900000000000002,65717.5474298438,25.806253021672948,7937.09776263774,8393993378080006000,163446581487.74564,1,0.005690750708573072,0,0.7315494842029521,5.582040872515094,1518130.673155193,0.9009485121013889,0,6434883.524762409,148216.0003981195,0
1,0,19,65590.24329129513,25.7826598275982,7936.405802737874,8681502054240924000,166222177296.6922,1,0.005637520064399486,0,0.7483745244483229,5.838655075368683,1524882.1982556004,0.9092968898950974,0,6434738.20690652,148996.18790871953,0
1,0,19.1,65462.977088725194,25.759086435014982,7935.705974727823,8971351183619321000,168974223460.50928,1,0.00558529144287487,0,0.7654752764355023,6.105670704618932,1531590.0356856682,0.9176379614285445,0,6434592.833878292,149776.29355360536,0
1,0,19.200000000000003,65335.749159495346,25.735532855196848,7934.998285205232,9263434855181250000,171702870777.63992,1,0.005534036955878275,0,0.7828517107596392,6.3834574726418065,1538254.6301948421,0.9259716573502303,0,6434447.406055573,150556.31659771944,0
1,0,19.3,65208.559840395115,25.711999099320483,7934.282740833242,9557652893821884000,174408303485.9025,1,0.0054837297405906146,0,0.8005037742466895,6.67239609988228,1544876.4158001267,0.9342979084877274,0,6434301.923815985,151336.2563067044,0
1,0,19.400000000000002,65081.40946764406,25.688485178466802,7933.55934834032,9853910447519570000,177090733218.83432,1,0.005434343912806727,0,0.8184313977141808,6.9728785523326025,1551455.8161414033,0.9426166458487651,0,6434156.387536923,152116.11194690826,0
1,0,19.5,64954.29837689549,25.66499110362225,7932.828114520073,10152117566530890000,179750393490.61145,1,0.005385854522776306,0,0.8366344952615062,7.285308281562205,1557993.2448220502,0.9509278006221904,0,6434010.797595541,152895.88278539028,0
1,0,19.6,64827.22690321598,25.64151688567618,7932.089046231095,10452188779234228000,182387534679.19794,1,0.0053382375134055976,0,0.8551129639427575,7.61010046729206,1564489.105737034,0.9592313041805379,0,6433865.154368759,153675.5680899268,0
1,0,19.700000000000003,64700.19538109843,25.618062535423732,7931.342150396791,10754042673769173000,185002419521.95422,1,0.005291469680695014,0,0.8738666884956053,7.947682262506255,1570943.7933859534,0.967527088080354,0,6433719.458233253,154455.1671290166,0
1,0,19.8,64573.20414444804,25.594628063564304,7930.587434005216,11057601489120821000,187595319091.70023,1,0.005245528636252638,0,0.8928955468125247,8.298493041093446,1577357.6931750246,0.9758150840643182,0,6433573.70956545,155234.6791718864,0
1,0,19.900000000000002,64446.253526584245,25.57121348070253,7929.824904108882,11362790721055797000,190166509241.3859,1,0.005200392771772763,0,0.9121993992292172,8.662984648010756,1583731.1817062385,0.9840952240622934,0,6433427.9087415375,156014.10348849706,0
1,0,20,64319.34386024345,25.547818797349485,7929.054567824599,11669538746720410000,192716267495.42596,1,0.005156041225355162,0,0.9317781076705758,9.041621651962622,1590064.6270551246,0.9923674401923178,0,6433282.056137432,156793.43934954828,0
1,0,20.1,64192.475477553904,25.52444402391929,7928.276432333296,11977776471570026000,195244870368.60873,1,0.005112453849544911,0,0.9516315196080386,9.434881600586996,1596358.389039169,1.0006316647634452,0,6433136.152128807,157572.68602648447,0
1,0,20.200000000000003,64065.648710060865,25.501089170733916,7927.490504879836,12287436998442156000,197752591065.98828,1,0.00506961118101731,0,0.9717594766320584,9.84325527814122,1602612.8194732072,1.0088878302752242,0,6432990.197091072,158351.84279150036,0
1,0,20.3,63938.86388870701,25.477754248020737,7926.696792772855,12598455323562820000,200239697562.82434,1,0.005027494411778672,0,0.9921618167716543,10.267246965679826,1608828.2624173935,1.0171358694201564,0,6432844.191399368,159130.9089175467,0
1,0,20.400000000000002,63812.12134383246,25.45443926591319,7925.895303384558,12910768057105766000,202706451008.70905,1,0.004986085361816089,0,1.0128383809943302,10.707374703716393,1615005.0544147103,1.0253757150848357,0,6432698.135428566,159909.8836783354,0
1,0,20.5,63685.421405164525,25.43114423444986,7925.086044150569,13224313171953540000,205153104453.32443,1,0.004945366453102352,0,1.0337889977747559,11.164170557361569,1621143.524720089,1.0336073003517716,0,6432552.029553268,160688.76634834512,0
1,0,20.6,63558.764401831664,25.407869163577395,7924.269022569717,13539029776792734000,207579901834.88712,1,0.004905320684889121,0,1.0550134950589798,11.638180883929216,1627243.9955196865,1.0418305584995802,0,6432405.874147803,161467.55620282647,0
1,0,20.700000000000003,63432.15066234581,25.38461406314836,7923.444246203872,13854857916171596000,209987077227.90717,1,0.004865931610197245,0,1.0765117042482573,12.129966603002613,1633306.782143685,1.0500454230052874,0,6432259.669586207,162246.25251780805,0
1,0,20.8,63305.5805146005,25.36137894292164,7922.611722677761,14171738395820300000,212374854315.50412,1,0.004827183313451522,0,1.0982834510899004,12.64010346895252,1639332.193270454,1.0582518275455675,0,6432113.416242245,163024.85457010128,0
1,0,20.900000000000002,63179.05428587552,25.338163812563835,7921.77145967877,14489612631357342000,214743446053.97394,1,0.004789060389192644,0,1.1203285595970611,13.169182345898879,1645320.5311229208,1.066449705997533,0,6431967.114489389,163803.36163730623,0
1,0,21,63052.57230282761,25.314968681648487,7920.923464956771,14808422518901066000,217093054503.57364,1,0.0047515479218002464,0,1.1426468580513784,13.71780948510778,1651272.0916585552,1.0746389924404582,0,6431820.76470082,164581.7729978168,0
1,0,21.1,62926.13489148952,25.291793559656558,7920.067746323921,15128110328817777000,219423870821.84564,1,0.004714631466177965,0,1.1652381712328441,14.286606804815321,1657187.1647520973,1.0828196211569256,0,6431674.367249425,165360.0879308259,0
1,0,21.200000000000003,62799.74237726629,25.268638455976543,7919.204311654481,15448618616708380000,221736075365.3329,1,0.004678297029344474,0,1.1881023246298774,14.876212172469803,1663066.0343719253,1.0909915266341592,0,6431527.922507791,166138.3057163311,0
1,0,21.3,62673.39508493245,25.24550337990466,7918.333168884622,15769890154120554000,224029837909.8965,1,0.0046425310528823505,0,1.2112391524113306,15.487279689383788,1668908.9787501316,1.0991546435652844,0,6431381.430848202,166916.42563514007,0
1,0,21.400000000000002,62547.093338625506,25.222388340644482,7917.454326012227,16091867875577995000,226305317957.79697,1,0.004607320396197216,0,1.2346484772707804,16.120479977787234,1674716.2705468189,1.1073089068508226,0,6431234.892642638,167694.44696887548,0
1,0,21.5,62420.83746185154,25.19929334730851,7916.567791096714,16414494838793884000,228562665104.3766,1,0.004572652320548153,0,1.258330136175802,16.776500470273113,1680488.1770080766,1.115454251599389,0,6431088.308262767,168472.36899998048,0
1,0,21.6,62294.627777475864,25.176218408917332,7915.673572258828,16737714200428532000,230802019477.32483,1,0.0045385144738010015,0,1.2822839576457152,17.456045701626586,1686224.9601192279,1.1235906131293525,0,6430941.678079946,169250.19101172392,0
1,0,21.700000000000003,62168.46460771747,25.15316353439938,7914.771677680452,17061469201269561000,233023512202.69876,1,0.004504894875871589,0,1.3065097779806123,18.15983760302893,1691926.8767526345,1.1317179269702544,0,6430795.002465213,170027.9122882061,0
1,0,21.8,62042.34827415366,25.130128732592276,7913.862115604398,17385703162843238000,235227265910.43405,1,0.004471781904824422,0,1.3310074329325106,18.888615798627214,1697594.1788099625,1.1398361288635293,0,6430648.281789286,170805.53211436307,0
1,0,21.900000000000002,61916.27909771353,25.107114012242544,7912.9448943342295,17710359493232669000,237413395262.80142,1,0.004439164283587175,0,1.355776763185472,19.643137904460687,1703227.1133601922,1.1479451547639719,0,6430501.516422559,171583.04977597264,0
1,0,22,61790.25739867054,25.084119382004964,7912.0200222340445,18035381697997010000,239582007478.0203,1,0.004407031067251978,0,1.3808176091715714,20.424179829734772,1708825.9227730301,1.1560449408412419,0,6430354.706735095,172360.46455965954,0
1,0,22.1,61664.28349664528,25.061144850443732,7911.08750772829,18360713400824900000,241733202880.77155,1,0.004375371630936269,0,1.4061298157439952,21.23253608043348,1714390.844847387,1.1641354234806969,0,6430207.853096631,173137.7757529001,0
1,0,22.200000000000003,61538.35771060549,25.038190426033037,7910.147359301546,18686298365961510000,243867075426.91968,1,0.0043441756581714544,0,1.4317132282665825,22.069020065260947,1719922.112935722,1.172216539284388,0,6430060.955876565,173914.98264402768,0
1,0,22.3,61412.48035885114,25.015256117155364,7909.199585498335,19012080526487904000,245983713231.29913,1,0.0043134331297898535,0,1.4575676954917511,22.9344644039028,1725419.9560650373,1.1802882250730464,0,6429914.015443959,174692.08452223797,0
1,0,22.400000000000002,61286.651759029366,24.99234193210446,7908.244194922912,19338004016431972000,248083199086.2747,1,0.004283134313295851,0,1.48369307207375,23.82972123759791,1730884.59905248,1.188350417886081,0,6429767.032167526,175469.08067759403,0
1,0,22.5,61160.872228107415,24.969447879081727,7907.281196239068,19664013202688150000,250165610946.8585,1,0.004253269752679928,0,1.5100892075254762,24.75566254201101,1736316.2626192116,1.1964030549843465,0,6429620.006415642,176245.97040103143,0
1,0,22.6,61035.1420823941,24.94657396620014,7906.310598169904,19990052721260020000,252231022413.58124,1,0.004223830258675179,0,1.5367559637710906,25.71318044239671,1741715.163498286,1.2044460738496865,0,6429472.938556325,177022.75298436286,0
1,0,22.700000000000003,60909.46163752116,24.933951348547996,7905.332409497654,25905473923426960000,287135772152.1915,1,0.0038365864396546073,0,1.5636931991159841,26.70318753104518,1826823.8028176778,1.325688104162126,0,6429325.831513732,177799.42279302634,0
1,0,22.8,60783.833627749234,24.92495137162626,7904.240298983574,34578056848356844000,331735403278.28973,1,0.0034109818318419603,0,1.590900775930907,27.72782490803873,1936642.4556257108,1.4906886262107848,0,6429178.691757176,178575.96736147054,0
1,0,22.900000000000002,60658.26413869765,24.91546923564156,7902.993159201559,43666694742470074000,372792091558.92096,1,0.0030705182497234,0,1.6183785598466238,28.78984899595064,2040223.395429342,1.6554558518135742,0,6429031.526740163,179352.37233044868,0
1,0,23,60532.76018085051,24.905506243253647,7901.591203992425,52939802961991370000,410471199821.1099,1,0.0027919846575922692,0,1.6461264193609528,29.892202475077504,2138434.266520308,1.8199613347674812,0,6428884.34390615,180128.62336284466,0
1,0,23.1,60407.328748211265,24.895063778641994,7900.034673924351,62236896480628150000,445056854823.61176,1,0.00255990420057127,0,1.6741442256598515,31.03802261668307,2231947.0259496965,1.984176749101115,0,6428737.150687003,180904.7061460111,0
1,5,13.200000000000001,73025.36815888621,27.183382349761878,7963.351843755204,40386731540527950,11337332514.432592,1,0.01242588683685461,1,0.18672523124561863,0.24516547629058652,1037606.6901997619,0.4153464369169958,0.08726646259971647,6443063.071928688,103634.19104467881,0
1,5,13.3,72896.4760775473,27.1586823340079,7963.117070512041,49529122124254900,12555148266.284588,1,0.012171806986188983,1,0.19117427986139585,0.2624033624549392,1048287.7725007919,0.4239915667833905,0.08726646259971647,6442921.528910447,104417.80993539919,-0.0005206572395195622
1,5,13.4,72767.60185603239,27.134001307232015,7962.874166103411,60330197122805320,13856670907.53711,1,0.011927942704988365,1,0.19569771604339897,0.2807265676989096,1058852.662632981,0.4326335901933814,0.08726646259971647,6442779.908891078,105201.38981673165,-0.0020932159969584206
1,5,13.5,72638.74583529867,27.109339282355233,7962.6231331661875,73008623386557150,15243286431.13648,1,0.011693690655925348,1,0.20030158030326797,0.30018398135357394,1069304.5879283661,0.441272431749431,0.08726646259971647,6442638.212253856,105984.92992335562,-0.004738844900757989
1,5,13.600000000000001,72509.90837791841,27.084696276263067,7962.363974408321,87798110951096300,16716067510.347168,1,0.011468494132976695,1,0.20499229880977007,0.3208263713722209,1079646.61320919,0.4499080146613104,0.08726646259971647,6442496.439382055,106768.4294903058,-0.00847870155616347
1,5,13.700000000000001,72381.08984609693,27.060072305731794,7962.096692610153,104946485464167400,18275761426.918514,1,0.011251838605470188,1,0.2097766136924287,0.3427064675205399,1089881.653484019,0.45854026222642114,0.08726646259971647,6442354.590658958,107551.88775297771,-0.013333932296261003
1,5,13.8,72252.29060167912,27.035467387430565,7961.821290624313,124714469985995980,19922780642.226734,1,0.011043247798398445,1,0.21466152231393873,0.36587904737314314,1100012.4838744036,0.46716909783087107,0.08726646259971647,6442212.666467842,108335.30394713469,-0.01932567193334913
1,5,13.9,72123.51100613456,27.010881537919726,7961.53777137566,147374181804255100,21657196352.333836,1,0.010842280201867316,1,0.21965421880167146,0.39040102511470137,1110041.748715677,0.47579444495199275,0.08726646259971647,6442070.667191969,109118.67730891384,-0.02647504351064291
1,5,14,71994.75142055564,26.986314773651472,7961.246137861184,173207355867801660,23478735132.619427,1,0.010648525955899208,1,0.22476203951778423,0.4163315431438741,1119971.9699118333,0.48441622715997873,0.08726646259971647,6441928.593214594,109902.00707483235,-0.03480315805431969
1,5,14.100000000000001,71866.01220565755,26.961767110970808,7960.946393149937,202503313650071800,25386778722.7506,1,0.010461604064313582,1,0.22999240791989034,0.44373206647811214,1129805.5546185898,0.4930343681193883,0.08726646259971647,6441786.444918958,110685.29248179377,-0.044331114325916805
1,5,14.200000000000001,71737.29372177739,26.937238566116363,7960.638540382925,235556703617499230,27380366975.049118,1,0.010281159897826343,1,0.23535279580373114,0.4726664799573109,1139544.8023196398,0.5016487915907124,0.08726646259971647,6441644.222688272,111468.53276709504,-0.05507999857509388
1,5,14.3,71608.59632885363,26.912729155217615,7960.3225827730375,272665045898746600,29458203924.994915,1,0.01010686295191216,1,0.2408506699636336,0.5032011882441902,1149191.9113550826,0.5102594214332489,0.08726646259971647,6441501.926905733,112251.7271684316,-0.06707088429273286
1,5,14.4,71479.92038644757,26.88823889429978,7959.998523604941,314126120001853600,31618666916.282272,1,0.009938404829689797,0,0.2464934584097119,0.5354052186191762,1158748.984948509,0.5188661816051581,0.08726646259971647,6441359.557954499,113034.87492390492,-0.08032483196444107
1,5,14.5,71351.26625371445,26.863767799279522,7959.666366235003,360235239297711200,33859818656.056458,1,0.009775497423801616,0,0.2522885087227991,0.5693503265674618,1168218.036785482,0.5274689961668951,0.08726646259971647,6441217.116217702,113817.97527202769,-0.09486288882439609
1,5,14.600000000000001,71222.63428942021,26.839315885968944,7959.326114091182,411282459921347900,36179422035.84511,1,0.009617871274870116,0,0.258243059242075,0.605111104155817,1177600.996176889,0.5360677892815671,0.08726646259971647,6441074.602078435,114601.02745173116,-0.11070608860960539
1,5,14.700000000000001,71094.02485192474,26.81488317007353,7958.977770672948,467549774651011600,38574957525.97917,1,0.009465274086750363,0,0.26436420355556334,0.6427650911966272,1186899.7128496973,0.5446624852175443,0.08726646259971647,6440932.015919751,115384.03070237019,-0.1278754513145175
1,5,14.8,70965.43829918467,26.79046966719358,7958.621339551173,529308343353693300,41043642901.866936,1,0.00931746938143925,0,0.2706588673251117,0.6823928891965279,1196115.9613938539,0.5532530083497493,0.08726646259971647,6440789.358124652,116166.98426373058,-0.14639198294606737
1,5,14.9,70836.87498874217,26.76607539282318,7958.256824368048,596815811616854800,43582455038.262,1,0.009174235278515774,0,0.27713378178638204,0.7240782780869144,1205251.4453972732,0.5618392831618833,0.08726646259971647,6440646.629076096,116949.88737603488,-0.1662766752790986
1,5,15,70708.33527772967,26.741700362351885,7957.884228836953,670313767704815100,46188153483.70901,1,0.009035363385897544,0,0.2837954651377061,0.7679083357334969,1214307.8012931806,0.5704212342475782,0.08726646259971647,6440503.829156987,117732.73927994854,-0.18755050561219683
1,5,15.100000000000001,70579.81952286419,26.717344591064794,7957.503556742394,750025384801906600,48857305497.6407,1,0.008900657790219762,0,0.29065020600024166,0.813973560221975,1223286.6019456522,0.5789987863122422,0.08726646259971647,6440360.958750168,118515.53921658617,-0.21023443652393986
1,5,15.200000000000001,70451.32808043715,26.69300809414151,7957.114811939868,836153291820239900,51586312236.79421,1,0.008769934136557831,0,0.29770404492923785,0.8623679949168064,1232189.3599944185,0.5875718641752051,0.08726646259971647,6440218.0182384215,119298.28642751824,-0.2343494156295868
1,5,15.3,70322.86130631808,26.668690886657846,7956.717998355776,928877709965296500,54371435742.2544,1,0.008643018788421825,0,0.30496276914638454,0.9131893562899447,1241017.5309771579,0.5961403927709241,0.08726646259971647,6440075.008004461,120080.98015477632,-0.2599163753381458
1,5,15.4,70194.41955594625,26.644392983585146,7956.313119987307,1028354886969942300,57208826409.206024,1,0.008519748059946519,0,0.3124318960055602,0.9665391645163204,1249772.516248784,0.6047042971509974,0.08726646259971647,6439931.928430942,120863.61964086002,-0.28695623260992736
1,5,15.5,70066.00318433717,26.620114399792453,7955.900180902331,1134715852957692200,60094550592.87468,1,0.008399967513164876,0,0.3201166788942089,1.0225228768327428,1258455.6657118492,0.6132635024851733,0.08726646259971647,6439788.77990043,121646.20412874321,-0.315489888714525
1,5,15.600000000000001,69937.61254605651,26.59585515004272,7955.4791852392955,1248065515064882400,63024618034.69918,1,0.008283531313975986,0,0.3280220941984871,1.0812500236567992,1267068.2803759237,0.6218179340645424,0.08726646259971647,6439645.562795418,122428.73286187957,-0.34553822898920533
1,5,15.700000000000001,69809.24799523968,26.571615248997254,7955.050137207112,1368482099952020700,65995008797.96618,1,0.00817030164123448,0,0.33615284068397033,1.1428343474622302,1275611.6147537641,0.6303675173016622,0.08726646259971647,6439502.277498323,123211.20508420936,-0.37712212259780437
1,5,15.8,69680.90988557879,26.54739471121423,7954.613041085028,1496016945656321800,69001699422.88187,1,0.00806014814385275,0,0.3445133455568345,1.2073939444071629,1284086.8791117568,0.63891217773286,0.08726646259971647,6439358.924391467,123993.62004016525,-0.41026242229004356
1,5,15.9,69552.59857031703,26.52319355114869,7954.167901222542,1630694636690530300,72040688033.06177,1,0.00795294744145839,0,0.353107766087262,1.275051408711482,1292495.2415828777,0.6474518410200396,0.08726646259971647,6439215.5038570855,124775.97697467862,-0.44497996416133373
1,5,16,69424.31440224592,26.499011783152863,7953.714722039259,1772513469324656400,75108018154.08015,1,0.007848582664580215,0,0.3619399925724916,1.3459339797795242,1300837.8301525065,0.6559864329522881,0.08726646259971647,6439072.01627732,125558.2751331858,-0.48129556741304175
1,5,16.1,69296.0577337062,26.474849421477263,7953.253508024785,1921446226915806500,78199801020.38751,1,0.007746943030760508,0,0.3710136545921001,1.420173692064182,1309115.7345262722,0.6645158794472279,0.08726646259971647,6438928.462034209,126340.5137616335,-0.5192300341132058
1,5,16.2,69167.82891657576,26.450706480269446,7952.784263738609,2077441241170829600,81312236214.3067,1,0.007647923453347933,0,0.3803321328702849,1.4979075276684044,1317330.0078894407,0.6730401065532442,0.08726646259971647,6438784.841509691,127122.6921064858,-0.5588041489578058
1,5,16.3,69039.62830227427,26.426582973575698,7952.306993809979,2240423707775375600,84441630455.02019,1,0.007551424180091087,0,0.3898985582084123,1.5792775716799874,1325481.6685635662,0.6815590404505751,0.08726646259971647,6438641.155085601,127904.80941472955,-0.6000386790324338
1,5,16.400000000000002,68911.45624175668,26.40247891534076,7951.821702937778,2410297223938924000,87584414450.24173,1,0.007457350458897145,0,0.3997158288448343,1.6644311702354488,1333571.7015693611,0.6900726074531508,0.08726646259971647,6438497.40314366,128686.8649338811,-0.6429543735745532
1,5,16.5,68783.31308550946,26.378394319408084,7951.328395890408,2586945510975022000,90737157718.53287,1,0.007365612228412809,0,0.4097866218312029,1.7535210913086825,1341601.06010134,0.6985807340102406,0.08726646259971647,6438353.586065471,129468.85791199155,-0.6875719637361621
1,5,16.6,68655.19918354228,26.354329199519192,7950.827077505655,2770234282751407600,93896581314.8145,1,0.007276123831298055,0,0.42011339096971706,1.8467056882199946,1349570.6669207164,0.7070833467084022,0.08726646259971647,6438209.704232524,130250.78759765367,-0.7339121623470604
1,5,16.7,68527.11488539353,26.33028356931553,7950.317752690567,2960013223432188000,97059568480.5107,1,0.007188803748286969,0,0.4306983925464118,1.9441490658610254,1357481.415670845,0.7155803722724917,0.08726646259971647,6438065.758026181,131032.65324000722,-0.781995663678551
1,5,16.8,68399.06054011732,26.306257442337053,7949.800426421319,3156118033528344000,100223173184.23462,1,0.00710357435127709,0,0.4415436849936037,2.0460212496309684,1365334.1721224012,0.724071737567917,0.08726646259971647,6437921.74782768,131814.45408874532,-0.8318431432077089
1,5,16.900000000000002,68271.03649629094,26.282250832024417,7949.275103743094,3358372509181071000,103384626629.86359,1,0.007020361673902583,0,0.452651144334723,2.152498357079393,1373129.7753504687,0.7325573696015134,0.08726646259971647,6437777.674018129,132596.1893941205,-0.8834752573821696
1,5,17,68143.04310200084,26.258263751717326,7948.741789769946,3566590618256753000,106541341775.03711,1,0.006939095198137493,0,0.46402247955805825,2.263762772250892,1380869.0388505145,0.7410371955238437,0.08726646259971647,6437633.536978497,133377.85840695055,-0.9369126433854263
1,5,17.1,68015.08070484176,26.234296214655274,7948.200489684659,3780578540409443300,109690915943.60437,1,0.006859707655658478,0,0.47565923042013253,2.3800033227266764,1388552.7515950731,0.7495111426306247,0.08726646259971647,6437489.33708962,134159.4603786246,-0.9921759189026896
1,5,17.2,67887.14965191949,26.21034823397886,7947.651208738626,4000136643939249700,112831131670.5025,1,0.006782134842784114,0,0.4875627932300169,2.501415459358144,1396181.6790354429,0.7579791383638959,0.08726646259971647,6437345.074732182,134940.9945611091,-1.0492856818872884
1,5,17.3,67759.25028983504,26.18641982272787,7947.093952251706,4225061370066893300,115959955847.08047,1,0.006706315447907208,0,0.4997344164763386,2.6282014386873467,1403756.5640531925,0.7664411103144314,0.08726646259971647,6437200.75028673,135722.46020695358,-1.108262510327581
1,5,17.400000000000002,67631.38296469767,26.16251099384438,7946.528725612077,4455147006800272000,119075537362.1345,1,0.006632190890474409,0,0.5121752238354939,2.7605705080492084,1411278.1278617126,0.7748969862222049,0.08726646259971647,6437056.364133654,136503.8565692969,-1.1691269620145053
1,5,17.5,67503.54802210536,26.1386217601702,7945.955534276123,4690187331429897000,122176203338.492,1,0.006559705170587101,0,0.5248862160148495,2.8987390933502235,1418747.070864571,0.7833466939790472,0.08726646259971647,6436911.91665319,137285.18290187325,-1.2318995743096157
1,5,17.6,67375.74580714852,26.11475213444835,7945.374383768262,4929977109605559000,125260454142.91086,1,0.00648880472844575,0,0.5378682797170178,3.0429309895182923,1426164.0734699229,0.79179016162972,0.08726646259971647,6436767.408225414,138066.43845901734,-1.2966008639136797
1,5,17.7,67247.97666440904,26.090902129323712,7944.785279680827,5174313440459581000,128326957315.78767,1,0.006419438312879228,0,0.5511221966930505,3.1933775536182516,1433529.7968652963,0.8002273173733108,0.08726646259971647,6436622.839230243,138847.6224956711,-1.363251326635917
1,5,17.8,67120.24093795288,26.067071757342575,7944.18822767391,5422996941627857000,131374540577.50586,1,0.006351556858280319,0,0.564648656783344,3.3503179006275556,1440844.8837551742,0.8086580895650453,0.08726646259971647,6436478.210047421,139628.7342673894,-1.4318714371637882
1,5,17.900000000000002,66992.53897132166,26.043261030952017,7943.583233475224,5675832772981799000,134402184083.93394,1,0.006285113369329835,0,0.5784482592096456,3.5139991018664887,1448109.9590632569,0.8170824067181708,0.08726646259971647,6436333.521056527,140409.7730303455,-1.5024816488332997
1,5,18,66864.87110754754,26.019469962503237,7942.970302879953,5932631497058381000,137409012050.1893,1,0.006220062812952477,0,0.5925215202908336,3.6846763860771765,1455325.6306000038,0.8255001975042578,0.08726646259971647,6436188.772636964,141190.73804133764,-1.575102393400036
1,5,18.1,66737.23768912815,25.99569856424807,7942.349441750602,6193209783018235000,140394283929.60498,1,0.006156362016949334,0,0.6068688902329965,3.8626133431455885,1462492.489701146,0.8339113907561884,0.08726646259971647,6436043.965167953,141971.62855779397,-1.6497540808106272
1,5,18.2,66609.63905803207,25.97194684834077,7941.720656016852,6457390957817102000,143357385258.29535,1,0.006093969574864842,0,0.621490745799893,4.048082130460625,1469611.1118347356,0.8423159154690768,0.08726646259971647,6435899.099028533,142752.44383777952,-1.7264570989749835
1,5,18.3,66482.07555570081,25.94821482683908,7941.083951675412,6725005413475266000,146297818305.5816,1,0.006032845756629045,0,0.6363874016367749,4.241363681904284,1476682.05718045,0.850713700801433,0.08726646259971647,6435754.174597559,143533.1831400007,-1.8052318135389531
1,5,18.400000000000002,66354.54752303194,25.924502511702176,7940.4393347898485,6995890880647875000,149215192655.2061,1,0.005972952424563316,0,0.6515591164560802,4.44274791946683,1483705.8711835626,0.8591046760775629,0.08726646259971647,6435609.192253695,144313.84572381238,-1.8860985676577937
1,5,18.5,66227.05530039594,25.90080991479436,7939.786811490465,7269892578809053000,152109215818.53067,1,0.0059142529544013904,0,0.6670061108717326,4.6525339674807755,1490683.085082029,0.8674887707877289,0.08726646259971647,6435464.152375403,145094.43084922273,-1.9690776817700895
1,5,18.6,66099.59922760539,25.877137047880552,7939.126387974115,7546863254842239000,154979683976.69565,1,0.005856712160943656,0,0.6827285372277797,4.87103036946741,1497614.2164126833,0.8758659145914689,0.08726646259971647,6435319.055340961,145874.93777689966,-2.0541894533724
1,5,18.7,65972.1796439439,25.853483922631973,7938.458070504052,7826663124636373000,157826472959.87985,1,0.0058002962280775195,0,0.6987265241398997,5.098555307589514,1504499.7694917005,0.8842360373169265,0.08726646259971647,6435173.901528431,146655.36576817604,-2.141454156794474
1,5,18.8,65844.79688813258,25.829850550621316,7937.781865409798,8109159727008382000,160649529502.30368,1,0.0057449726428152334,0,0.7150001541394875,5.335436824703807,1511340.235877517,0.8925990689643573,0.08726646259971647,6435028.691315678,147435.71408505546,-2.230892042975108
1,5,18.900000000000002,65717.45129834954,25.80623694332672,7937.097779086945,8394227704735565000,163448862858.58942,1,0.005690710133131349,0,0.731549479612431,5.582013049006591,1518136.0948106593,0.9009549397060561,0.08726646259971647,6434883.425080352,148215.98199021877,-2.3225233392387405
1,5,19,65590.14321220946,25.78264311212915,7936.405817997024,8681748526199494000,166224536843.14865,1,0.005637478609308346,0,0.7483745222156476,5.838632421265966,1524887.8136369379,0.9093035798889827,0.08726646259971647,6434738.103199893,148996.16874702886,-2.416368249072521
1,5,19.1,65462.87296677288,25.75906906831469,7935.705988667323,8971610155302584000,168976662291.7617,1,0.005585249108589986,0,0.7654752741879388,6.1056539246338835,1531595.848210929,0.9176449200353627,0.08726646259971647,6434592.726051517,149776.27361953663,-2.512446951904155
1,5,19.200000000000003,65335.64089853503,25.735514823073444,7934.998297690739,9263706685838967000,171705390024.69153,1,0.0055339937429067345,0,0.7828517085298603,6.383447317031259,1538260.643283594,0.9259788908446696,0.08726646259971647,6434447.294012222,150556.29587248695,-2.6107796028803842
1,5,19.3,65208.447343425825,25.711980387500287,7934.2827517256055,9557937947581344000,174410904300.7918,1,0.00548368564948855,0,0.800503773807167,6.672393366099226,1544882.6328730604,0.9343054231948454,0.08726646259971647,6434301.807458782,151336.23477132389,-2.711386332646088
1,5,19.400000000000002,65081.292636805214,25.688465772594796,7933.559357495523,9854209093431327000,177093416773.90894,1,0.005434298944174573,0,0.8184313960635288,6.972884086709556,1551462.2406203004,0.9426244481438216,0.08726646259971647,6434156.26676774,152116.08958219682,-2.81428724712409
1,5,19.5,64954.17711346783,25.66497098926285,7932.828121789205,10152430178546700000,179753160977.29156,1,0.0053858086772547425,0,0.8366344942313553,7.285322981027191,1557999.880129717,0.9509358969304204,0.08726646259971647,6434010.672315404,152895.85957196562,-2.9195024272956034
1,5,19.6,64827.10110761784,25.64149604831309,7932.089051460295,10452515736007260000,182390387305.31772,1,0.005338190791670056,0,0.8551129635306574,7.610125281117714,1564495.955297461,0.9592397009772331,0.08726646259971647,6433865.024477848,153675.54400820672,-3.0270519289814244
1,5,19.700000000000003,64700.06495289691,25.61804096046237,7931.342153427203,10754384358699463000,185005358511.441,1,0.0052914220834560195,0,0.8738666874746551,7.947718194092532,1570950.8606236705,0.9675357918899439,0.08726646259971647,6433719.323630906,154455.1421592183,-3.1369557826236902
1,5,19.8,64573.06898235623,25.59460573633179,7930.587434672929,11057958290385537000,187598345684.18643,1,0.005245480164251075,0,0.8928955452256313,8.298541149784432,1577364.9815152069,0.9758241014603858,0.08726646259971647,6433573.57015016,155234.6532940262,-3.2492339930684384
1,5,19.900000000000002,64446.11352845933,25.57119038644793,7929.824902244899,11363163030954025000,190169624686.15158,1,0.005200343425775812,0,0.9121993995447559,8.6630460509461,1583738.6945747726,0.9841045616675302,0.08726646259971647,6433427.764410951,156014.0766823893,-3.363906539348775
1,5,20,64319.198923084885,25.547794921244034,7929.0545632547855,11669926961964080000,192719473053.59543,1,0.0051559910061525285,0,0.9317781067285206,9.041697525964125,1590072.367878653,0.992377104678471,0.08726646259971647,6433281.906788366,156793.41159480496,-3.4809933744687784
1,5,20.1,64192.32549752202,25.52441935105991,7928.276424878327,11978180992700934000,195248167308.11658,1,0.0051124027579523236,0,0.9516315167480779,9.43497318408087,1596366.3612440422,1.0006416628499029,0.08726646259971647,6433135.997657233,157572.65730251485,-3.6005144251881296
1,5,20.200000000000003,64065.49358245917,25.501063686140867,7927.49049435516,12287858229925437000,197755980662.34476,1,0.005069559217867514,0,0.97175947188701,9.843363873116584,1602621.0264863812,1.0088981687300185,0.08726646259971647,6432990.0373921245,158351.8130775106,-3.722489591807429
1,5,20.3,63938.70350799244,25.477727936639752,7926.696778988641,12598893672983378000,200243181092.73535,1,0.0050274415779223425,0,0.992161812649965,10.267373939683955,1608836.7076658255,1.017146555059106,0.08726646259971647,6432844.026367346,159130.87819253877,-3.8469387479541823
1,5,20.400000000000002,63811.955603611656,25.454412112615373,7925.895286145655,12911223935398107000,202710029752.22748,1,0.004986031658118105,0,1.0128383749828145,10.707521491887341,1615013.741325498,1.0253867547716118,0.08726646259971647,6432697.964956934,159909.85192110663,-3.973881740369535
1,5,20.5,63685.25019820221,25.43111622403353,7925.086023256451,13224786992898570000,205156779690.21085,1,0.004945311880442219,0,1.0337889911075886,11.164338664498677,1621152.456719965,1.0336187009971634,0.08726646259971647,6432551.8535346575,160688.7335374875,-4.103338388695738
1,5,20.6,63558.58762004506,25.40784028076769,7924.26899781445,13539521956358828000,207583674840.01413,1,0.00490526524415695,0,1.0550134877683022,11.638371886602144,1627253.176035255,1.041842327061686,0.08726646259971647,6432405.692474013,161467.52231672656,-4.23532848526439
1,5,20.700000000000003,63431.96819681395,25.38458429259921,7923.444217376062,13855368872686483000,209990949273.24268,1,0.004865875302294625,0,1.0765116963014094,12.130182151699447,1633316.2146008678,1.050057566488712,0.08726646259971647,6432259.48214821,162246.2175346459,-4.3698717948853005
1,5,20.8,63305.3922555577,25.361348269215174,7922.611689560509,14172268549471230000,212378826666.96405,1,0.004827126139287516,0,1.0982834399613393,12.64034529026759,1639341.8810947652,1.0582643530016749,0.08726646259971647,6432113.222930184,163024.8184678501,-4.506988054636172
1,5,20.900000000000002,63178.86012271978,25.338132220212206,7921.771422049626,14490162403673540000,214747519968.33167,1,0.004789002349684511,0,1.1203285471420819,13.16945224476088,1645330.4777389592,1.0664626205237022,0.08726646259971647,6431966.915192579,163803.32439373145,-4.646696973652945
1,5,21,63052.37212411594,25.314936155093612,7920.923422587697,14808992332774048000,217097231229.48956,1,0.0047514890178702845,0,1.1426468436426251,13.718109347048841,1651282.3004901842,1.0746523031802122,0.08726646259971647,6431820.559307752,164581.73459047585,-4.789018232921057
1,5,21.1,62925.928584943525,25.291760083271456,7920.067698981238,15128700607437117000,219428151592.9827,1,0.0047145716987535375,0,1.165238158725263,14.286938598281633,1657197.6392220797,1.0828333352993706,0.08726646259971647,6431674.155647761,165360.04833706745,-4.933971485067205
1,5,21.200000000000003,62799.5298297666,25.268604014064906,7919.204259098835,15449229783967769000,221740461404.38797,1,0.004678236399354842,0,1.1881023140271851,14.876577951174502,1663076.7779021391,1.091005651414172,0.08726646259971647,6431527.70458438,166138.26491329476,-5.081576354152132
1,5,21.3,62673.17618253268,25.245467956703557,7918.333110870932,15770522634267974000,224034330427.05496,1,0.004642469561261233,0,1.2112391385925951,15.487681594702668,1668919.9947607813,1.099169186262392,0.08726646259971647,6431381.206489068,166916.38359975515,-5.231852435463896
1,5,21.400000000000002,62546.86796654854,25.222351920324222,7917.454262289651,16092522092383801000,226309918145.8749,1,0.0046072580438802566,0,1.2346484627032162,16.120920241198064,1674727.562456558,1.1073238747892664,0.08726646259971647,6431234.6617329875,167694.40367786068,-5.3848192953120995
1,5,21.5,62420.60550448485,25.19925591397231,7916.567721408598,16415171215595813000,228567374140.30664,1,0.004572589108470307,0,1.2583301196094936,16.776981415839128,1680499.748234163,1.1154696521482397,0.08726646259971647,6431088.07068699,168472.3244298436,-5.540496470822914
1,5,21.6,62294.38911837805,25.176179946602776,7915.673496342659,16738413159857226000,230806838521.35925,1,0.004538450402897127,0,1.2822839404065174,17.456569748524924,1686236.8140771086,1.1236064537018855,0.08726646259971647,6430941.433721614,169250.1451387611,-5.698903469734692
1,5,21.700000000000003,62168.21912962105,25.15312402707936,7914.771595267826,17062191164743496000,233028442396.06906,1,0.004504829947075998,0,1.3065097600744466,18.160407268124672,1691939.0168557407,1.1317342150235765,0.08726646259971647,6430794.7512070825,170027.86508850093,-5.860059770194552
1,5,21.8,62042.095858961344,25.130088164174833,7913.862026420982,17386448550725417000,235232308377.58792,1,0.0044717161190687615,0,1.3310074162905026,18.889233699093747,1697606.608469812,1.1398528718986318,0.08726646259971647,6430648.023513302,170805.48356378614,-6.023984820555496
1,5,21.900000000000002,61916.01962650288,25.107072366571987,7912.944798099705,17711128723781278000,237418551105.44147,1,0.0044390976418006165,0,1.3557767478509355,19.643806760447138,1703239.8359860722,1.1479623603252258,0.08726646259971647,6430501.251009857,171582.9998501812,-6.1906980391747055
1,5,22,61789.990751699544,25.084076642863238,7912.0199186620775,18036175188275350000,239587277782.41525,1,0.004406963570361631,0,1.380817593143387,20.4249024670812,1708838.941771647,1.1560626165158352,0.08726646259971647,6430354.434066006,172360.41323409617,-6.360218814212167
1,5,22.1,61664.0095533533,25.06110100155092,7911.087396526477,18361531565314816000,241738588709.60867,1,0.004375303279866402,0,1.406129799644407,21.233315433434605,1714404.1636227325,1.1641535768983726,0.08726646259971647,6430207.573050672,173137.72300279277,-6.532566503430537
1,5,22.200000000000003,61538.076349605806,25.038145451046642,7910.147240171389,18687141616926240000,243872577822.91772,1,0.004344106453840705,0,1.431713212845207,22.06985917947916,1719935.7348893648,1.172235178117746,0.08726646259971647,6430060.668332447,173914.92844438917,-6.707760433995502
1,5,22.3,61412.191457939334,25.01520999967206,7909.1994581351955,19012949274010570000,245989333218.5499,1,0.004313363073112479,0,1.4575676833500724,22.935366439031228,1725433.8845956277,1.1803073570367923,0.08726646259971647,6429913.720279588,174692.02884786474,-6.885819902276904
1,5,22.400000000000002,61286.35519517958,24.992294655659855,7908.244059015959,19338898667565400000,248088937665.8115,1,0.0042830634051800025,0,1.4836930599796971,23.830689470374285,1730898.8375558364,1.1883700507370674,0.08726646259971647,6429766.7292600125,175469.02350306604,-7.066764173651067
1,5,22.5,61160.56787748821,24.9693994271533,7907.281051471249,19664934161710535000,250171469099.42862,1,0.004253197994030649,0,1.5100891980131532,24.756700369183186,1736330.8144874796,1.196423196520329,0.08726646259971647,6429619.6956412885,176245.91170071097,-7.250612482303432
1,5,22.6,61034.82982035447,24.94652432220546,7906.310444217908,19991000389509816000,252237001099.63113,1,0.0042237576503902806,0,1.536755954948742,25.71429138374056,1741730.0321205307,1.204466731910052,0.08726646259971647,6429472.6197906425,177022.6927323947,-7.437384031032424
1,5,22.700000000000003,60909.14133860264,24.93393666394556,7905.3322460318595,25926983455320400000,287254953035.9413,1,0.0038353663190598616,0,1.5636931889697323,26.70437523243576,1827114.2442639053,1.3261097820105934,0.08726646259971647,6429325.504634544,177799.36094476507,-7.627236294444697
1,5,22.8,60783.505168280564,24.92493511732626,7904.239749486461,34601613322081493000,331848382238.8879,1,0.003409992800391205,0,1.5909007664608898,27.72909747457524,1936922.8823801572,1.4911207769658912,0.08726646259971647,6429178.356636645,178575.90385147103,-7.820517756020217
1,5,22.900000000000002,60657.92738875467,24.915451376701828,7902.99221401542,43691662234450140000,372898652789.6012,1,0.0030696965557368743,0,1.6183785510216853,28.79121517078282,2040495.7077434557,1.6558985868623752,0.08726646259971647,6429031.183233742,179352.30708902364,-8.017629238026768
1,5,23,60532.414993667975,24.90548674377444,7901.589853375942,52965697523466000000,410571574885.782,1,0.0027912882430635904,0,1.6461264091824004,29.893671680216798,2138699.918301921,1.8204147850433707,0.08726646259971647,6428883.991852615,180128.55631605643,-8.218970751891364
1,5,23.1,60406.974960212596,24.895042601711967,7900.032908034225,62263380594335530000,445151538872.2843,1,0.00255930415510434,0,1.6741442155054735,31.039604997929743,2232207.1609545834,1.984641064963998,0.08726646259971647,6428736.789908499,180904.63721566225,-8.424941406879682
1,10,13.200000000000001,73025.36815888621,27.183382349761878,7963.351843755204,40386731540527950,11337332514.432592,1,0.01242588683685461,1,0.18672523124561863,0.24516547629058652,1037606.6901997619,0.4153464369169958,0.17453292519943295,6443063.071928688,103634.19104467881,0
1,10,13.3,72896.4760775473,27.1586823340079,7963.117070512041,49529122124254900,12555148266.284588,1,0.012171806986188983,1,0.19117427929610206,0.2624033624549392,1048287.7725007919,0.4239915667833905,0.17453292519943295,6442921.528843507,104417.80992331133,-0.001037351963064944
1,10,13.4,72767.60178890452,27.134001295370137,7962.874166265263,60330203395103900,13856671627.849483,1,0.01192794258050954,1,0.19569771566416802,0.2807264856632774,1058852.668222588,0.43263359472588986,0.17453292519943295,6442779.908621955,105201.389768126,-0.004170501337681184
1,10,13.5,72638.74556541815,27.109339234187512,7962.623133650808,73008652790207300,15243289500.693167,1,0.011693690174935118,1,0.20030157991127104,0.30018371511555336,1069304.6101151693,0.4412724499537645,0.17453292519943295,6442638.211644587,105984.92981329338,-0.009441624258066243
1,10,13.600000000000001,72509.90776692238,27.08469616695558,7962.3639753713705,87798188319546820,16716074875.516777,1,0.011468493085576415,1,0.20499229820101766,0.32082579976751313,1079646.6629021924,0.4499080558595679,0.17453292519943295,6442496.438291963,106768.42929333808,-0.016892874937424654
1,10,13.700000000000001,72381.08875289187,27.060072110064493,7962.096694201849,104946645519073540,18275775363.18399,1,0.011251836801580019,1,0.2097766134885752,0.3427054515793527,1089881.7415023523,0.4585403359227533,0.17453292519943295,6442354.588944648,107551.88744314428,-0.0265663851727277
1,10,13.8,72252.28888243623,27.035467079798938,7961.821292989279,124714759442682020,19922803762.153057,1,0.011043245065696268,1,0.21466152232661592,0.3658774315709246,1100012.620956227,0.4671692137115639,0.17453292519943295,6442212.663983207,108335.30349796278,-0.03850426385015715
1,10,13.9,72123.50851429813,27.01088109233876,7961.537774652738,147374661661976640,21657231610.763466,1,0.010842276383988226,1,0.21965421970722465,0.3903986386817872,1110041.9455252874,0.4757946128846645,0.17453292519943295,6442070.663788193,109118.67669341699,-0.052748596451209454
1,10,14,71994.74800684303,26.986314163758088,7961.246142183276,173208103827295840,23478785826.551586,1,0.010648520910828288,1,0.22476204067439812,0.41632820143429294,1119972.2370468033,0.4844164571933376,0.17453292519943295,6441928.58874015,109902.006265509,-0.06934144455947754
1,10,14.100000000000001,71866.00771806017,26.96176631002644,7960.946398643819,202504426654064900,25386848488.392345,1,0.010461597662961467,1,0.22999240937695647,0.4437275723978037,1129805.9026162247,0.49303467048291977,0.17453292519943295,6441786.439219619,110685.29145062613,-0.08832484536813202
1,10,14.200000000000001,71737.28800556436,26.93723754701004,7960.638547169085,235558300443034600,27380459779.86933,1,0.010281152022766957,1,0.2353527980803517,0.472660625452028,1139545.2416626844,0.501649176694175,0.17453292519943295,6441644.215607098,111468.53148554776,-0.10974081118812606
1,10,14.3,71608.58922656812,26.91272789046767,7960.322590965503,272667269786442270,29458324057.01156,1,0.010106853496248583,1,0.24085067276494337,0.5031937558473678,1149192.4524775082,0.5102598998666663,0.17453292519943295,6441501.918283086,112251.72560745082,-0.13363132895707894
1,10,14.4,71479.91173791327,26.88823735605743,7959.998533311118,314129141229113300,31618818968.18536,1,0.009938393696056062,0,0.2464934610355207,0.5353959830600663,1158749.6382400722,0.5188667641381156,0.17453292519943295,6441359.547628045,113034.87305391625,-0.1600383597489236
1,10,14.5,71351.2558960421,26.863765959332373,7959.666377555494,360239257679150700,33860007506.66372,1,0.009775484523470301,0,0.2522885119372789,0.5693390564398471,1168218.8125958897,0.5274696937478306,0.17453292519943295,6441217.104022405,113817.9730629358,-0.1890038382843129
1,10,14.600000000000001,71222.6220570011,26.83931371574215,7959.326127119626,411287707165284860,36179652828.142265,1,0.009617856526937503,0,0.2582430622929573,0.605097563647631,1177601.904820575,0.5360686130379353,0.17453292519943295,6441074.587846564,114601.0248729176,-0.22056967244173337
1,10,14.700000000000001,71094.0105764335,26.814880640632637,7958.97778549585,467556516526333950,38575235642.48227,1,0.00946525741741733,0,0.2643642070112406,0.6427490418808235,1186900.7646095525,0.5446634464553477,0.17453292519943295,6440931.999480879,115384.02772269279,-0.254777742769443
1,10,14.8,70965.42180958297,26.79046674924746,7958.621356247729,529316881552540740,41043973935.16322,1,0.009317450723366504,0,0.2706588705988688,0.6823740918835592,1196117.1665245853,0.5532541185530013,0.17453292519943295,6440789.339305666,116166.98085152185,-0.29166990199817516
1,10,14.9,70836.85611128807,26.766072056728014,7958.256843009977,596826485439750900,43582844764.30266,1,0.009174214570250114,0,0.2771337861282366,0.7240564947391938,1205252.8141280818,0.5618405539916912,0.17453292519943295,6440646.607701191,116949.88349910075,-0.33128797455463327
1,10,15,70708.31383596733,26.74169657811165,7957.884249488349,670326955238951800,46188607826.79751,1,0.009035340571333912,0,0.28379546895799707,0.7678833314422331,1214309.3438316113,0.5704226775425375,0.17453292519943295,6440503.805047676,117732.7349055671,-0.3736737560758011
1,10,15.100000000000001,70579.79533763696,26.71734032833575,7957.5035794595315,750041503875601200,48857830500.05564,1,0.00890063281814084,0,0.29065021062628926,0.8139451052467902,1223288.3284795007,0.5790004140872566,0.17453292519943295,6440360.931725274,118515.53431150602,-0.41886901292405426
1,10,15.200000000000001,70451.30096987914,26.693003322233025,7957.114836771053,836172800497550100,51586914025.28137,1,0.008769906960196264,0,0.2977040507539859,0.8623358667885589,1232191.2806949758,0.587573688621744,0.17453292519943295,6440217.988114094,119298.28095795732,-0.4669154817031752
1,10,15.3,70322.83108587004,26.668685574537395,7956.7180253411725,928901106596808300,54372120493.553085,1,0.008642989365088472,0,0.30496277372849445,0.9131533419771989,1241019.656000527,0.596142426255647,0.17453292519943295,6440074.974594175,120080.97408642079,-0.5178548687751299
1,10,15.4,70194.3860383518,26.64438709987989,7956.313149158772,1028382709977877600,57209600320.47203,1,0.00851971635067478,0,0.31243190218172245,0.966499062655924,1249774.8557384042,0.6047065522156869,0.17453292519943295,6439931.891545485,120863.61293886257,-0.5717288497777483
1,10,15.5,70065.96617963258,26.620107912789564,7955.900212283251,1134748679945597700,60095419845.21349,1,0.008399933482382587,0,0.32011668413063876,1.022478500024985,1258458.2298012872,0.6132659918471028,0.17453292519943295,6439788.739347928,121646.19675772151,-0.6285790691432837
1,10,15.600000000000001,69937.57186159864,26.595848027696547,7955.479218844416,1248103961790834200,63025588765.61354,1,0.008283494929242336,0,0.32802209803169274,1.0812012008256477,1267071.0791888612,0.621820670614271,0.17453292519943295,6439645.518381322,122428.72478591534,-0.6884471396178565
1,10,15.700000000000001,69809.20343568455,26.571607458927662,7955.050173042375,1368526818859833000,65996087073.160706,1,0.008170262872957062,0,0.3361528426697579,1.1427809262811588,1275614.6584072565,0.6303705141041405,0.17453292519943295,6439502.229025413,123211.19626684686,-0.7513746417817917
1,10,15.8,69680.86125289556,26.54738622071127,7954.613079147421,1496068623964893000,69002891207.61752,1,0.008060106965061067,0,0.34451334756744983,1.2073357937910998,1284090.1777169225,0.6389154480261592,0.17453292519943295,6439358.871659862,123993.6104444099,-0.8174031235708468
1,10,15.9,69552.54566378612,26.52318432717432,7954.167941499909,1630753994446045000,72041999172.05077,1,0.007952903827584205,0,0.353107769330175,1.2749884213754334,1292498.805246531,0.6474553982151295,0.17453292519943295,6439215.44666424,124775.96656299524,-0.8865740997983682
1,10,16,69424.25701846648,26.49900179234443,7953.714764510158,1772581256796772900,75109454344.57942,1,0.007848536593264987,0,0.3619399954632542,1.3458660748644393,1300841.6689780657,0.6559902906321923,0.17453292519943295,6439071.954418035,125558.2638674972,-0.9589290516784251
1,10,16.1,69295.99566659983,26.474838630150245,7953.253552658315,1921523222477932000,78201367803.06305,1,0.00774689448167663,0,0.37101365968311384,1.420100817830651,1309119.8586148084,0.6645200513664217,0.17453292519943295,6438928.395300623,126340.50160331966,-1.0345094263498722
1,10,16.2,69167.76195737813,26.450694854418046,7952.784310494254,2077528248282056700,81313938950.48184,1,0.0076478724080262595,0,0.38033214027582524,1.497829664258798,1317334.427341427,0.6730446066378609,0.17453292519943295,6438784.769691294,127122.67901638168,-1.1133566364012966
1,10,16.3,69039.55623955093,26.426570478877686,7952.307042637439,2240521552649802500,84443474322.87743,1,0.007551370621781596,0,0.38989856710599224,1.5791947339496688,1325486.3934789305,0.6815638827969812,0.17453292519943295,6438641.077969232,127904.79535312435,-1.1955120593970918
1,10,16.400000000000002,68911.3788614003,26.40246551715905,7951.821753776814,2410406752612284000,87586404432.15094,1,0.007457294372427599,0,0.39971583973131974,1.664343410653706,1333576.742048691,0.6900778063277674,0.17453292519943295,6438497.320513509,128686.84986051601,-1.2810170374043315
1,10,16.5,68783.23017074075,26.378379982792897,7951.328448670673,2587067586588409300,90739298595.38272,1,0.007365553600062141,0,0.40978663105699076,1.7534285029300525,1341606.4262467532,0.6985863038491081,0.17453292519943295,6438353.497703091,129468.8417860592,-1.3699128765208324
1,10,16.6,68655.1105149202,26.35431388921188,7950.827132146539,2770369783391705000,93898877671.37036,1,0.0072760626486867925,0,0.42011340037240236,1.8466084077266718,1349576.368836058,0.7070893021161186,0.17453292519943295,6438209.609916819,130250.77037779568,-1.4622408464040089
1,10,16.7,68527.02024080604,26.330267249748957,7950.317809101033,2960163039400569000,97062024700.8308,1,0.007188740000263396,0,0.4306983997148465,1.9440472766770667,1357487.4634630783,0.715586728022456,0.17453292519943295,6438065.657533422,131032.63488431352,-1.5580421798010031
1,10,16.8,68398.95969479531,26.306240077640034,7949.800484499755,3156283065480031000,100225793461.65886,1,0.007103508027828361,0,0.44154369226039997,2.0459151851090285,1365340.5759014385,0.7240785086010076,0.17453292519943295,6437921.640931498,131814.4345547523,-1.6573580720795995
1,10,16.900000000000002,68270.92922279984,26.28223238602218,7949.27516337714,3358553665975755000,103387414970.78893,1,0.007020292766058457,0,0.4526511531828996,2.1523883037607474,1373136.5452303586,0.7325645710262579,0.17453292519943295,6437777.560489528,132596.16863880967,-1.7602296807603532
1,10,17,68142.92917025555,26.258244187936096,7948.741850836339,3566788815244588000,106544302008.20222,1,0.006939023697896712,0,0.4640224880226735,2.2636490731995287,1380876.1849491051,0.7410448426150259,0.17453292519943295,6437633.41658585,133377.83638674673,-1.8666981250496673
1,10,17.1,68014.95988210104,26.234275496323267,7948.2005520490875,3780794698323730000,109694051736.24098,1,0.00685963355590821,0,0.4756592395022918,2.3798863809382524,1388560.284034924,0.7495192508292623,0.17453292519943295,6437489.209598675,134159.43704939453,-1.9768044853740343
1,10,17.2,67887.02170279529,26.210326324029747,7947.651272255551,4000371687407902700,112834446536.13803,1,0.006782058137234916,0,0.48756280037680993,2.5012957412446313,1396189.6079437332,0.757987723276207,0.17453292519943295,6437344.939906072,134940.96987816007,-2.0905898029153103
1,10,17.3,67759.11497629527,26.18639668380323,7947.0940167642175,4225316227182599000,115963453166.01202,1,0.006706236131029173,0,0.4997344231912969,2.6280794776382197,1403764.899562013,0.7664501877112404,0.17453292519943295,6437200.6078859605,135722.4341250319,-2.2080950791470455
1,10,17.400000000000002,67631.24004606064,26.16248658829461,7946.528790951744,4455422608204925000,119079220391.8741,1,0.006632108957433502,0,0.5121752301075991,2.760446908070035,1411286.8801088212,0.7749065720389076,0.17453292519943295,6437056.21391612,136503.8290425861,-2.329361275371953
1,10,17.5,67503.39725505281,26.138596050058652,7945.955600262821,4690484610344098000,122180075234.32426,1,0.006559620617197052,0,0.524886221834591,2.8986145327795576,1418756.249992952,0.7833568043143136,0.17453292519943295,6436911.758374172,137285.1538839925,-2.4544293122605203
1,10,17.6,67375.58694572095,26.114725081552386,7945.374450210033,4930297001637941000,125264517972.25319,1,0.006488717551113764,0,0.5378682829283723,3.0428062248237837,1426173.6896284116,0.7918008127453884,0.17453292519943295,6436767.24163759,138066.4079030203,-2.583340069390687
1,10,17.7,67247.8094600169,26.09087369513847,7944.785346373711,5174656884032806000,128331216077.64648,1,0.006419348508564496,0,0.5511222010271217,3.1932534232729157,1433539.8602081866,0.8002385256932089,0.17453292519943295,6436622.664083677,138847.59035404422,-2.7161343847887442
1,10,17.8,67120.06513936911,26.067041903081545,7944.188294401804,5423364878237946000,131378997216.86652,1,0.006351464424445755,0,0.564648658986794,3.3501953290671675,1440855.4044429336,0.8086698716750624,0.17453292519943295,6436478.026089586,139628.70049204995,-2.85285305447121
1,10,17.900000000000002,66992.3543247031,26.04322971755252,7943.583300009724,5676226147885949000,134406841508.87535,1,0.006285018303912497,0,0.5784482619972443,3.5138791035290886,1448120.9472614704,0.8170947793643837,0.17453292519943295,6436333.328032291,140409.73757264068,-2.9935368319881457
1,10,18,66864.67735641357,26.019437150624547,7942.970368980195,5933051259970028000,137413873146.54909,1,0.006219965114314325,0,0.5925215253278844,3.684560069525709,1455337.096480846,0.8255131775939277,0.17453292519943295,6436188.570288602,141190.70085204233,-3.138226427967359
1,10,18.1,66737.03457438387,25.99566421427723,7942.349507163118,6193656889313596000,140399351579.29782,1,0.006156261683854117,0,0.6068688936419623,3.8625019152747058,1462504.44344217,0.8339249953557574,0.17453292519943295,6436043.753235153,141971.5895871096,-3.2869625096599067
1,10,18.2,66609.42631796561,25.971910920393842,7941.720720475417,6457866368908804000,143362662345.98483,1,0.006093866606443775,0,0.6214907475449433,4.047976900788725,1469623.5636191855,0.8423301618039071,0.17453292519943295,6435898.877248394,142752.40303533222,-3.4397857004869525
1,10,18.3,66481.85292598233,25.94817728076278,7941.084014900885,6725510098568045000,146303307739.2901,1,0.006032740152350009,0,0.6363874039689554,4.241266066951876,1476695.017197426,0.850728606255415,0.17453292519943295,6435753.942704597,143533.14045483974,-3.5967365795874073
1,10,18.400000000000002,66354.31473672483,25.924463307077527,7940.439396490042,6996425816866876000,149220897367.19623,1,0.005972844184207975,0,0.6515591234087573,4.442659447222339,1483719.3496274748,0.8591202581919145,0.17453292519943295,6435608.949979844,144313.8011044087,-3.7578556813673676
1,10,18.5,66226.8120879503,25.900769010937278,7939.786871359966,7270458752734929000,152115138780.54608,1,0.0059141420780358485,0,0.6670061127000164,4.652456281954933,1490697.09215303,0.8675050472609657,0.17453292519943295,6435463.89945003,145094.384243467,-3.923183495050169
1,10,18.6,66099.34531687759,25.87709440384692,7939.126445694162,7547461664003293000,154985828213.12805,1,0.005856598648902978,0,0.6827285402446968,4.870965235337394,1497628.7623156088,0.8758829032776342,0.17453292519943295,6435318.791490853,145874.88913210083,-4.09276046422818
1,10,18.7,65971.91476018075,25.853439497216648,7938.458125742375,7827294777257260000,157832841542.01874,1,0.005800180080935702,0,0.6987265271635363,5.098504614934037,1504514.864437003,0.8842537562261807,0.17453292519943295,6435173.626477814,146655.31503105958,-4.2666269864155195
1,10,18.8,65844.52075399179,25.82980430236326,7937.781917820464,8109825643603277000,160656125561.27228,1,0.005744853861373148,0,0.7150001577879301,5.335402593830381,1511355.8900801013,0.8926175362611305,0.17453292519943295,6435028.40478621,147435.66120176238,-4.444823412602283
1,10,18.900000000000002,65717.16363388952,25.806188830508994,7937.097828310225,8394928918890578000,163455689589.2214,1,0.005690588718392408,0,0.7315494838681793,5.581997435372202,1518152.3184904743,0.9009741737092635,0.17453292519943295,6434883.12679113,148215.92690630292,-4.627390046809724
1,10,19,65589.84373490233,25.782593092782736,7936.405863659237,8682486084594732000,166231597500.2562,1,0.005637354562465679,0,0.748374526502224,5.838637720492452,1524904.6170182042,0.9093235990706645,0.17453292519943295,6434737.792867458,148996.11140745593,-4.814367145647089
1,10,19.1,65462.56139150541,25.759017100220305,7935.706030380696,8972385118803100000,168983960196.80353,1,0.005585122431009511,0,0.7654752796984108,6.105682577619316,1531613.2415220593,0.9176657430201411,0.17453292519943295,6434592.403389862,149776.21396868225,-5.00579491786939
1,10,19.200000000000003,65335.316937609576,25.735460863763333,7934.998335053254,9264520129695592000,171712928563.71158,1,0.005533864436111453,0,0.7828517158942861,6.3835019151586465,1538278.6367570837,0.9260005364091958,0.17453292519943295,6434446.958732787,150556.2338541353,-5.20171352393685
1,10,19.3,65208.110706567764,25.711924394261086,7934.282784320862,9558790961379238000,174418686920.2972,1,0.005483553715146523,0,0.8005037776046939,6.672476656543912,1544901.2367450078,0.9343279102668078,0.17453292519943295,6434301.45927047,151336.17032866552,-5.402163075575166
1,10,19.400000000000002,65080.9430311732,25.688407702470876,7933.559384892598,9855102781627392000,177101446982.4473,1,0.005434164384088788,0,0.8184314016836656,6.972998977846708,1551481.4651297708,0.9426477958007689,0.17453292519943295,6434155.905376906,152116.02265782745,-5.6071836353377025
1,10,19.5,64953.81424363423,25.664910799054585,7932.828143542495,10153365659839734000,179761442336.6834,1,0.005385671493342368,0,0.8366344968444951,7.285472547940767,1558019.7355197156,0.9509601244005615,0.17453292519943295,6434010.2974258745,152895.79010788433,-5.816815216168507
1,10,19.6,64826.724675606005,25.64143369458471,7932.089067109387,10453494144055308000,182398923434.39526,1,0.0053380509859644034,0,0.8551129643321974,7.610312771212388,1564516.4518127958,0.9592648276364493,0.17453292519943295,6433864.635790913,153675.47194581394,-6.031097780966885
1,10,19.700000000000003,64699.67465815507,25.61797639953912,7931.342162496722,10755406840950018000,185014153073.40717,1,0.005291279658085047,0,0.8738666895090449,7.9479470328100135,1570972.008512261,0.96756183726302,0.17453292519943295,6433718.920845326,154455.06743931439,-6.250071242153347
1,10,19.8,64572.66452177428,25.594538924304338,7930.587436672409,11059026007946496000,187607402383.80276,1,0.005245335121432921,0,0.8928955454157081,8.298814946425718,1577386.7910270472,0.9758510852193802,0.17453292519943295,6433573.152962181,155234.57585680962,-6.473775461236913
1,10,19.900000000000002,64445.694596379995,25.57112127917571,7929.824896668632,11364277158388926000,190178947266.59976,1,0.005200195767812591,0,0.9121994009339821,8.663368604601178,1583761.1759611934,0.9841325036305127,0.17453292519943295,6433427.332514291,156013.996467455,-6.702250248383722
1,10,20,64318.765211294405,25.547723474355237,7929.0545495816905,11671088686223817000,192729065286.532,1,0.005155840735417422,0,0.9317781068748322,9.042072831550673,1590095.5313926875,0.9924060248096273,0.17453292519943295,6433281.459874233,156793.32854114278,-6.935535361987045
1,10,20.1,64191.876695259474,25.52434551995454,7928.2764025718025,11979391512574200000,195258032988.71277,1,0.005112249876883969,0,0.9516315169092452,9.435405438493564,1596390.2171397654,1.000671581258388,0.17453292519943295,6433135.535414325,157572.57134850745,-7.173670508238702
1,10,20.200000000000003,64065.02937642392,25.500987425993454,7927.490462862951,12289118755392076000,197766123603.96188,1,0.005069403728964133,0,0.9717594733034595,9.84385748148863,1602645.58501836,1.0089291056689358,0.17453292519943295,6432989.559506631,158351.72416093174,-7.41669534070197
1,10,20.3,63938.22358234227,25.47764920240053,7926.6967377426945,12600205424257952000,200253605119.56473,1,0.0050272834837331755,0,0.9921618165625127,10.267933521762501,1608861.9790890461,1.0171785309250982,0.17453292519943295,6432843.532522958,159130.78625055173,-7.664649459885786
1,10,20.400000000000002,63811.45963997301,25.45433085901346,7925.8952345619955,12912588142344321000,202720738695.37738,1,0.004985870961239407,0,1.0128383801471301,10.708151888524416,1615039.7358946565,1.0254197901036521,0.17453292519943295,6432697.454834845,159909.7568902625,-7.917572412820429
1,10,20.5,63684.737875670195,25.431032405578367,7925.085960735037,13226204893224872000,205167777374.65073,1,0.004945148583510213,0,1.03378899628457,11.165044944259435,1621179.1846892843,1.0336528164760124,0.17453292519943295,6432551.32681357,160688.63535372334,-8.17550369263454
1,10,20.6,63558.05861519184,25.407753851751817,7924.268923739031,13540994795515585000,207594965085.3958,1,0.004905099349843919,0,1.0550134948688932,11.639159352492078,1627280.6476578538,1.041877543508795,0.17453292519943295,6432405.148830134,161467.42091536373,-8.438482738133867
1,10,20.700000000000003,63431.42218368035,25.384495207098418,7923.444131114065,13856897902359458000,210002535884.092,1,0.0048657068133000905,0,1.0765117034124918,12.131056348012416,1633344.4401290163,1.0500939048662425,0.17453292519943295,6432258.92125527,162246.1128503881,-8.706548933381033
1,10,20.8,63304.8289056737,25.361256481093196,7922.611590462887,14173855027081531000,212390713431.01508,1,0.004826955058338811,0,1.098283450921467,12.641312009556412,1639370.8707786063,1.0583018344105808,0.17453292519943295,6432112.644459432,163024.71043478162,-8.979741607277116
1,10,20.900000000000002,63178.27910510171,25.3380376831217,7921.771309450731,14491807590649231000,214759710645.88873,1,0.004788828679530326,0,1.1203285581846585,13.170517534932351,1645360.2418264614,1.0665012662033728,0.17453292519943295,6431966.318812792,163803.21294531564,-9.258100033144622
1,10,21,63051.77310527209,25.31483882247842,7920.923295805141,14810697493886984000,217109729551.20456,1,0.004751312761277125,0,1.1426468553566798,13.719279518585047,1651312.8492266366,1.0746921345075398,0.17453292519943295,6431819.944685235,164581.61965955302,-9.54166342831187
1,10,21.1,62925.311228876,25.291659908368324,7920.06755731577,15130467010182509000,219440961258.07764,1,0.004714392858501357,0,1.165238167884268,14.288220231589435,1657228.9828497884,1.0828743737880773,0.17453292519943295,6431673.5224463595,165359.92985585332,-9.83047095369885
1,10,21.200000000000003,62798.89379798155,25.26850094990651,7919.204101834209,15451058697014682000,221753586072.3157,1,0.004678054978235357,0,1.1881023231767427,14.877977904065151,1663108.9266596881,1.0910479187135667,0.17453292519943295,6431527.05246547,166138.14281337816,-10.124561713404638
1,10,21.3,62672.5211340338,25.24536195611878,7918.332937273771,15772415326690690000,224047773715.13858,1,0.004642285562071648,0,1.211239150344229,15.489207010003494,1668952.9588831367,1.09921270415724,0.17453292519943295,6431380.535111574,166916.25781209697,-10.423974754296442
1,10,21.400000000000002,62546.193557849154,25.222242935941452,7917.4540716093215,16094479832515402000,226323683624.4054,1,0.004607071469422584,0,1.2346484770886401,16.12257855449821,1674761.3521742295,1.1073686651984211,0.17453292519943295,6431233.970753384,167694.27413279164,-10.728749065599851
1,10,21.5,62419.91138961539,25.199143898221983,7916.5675128770845,16417195270492307000,228581465332.12238,1,0.004572399961549464,0,1.2583301334371624,16.77878036337144,1680534.3737726002,1.1155157371235778,0.17453292519943295,6431087.359759304,168472.19105706248,-11.038923578490998
1,10,21.6,62293.674948884174,25.176064851718433,7915.673269174439,16740504794055860000,230821258896.56195,1,0.004538258686316652,0,1.2822839568398243,17.45851737518592,1686272.2856565695,1.1236538554278623,0.17453292519943295,6430940.702497427,169250.00786733275,-11.35453716568982
1,10,21.700000000000003,62167.48455456551,25.15300580509915,7914.77134865973,17064351639600976000,233043195370.93033,1,0.00450463566363506,0,1.3065097778070334,18.16251193563484,1691975.3446909476,1.131782955816523,0.17453292519943295,6430793.999335549,170027.72384685467,-11.675628641055285
1,10,21.8,62041.340524943545,25.12996676694602,7913.861759552077,17388679123792245000,235247397313.72217,1,0.004471519271564002,0,1.331007433482112,18.891504094300153,1697643.802768749,1.139902974204883,0.17453292519943295,6430647.250641143,170805.33827971423,-12.002236759182042
1,10,21.900000000000002,61915.24317765236,25.106947745751146,7912.944510131167,17713430647682265000,237433979305.67523,1,0.004438898233021149,0,1.355776765054906,19.646251903770576,1703277.9069500691,1.1480138467209693,0.17453292519943295,6430500.456781361,171582.8504508361,-12.334400214998256
1,10,22,61789.19282967597,25.083948749917546,7912.019608737072,18038549709955099000,239603048489.23145,1,0.004406761603086049,0,1.3808176110424797,20.427531721110068,1708877.8995951382,1.1561155097065352,0.17453292519943295,6430353.618123043,172360.25964598966,-12.67215764336576
1,10,22.1,61663.18979735952,25.06096978776148,7911.087063770033,18363979925754280000,241754705106.72037,1,0.0043750987568632535,0,1.4061298169299172,21.23613851166772,1714444.0184923632,1.1642078997173135,0.17453292519943295,6430206.735032695,173137.5651517935,-13.015547618681085
1,10,22.200000000000003,61537.234396388754,25.038010867509865,7910.146883690264,18689665049896690000,243889043030.44812,1,0.0043438993778659625,0,1.4317132307638887,22.072886155219766,1719976.4969836965,1.1722909535253836,0.17453292519943295,6430059.807876499,173914.7662557209,-13.364608654478507
1,10,22.3,61411.32694179937,25.015071997302364,7909.199077017767,19015549006051150000,246006150296.2897,1,0.004313153446909219,0,1.4575677013236745,22.938607754434475,1725475.5640844384,1.1803646081195454,0.17453292519943295,6429912.837020306,174691.8622461049,-13.719379203034455
1,10,22.400000000000002,61285.46774797235,24.992153185191228,7908.243652332107,19341575917054267000,248106109610.4755,1,0.004282851231476337,0,1.4836930772454004,23.834155945650537,1730941.4445997851,1.1884288007066022,0.17453292519943295,6429765.822829629,175468.85241214317,-14.0798976549736
1,10,22.5,61159.65712862648,24.969254439140737,7907.280618272219,19667690138707180000,250188998846.8827,1,0.004252983275537802,0,1.5100892152579186,24.760403211959478,1736374.3592377543,1.196483468712837,0.17453292519943295,6429618.765669643,176245.73604390337,-14.446202338876628
1,10,22.6,61033.89539681934,24.946375767027956,7906.309983536206,19993836294411817000,252254891519.49716,1,0.004223540389802971,0,1.5367559702305715,25.718242198582622,1741774.5247180639,1.2045285497849159,0.17453292519943295,6429471.665905181,177022.5124323286,-14.818331520889744
1,10,22.700000000000003,60908.182864940725,24.933892721360035,7905.331756881128,25991378486392930000,287611460381.3892,1,0.003831719818986448,0,1.563693204274029,26.708586030533,1827983.095297906,1.3273716253154941,0.17453292519943295,6429324.526469387,177799.17586779103,-15.196601863848583
1,10,22.8,60782.52227413375,24.92488647751507,7904.238105163367,34672122961694760000,332186323155.6509,1,0.003407036609605295,0,1.590900783740253,27.733593665147367,1937761.7978626618,1.492413960003363,0.17453292519943295,6429177.3538087355,178575.71380164806,-15.581710663809002
1,10,22.900000000000002,60656.91968482174,24.915397935082392,7902.989385620321,43766385317705890000,373217389045.7114,1,0.0030672403109179808,0,1.6183785676782738,28.796024134959623,2041310.3666276452,1.6572234435857824,0.17453292519943295,6429030.155309995,179352.11185771454,-15.974456660370258
1,10,23,60531.3820402259,24.90542839289587,7901.585811758429,53043188188151340000,410871805388.22845,1,0.0027892063351099214,0,1.6461264285511283,29.8988228962198,2139494.6662040865,1.8217717079285933,0.17453292519943295,6428882.938350028,180128.35568190206,-16.37563697871239
1,10,23.1,60405.91626721434,24.894979231093572,7900.027623738104,62342630888578730000,445434748452.6927,1,0.002557510228090384,0,1.6741442328788678,31.04513017861296,2232985.4168510395,1.9860305046390134,0.17453292519943295,6428735.710294298,180904.43094455363,-16.786046947891162
1,15,13.200000000000001,73025.36815888621,27.183382349761878,7963.351843755204,40386731540527950,11337332514.432592,1,0.01242588683685461,1,0.18672523124561863,0.24516547629058652,1037606.6901997619,0.4153464369169958,0.2617993877991494,6443063.071928688,103634.19104467881,0
1,15,13.3,72896.4760775473,27.1586823340079,7963.117070512041,49529122124254900,12555148266.284588,1,0.012171806986188983,1,0.19117428004521814,0.2624033624549392,1048287.7725007919,0.4239915667833906,0.2617993877991494,6442921.528732503,104417.8099032671,-0.0015461518118011603
1,15,13.4,72767.60167759005,27.134001275700218,7962.874166533648,60330213798361230,13856672822.562136,1,0.01192794237409313,1,0.19569771680867484,0.2807263493643266,1058852.6774915245,0.43263360224189984,0.2617993877991494,6442779.908175685,105201.38968752768,-0.00621604660841084
1,15,13.5,72638.74511789251,27.109339154314018,7962.623134454414,73008701549524910,15243294590.858797,1,0.011693689377339792,1,0.20030158148596325,0.3001832728184589,1069304.6469061247,0.4412724801408483,0.2617993877991494,6442638.210634285,105984.92963078727,-0.014072547011239233
1,15,13.600000000000001,72509.90675375517,27.084695985699426,7962.363976968304,87798316612830350,16716087088.521345,1,0.011468491348754425,1,0.20499229916286865,0.32082485029701885,1079646.745304222,0.44990812417543175,0.2617993877991494,6442496.4364843555,106768.4289667247,-0.02517848307141174
1,15,13.700000000000001,72381.08694011997,27.0600717856055,7962.096696841216,104946910922539460,18275798472.312603,1,0.011251833810338847,1,0.20977661448195623,0.3427037643066909,1089881.8874558827,0.4585404581273078,0.2617993877991494,6442354.5861019585,107551.88692937608,-0.039596651533649545
1,15,13.8,72252.28603156656,27.035466569680395,7961.821296910886,124715239424174850,19922842099.90848,1,0.011043240534298953,1,0.21466152379668194,0.3658747485350968,1100012.8482669485,0.46716940586635075,0.2617993877991494,6442212.659863162,108335.30275314242,-0.057389815101152014
1,15,13.9,72123.5043823123,27.010880353472377,7961.537780086817,147375457367712500,21657290076.580994,1,0.010842270053152346,1,0.21965422056315068,0.39039467680995443,1110042.271876696,0.47579489135214775,0.2617993877991494,6442070.658144025,109118.67567279514,-0.07862070170144038
1,15,14,71994.74234620109,26.986313152428703,7961.246149350196,173209344109748350,23478869888.074383,1,0.010648512545067206,1,0.22476204133684924,0.41632265486167297,1119972.6800117285,0.4844168386362511,0.2617993877991494,6441928.581320601,109902.00492348238,-0.10335200375321381
1,15,14.100000000000001,71866.0002766978,26.96176498189552,7960.946407753804,202506272257957700,25386964174.652676,1,0.010461587048216162,1,0.22999241035818863,0.44372011488749985,1129806.4796678731,0.49303517186404155,0.2617993877991494,6441786.429768935,110685.2897407355,-0.1316463774342458
1,15,14.200000000000001,71737.27852690034,26.937235857121028,7960.638558421936,235560948333599170,27380613670.131798,1,0.010281138964315536,1,0.23535279807459036,0.47265091291523276,1139545.9701839983,0.5016498152754064,0.2617993877991494,6441644.203865051,111468.52936047547,-0.1635664419503321
1,15,14.3,71608.57744951174,26.912725793251315,7960.32260455031,272670957476243520,29458523260.9607,1,0.010106837816844273,1,0.2408506727929491,0.5031814289644104,1149193.3497697166,0.5102606932080997,0.2617993877991494,6441501.90398496,112251.72301901902,-0.19917477880528545
1,15,14.4,71479.89739685971,26.88823480533481,7959.998549405973,314134151099421100,31619071102.626183,1,0.009938375234250106,0,0.2464934605734482,0.5353806700027963,1158750.7215314338,0.518867730097908,0.2617993877991494,6441359.5305046495,113034.86995308464,-0.23853393107202028
1,15,14.5,71351.23872087896,26.863762908320048,7959.666396327226,360245921064594050,33860320661.36992,1,0.0097754631321277,0,0.2522885111982413,0.5693203756958688,1168220.0990489158,0.5274708504813204,0.2617993877991494,6441217.083800074,113817.96939979961,-0.28170640266478514
1,15,14.600000000000001,71222.60177311022,26.83931011705633,7959.326148723506,411296408309639000,36180035531.91809,1,0.009617832071902564,0,0.2582430621853722,0.6050751269469319,1177603.4115389818,0.5360699789970571,0.2617993877991494,6441074.564247162,114601.02059670529,-0.3287546576124382
1,15,14.700000000000001,71093.98690469936,26.814876446294544,7958.977810075314,467567696102171900,38575696819.023735,1,0.009465229776324895,0,0.2643642054115519,0.6427224572253619,1186902.5086441876,0.5446650403876052,0.2617993877991494,6440931.972221809,115384.022781764,-0.3797411193329438
1,15,14.8,70965.39446639456,26.79046191068754,7958.62138393411,529331039902828740,41044522860.6694,1,0.009317419784566874,0,0.2706588695687162,0.6823429666804036,1196119.164879329,0.5532559595008688,0.2617993877991494,6440789.308099865,116166.97519336517,-0.4347281699090117
1,15,14.9,70836.82480853517,26.766066524788975,7958.2568739222115,596844185163886700,43583491014.61914,1,0.00917418023183615,0,0.27713378506873704,0.7240204390378331,1205255.0837656746,0.56184266129238,0.2617993877991494,6440646.57225714,116949.87707033145,-0.49377814936487796
1,15,15,70708.2782810526,26.741690303054455,7957.884283732705,670348823326537600,46189361226.51975,1,0.009035302740282183,0,0.2837954682600059,0.7678419612767028,1214311.9016779077,0.5704250708266915,0.2617993877991494,6440503.765069402,117732.72765192487,-0.5569533549443331
1,15,15.100000000000001,70579.75523347966,26.717333259844015,7957.503617129331,750068233224556900,48858701069.456894,1,0.008900591409527953,0,0.29065020885192305,0.813898046083288,1223291.1914279484,0.5790031132782021,0.2617993877991494,6440360.886912356,118515.52617785319,-0.6243160403899608
1,15,15.200000000000001,70451.25601491332,26.692995409416397,7957.1148779463965,836205150641811500,51587911921.86975,1,0.008769861896485593,0,0.2977040478457038,0.8622827570792508,1232194.465611125,0.5875767139351056,0.2617993877991494,6440217.938161665,119298.27188827588,-0.6959284152235805
1,15,15.3,70322.78097405192,26.668676765936553,7956.71807008866,928939904060968700,54373255963.38661,1,0.008642940575494583,0,0.30496277218536155,0.9130938368209462,1241023.179725546,0.5961457981983314,0.2617993877991494,6440074.91919292,120080.96402381049,-0.771852644028003
1,15,15.4,70194.330459157,26.644377343469735,7956.313197531232,1028428847518994400,57210883636.81781,1,0.008519663770578147,0,0.31243190057090564,0.9664328375666866,1249778.7350930078,0.6047102915855453,0.2617993877991494,6439931.830381662,120863.60182553888,-0.8521508457300365
1,15,15.5,70065.90481807385,26.620097155985995,7955.900264319466,1134803115398375000,60096861257.84319,1,0.008399877052818245,0,0.32011668473939625,1.0224052548086935,1258462.4815879576,0.6132701197312074,0.2617993877991494,6439788.672103353,121646.18453501293,-0.9368850928847354
1,15,15.600000000000001,69937.50439821184,26.595836217357594,7955.479274568846,1248167716350597000,63027198454.17984,1,0.00828343459640694,0,0.32802209865081927,1.081120663566359,1267075.7201960038,0.6218252083893111,0.2617993877991494,6439645.444733392,122428.71139426158,-1.0261174109610973
1,15,15.700000000000001,69809.12954655383,26.5715945413615,7955.050232464883,1368600974340623600,65997875092.659096,1,0.008170198587795798,0,0.336152845622172,1.1426928574373436,1275619.70541042,0.6303754834341844,0.2617993877991494,6439502.148647099,123211.18164579596,-1.1199097776289157
1,15,15.8,69680.78060964122,26.547372141677638,7954.613142263001,1496154320120902400,69004867453.14471,1,0.00806003868285963,0,0.34451334897520647,1.207239990402945,1284095.6474823558,0.6389208708629063,0.2617993877991494,6439358.784219719,123993.59453261588,-1.218324122047094
1,15,15.9,69552.45793357771,26.52316903189036,7954.168008288419,1630852425094477800,72044173330.05276,1,0.007952831507618614,0,0.3531077703728728,1.274884721384064,1292504.7145328196,0.6474612967964705,0.2617993877991494,6439215.351826405,124775.94929821641,-1.3214223241533616
1,15,16,69424.16186402086,26.498985225487857,7953.714834936036,1772693666429779500,75111835869.3515,1,0.007848460198470181,0,0.36193999821440614,1.3457543615440093,1300848.0345385752,0.6559966874817549,0.2617993877991494,6439071.851842233,125558.24518659327,-1.4292662139552503
1,15,16.1,69295.89274618123,26.474820735862835,7953.253626670333,1921650901613771000,78203965876.5832,1,0.007746813978345788,0,0.37101366207139097,1.4199810243342739,1309126.6971998343,0.6645269692929925,0.2617993877991494,6438928.284642182,126340.48144224938,-1.541917570822572
1,15,16.2,69167.65092482325,26.450675576313486,7952.784388025222,2077672529422210000,81316762465.43173,1,0.007647787765555538,0,0.380332138708066,1.4977017782793278,1317341.7556984974,0.6730520687331013,0.2617993877991494,6438784.650601139,127122.65731020068,-1.6594381227812915
1,15,16.3,69039.43674424943,26.42654976004158,7952.307123603953,2240683805736645400,84446531862.38498,1,0.007551281812402969,0,0.38989856459001654,1.5790588024963714,1325494.2283559348,0.6815719124361416,0.2617993877991494,6438640.95009389,127904.77203598263,-1.781889545808878
1,15,16.400000000000002,68911.25054830965,26.402443300154935,7951.821838078984,2410588380634938000,87589704258.15881,1,0.007457201370990125,0,0.39971583899959157,1.6641995449458988,1333585.1001945736,0.690086427168081,0.2617993877991494,6438497.183495115,128686.82486565532,-1.9093334631309478
1,15,16.5,68783.0926803872,26.37835620966576,7951.328536191854,2587270021086058000,90742848638.89624,1,0.007365456383821517,0,0.40978663308631585,1.7532768834088186,1341615.3244130004,0.6985955398291107,0.2617993877991494,6438353.351179397,129468.81504581078,-2.041831444519702
1,15,16.6,68654.96348340902,26.354288501493333,7950.827222753071,2770594480409257500,93902685533.06664,1,0.007275961197119034,0,0.4201134047613777,1.8464492891857995,1349585.8237774584,0.7070991774543395,0.2617993877991494,6438209.4535212,130250.74182357795,-2.179445005593496
1,15,16.7,68526.86329982616,26.33024018846133,7950.3179026419675,2960411475420171000,97066097651.683,1,0.007188634294890041,0,0.43069840510013824,1.9438809935143886,1357497.4919387307,0.7155972672164724,0.2617993877991494,6438065.49089488,131032.60444662947,-2.3222356071182566
1,15,16.8,68398.79247162305,26.30621128330034,7949.800580806593,3156556733817010700,100230138450.86293,1,0.007103398052055423,0,0.4415436972360869,2.0457421566993785,1365351.1946757166,0.7240897364265565,0.2617993877991494,6437921.463674665,131814.4021631868,-2.470264654310077
1,15,16.900000000000002,68270.75134030078,26.282201798645726,7949.275262263578,3358854073824929300,103392038642.1031,1,0.007020178505027325,0,0.4526511577184114,2.1522090399517886,1373147.7710738943,0.732576512536465,0.2617993877991494,6437777.372234667,132596.13422202718,-2.623593496139745
1,15,17,68142.74024688732,26.258211747040175,7948.741952097989,3567117480750917000,106549210713.50233,1,0.0069389051383477365,0,0.46402249212043745,2.263464179931741,1380888.0346396025,0.7410575231395597,0.2617993877991494,6437633.21694887,133377.7998724889,-2.7822834246384875
1,15,17.1,68014.75953192916,26.23424114093312,7948.200655463222,3781153148168766000,109699251553.61652,1,0.006859510686063263,0,0.4756592436306622,2.379696565990404,1388572.7743570828,0.7495326959726122,0.2617993877991494,6437488.9981911285,134159.39836447776,-2.946395674205589
1,15,17.2,67886.80953548197,26.210289992679897,7947.651377580856,4000761454976115000,112839943292.44856,1,0.0067819309466728645,0,0.48756280454590195,2.5011018201061006,1396202.755690785,0.7580019589177655,0.2617993877991494,6437344.7163351625,134940.92894847243,-3.1159914209173043
1,15,17.3,67758.89059711713,26.186358314543618,7947.0941237405095,4225738851282437000,115969252462.67323,1,0.006706104610588411,0,0.49973442739482377,2.62788237950957,1403778.7215353583,0.7664652400034337,0.2617993877991494,6437200.371754554,135722.3908755311,-3.291131781837731
1,15,17.400000000000002,67631.00305591058,26.162446118694128,7946.528899299725,4455879632291132400,119085327632.5479,1,0.006631973099112797,0,0.5121752348611948,2.7602476819932784,1411301.3931186053,0.7749224674063884,0.2617993877991494,6437055.964822741,136503.78339729703,-3.4718778143310636
1,15,17.5,67503.14725044277,26.138553417208712,7945.955709683817,4690977581910968000,122186495649.87112,1,0.006559480414064672,0,0.5248862260909463,2.898414353899592,1418771.470858504,0.7833735694530809,0.2617993877991494,6436911.495913017,137285.1057660041,-3.658290515375502
1,15,17.6,67375.32351879217,26.114680222071797,7945.374560385739,4930827472412835000,125271256651.34343,1,0.006488572997227751,0,0.5378682898835344,3.042606400782522,1426189.6351781653,0.7918184746214009,0.2617993877991494,6436766.965398521,138066.35723448356,-3.8504308208790596
1,15,17.7,67247.53219853435,26.090826545175556,7944.785456965934,5175226409965156000,128338277989.7895,1,0.006419199598890438,0,0.5511222074854372,3.19305540073766,1433556.5472805053,0.8002571115420515,0.2617993877991494,6436622.373652253,138847.5370561689,-4.0483596049967145
1,15,17.8,67119.77362674754,26.06699239832164,7944.188405052206,5423975020721545000,131386387246.39914,1,0.0063513111547976574,0,0.5646486665729535,3.350000700394836,1440872.8498849708,0.808689408999486,0.2617993877991494,6436477.721047038,139628.64448510282,-4.252137679449705
1,15,17.900000000000002,66992.04813998658,26.043177793217467,7943.583410339559,5676878474288939000,134414564475.711,1,0.006284860670873817,0,0.578448267973478,3.513689613567929,1448139.16793077,0.817115295934952,0.2617993877991494,6436333.007955549,140409.67877594216,-4.4618257928460245
1,15,18,66864.35607430246,26.019382741480367,7942.970478590074,5933747345569880000,137421933839.83678,1,0.0062198031151892725,0,0.5925215318957116,3.6843776225561795,1455356.109244066,0.8255347014464826,0.2617993877991494,6436188.234750291,141190.63918396432,-4.677484630003103
1,15,18.1,66736.69776522648,25.995607254635637,7942.34961563275,6194398317951752000,140407754772.0165,1,0.006156095316604782,0,0.6068689019256416,3.862328582091253,1462524.2651758604,0.8339475547912439,0.2617993877991494,6436043.401803601,141971.52496507255,-4.899174811271891
1,15,18.2,66609.07354776934,25.97185134411708,7941.720827363346,6458654735422290000,143371412826.92032,1,0.006093695869641604,0,0.62149075699423,4.047814925924216,1469644.2112093521,0.8423537853868778,0.2617993877991494,6435898.509487641,142752.33537580242,-5.12695689186308
1,15,18.3,66481.48375642113,25.948115021267842,7941.084119744251,6726347009466165000,146312410321.99213,1,0.006032565045128995,0,0.6363874140338157,4.241117876046495,1476716.5075393,0.8507533228127852,0.2617993877991494,6435753.558174399,143533.0696733272,-5.360891361174774
1,15,18.400000000000002,66353.92872514296,25.92439829733966,7940.439498804324,6997312893188906000,149230356920.74054,1,0.005972664706219533,0,0.6515591312084308,4.442527654538798,1483741.6996254455,0.8591460968119518,0.2617993877991494,6435608.548235683,144313.72711546352,-5.601038642122055
1,15,18.5,66226.4087873688,25.900701183494004,7939.786970638746,7271397630956521000,152124960236.4821,1,0.005913958229408276,0,0.667006122264352,4.652343698041889,1490720.3187203929,0.867532037292092,0.2617993877991494,6435463.480043109,145094.30696067782,-5.847459090468625
1,15,18.6,66098.92427599337,25.877023690800705,7939.126541408865,7548453997397332000,154996016576.10522,1,0.005856410430200514,0,0.6827285504435268,4.870874874843015,1497652.8823746918,0.8759110743277162,0.2617993877991494,6435318.353968114,145874.80846809124,-6.1002129941597785
1,15,18.7,65971.47552338336,25.85336583024057,7938.458217342028,7828342238326261000,157843401910.002,1,0.0057999874931283805,0,0.698726536250896,5.098439704571685,1504539.89491826,0.8842831381606293,0.2617993877991494,6435173.170381939,146655.2308974857,-6.3593605726576525
1,15,18.8,65844.0628613634,25.829727612703838,7937.7820047314535,8110929924798216000,160667063126.8401,1,0.005744656905801482,0,0.715000167478811,5.335366580498455,1511381.8479221344,0.8926481592021187,0.2617993877991494,6435027.929655627,147435.57350930976,-6.62496197627824
1,15,18.900000000000002,65716.68662120774,25.8061090489894,7937.097909936047,8396091733966845000,163467009646.8808,1,0.005690387396735841,0,0.7315494918465916,5.5819939944302,1518179.220639859,0.901006068034743,0.2617993877991494,6434882.6321600275,148215.83556468468,-6.897077285530308
1,15,19,65589.34713365696,25.78251014980841,7936.405939380256,8683709169761697000,166243305451.15552,1,0.0056371488767190964,0,0.748374533917413,5.838670764195365,1524932.480428512,0.9093567954124526,0.2617993877991494,6434737.278265779,148996.016325409,-7.175766510455899
1,15,19.1,65462.04472889099,25.758930925780444,7935.70609955391,8973670233282986000,168996061547.54303,1,0.005584912383451477,0,0.7654752877692252,6.105756263712523,1531642.083154213,0.9177002722636114,0.2617993877991494,6434591.868343316,149776.1150539654,-7.461089589973251
1,15,19.200000000000003,65334.779736543074,25.735371387436537,7934.998397012041,9265869056456475000,171725428926.95526,1,0.005533650029284842,0,0.7828517209655208,6.383620655635516,1538308.4735782754,0.9260364296912834,0.2617993877991494,6434446.402762865,150556.13101352562,-7.753106391221284
1,15,19.3,65207.55248569045,25.71183154521839,7934.282838374754,9560205507660403000,174431592013.56985,1,0.0054833349518342055,0,0.8005037839076443,6.672645126568364,1544932.085728495,0.9343651989750712,0.2617993877991494,6434300.881894433,151336.06346795647,-8.051876708906226
1,15,19.400000000000002,65080.363304849714,25.68831140947823,7933.5594303270245,9856584778970362000,177114762622.73935,1,0.00543394126728999,0,0.8184314092018568,6.973222124843025,1551513.343254785,0.942686511572621,0.2617993877991494,6434155.306107809,152115.9116818251,-8.35746026464995
1,15,19.5,64953.212521973066,25.664810990478955,7932.828179618563,10154916963860000000,179775174433.34015,1,0.005385444026258826,0,0.8366345080174286,7.285755600853023,1558052.6597701877,0.951000299121079,0.2617993877991494,6434009.675772563,152895.6749204053,-8.669916706340771
1,15,19.6,64826.10046445299,25.641330298395605,7932.089093063639,10455116634325189000,182413077983.6812,1,0.005337819171977352,0,0.8551129767308029,7.610661249935875,1564550.4391775434,0.9593064934379673,0.2617993877991494,6433863.9912580345,153675.35244968234,-8.989305607485617
1,15,19.700000000000003,64699.02745910734,25.6178693433135,7931.342177540899,10757102420807186000,185028736153.0145,1,0.005291043500741372,0,0.8738667001121916,7.948366757797113,1571007.0759840305,0.967605026523357,0.2617993877991494,6433718.252933343,154454.94353635903,-9.315686466564692
1,15,19.8,64571.993832192384,25.594428135231183,7930.587439993211,11060796603054533000,187622420137.35562,1,0.005245094624431543,0,0.8928955584980734,8.299312048468703,1577422.9556016547,0.97589583056018,0.2617993877991494,6433572.461167361,155234.44744786117,-9.649118706387931
1,15,19.900000000000002,64444.999909376726,25.571006684056755,7929.824887427498,11366124716344640000,190194405898.16763,1,0.005199950934983573,0,0.9121994128498551,8.663949534794494,1583798.4546379093,0.984178837917139,0.2617993877991494,6433426.616328729,156013.86345234283,-9.989661673453504
1,15,20,64318.046015756205,25.54760499961103,7929.0545269145505,11673015175681192000,192744971051.70413,1,0.005155591570713883,0,0.9317781200435087,9.042744371435276,1590133.9411728373,0.99245398114887,0.2617993877991494,6433280.718785851,156793.19081869227,-10.337374637308413
1,15,20.1,64191.13247584645,25.524223091626943,7928.27636558886,11981398921944625000,195274392182.9819,1,0.005111996384367196,0,0.9516315313635227,9.436174710385973,1596429.7750264828,1.0007211929975965,0.2617993877991494,6433134.768906882,157572.4288165374,-10.692316789911297
1,15,20.200000000000003,64064.25961358007,25.500860969749848,7927.490410648452,12291209091229911000,197782942549.48727,1,0.005069145912793177,0,0.9717594897251763,9.844731958997347,1602686.3080157756,1.008980406394467,0.2617993877991494,6432988.7670597285,158351.57671625126,-11.054547244997096
1,15,20.3,63937.427752299234,25.4775186435369,7926.696669354704,12602380710508927000,200270890159.77298,1,0.005027021348152996,0,0.9921618355708024,10.268921040494572,1608903.8842018137,1.0172315544611874,0.2617993877991494,6432842.713612048,159130.63378895714,-11.424125037443712
1,15,20.400000000000002,63810.63721475843,25.45419612245815,7925.895149032152,12914850418007663000,202738496177.58273,1,0.0049856045105713485,0,1.0128383998239838,10.709260656984899,1615082.840127209,1.025474570510968,0.2617993877991494,6432696.608931241,159909.59930653442,-11.801109122641185
1,15,20.5,63683.88832311798,25.43089341589623,7925.085857068341,13228556211311630000,205186013643.897,1,0.004944877822143726,0,1.033789014140991,11.166283554946613,1621223.5050450014,1.033709388050086,0.2617993877991494,6432550.45338445,160688.47254162436,-12.185558375862831
1,15,20.6,63557.18139894493,25.407610533147096,7924.268800913628,13543437221601700000,207613686475.66116,1,0.004904824282226495,0,1.0550135115022334,11.640536793191323,1627326.2011386103,1.0419359407789415,0.2617993877991494,6432404.247338548,161467.25276763475,-12.577531591638222
1,15,20.700000000000003,63430.51676319819,25.384347483418264,7923.443988080997,13859433512420418000,210021748704.6515,1,0.00486542744392934,0,1.076511718801636,12.132582013291607,1633391.2437344557,1.0501541625941564,0.2617993877991494,6432257.991160151,162245.9392587456,-12.977087483128573
1,15,20.8,63303.89473624248,25.36110427583175,7922.611426145893,14176485906137221000,212410423959.72147,1,0.004826671391755925,0,1.0982834656818186,12.642995712465947,1639418.941505295,1.058363987588756,0.2617993877991494,6432111.685215593,163024.53128991512,-13.384284681504607
1,15,20.900000000000002,63177.31563782878,25.337880919421515,7921.771122746021,14494535830943418000,214779925119.4392,1,0.004788540720309255,0,1.1203285723041705,13.172369518912756,1645409.5966678269,1.0665653500545555,0.2617993877991494,6431965.3298709495,163803.02813688427,-13.799181735325835
1,15,21,63050.77978711203,25.31467742313701,7920.923085581171,14813525193527470000,217130454159.3591,1,0.00475102051402384,0,1.1426468695024827,13.721310469585303,1651363.5051712745,1.0747581844820806,0.2617993877991494,6431818.925492006,164581.42907618266,-14.221837109922799
1,15,21.1,62924.287502625026,25.29149379583955,7920.067322413033,15133396270565224000,219462202129.40073,1,0.0047140963278439465,0,1.1652381833521845,14.290441290399157,1657280.956881404,1.0829424255633775,0.2617993877991494,6431672.472444268,165359.73338513376,-14.652309186781162
1,15,21.200000000000003,62797.839102286845,25.268330046304353,7919.203841065008,15454091622315442000,221775349275.51932,1,0.004677754168819092,0,1.1881023380358107,14.880400678863811,1663162.2357562454,1.091118008192533,0.2617993877991494,6431525.971092964,166137.94034185997,-15.090656262927675
1,15,21.3,62671.43490340654,25.245186183221694,7918.33264942201,15775554021301314000,224070065245.76038,1,0.004641980478555412,0,1.211239163911542,15.49184358912997,1669007.6200158345,1.0992848674664832,0.2617993877991494,6431379.421803026,166916.04922528853,-15.536936550319389
1,15,21.400000000000002,62545.07522266451,25.222062215194608,7917.4537554302915,16097726400249496000,226346509404.59555,1,0.004606762116471953,0,1.2346484887383384,16.12544151944395,1674817.3823071232,1.1074429386873204,0.2617993877991494,6431232.824939102,167694.05931515622,-15.991208175233991
1,15,21.5,62418.760376126505,25.198958150741724,7916.567167097242,16420551812500967000,228604831201.4408,1,0.00457208634383407,0,1.2583301450744746,16.78188280200056,1680591.789861514,1.1155921573624052,0.2617993877991494,6431086.180865536,168471.96989201504,-16.453529177663146
1,15,21.6,62292.49067922309,25.175873998294588,7915.672892491203,16743973407746044000,230845170610.1077,1,0.004537940808504231,0,1.2822839678792302,17.46187289518577,1686331.104648665,1.1237324592067783,0.2617993877991494,6430939.489946378,169249.78023723722,-16.923957510707833
1,15,21.700000000000003,62166.26644676179,25.152809766200228,7914.770939741269,17067934416867138000,233067658592.833,1,0.004504313530390598,0,1.3065097875375706,18.166134678200326,1692035.5835234018,1.1318637801433822,0.2617993877991494,6430792.752545375,170027.48963302042,-17.40255103997586
1,15,21.8,62040.08799291402,25.129765462719686,7913.861317037101,17392378149869005000,235272417615.09314,1,0.0044711928875414055,0,1.3310074432154506,18.895408748055523,1697705.4783688686,1.1399860563049593,0.2617993877991494,6430645.969025966,170805.0973623934,-17.889367542982114
1,15,21.900000000000002,61913.95563122071,25.1067410960295,7912.944032628718,17717247999651678000,237459562160.28384,1,0.004438567602863177,0,1.3557767722245941,19.6504537189321,1703341.036233915,1.1480992240346966,0.2617993877991494,6430499.139751283,171582.60270922078,-18.38446470855065
1,15,22,61787.869674582966,25.083736674220827,7912.019094826316,18042487456184267000,239629199275.49432,1,0.00440642673142188,0,1.3808176201483924,20.432046523893348,1708942.4994666136,1.156203219887856,0.2617993877991494,6430352.265084144,172360.00495820818,-18.887900136219205
1,15,22.1,61661.83043526113,25.060752205299888,7911.086512000055,18368040124136417000,241781429101.6592,1,0.004374759648303217,0,1.4061298253730707,21.24098271894323,1714510.1058429012,1.1642979806328353,0.2617993877991494,6430205.34538705,173137.3033949078,-19.399731335646486
1,15,22.200000000000003,61535.83822487481,25.037787697188588,7910.146292579874,18693849746739327000,243916345408.06454,1,0.004343556037001672,0,1.431713237236692,22.07807678942043,1720044.0886909373,1.1723834432521683,0.2617993877991494,6430058.381022181,173914.49730572337,-19.9200157260213
1,15,22.3,61409.893354395404,25.014843157723888,7909.1984450552845,19019860235337470000,246034036128.3457,1,0.004312805878309657,0,1.4575677077831142,22.944162458719052,1725544.6770117218,1.1804595449440005,0.2617993877991494,6429911.372351391,174691.58597791527,-20.448810635474263
1,15,22.400000000000002,61283.99613414053,24.991918594657545,7908.2429779751665,19346015699451953000,248134583865.54163,1,0.00428249943968398,0,1.4836930843973133,23.84009299932665,1731012.0955956874,1.1885262231234408,0.2617993877991494,6429764.319736214,175468.56869960544,-20.98617330049171
1,15,22.5,61158.146873786114,24.96901401565858,7907.2798999475735,19672260480282313000,250218066387.4675,1,0.004252627265069647,0,1.5100892191730244,24.766741546170234,1736446.5651346757,1.1965834154227275,0.2617993877991494,6429617.223537849,176245.4447597827,-21.53216086533218
1,15,22.6,61032.34588234685,24.946129428310776,7906.309219639522,19998539186896960000,252284557109.0134,1,0.0042231801651467366,0,1.5367559747555786,25.725001412260756,1741848.3023318073,1.2046310596934886,0.2617993877991494,6429470.084117159,177022.21344830797,-22.08683038144564
1,15,22.700000000000003,60906.59346818179,24.93381985364573,7905.330945776795,26098258094168756000,288202199796.81244,1,0.003825688238991063,0,1.563693210806802,26.71578640662658,1829422.9637212988,1.3294640865795537,0.2617993877991494,6429322.904417531,177798.86896207547,-22.650661025726567
1,15,22.8,60780.892380051315,24.92480582056317,7904.235378489102,34789106738418876000,332746249744.4745,1,0.003402145757310813,0,1.5909007876010424,27.741277730194,1939152.133378676,1.4945583913954334,0.2617993877991494,6429175.69085612,178575.39864898517,-23.22469947201637
1,15,22.900000000000002,60655.24864612799,24.915309315399135,7902.984695454502,43890326608695170000,373745469470.14667,1,0.00306317586182371,0,1.6183785728717102,28.80423770725463,2042660.5619783972,1.659420401031027,0.2617993877991494,6429028.450736679,179351.78811178962,-23.810136585058522
1,15,23,60529.66912596021,24.90533163222257,7901.579109761648,53171697059769090000,411369218272.36084,1,0.00278576080903036,0,1.6461264323651343,29.907615294559545,2140811.910720372,1.8240218444681258,0.2617993877991494,6428881.191353273,180128.0229752965,-24.4081608260494
1,15,23.1,60404.1606629435,24.89487414614024,7900.018861061836,62474042637821346000,445903966261.5733,1,0.0025545409400907996,0,1.6741442393411352,31.054554451559223,2234275.368069497,1.9883345697639785,0.2617993877991494,6428733.91998877,180904.08888869814,-25.019957982405106
1,20,13.200000000000001,73025.36815888621,27.183382349761878,7963.351843755204,40386731540527950,11337332514.432592,1,0.01242588683685461,1,0.18672523124561863,0.24516547629058652,1037606.6901997619,0.4153464369169958,0.3490658503988659,6443063.071928688,103634.19104467881,0
1,20,13.3,72896.4760775473,27.1586823340079,7963.117070512041,49529122124254900,12555148266.284588,1,0.012171806986188983,1,0.19117427967757317,0.2624033624549392,1048287.7725007919,0.4239915667833906,0.3490658503988659,6442921.528578283,104417.80987541907,-0.0020431845116575804
1,20,13.4,72767.60152294021,27.1340012483727,7962.874166906523,60330228248819640,13856674482.05619,1,0.011927942087317614,1,0.19569771681548906,0.2807261598393212,1058852.6903689145,0.4326336126839372,0.3490658503988659,6442779.907555672,105201.38957555011,-0.00821428395759818
1,20,13.5,72638.74449613318,27.109339043343635,7962.623135570884,73008769291371040,15243301662.678013,1,0.011693688269219479,1,0.20030158070196985,0.30018265782796305,1069304.6980207795,0.44127252208057033,0.3490658503988659,6442638.209230645,105984.92937722625,-0.018596368976060373
1,20,13.600000000000001,72509.90534613375,27.08469573387522,7962.363979186972,87798494853512720,16716104056.302572,1,0.011468488935740111,1,0.20499229897313503,0.32082353018484533,1079646.8597876483,0.44990821908856543,0.3490658503988659,6442496.433972993,106768.42851295114,-0.033272467353057826
1,20,13.700000000000001,72381.08442158345,27.06007133482523,7962.096700508167,104947279652854700,18275830578.23622,1,0.011251829654523444,1,0.20977661407425144,0.34270141853823055,1089882.0902333213,0.4585406279096377,0.3490658503988659,6442354.582152528,107551.88621558291,-0.052325563053300085
1,20,13.8,72252.28207077179,27.035465860958162,7961.8213023592925,124715906278505740,19922895363.711044,1,0.011043234238705235,1,0.214661522936717,0.365871018672597,1100013.1640761623,0.4671696728324929,0.3490658503988659,6442212.654139064,108335.30171834177,-0.07583859525242877
1,20,13.9,72123.49864162505,27.010879326944064,7961.537787636547,147376562875099000,21657371305.334,1,0.010842261257551486,1,0.21965422034916848,0.3903891696263196,1110042.725285982,0.4757952782350672,0.3490658503988659,6442070.650302417,109118.67425481553,-0.10389445737051362
1,20,14,71994.73448170163,26.98631174735862,7961.246159307415,173211067276950340,23478986677.148655,1,0.01064850092228648,1,0.22476204088511434,0.4163149455933418,1119973.2954358892,0.48441736858632306,0.3490658503988659,6441928.571012397,109902.00305896575,-0.13657599610687685
1,20,14.100000000000001,71865.9899381902,26.961763136683683,7960.9464204105825,202508836429920320,25387124901.367367,1,0.010461572300868364,1,0.22999241062567086,0.44370975062698376,1129807.2813825351,0.4930358684478539,0.3490658503988659,6441786.416638816,110685.2873651344,-0.17396601047627974
1,20,14.200000000000001,71737.26535790693,26.937233509307692,7960.638574055861,235564627159986400,27380827474.94857,1,0.010281120821870748,1,0.2353527993624188,0.4726374161439332,1139546.9823398476,0.5016507024755493,0.3490658503988659,6441644.187551468,111468.52640805018,-0.21614725084648967
1,20,14.3,71608.56108728983,26.912722879525504,7960.322623424087,272676080968433600,29458800022.751297,1,0.010106816033052678,1,0.24085067439477703,0.5031643012263627,1149194.5964038826,0.5102617954214419,0.3490658503988659,6441501.884120139,112251.7194228345,-0.26320241797721783
1,20,14.4,71479.87747239787,26.8882312615391,7959.998571767039,314141111558804860,31619421402.076717,1,0.009938349584815473,0,0.2464934624544869,0.5353593957200233,1158752.226579428,0.5188690721352373,0.3490658503988659,6441359.506714595,113034.86564500781,-0.3152141620604934
1,20,14.5,71351.21485890169,26.863758669456832,7959.666422407354,360255178862868500,33860755739.168087,1,0.009775433412639284,0,0.2522885136789719,0.5692944261260604,1168221.8863549912,0.5274724575664061,0.3490658503988659,6441217.055704574,113817.96431049603,-0.37226508176251477
1,20,14.600000000000001,71222.57359208539,26.83930511729457,7959.326178738423,411308497289339970,36180567236.66001,1,0.009617798095987208,0,0.2582430630540763,0.6050439642841996,1177605.504865442,0.5360718767655185,0.3490658503988659,6441074.531459799,114601.01465563622,-0.43443772326690133
1,20,14.700000000000001,71093.95401684288,26.81487061897595,7958.977844224308,467583228580787300,38576337551.06625,1,0.009465191373986808,0,0.26436420697136,0.6426855388448555,1186904.9316801287,0.5446672548859504,0.3490658503988659,6440931.934349953,115384.01591718364,-0.5018145793195643
1,20,14.8,70965.35647766944,26.790455188331695,7958.6214223996385,529350711007004300,41045285505.89819,1,0.009317376800690516,0,0.27065887108099135,0.6822997495276106,1196121.9412490816,0.5532585171858979,0.3490658503988659,6440789.264744692,116166.96733231765,-0.5744780882750034
1,20,14.9,70836.78131866176,26.766058839100463,7958.256916869517,596868776562008700,43584388877.04789,1,0.0091741325248525,0,0.27713378533475425,0.7239703841634206,1205258.2370357781,0.5618455890298263,0.3490658503988659,6440646.523013634,116949.86813864735,-0.652510633144146
1,20,15,70708.22888352163,26.741681584930447,7957.884331309431,670379206188052500,46190407956.97979,1,0.00903525018097026,0,0.28379546985692017,0.767784538517797,1214315.455363307,0.5704283958896649,0.3490658503988659,6440503.70952635,117732.71757421819,-0.7359945406438263
1,20,15.100000000000001,70579.6995155327,26.71732343937597,7957.503669465143,750105370240786800,48859910588.69496,1,0.008900533879899957,0,0.2906502118757665,0.8138327388921245,1223295.1689999797,0.5790068633478066,0.3490658503988659,6440360.82465237,118515.51487751857,-0.8250120802478741
1,20,15.200000000000001,70451.19355757535,26.692984415901034,7957.114935152581,836250097243793800,51589298346.11347,1,0.008769799288833672,0,0.29770405138651435,0.8622090675001709,1232198.8905012577,0.5875809170975432,0.3490658503988659,6440217.868761179,119298.25928748531,-0.9196454632397133
1,20,15.3,70322.71135212202,26.66866452787931,7956.7181322577535,928993808487783000,54374833523.28355,1,0.008642872791486792,0,0.30496277431171936,0.9130112906167492,1241028.07533167,0.5961504829448095,0.3490658503988659,6440074.8422222035,120080.9500435104,-1.019976841766762
1,20,15.4,70194.25324122049,26.644363788592035,7956.313264736635,1028492950169574800,57212666605.151695,1,0.00851959072046095,0,0.31243190319220765,0.9663409894953929,1249784.124783774,0.6047154868107338,0.3490658503988659,6439931.745404809,120863.58638544624,-1.1260883078963055
1,20,15.5,70065.81956649851,26.620082211229615,7955.90033661506,1134878747288314600,60098863879.88612,1,0.008399798654678797,0,0.3201166874149713,1.0223036940518107,1258468.388707829,0.6132758547327471,0.3490658503988659,6439788.578678303,121646.1675536131,-1.2380618926733424
1,20,15.600000000000001,69937.41066916008,26.59581980889185,7955.479351988619,1248256296148017000,63029434867.34336,1,0.008283350775518167,0,0.32802210101855755,1.0810090193097863,1267082.1680688479,0.6218315128662476,0.3490658503988659,6439645.342411934,122428.69278880405,-1.35597956517987
1,20,15.700000000000001,69809.02688998636,26.57157659458887,7955.05031502254,1368704005366961000,66000359272.110596,1,0.008170109276013861,0,0.336152846473666,1.1425708046060965,1275626.7173433437,0.6303823874859513,0.3490658503988659,6439502.036974876,123211.16133229186,-1.4799232315961066
1,20,15.8,69680.66856932547,26.54735258124019,7954.613229951595,1496273385759865600,69007613140.89532,1,0.008059943818079934,0,0.3445133514365125,1.2071072555509144,1284103.2467689202,0.6389284049879879,0.3490658503988659,6439358.6627362305,123993.57242583467,-1.6099747342634008
1,20,15.9,69552.33604709152,26.523147781675327,7954.168101079964,1630989184344360000,72047193989.80228,1,0.007952731033276594,0,0.35310777249230035,1.2747410887400794,1292512.9244562816,0.647469491891361,0.3490658503988659,6439215.220065023,124775.92531168203,-1.7462158507489087
1,20,16,69424.02966275718,26.498962208633333,7953.7149327811485,1772849848117603800,75115144629.10669,1,0.007848354063087157,0,0.361939999523237,1.345599679215514,1300856.8783748087,0.6560055748398518,0.3490658503988659,6439071.7093301965,125558.21923258151,-1.8887282929122347
1,20,16.1,69295.74975535832,26.47479587476438,7953.253729497832,1921828299114948600,78207575498.90207,1,0.0077467021351190655,0,0.3710136638407097,1.419815210669967,1309136.1982196136,0.6645365806030918,0.3490658503988659,6438928.13090061,126340.45343178412,-2.037593705973685
1,20,16.2,69167.4966634782,26.450648792627824,7952.784495741777,2077872994160158700,81320685304.58508,1,0.007647670171971191,0,0.38033214271304683,1.4975248283921705,1317351.9371706855,0.6730624360790168,0.3490658503988659,6438784.48514504,127122.62715305091,-2.192893667584623
1,20,16.3,69039.27072526328,26.42652097469576,7952.307236093699,2240909241147219700,84450779842.33707,1,0.007551158429905838,0,0.3898985704594163,1.5788707949484087,1325505.11354835,0.6815830682941837,0.3490658503988659,6438640.772432164,127904.73964065884,-2.3547096868995565
1,20,16.400000000000002,68911.07227840181,26.402412433350033,7951.821955203147,2410840735982164500,87594288855.00464,1,0.0074570721646591,0,0.39971584311638686,1.6640006485963856,1333596.7123766963,0.6900984044065848,0.3490658503988659,6438496.993130569,128686.7901394064,-2.5231232036501323
1,20,16.5,68782.90166012757,26.378323180883758,7951.328657788387,2587551285395751400,90747780870.72021,1,0.007365321322085048,0,0.4097866358911285,1.7530673644271975,1341627.686857337,0.6986083717067724,0.3490658503988659,6438353.147608738,129468.77789461998,-2.6982155872211395
1,20,16.6,68654.75920721702,26.354253229501545,7950.827348636279,2770906676673521000,93907975957.5645,1,0.0072758202514852915,0,0.42011340715072704,1.8462295182311115,1349598.9597615737,0.7071128976194071,0.3490658503988659,6438209.23623505,130250.70215216023,-2.880068135728578
1,20,16.7,68526.64525597915,26.330202591318567,7950.318032602149,2960756655151578600,97071756370.612,1,0.007188487439705894,0,0.430698408011307,1.9436514530827667,1357511.424746524,0.7156119097053125,0.3490658503988659,6438065.2593777785,131032.56215842758,-3.068762075099403
1,20,16.8,68398.56014226563,26.30617127836302,7949.800714609658,3156936972136849400,100236175122.30638,1,0.007103245264285769,0,0.4415436982301238,2.0455034486413055,1365365.9475984792,0.7241053356621334,0.3490658503988659,6437921.217405087,131814.35716036826,-3.264378558153561
1,20,16.900000000000002,68270.50420145504,26.28215930257427,7949.275399650689,3359271464760964000,103398462493.54944,1,0.007020019764052941,0,0.4526511582320602,2.1519618931608626,1373163.3674111878,0.7325931033267606,0.3490658503988659,6437777.110685017,132596.08640548037,-3.466998663687884
1,20,17,68142.47776844818,26.2581666758027,7948.742092785201,3567574133378887000,106556030564.57835,1,0.006938740425770007,0,0.4640224926375346,2.263209458206735,1380904.497700945,0.741075140676975,0.3490658503988659,6437632.9395854985,133377.7491418198,-3.676703395562134
1,20,17.1,68014.48117768113,26.234193409812825,7948.200799141109,3781651183916162600,109706475851.03,1,0.006859339985537948,0,0.4756592451662678,2.3794352760724684,1388590.1274621545,0.7495513758319193,0.3490658503988659,6437488.7044743365,134159.3446180064,-3.8935736817871205
1,20,17.2,67886.51476310473,26.21023951628046,7947.651523914153,4001303004359146500,112847580130.40634,1,0.006781754243750152,0,0.48756280557500464,2.500835119892997,1396221.0221702338,0.7580217370548045,0.3490658503988659,6437344.40571921,134940.87208322957,-4.117690373614812
1,20,17.3,67758.57885819115,26.186305006794615,7947.094272367758,4226326052475532000,115977309623.83484,1,0.0067059218925656265,0,0.4997344273988318,2.627611586448885,1403797.9247315049,0.7664861527537976,0.3490658503988659,6437200.043687667,135722.3307872542,-4.349134244630637
1,20,17.400000000000002,67630.67379592266,26.162389892856304,7946.5290498329005,4456514629834574000,119093812623.48889,1,0.006631784354898659,0,0.5121752353884163,2.759974281656625,1411321.5563860305,0.7749445514840925,0.3490658503988659,6437055.618747113,136503.71998042712,-4.587985989848067
1,20,17.5,67502.7999087898,26.138494185879022,7945.9558617079765,4691662525899736000,122195415736.30028,1,0.006559285634053063,0,0.5248862260917546,2.8981400087398432,1418792.6175646668,0.7833968619493534,0.3490658503988659,6436911.131264828,137285.03891368196,-4.8343262248049506
1,20,17.6,67374.95752879791,26.114617897190584,7945.374713458663,4931564518601333000,125280618898.62186,1,0.006488372173188446,0,0.5378682877427277,3.042332959076198,1426211.7887031394,0.791843013002586,0.3490658503988659,6436766.581607944,138066.28683854628,-5.088235484662662
1,20,17.7,67247.14698745403,26.09076103803158,7944.785610617766,5176017720404581000,128348089303.28166,1,0.006418992723861553,0,0.5511222053269054,3.192784905714628,1433579.731017371,0.8002829336483129,0.3490658503988659,6436621.970143446,138847.4630071462,-5.34979422330678
1,20,17.8,67119.36861576326,26.066923619555592,7944.18855878511,5424822764946388000,131396654411.97331,1,0.006351098222981392,0,0.5646486649437032,3.3497353995575447,1440897.087240694,0.8087165530441288,0.3490658503988659,6436477.297238172,139628.56667221335,-5.619082812450557
1,20,17.900000000000002,66991.62274423242,26.043105652830445,7943.583563627358,5677784830249239000,134425294190.9884,1,0.006284641677555629,0,0.5784482679880665,3.513431968202462,1448164.4823252095,0.8171438005017322,0.3490658503988659,6436332.563258808,140409.59708708987,-5.896181540740291
1,20,18,66863.90970286168,26.01930714883756,7942.970630877892,5934714501654964000,137433132753.14308,1,0.006219578056648763,0,0.5925215307961484,3.684130317437455,1455382.5241105948,0.8255646054887813,0.3490658503988659,6436187.76857188,141190.55350573474,-6.181170612863136
1,20,18.1,66736.22982114181,25.995528118472198,7942.349766336664,6195428475257059000,140419429518.59506,1,0.006155864190039808,0,0.6068689008221528,3.8620945353847733,1462551.8039611417,0.8339788976303576,0.3490658503988659,6436042.913543753,141971.4351827294,-6.474130148657172
1,20,18.2,66608.58342805132,25.971768572543695,7941.720975870046,6459750109477006000,143383570054.25,1,0.006093458673097098,0,0.6214907547743752,4.0475972992868074,1469672.8973731785,0.842386606710426,0.3490658503988659,6435897.9985406315,142752.2413732836,-6.775140182223784
1,20,18.3,66480.97085205372,25.948028521775736,7941.0842654106855,6727509833080032000,146325056723.74893,1,0.00603232177742968,0,0.6363874118061313,4.24092008492856,1476746.3645545284,0.8507876626732915,0.3490658503988659,6435753.0239285445,143532.9713332411,-7.0842806610424
1,20,18.400000000000002,66353.3924210919,25.924307976806084,7940.4396409573565,6998545418430739000,149243499257.36215,1,0.005972415366908912,0,0.6515591284143817,4.442353378690645,1483772.750977721,0.8591819956252325,0.3490658503988659,6435607.990073358,144313.62431908536,-7.4016314450874825
1,20,18.5,66225.84846259188,25.900606948187917,7939.787108574801,7272702131352748000,152138605355.43604,1,0.005913702818692899,0,0.6670061217605874,4.652196892226771,1490752.587907713,0.867569535835505,0.3490658503988659,6435462.89734075,145094.19958794568,-7.727272305948233
1,20,18.6,66098.339303446,25.87692544638773,7939.1266743935885,7549832770854786000,155010171437.22064,1,0.0058561489488961884,0,0.682728550492926,4.870759779759567,1497686.3929071992,0.8759502137387172,0.3490658503988659,6435317.746096233,145874.6963976025,-8.0612829259502
1,20,18.7,65970.86527002882,25.853263481788677,7938.458344609956,7829797608562020000,157858073593.11118,1,0.005799719942612328,0,0.6987265374745963,5.098360857988525,1504574.6703177271,0.8843239599350057,0.3490658503988659,6435172.536705126,146655.1140064935,-8.403742897279871
1,20,18.8,65843.42668817565,25.829621064687704,7937.782125485658,8112464243556444000,160682258846.32495,1,0.0057443832879647055,0,0.7150001675542895,5.335328828603741,1511417.9117218228,0.8926907051927104,0.3490658503988659,6435027.269532564,147435.45167371884,-8.75473172111112
1,20,18.900000000000002,65716.02388318907,25.80599820529726,7937.0980233477985,8397707382522083000,163482736757.91068,1,0.005690107713945237,0,0.7315494913399316,5.582002503399039,1518216.5963834971,0.9010503804491622,0.3490658503988659,6434881.944943498,148215.70865904723,-9.11432880673459
1,20,19,65588.65717984084,25.78239491374638,7936.4060445886935,8685408560663955000,166259571457.69986,1,0.005636863131776004,0,0.7483745328256597,5.838731031978012,1524971.1916700902,0.909402916811784,0.3490658503988659,6434736.56330267,148995.8842229217,-9.482613470689557
1,20,19.1,65461.32690234855,25.758811200077403,7935.706195665692,8975455811200907000,169012874101.30057,1,0.005584620579554728,0,0.765475284892724,6.105874132046361,1531682.153457525,0.9177482455608597,0.3490658503988659,6434591.124974632,149775.97762646474,-9.859664935897783
1,20,19.200000000000003,65334.03337439243,25.735247074249504,7934.998483101028,9267743299326386000,171742795829.33182,1,0.005533352169997545,0,0.7828517198799213,6.383802322283898,1538349.926516274,0.9260862981496261,0.3490658503988659,6434445.630323738,150555.9881314845,-10.245562330800592
1,20,19.3,65206.776919108815,25.711702546138262,7934.2829134816575,9562170926453017000,174449521205.0718,1,0.005483031041053967,0,0.8005037852223097,6.672897157789446,1544974.944882457,0.9344170062059082,0.3490658503988659,6434300.079714131,151335.91500047996,-10.640384688497942
1,20,19.400000000000002,65079.55785907898,25.68817762553445,7933.559493459089,9858643918528100000,177133262183.01102,1,0.005433631309218674,0,0.8184314087588499,6.973551468091779,1551557.6322138235,0.942740301534062,0.3490658503988659,6434154.473509747,152115.7574966472,-11.0442109458906
1,20,19.5,64952.37651633378,25.66467232214553,7932.828229749234,10157072403075434000,179794252575.60944,1,0.005385128025377614,0,0.8366345070000945,7.286169597719706,1558098.4021302701,0.9510561161158545,0.3490658503988659,6434008.812074306,152895.5148838841,-11.457119942824242
1,20,19.6,64825.233212342486,25.641186645594388,7932.0891291322205,10457370985189554000,182432743040.01834,1,0.005337497133017641,0,0.8551129757653723,7.611167649324264,1564597.6585413404,0.9593643821123853,0.3490658503988659,6433863.095771318,153675.18642679675,-11.879190421236775
1,20,19.700000000000003,64698.12826802209,25.617720605421603,7931.342198452245,10759458327710861000,185048996563.082,1,0.005290715428666576,0,0.8738667009976182,7.948973729345925,1571055.7959594445,0.9676650318646468,0.3490658503988659,6433717.324964067,154454.77139070438,-12.310501024307925
1,20,19.8,64571.06200371962,25.594274211083125,7930.587444617391,11063256742317386000,187643284440.16385,1,0.005244760524409067,0,0.892895558769689,8.300028196219639,1577473.1998019777,0.9759579978958687,0.3490658503988659,6433571.500015614,155234.26904164543,-12.751130295611643
1,20,19.900000000000002,64444.03473922238,25.57084747195267,7929.824874599472,11368691794544613000,190215882714.6088,1,0.00519961081237161,0,0.9121994137046034,8.664783911110458,1583850.2466799968,0.984243212911997,0.3490658503988659,6433425.621288795,156013.67864638293,-13.201156678271278
1,20,20,64317.0467937449,25.54744039732018,7929.054495433857,11675691928567673000,192767069073.34106,1,0.00515524543103936,0,0.9317781227966739,9.043706491172342,1590187.3046767842,0.9925206098037193,0.3490658503988659,6433279.689146212,156792.99947240978,-13.660658514116975
1,20,20.1,64190.09848593082,25.52405299639277,7928.276314219286,11984188112483207000,195297120154.7394,1,0.005111644233308431,0,0.9516315348043926,9.437274565322792,1596484.7336147674,1.0007901216474808,0.3490658503988659,6433133.703950235,157572.23078795467,-14.129714042846498
1,20,20.200000000000003,64063.190133847296,25.500685278294473,7927.490338117715,12294113507982512000,197806309256.3805,1,0.005068787756162807,0,0.971759492517133,9.845980032525711,1602742.8853125377,1.009051681707004,0.3490658503988659,6432987.666062995,158351.3718619869,-14.608401401187841
1,20,20.3,63936.322054989636,25.477337252067635,7926.6965743541305,12605403165660772000,200294904411.87375,1,0.005026657191886074,0,0.9921618352414856,10.270328322574942,1608962.1038314737,1.0173052234341078,0.3490658503988659,6432841.575846379,159130.4219642228,-15.096798622065828
1,20,20.400000000000002,63809.49456626456,25.45400892667079,7925.8950302163785,12917993745328360000,202763166795.585,1,0.0049852343607078775,0,1.012838399500186,10.710838659370784,1615142.7257141224,1.0255506804709467,0.3490658503988659,6432695.433662032,159909.38036513038,-15.594983633770237
1,20,20.5,63682.707984000444,25.43070031098097,7925.085713054986,13231823263795489000,205211349443.23456,1,0.004944501684817775,0,1.0337890157227059,11.168044326681724,1621285.080212194,1.0337879866504527,0.3490658503988659,6432549.239871346,160688.24633593505,-16.103034259127465
1,20,20.6,63555.962623937055,25.407411413792662,7924.2686302829825,13546830869396961000,207639696253.92487,1,0.00490444216365253,0,1.0550135136922443,11.642492936383537,1627389.489507099,1.042017075998123,0.3490658503988659,6432402.994835463,161467.01914862506,-16.621028214674794
1,20,20.700000000000003,63429.258801220916,25.38414224381765,7923.443789375719,13862956640870547000,210048441230.71085,1,0.004865039350392675,0,1.0765117210340822,12.134746699167813,1633456.2689220235,1.0502378827334342,0.3490658503988659,6432256.698915266,162245.698075957,-17.149043109837557
1,20,20.8,63302.59683040995,25.360892809686426,7922.611197870696,14180141412400957000,212437807952.92172,1,0.00482627732960098,0,1.0982834660157663,12.645382697711947,1639485.7271257343,1.0584503412706308,0.3490658503988659,6432110.352471383,163024.28239146105,-17.68715644610886
1,20,20.900000000000002,63175.97702546697,25.337663119947702,7921.770863367366,14498326622511500000,214808009244.09073,1,0.004788140695932515,0,1.1203285732832713,13.174993162302435,1645478.1663295052,1.0666543862202431,0.3490658503988659,6431963.955864173,163802.77136944636,-18.235445616232578
1,20,21,63049.39969975315,25.314453183067993,7920.922793526965,14817454185378775000,217159247009.61694,1,0.004750614533860176,0,1.142646870483164,13.724185748903377,1651433.8824769356,1.074849952390607,0.3490658503988659,6431817.509453732,164581.16428500644,-18.793987903388967
1,20,21.1,62922.8651660271,25.29126300743205,7920.066996072319,15137466383748336000,219491712225.33142,1,0.00471368439836117,0,1.1652381843605168,14.293583819661878,1657353.1654266596,1.0830369747889954,0.3490658503988659,6431671.013599882,165359.4604140245,-19.362860480383155
1,20,21.200000000000003,62796.373736447655,25.268092601343955,7919.20347878767,15458305780173752000,221805585042.49167,1,0.004677336296511286,0,1.188102342295529,14.883826725842075,1663236.299128363,1.091215388622502,0.3490658503988659,6431524.468662176,166137.6590331788,-19.94214040883679
1,20,21.3,62669.9257225655,25.24494197302629,7918.332249518474,15779915148761494000,224101035016.6583,1,0.0046415566699333135,0,1.2112391701348693,15.49557009317935,1669083.5617931248,1.0993851292996528,0.3490658503988659,6431377.874999886,166915.75941994775,-20.5319046383822
1,20,21.400000000000002,62543.52143531758,25.221811130619898,7917.453316171221,16102237420312613000,226378221402.24158,1,0.0046063323780576124,0,1.2346484949953196,16.12948610964624,1674895.2260576582,1.1075461324318308,0.3490658503988659,6431231.232972007,167693.76085261547,-21.132230005860023
1,20,21.5,62417.16118503362,25.198700082185503,7916.566686713251,16425215645305230000,228637293539.76715,1,0.004571650682153852,0,1.2583301552007438,16.786263815621545,1680671.5591422226,1.1156983338338864,0.3490658503988659,6431084.54293724,168471.66261027675,-21.743193234519254
1,20,21.6,62290.845281419344,25.175608835701567,7915.672369172548,16748792967356160000,230878391279.55792,1,0.004537499230083304,0,1.282283976719363,17.466609396453887,1686412.8230042215,1.1238416695262823,0.3490658503988659,6430937.805254009,169249.46397284293,-22.36487093322115
1,20,21.700000000000003,62164.574033569545,25.152537399067043,7914.770371637572,17072912610522116000,233101645463.19495,1,0.004503866041748057,0,1.30650979645892,18.17124647741111,1692119.2744850814,1.1319760757352626,0.3490658503988659,6430791.02028044,170027.16422104638,-22.9973395956449
1,20,21.8,62038.34774995502,25.129485780099788,7913.860702257046,17397517875151432000,235307178424.07364,1,0.004470739495185734,0,1.3310074495014597,18.900916421006706,1697791.1654533874,1.140101488894732,0.3490658503988659,6430644.188374369,170804.76263644593,-23.640675599497143
1,20,21.900000000000002,61912.16673842259,25.106453986537186,7912.943369239775,17722552143269566000,237495104513.3441,1,0.004438108313286593,0,1.3557767798099036,19.65637862669434,1703428.742942551,1.1482178456472714,0.3490658503988659,6430497.309893325,171582.25850143237,-24.29495520572453
1,20,22,61786.03130618576,25.083442026035204,7912.018380854442,18047958891762730000,239665530639.03043,1,0.004405961551095094,0,1.3808176264667238,20.43841083292161,1709032.2492843112,1.1563250828457572,0.3490658503988659,6430350.385194544,172359.65109923325,-24.960254557729108
1,20,22.1,61659.94175983779,25.06044990617107,7911.085745429419,18373681710963517000,241818556802.67432,1,0.004374288583674032,0,1.4061298323773745,21.24780942153399,1714601.9222366984,1.1644231375534961,0.3490658503988659,6430203.414634951,173136.9397139183,-25.63664968058679
1,20,22.200000000000003,61533.89840533398,25.037477634440986,7910.145471352566,18699664328754975000,243954276635.33994,1,0.004343079094489363,0,1.4317132442886153,22.085389724519878,1720137.9951092491,1.1725119470463823,0.3490658503988659,6430056.398571168,173914.12363040453,-26.32421648026888
1,20,22.3,61407.90154799819,25.01452521826175,7909.197567071037,19025850638857753000,246072777925.27628,1,0.004312323064303117,0,1.4575677128794244,22.951986333087554,1725640.6968829422,1.180591448813453,0.3490658503988659,6429909.3373595,174691.20213446108,-27.02303074286683
1,20,22.400000000000002,61281.951492510736,24.991592664969392,7908.242041091081,19352184732293673000,248174143132.14542,1,0.004282010760538464,0,1.483693088815745,23.848453409064888,1731110.2523271164,1.18866158055866,0.3490658503988659,6429762.231355937,175468.17451271467,-27.73316813382001
1,20,22.5,61156.048542916775,24.96867998182105,7907.2789019778365,19678610930142580000,250258449877.45847,1,0.004252132727102876,0,1.5100892255640586,24.775664998612356,1736546.8821116118,1.1967222802012758,0.3490658503988659,6429615.080916152,176245.04005265472,-28.45470419714691
1,20,22.6,61030.193002615124,24.94578717599372,7906.308158355126,20005073820569305000,252325771432.15063,1,0.004222679774637233,0,1.536755982546093,25.73451534824017,1741950.8029162337,1.2047734858775927,0.3490658503988659,6429467.886395492,177021.79804263797,-29.187714354679006
1,20,22.700000000000003,60904.38517435454,24.933718612788585,7905.329818905276,26246953472619340000,289022052742.8996,1,0.003817339465767348,0,1.5636932179101,26.72591922311987,1831421.6222562706,1.3323713323875612,0.3490658503988659,6429320.650749865,177798.442549352,-29.932845036026322
1,20,22.8,60778.627815762535,24.924693757356728,7904.231590149997,34951767481194240000,333523240560.715,1,0.003395373700406147,0,1.5909007967547821,27.752088758429693,1941082.1940396565,1.4975378456104949,0.3490658503988659,6429173.380353933,178574.96077661758,-30.691492911623897
1,20,22.900000000000002,60652.92690844368,24.91518618864911,7902.97817906894,44062593265660520000,374478214423.2816,1,0.003057546571980937,0,1.618378581378783,28.81579086666346,2044535.0246426943,1.6624728405226306,0.3490658503988659,6429026.0823960425,179351.33829790764,-31.46523232729361
1,20,23,60527.28919561673,24.90519719409872,7901.5697981662015,53350264973829060000,412059395351.36206,1,0.002780987686488148,0,1.6461264416023709,29.91997938372738,2142640.7294824277,1.8271481811181929,0.3490658503988659,6428878.764055125,180127.56070869137,-32.255634457669586
1,20,23.1,60401.72140461579,24.894728141805675,7900.006686381547,62656612812358320000,446555031666.55725,1,0.002550426800954694,0,1.6741442485943185,31.06780346772684,2236066.3787102913,1.9915358495516753,0.3490658503988659,6428731.432499223,180903.613628757,-33.06426695018829
1,40,13.200000000000001,73025.36815888621,27.183382349761878,7963.351843755204,40386731540527950,11337332514.432592,1,0.01242588683685461,1,0.18672523124561863,0.24516547629058652,1037606.6901997619,0.4153464369169958,0.5,6443063.071928688,103634.19104467881,0
1,40,13.3,72896.4760775473,27.1586823340079,7963.117070512041,49529122124254900,12555148266.284588,1,0.012171806986188983,1,0.19117427968448625,0.2624033624549392,1048287.7725007919,0.4239915667833905,0.5,6442921.528213152,104417.80980948579,-0.002864026736683976
1,40,13.4,72767.60115678702,27.134001183671312,7962.874167789345,60330262466029760,13856678411.567886,1,0.011927941408340113,1,0.19569771701191865,0.28072571084440556,1058852.7208577727,0.4326336374067895,0.5,6442779.906087726,105201.38931043072,-0.011514343502185944
1,40,13.5,72638.74302405491,27.109338780610052,7962.623138214253,73008929678753330,15243318406.090702,1,0.011693685645633115,1,0.20030158149937605,0.3001812009284579,1069304.8190399026,0.44127262137711615,0.5,6442638.205907375,105984.92877689216,-0.026067394022546
1,40,13.600000000000001,72509.90201343969,27.08469513765456,7962.363984439916,87798916863521070,16716144229.854223,1,0.011468483222675066,1,0.2049922995950702,0.32082040299176795,1079647.1308393453,0.4499084438055478,0.5,6442496.428027071,106768.4274385914,-0.0466395625805854
1,40,13.700000000000001,72381.07845867518,27.060070267554178,7962.096709190079,104948152674083020,18275906593.331287,1,0.011251819815192153,1,0.20977661407424936,0.3426958619455965,1089882.5703307497,0.45854102988771267,0.5,6442354.572801816,107551.88452559758,-0.07334717266970729
1,40,13.8,72252.27269315347,27.0354641829803,7961.821315259,124717485142869840,19923021472.123775,1,0.011043219333221594,1,0.21466152248137343,0.36586218394775366,1100013.9117889453,0.4671703049042729,0.5,6442212.64058663,108335.29926833518,-0.10630648564950672
1,40,13.9,72123.4850499127,27.010876896525005,7961.53780551137,147379180308500060,21657563623.821552,1,0.010842240433049991,1,0.21965422015999567,0.39037612582954573,1110043.7987819246,0.47579619422319763,0.5,6442070.631736537,109118.67089758943,-0.14563369940311235
1,40,14,71994.71586162876,26.986308420700315,7961.24618288224,173215147127233300,23479263190.04094,1,0.010648473404167936,1,0.2247620402893244,0.41629668732802255,1119974.7525193915,0.4844186233017804,0.5,6441928.54660658,109901.99864451271,-0.19144494699635783
1,40,14.100000000000001,71865.96546062361,26.961758767940527,7960.946450376931,202514907497086400,25387505442.256374,1,0.01046153738504798,1,0.2299924100006039,0.4436852061217459,1129809.1795289658,0.4930375176875241,0.5,6441786.385551799,110685.28174063071,-0.2438562953388259
1,40,14.200000000000001,71737.23417885322,26.93722795060077,7960.638611070944,235573337379518000,27381333685.954346,1,0.010281077867874066,1,0.23535279850608468,0.47260545566819656,1139549.3787276996,0.5016528030204033,0.5,6441644.148927241,111468.51941784905,-0.3029837438467912
1,40,14.3,71608.52234790567,26.912715980957568,7960.322668109896,272688211705549250,29459455292.88562,1,0.010106764457872354,1,0.24085067214607014,0.5031237458408468,1149197.547943989,0.5102644050344323,0.5,6441501.837087948,112251.7109084592,-0.3689432231080589
1,40,14.4,71479.8302989984,26.88822287120898,7959.998624709412,314157591704018900,31620250783.846626,1,0.009938288857428217,0,0.24649346031250205,0.5353090263638193,1158755.7899418876,0.518872249559292,0.5,6441359.450388952,113034.85544514447,-0.44185059354875306
1,40,14.5,71351.15836297534,26.863748633475016,7959.666484155055,360277098469954600,33861785846.735424,1,0.00977536304911412,0,0.25228851148500864,0.5692329930419631,1168226.1179933976,0.5274762625219539,0.5,6441216.989185285,113817.95226098632,-0.5218216441021253
1,40,14.600000000000001,71222.50687030423,26.839293279797776,7959.326249802209,411337120416545200,36181826125.02343,1,0.009617717655100663,0,0.25824306210374326,0.6049701967840766,1177610.4610394659,0.5360763699482959,0.5,6441074.453831958,114601.00058947105,-0.6089720908794475
1,40,14.700000000000001,71093.87615107093,26.814856822141344,7958.9779250760175,467620005034814340,38577854578.32779,1,0.00946510045328948,0,0.26436420651252696,0.6425981554169117,1186910.668476403,0.5446724979649104,0.5,6440931.8446839675,115383.99966449512,-0.7034175758428105
1,40,14.8,70965.26653497946,26.79043927239248,7958.621513471271,529397286772987200,41047091183.61165,1,0.00931727503298466,0,0.27065887037817027,0.6821974682874925,1196128.5145997915,0.5532645728005231,0.5,6440789.162096288,116166.94872037186,-0.8052736654801743
1,40,14.9,70836.67835134268,26.76604064235975,7958.257018552325,596927002547682200,43586514706.220276,1,0.009174019575013827,0,0.2771337842896576,0.723851933651193,1205265.7027364115,0.5618525207880416,0.5,6440646.406423872,116949.84699183774,-0.9146558494825126
1,40,15,70708.11192908604,26.74166094377496,7957.88444395299,670451145171204700,46192886257.177895,1,0.009035125743085947,0,0.28379546812815787,0.7676486688429123,1214323.869088975,0.5704362683657188,0.5,6440503.57802164,117732.69371405787,-1.0316795394230216
1,40,15.100000000000001,70579.56759673823,26.717300188292214,7957.503793376447,750193301779947800,48862774320.51804,1,0.00890039767470227,0,0.29065020941527997,0.8136782332285963,1223304.5863194542,0.5790157420791888,0.5,6440360.677244479,118515.48812263296,-1.1564600674387073
1,40,15.200000000000001,70451.04568242747,26.692958387488048,7957.115070595141,836356520373266700,51592580928.63848,1,0.00876965106136333,0,0.29770404885674084,0.8620347539342544,1232209.3668911618,0.5875908685831249,0.5,6440217.704447247,119298.22945360446,-1.2891126849139818
1,40,15.3,70322.54651389085,26.6686355528638,7956.718279450673,929121442300714100,54378568655.26736,1,0.008642712308994218,0,0.30496277214686196,0.9128160543495265,1241039.6661885665,0.5961615746420148,0.5,6440074.659984757,120080.91694346177,-1.429752561166801
1,40,15.4,70194.07041845191,26.644331695842432,7956.31342385372,1028644731945182300,57216888082.68504,1,0.008519417770500755,0,0.31243190090401396,0.9661237854027556,1249796.8854356613,0.6047277871330623,0.5,6439931.544211782,120863.54982914738,-1.5784947821368123
1,40,15.5,70065.6177230291,26.6200468277707,7955.9005077839065,1135057828529710300,60103605423.69941,1,0.008399613043386062,0,0.32011668501429225,1.0220635596044287,1258482.3744244408,0.6132894330470151,0.5,6439788.357483045,121646.12734806362,-1.7354543490760832
1,40,15.600000000000001,69937.18875413202,26.595780959919274,7955.479535289712,1248466036445154800,63034729956.64706,1,0.00828315232604414,0,0.32802209968154517,1.0807450878557558,1267097.434071107,0.6218464394898043,0.5,6439645.1001532255,122428.6487380781,-1.9007461772419751
1,40,15.700000000000001,69808.7838378558,26.57153410348247,7955.050510488362,1368947964236618800,66006240987.79401,1,0.008169897827099025,0,0.3361528451372622,1.1422823190190488,1275643.318812475,0.6303987336843061,0.5,6439501.77257694,123211.11323753046,-2.0744850945926467
1,40,15.8,69680.40329987928,26.547306269578662,7954.613437565723,1496555312882873900,69014114025.58623,1,0.008059719222763528,0,0.34451335090091306,1.206793582246485,1284121.2388542525,0.6389462429718439,0.5,6439358.375108751,123993.52008523812,-2.256785840484861
1,40,15.9,69552.047465452,26.52309746924869,7954.168320776185,1631313007991198500,72054345915.57907,1,0.007952493157711587,0,0.3531077715127301,1.2744017320637302,1292532.3622831933,0.6474888948144385,0.5,6439214.90810316,124775.8685205021,-2.447763064374164
1,40,16,69423.71665941086,26.498907713459534,7953.715164442553,1773219662460476700,75122978684.93007,1,0.007848102785479982,0,0.36194000023595063,1.3452342962048063,1300877.8170504111,0.656026616795055,0.5,6439071.371914597,125558.15778311336,-2.647531324517808
1,40,16.1,69295.41120615322,26.474737013100327,7953.253972955939,1922248350384582700,78216121891.03687,1,0.007746437344737094,0,0.37101366457745255,1.4194236261944961,1309158.6928399866,0.6645593366207777,0.5,6438927.766897435,126340.38711335893,-2.8562050866800313
1,40,16.2,69167.13142965734,26.45058537898659,7952.784750775637,2078347666576400100,81329973283.69751,1,0.0076473917682646116,0,0.38033214347589744,1.4971070506744812,1317376.0428251426,0.6730869821227977,0.5,6438784.093405966,127122.55575202736,-3.0738987228398695
1,40,16.3,69038.87765346188,26.42645282185743,7952.3075024290165,2241443041971234600,84460837637.35416,1,0.007550866321677486,0,0.3898985689980398,1.5784270314693118,1325530.885325622,0.6816094812591422,0.5,6438640.351794409,127904.66294041548,-3.3007265099018044
1,40,16.400000000000002,68910.65020067059,26.40233935237701,7951.822232511405,2411438281174880000,87605143637.43031,1,0.007456766269324384,0,0.3997158412008066,1.663531322388219,1333624.2053689165,0.6901267621157136,0.5,6438496.542416898,128686.7079203335,-3.5368026284086436
1,40,16.5,68782.44939394109,26.378244981133328,7951.328945685965,2588217284941499000,90759458724.74113,1,0.00736500156498355,0,0.4097866334680263,1.7525731307586816,1341656.9561645712,0.6986387529083831,0.5,6438352.665627491,129468.68993411186,-3.782241161257539
1,40,16.6,68654.2755554961,26.35416971864084,7950.82764668357,2771645921009601000,93920501877.39696,1,0.0072754865652597265,0,0.42011340280728954,1.8457112816875694,1349630.060495034,0.7071453819835796,0.5,6438208.72178015,130250.60822460665,-4.037156092418317
1,40,16.7,68526.12900710013,26.33011357533711,7950.3183403026915,2961574002136475600,97085154268.79152,1,0.007188139763723573,0,0.4306984045636261,1.9431103850455873,1357544.4120322545,0.7156465778211916,0.5,6438064.711228755,131032.46203520578,-4.301661305654714
1,40,16.8,68398.01007008087,26.306076561587236,7949.8010314092735,3157837335383370000,100250467858.42686,1,0.007102883544115061,0,0.4415436976625802,2.044941005170658,1365400.8765799769,0.7241422690344539,0.5,6437920.634327084,131814.25060983445,-4.575870583248212
1,40,16.900000000000002,68269.91906529851,26.282058687679193,7949.275724936597,3360259802766151700,103413671909.60335,1,0.0070196439509726885,0,0.452651157664472,2.151379833285776,1373200.2932526264,0.732632384373337,0.5,6437776.491428825,132595.9731929622,-4.8598976047251465
1,40,17,68141.8563131718,26.258059963829048,7948.742425885176,3568655440976112000,106572177547.34677,1,0.006938350476338062,0,0.4640224905544033,2.2626098626267916,1380943.475588176,0.7411168527241182,0.5,6437632.2828875575,133377.62902960752,-5.153855945585828
1,40,17.1,68013.82213364914,26.234080400176605,7948.201139322604,3782830483802070000,109723580383.31793,1,0.006858935861168138,0,0.47565924003105164,2.3788205662754747,1388631.2126060396,0.7495956031126264,0.5,6437488.009056756,134159.2173653444,-5.457859076037206
1,40,17.2,67885.81684621796,26.210120006787744,7947.651870383448,4002585341848329700,112865661376.7161,1,0.006781335910341164,0,0.4875628003899518,2.5002080776931184,1396264.26980785,0.7580685647049304,0.5,6437343.670289788,134940.7374463083,-5.772020359728135
1,40,17.3,67757.84076990001,26.186178793654243,7947.094624269099,4227716490602605000,115996386004.83351,1,0.006705489320152442,0,0.4997344252783587,2.6269753739498642,1403843.390127782,0.766535666808951,0.5,6437199.266939906,135722.18851920162,-6.096453052487545
1,40,17.400000000000002,67629.89422324859,26.162256770693997,7946.529406247656,4458018246442690600,119113901902.60545,1,0.006631337517336135,0,0.5121752332610515,2.7593324616448225,1411369.2948346566,0.7749968388759476,0.5,6437054.799360252,136503.5698313003,-6.431270301065815
1,40,17.5,67501.97752434481,26.138353947751003,7945.956221653776,4693284412554568000,122216535114.32794,1,0.006558824508722951,0,0.524886224486437,2.8974965655119753,1418842.684388876,0.783452010502055,0.5,6436910.267903841,137284.88063045865,-6.776585141878619
1,40,17.6,67374.09099079482,26.114470334595605,7945.375075888557,4933309780313761000,125302785102.21162,1,0.006487896740723859,0,0.53786828667301,3.0416923197067662,1426264.2392568751,0.7919011114297606,0.5,6436765.6729235705,138066.1201651159,-7.132510499754224
1,40,17.7,67246.23493972514,26.090605940924263,7944.785974419389,5177891476912430000,128371318677.62552,1,0.0064185029678971274,0,0.5511222020976773,3.192151961768176,1433634.6206857432,0.8003440715494955,0.5,6436621.0147722075,138847.2876843021,-7.499159186683851
1,40,17.8,67118.4096877817,26.066760776360123,7944.188922779819,5426830153253371000,131420963013.64809,1,0.00635059412992392,0,0.5646486606033047,3.3491155292510157,1440954.4714400722,0.8087808209009668,0.5,6436476.293802389,139628.3824376431,-7.876643900574446
1,40,17.900000000000002,66990.6155511234,26.042934850452525,7943.583926569422,5679931007920943000,134450697875.32086,1,0.006284123236366658,0,0.5784482636171191,3.5128310590230387,1448224.4165037915,0.817211289674871,0.5,6436331.510366614,140409.40367536744,-8.265077224005699
1,40,18,66862.8528454192,26.019128172677146,7942.970991453642,5937004651264976000,137459647261.7283,1,0.006219045258646444,0,0.592521526953585,3.6835547892214393,1455445.063748452,0.8256354082143335,0.5,6436186.66481725,141190.35064831126,-8.664571622988998
1,40,18.1,66735.12188585382,25.995340752437652,7942.350123163669,6197867808723984000,140447070553.08255,1,0.006155317028719677,0,0.6068688980822067,3.861551363863161,1462617.0045696362,0.8340531070157988,0.5,6436041.757506522,141971.2226079247,-9.075239445730409
1,40,18.2,66607.42298711464,25.971572599064025,7941.72132749628,6462343873692127000,143412353354.0635,1,0.006092897143961082,0,0.6214907520073795,4.047094040103381,1469740.814494838,0.8424643167311484,0.5,6435896.788786506,142752.01880627687,-9.497192921396213
1,40,18.3,66479.75646338798,25.94782372181267,7941.084610313706,6730263315315838000,146354998131.2673,1,0.006031745877827323,0,0.6363874101697039,4.240464898136444,1476817.0537628497,0.8508689681691988,0.5,6435751.759009135,143532.73849606275,-9.930544158882427
1,40,18.400000000000002,66352.12262836937,25.92409412986871,7940.439977543486,7001463951672726000,149274614773.9868,1,0.005971825095897638,0,0.6515591284912682,4.4419550537334205,1483846.2678759256,0.8592669922962511,0.5,6435606.668526186,144313.3809306077,-10.375405145586589
1,40,18.5,66224.5217952421,25.900383832343,7939.7874351783075,7275791100665517000,152170911201.60965,1,0.005913098176896881,0,0.667006120112883,4.651864873410386,1490828.9881288465,0.8676583202387589,0.5,6435461.517689277,145093.945363874,-10.831887746183808
1,40,18.6,66096.95427668374,25.876692838273883,7939.126989275878,7553097617516403000,155043684082.8103,1,0.0058555299383860155,0,0.6827285494317797,4.870504192221415,1497765.732112777,0.8760428832841155,0.5,6435316.3068498755,145874.43105046608,-11.300103701405272
1,40,18.7,65969.42038486898,25.85302115662822,7938.458645958751,7833243835997480000,157892809802.36368,1,0.005799086566787527,0,0.6987265352501313,5.098192534170227,1504657.0041970199,0.8844206128816885,0.5,6435171.03635928,146654.8372456366,-11.780164626820817
1,40,18.8,65841.92043145467,25.829368796299548,7937.782411414196,8116097421328618000,160718235699.09515,1,0.005743735551447565,0,0.7150001664780333,5.335259335234293,1511503.2959906838,0.892791440645029,0.5,6435025.706568625,147435.16320529164,-12.27218201162425
1,40,18.900000000000002,65714.45472758356,25.805735766109265,7937.098291894025,8401533150905411000,163519971674.48068,1,0.0056894456224810125,0,0.7315494896668622,5.582044168995157,1518305.0867832534,0.9011552983528279,0.5,6434880.317828878,148215.40818599705,-12.776267217422713
1,40,19,65587.02358388435,25.78212207480732,7936.406293714466,8689432632887365000,166298082199.17374,1,0.005636186692139449,0,0.7483745335111625,5.838896974868625,1525062.8439664543,0.9095121179501223,0.5,6434734.870490824,148995.5714449832,-13.292531477028584
1,40,19.1,65459.62731045671,25.75852773107023,7935.706423255989,8979683977565582000,169052678787.76956,1,0.0055839297994667,0,0.7654752855583753,6.10617828892839,1531777.0234389598,0.9178618315504795,0.5,6434589.364905082,149775.65224015134,-13.821085893255866
1,40,19.200000000000003,65332.26621688437,25.734952743503925,7934.998686963148,9272181427751676000,171783912923.7982,1,0.005532647058045954,0,0.7828517187332329,6.384259477316587,1538448.0699924899,0.9262043714363166,0.5,6434443.801422085,150555.64983007874,-14.362041437719105
1,40,19.3,65204.94061221648,25.711397120641177,7934.283091344432,9566824965241922000,174491969519.29898,1,0.005482311606615528,0,0.8005037828465503,6.6735229722346485,1545076.41768351,0.9345396700613255,0.5,6434298.180392079,151335.56347402462,-14.91550894963661
1,40,19.400000000000002,65077.65080497507,25.687860870943457,7933.559642972095,9863519895474708000,177177060850.58496,1,0.0054328975623933904,0,0.8184314087640355,6.97436251050782,1551662.490188114,0.9428676600511473,0.5,6434152.502165131,152115.3924319357,-15.48159913463672
1,40,19.5,64950.39710315224,25.6643440028011,7932.828348482014,10162176425918124000,179839421039.50134,1,0.005384379976924974,0,0.8366345039363823,7.287183374716513,1558206.7011428913,0.9511882742047325,0.5,6434006.767091115,152895.13596445147,-16.060422563567677
1,40,19.6,64823.17981420178,25.640846524532446,7932.089214573509,10462709240329910000,182479301026.54916,1,0.005336734794298278,0,0.8551129720493414,7.612402636887682,1564709.4544722291,0.9595014454960575,0.5,6433860.9755197065,153674.79333290996,-16.652089671311245
1,40,19.700000000000003,64695.999245038256,25.617368444384237,7931.342248009181,10765037079088763000,185096964059.72946,1,0.0052899388115842366,0,0.8738666978920278,7.950449404739249,1571171.144702014,0.967807107075342,0.5,6433715.127800386,154454.36379935316,-17.25671075559982
1,40,19.8,64568.85570203513,25.593909770531987,7930.587455614768,11069082328703136000,187692681662.14444,1,0.00524396964136232,0,0.8928955556887858,8.301765070470589,1577592.1572608612,0.9761051922703237,0.5,6433569.224282432,155233.8466265328,-17.874395975837494
1,40,19.900000000000002,64441.74949101824,25.57047051107939,7929.824844278957,11374770627040915000,190266730076.13504,1,0.005198805676202934,0,0.9121994106364351,8.666803562091937,1583972.8687696338,0.9843956345878321,0.5,6433423.26531492,156013.24107791527,-18.505255351924028
1,40,20,64314.68091727141,25.547050674059843,7929.054420953227,11682030486912567000,192819387151.5189,1,0.00515442605499424,0,0.9317781197381209,9.046031597285548,1590313.6473189604,0.992678367714551,0.5,6433277.251246712,156792.54641768802,-19.14939876308385
1,40,20.1,64187.65028552152,25.52365026743456,7928.276192651677,11990792941198098000,195350929655.15106,1,0.005110810630991526,0,0.9516315298344301,9.43992893979132,1596614.8527370207,1.0009533255191378,0.5,6433131.1824264685,157571.76191076406,-19.806935946697045
1,40,20.200000000000003,64060.65789995063,25.50026929909511,7927.490166450862,12300991212446982000,197861630980.82828,1,0.005067939941503072,0,0.9717594875519545,9.848988658309551,1602876.8368455754,1.0092204420525404,0.5,6432985.059202625,158350.88682278822,-20.47797649713591
1,40,20.3,63933.70406417735,25.47690777686092,7926.6963494896145,12612560406670004000,200351759216.59766,1,0.00502579517909658,0,0.992161830893579,10.27371738791336,1609099.9437077874,1.0174796515503475,0.5,6432838.881923406,159129.92042014198,-21.1626298646037
1,40,20.400000000000002,63806.78908126615,25.45356570848139,7925.894748968888,12925437235344060000,202821575565.7896,1,0.004984358164256878,0,1.012838393903071,10.714635593963294,1615284.5098651955,1.0257308884332803,0.5,6432692.650936811,159908.8619699491,-21.861005353978214
1,40,20.5,63679.91325371899,25.430243101635018,7925.085372151566,13239559760774703000,205271333050.77783,1,0.004943611319395777,0,1.0337890075369156,11.172277838516475,1621430.8645666533,1.0339740873088468,0.5,6432546.366590614,160687.7107400811,-22.57321212365885
1,40,20.6,63553.07688347157,25.406939963929382,7924.268226362298,13554867171809796000,207701275526.9647,1,0.004903537644143686,0,1.0550135055243792,11.647193049222665,1627539.3299884975,1.0422091829726807,0.5,6432400.02923236,161466.46599916296,-23.29935918441791
1,40,20.700000000000003,63426.280271892436,25.3836563029015,7923.443318987319,13871299582231554000,210111636921.72495,1,0.00486412069184928,0,1.0765117128437858,12.139944790699428,1633610.2214463966,1.0504361104096918,0.5,6432253.6392093655,162245.1270165777,-24.03955539825458
1,40,20.8,63299.523719784804,25.360392126018706,7922.610657474282,14188797855555232000,212502640706.95346,1,0.004825344547218858,0,1.0982834571668714,12.651111538378615,1639643.8475992838,1.0586548047950206,0.5,6432107.196868704,163023.69306247224,-24.793909477254413
1,40,20.900000000000002,63172.80752736982,25.337147440676443,7921.77024933207,14507303454279848000,214874499571.61664,1,0.004787193805025043,0,1.1203285656695188,13.181286954816198,1645640.5106467858,1.0668652014962234,0.5,6431960.702557217,163802.16340776288,-25.56252998245192
1,40,21,63046.131994302385,25.31392225420136,7920.922102130621,14826758310796718000,217227415258.06802,1,0.004749653549840663,0,1.1426468647969004,13.731080168457481,1651600.5065178599,1.0750672360732798,0.5,6431814.1566215055,164580.53732414028,-26.345525322696876
1,40,21.1,62919.497419656254,25.290716573849444,7920.066223500749,15147104720585785000,219561578554.27338,1,0.004712709336722406,0,1.1652381773242022,14.301116054849633,1657524.1250542148,1.083260844280647,0.5,6431667.559407919,165358.81408407484,-27.14300375352518
1,40,21.200000000000003,62792.90410192218,25.26753040680624,7919.202621133966,15468285253708106000,221877169401.98404,1,0.00467634717280515,0,1.1881023333055918,14.892035520293353,1663411.650186536,1.0914459620684274,0.5,6431520.911262562,166136.99296082216,-27.955073376033578
1,40,21.3,62666.352339010686,25.24436376018783,7918.3313027822915,15790242685760710000,224174357121.13217,1,0.00464055349975495,0,1.211239161158351,15.50449578792545,1669263.3601042451,1.0996225255832257,0.5,6431374.2125312835,166915.07322842834,-28.78184213575827
1,40,21.400000000000002,62539.84242824372,25.22121664103997,7917.45227625807,16112919945185864000,226453300720.90775,1,0.004605315177029924,0,1.2346484879444906,16.13917068622405,1675079.527419866,1.1077904711697415,0.5,6431227.463559683,167693.05416173468,-29.623417821557243
1,40,21.5,62413.37466635648,25.19808905633893,7916.565549433793,16436260073607070000,228714149269.02127,1,0.004570619465911798,0,1.2583301442920156,16.79675093992801,1680860.419327155,1.1159497353716727,0.5,6431080.664693097,168470.93503638377,-30.479908064497952
1,40,21.6,62286.94934948906,25.17498101299068,7915.671130241911,16760206201767600000,230957042333.7062,1,0.0045364540142615465,0,1.2822839663942383,17.47794446336212,1686606.297754277,1.1241002549332892,0.5,6430933.816276594,169248.7151288237,-31.35142033674711
1,40,21.700000000000003,62160.56677318644,25.151892517831367,7914.7690266746395,17084701536422844000,233182110462.70242,1,0.0045028068419660176,0,1.3065097841183209,18.183476656159534,1692317.419511305,1.1322419668004482,0.5,6430786.918654993,170026.39371631463,-32.23806195046705
1,40,21.8,62034.227232405916,25.12882357762904,7913.859246783789,17409689355445406000,235389475679.16562,1,0.00446966632703905,0,1.3310074430371086,18.914090701372793,1697994.036432345,1.1403748081211054,0.5,6430639.972172824,170803.9700769326,-33.13994005671373
1,40,21.900000000000002,61907.931021491066,25.10577419907992,7912.941798680546,17735113014597663000,237579252017.47766,1,0.00443702119233248,0,1.3557767766045263,19.670547865964828,1703636.3955144666,1.1484987162480342,0.5,6430492.977174359,171581.44348957538,-34.05716164434094
1,40,22,61781.6784341922,25.082744388812262,7912.016690535307,18060915960701831000,239751546062.36807,1,0.004404860492846285,0,1.380817623970418,20.453627803671107,1709244.7390497415,1.1566136287384639,0.5,6430345.934003595,172358.81323396755,-34.98983353890732
1,40,22.1,61655.46976365615,25.059734153385158,7911.083930577484,18387041749920932000,241906457483.6255,1,0.004373173603587357,0,1.4061298305863297,21.26412886022414,1714819.3047543447,1.164719483355739,0.5,6430198.843004244,173136.0785906655,-35.93806240158852
1,40,22.200000000000003,61529.30530241877,25.036743499287837,7910.143527095301,18713434072805327000,244044079578.3826,1,0.004341950207957662,0,1.4317132451672125,22.1028683809314,1720360.3258932515,1.172816218070785,0.5,6430051.70451974,173913.23884106282,-36.901954728093436
1,40,22.3,61403.18534240872,25.013772432940776,7909.195488435608,19040036781413080000,246164499791.0782,1,0.004311180286647071,0,1.457567710450563,22.97068302059771,1725868.0314003124,1.180903771062831,0.5,6429904.518893231,174690.29326739488,-37.881616847583935
1,40,22.400000000000002,61277.110174938105,24.990820960694716,7908.239823003694,19366793922823680000,248267800240.98288,1,0.004280854106999691,0,1.4836930857015593,23.868429055783047,1731342.6459950295,1.1889820807209854,0.5,6429757.286467571,175467.24115274445,-38.87715492159998
1,40,22.5,61151.08009070344,24.967889088831235,7907.2765392630745,19693649771472314000,250354058209.5334,1,0.0042509622128357885,0,1.510089223740033,24.79698269938657,1736784.3902950503,1.1970510856451213,0.5,6429610.00758533,176244.0817810467,-39.88867494298863
1,40,22.6,61025.09537978936,24.94497682356388,7906.305645735302,20020548865588625000,252423346623.90378,1,0.00422149541470496,0,1.5367559773932986,25.757240417547813,1742193.4809249185,1.2051107246465769,0.5,6429462.682588784,177020.81443709385,-40.916282734837
1,40,22.700000000000003,60899.1563316565,24.933478896827236,7905.327150999777,26599945209887986000,290959071122.3162,1,0.003797715614331615,0,1.563693214113701,26.75011924885562,1836145.3985655783,1.339255161193386,0.5,6429315.314455549,177797.43287774394,-41.960928285455616
1,40,22.8,60773.26571695041,24.924428415780927,7904.222620406645,35337487786396610000,335358536899.75085,1,0.0033794456249560643,0,1.5909007922407967,27.777904680615777,1945644.5679817747,1.5045926581989122,0.5,6429167.909451566,178573.92396410397,-43.024614272108295
1,40,22.900000000000002,60647.4293988524,24.91489464968873,7902.9627498549235,44470778686231470000,376208754545.00653,1,0.0030442994391166457,0,1.618378577487571,28.843374520505737,2048966.5464874613,1.6697004971114997,0.5,6429020.474491548,179350.2732002431,-44.10954972063387
1,40,23,60521.653844770975,24.90487887019779,7901.547750445577,53773164324290410000,413689337398.68823,1,0.002769750537765792,0,1.6461264396973734,29.949494191056463,2146964.809263835,1.834550862000422,0.5,6428873.016481435,180126.4661120843,-45.217939228550144
1,40,23.1,60395.94550683815,24.894382428742677,7899.97785941425,63088846729098895000,448092654644.08325,1,0.0025407376075288865,0,1.6741442460728098,31.09942519617354,2240301.4563306933,1.999116052948942,0.5,6428725.542317015,180902.48824971143,-46.35198246964558
2,7.5,13.200000000000001,73025.36815888621,27.183382349761878,7963.351843755204,40386731540527950,11337332514.432592,1,0.01242588683685461,1,0.18672523124561863,0.24516547629058652,1037606.6901997619,0.4153464369169958,0.1308996938995747,6443063.071928688,103634.19104467881,0
2,7.5,13.3,72896.4760775473,27.1586823340079,7963.117070512041,49529122124254900,12555148266.284588,1,0.012171806986188983,1,0.1911742798613958,0.2624033624549392,1048287.7725007919,0.4239915667833906,0.1308996938995747,6442921.528882524,104417.80993035698,-0.0007797467474180622
2,7.5,13.4,72767.60182803031,27.134001302283874,7962.874166170923,60330199738257304,13856671207.89629,1,0.011927942653062606,1,0.19569771663268828,0.2807265335127773,1058852.6649646577,0.43263359208409574,0.1308996938995747,6442779.908778816,105201.38979645674,-0.00313484234607918
2,7.5,13.5,72638.74572272133,27.109339262262644,7962.623133368337,73008635651889100,15243287711.560295,1,0.011693690455286182,1,0.200301581296673,0.30018387040019967,1069304.597183317,0.4412724393431446,0.1308996938995747,6442638.211999708,105984.92987744533,-0.00709698935422785
2,7.5,13.600000000000001,72509.90812304989,27.084696230666946,7962.363974810038,87798143222239940,16716070582.432434,1,0.011468493696068158,1,0.20499230005364086,0.3208261331427849,1079646.633937935,0.44990803184659195,0.1308996938995747,6442496.438927342,106768.42940814463,-0.012697873834556223
2,7.5,13.700000000000001,72381.08939008601,27.060072224112666,7962.096693274096,104946552227161620,18275767240.092506,1,0.011251837853009629,1,0.2097766151970224,0.34270604406999017,1089881.69019929,0.45854029296752624,0.1308996938995747,6442354.589943866,107551.88762373685,-0.019969164981606124
2,7.5,13.8,72252.28988453001,27.035467259107925,7961.821291610808,124714590728421380,19922790286.35333,1,0.01104324665850411,1,0.21466152430908222,0.3658783738359724,1100012.5410554502,0.4671691461682735,0.1308996938995747,6442212.665431424,108335.30375977157,-0.02894251474967148
2,7.5,13.9,72123.50996671245,27.010881352054078,7961.537772742621,147374381967336540,21657211059.691772,1,0.010842278609311433,1,0.21965422131055629,0.39040003024512077,1110041.8308110577,0.47579451500190784,0.1308996938995747,6442070.66577215,109118.67705217162,-0.039649557481198854
2,7.5,14,71994.74999659229,26.986314519246363,7961.246139664052,173207667862084380,23478756278.45296,1,0.010648523851446117,1,0.22476204187344126,0.41633014988048533,1119972.0813419574,0.48441632311388755,0.1308996938995747,6441928.591348168,109902.00673723927,-0.05212190953569775
2,7.5,14.100000000000001,71866.01033374574,26.961766776872807,7960.946395441594,202503777918446560,25386807824.179928,1,0.010461601394116176,1,0.22999241061975956,0.44373019253318424,1129805.6997788777,0.49303449424430856,0.1308996938995747,6441786.442541591,110685.29205166276,-0.06639116891917744
2,7.5,14.200000000000001,71737.2913373718,26.93723814101621,7960.638543213629,235557369700963840,27380405686.74045,1,0.010281156612899089,1,0.23535279833906989,0.47266403843077603,1139544.985582947,0.5016489522290294,0.1308996938995747,6441644.219734502,111468.53223252318,-0.08248891491412974
2,7.5,14.3,71608.5933662774,26.912728627652466,7960.322586190356,272665973541041060,29458254035.2915,1,0.010106859007669233,1,0.24085067286017248,0.5031980882624758,1149192.1370734982,0.5102596210021707,0.1308996938995747,6441501.923308968,112251.72651729955,-0.10044670771001626
2,7.5,14.4,71479.9167788839,26.888238252652613,7959.9985276536745,314127380246521340,31618730341.78859,1,0.009938400185513405,0,0.24649346058977184,0.5354013659989999,1158749.2574561026,0.5188664245971674,0.1308996938995747,6441359.5536470255,113034.87414387643,-0.12029608803435883
2,7.5,14.5,71351.26193321869,26.86376703178235,7959.666370957117,360236915484019460,33859897431.384655,1,0.009775492042682403,0,0.25228851239804595,0.5693456245047177,1168218.3603993296,0.527469287148823,0.1308996938995747,6441217.111130677,113817.97435054898,-0.1420685767843406
2,7.5,14.600000000000001,71222.62918691058,26.83931498070208,7959.326119525736,411284648696693900,36179518306.08436,1,0.009617865123058704,0,0.25824306188390794,0.6051054539396936,1177601.3751995603,0.5360681328951039,0.1308996938995747,6441074.596141895,114601.02637603045,-0.16579567465902761
2,7.5,14.700000000000001,71094.01889718976,26.81488211496791,7958.977776856024,467552586867914900,38575073536.070885,1,0.009465267133465127,0,0.26436420689251144,0.6427583929490968,1186900.151570346,0.5446628861786227,0.1308996938995747,6440932.009062602,115384.02945945716,-0.1915088617921164
2,7.5,14.8,70965.43142087571,26.790468450030392,7958.62134651581,529311904882876540,41043780985.73423,1,0.009317461598586702,0,0.2706588707747491,0.682385042637361,1196116.464090282,0.5532534714489247,0.1308996938995747,6440789.350274687,116166.9828403958,-0.21923959738533125
2,7.5,14.9,70836.86711438745,26.766074001237296,7958.2568321441595,596820263969499600,43582617604.41162,1,0.009174226640463043,0,0.2771337853393448,0.7240691833243733,1205252.016336306,0.5618398132632738,0.1308996938995747,6440646.620159983,116949.88575884925,-0.24901931934238408
2,7.5,15,70708.32633372862,26.741698783831865,7957.884237451274,670319268595447900,46188343003.50692,1,0.009035353869245966,0,0.2837954687590383,0.7678978940808724,1214308.4447323792,0.5704218362891178,0.1308996938995747,6440503.819100272,117732.73745526286,-0.2808794439035538
2,7.5,15.100000000000001,70579.8094344819,26.717342812952754,7957.5035662184,750032108529826800,48857524491.890434,1,0.008900647373601045,0,0.29065020969277783,0.8139616750401371,1223287.322134899,0.5789994653059287,0.1308996938995747,6440360.947477277,118515.5371705303,-0.31485136528087104
2,7.5,15.200000000000001,70451.31677181367,26.693006103635774,7957.114822297705,836161429410776400,51586563259.70414,1,0.008769922800465247,0,0.2977040508466866,0.8623545724829459,1232190.1611763474,0.5875726252063473,0.1308996938995747,6440218.0056726625,119298.28414600059,-0.350966455293982
2,7.5,15.3,70322.8487004647,26.66868867081317,7956.718009612199,928887469337689100,54371721371.72395,1,0.008643006515044484,0,0.30496277456806525,0.9131743066926907,1241018.4173884422,0.5961412409982622,0.1308996938995747,6440074.994068031,120080.97762348356,-0.3892560630065815
2,7.5,15.4,70194.40557475388,26.64439052931519,7956.313132155604,1028366492725094500,57209149230.52334,1,0.008519734833031005,0,0.31243190378530566,0.9665224025774244,1249773.4921204862,0.604705237806007,0.1308996938995747,6439931.913044911,120863.61684525627,-0.42975151436354325
2,7.5,15.5,70065.98774856422,26.62011169386846,7955.900193992256,1134729545996025900,60094913183.42997,1,0.008399953317870657,0,0.3201166861103544,1.0225043230555286,1258456.7352711342,0.6132645408727457,0.1308996938995747,6439788.762984766,121646.20105406955,-0.47248411182871336
2,7.5,15.600000000000001,69937.59557535034,26.595852179098312,7955.4791992570035,1248081552261578500,63025022955.32916,1,0.008283516136774737,0,0.3280221016278426,1.0812296052015877,1267069.4478453817,0.621819075561409,0.1308996938995747,6439645.544268968,122428.7294931534,-0.5174851340233069
2,7.5,15.700000000000001,69809.22940811329,26.57161199952512,7955.050152155079,1368500753424490200,65995458578.012566,1,0.008170285469778918,0,0.33615284791871464,1.142811999148949,1275612.8843537532,0.6303687673578181,0.1308996938995747,6439502.25727882,123211.201406224,-0.564785835365072
2,7.5,15.8,69680.88959943037,26.547391169570563,7954.613056961999,1496038502092071200,69002196551.38913,1,0.008060130966894547,0,0.34451335416132944,1.207369609745367,1284088.255059754,0.6389135418701128,0.1308996938995747,6439358.9023955325,123993.61603748908,-0.6144174457080518
2,7.5,15.9,69552.57650141604,26.523189703551527,7954.167918023445,1630719396434548700,72041234947.91136,1,0.007952929248745107,0,0.3531077752675175,1.2750250409580142,1292496.7280950511,0.6474533248328027,0.1308996938995747,6439215.480000236,124775.97263165466,-0.6664111699831193
2,7.5,16,69424.2904657526,26.499007615686477,7953.714739755147,1772541745333907200,75108617231.76932,1,0.007848563446788826,0,0.3619400019410725,1.3459055430240519,1300839.4314429876,0.6559880421061227,0.1308996938995747,6439071.990473959,125558.27043393093,-0.7207981878391679
2,7.5,16.1,69296.03184365667,26.474844920090383,7953.2535266427685,1921478343837369000,78200454571.43292,1,0.007746922779409174,0,0.3710136658783929,1.4201431623428578,1309117.4548087,0.6645176196796985,0.1308996938995747,6438928.434197633,126340.50869003822,-0.777609653285018
2,7.5,16.2,69167.80098588951,26.450701630777456,7952.784283241787,2077477534182829000,81312946475.80952,1,0.007647902160733011,0,0.380332145690297,1.497874894105906,1317331.851376957,0.6730419836732677,0.1308996938995747,6438784.81155209,127122.68664621323,-0.836876694332067
2,7.5,16.3,69039.59824275691,26.426577761661967,7952.307014177371,2240464521472225500,84442399586.18932,1,0.007551401839225866,0,0.3898985708232928,1.5792428376601981,1325483.6394690953,0.6815610603380848,0.1308996938995747,6438641.122918061,127904.80354921524,-0.8986304126376622
2,7.5,16.400000000000002,68911.42396409903,26.40247332655733,7951.821724144253,2410342911276871000,87585244530.39537,1,0.0074573270634530845,0,0.3997158421411,1.6643943546010507,1333573.804106092,0.6900747760590036,0.1308996938995747,6438497.3686761595,128686.85864633192,-0.9629018831492122
2,7.5,16.5,68783.27849928662,26.378388339176386,7951.328417906626,2586996431965825500,90738050741.44684,1,0.007365587772665779,0,0.4097866339836266,1.753482229589941,1341603.2984831843,0.6985830573561256,0.1308996938995747,6438353.549206889,129468.85118538549,-1.0297221537490442
2,7.5,16.6,68655.16219721735,26.354322813131496,7950.82710029799,2770290803621177300,93897539192.1694,1,0.007276098310082335,0,0.42011340237197886,1.8466648338930263,1349573.0453624127,0.707085830886434,0.1308996938995747,6438209.664890639,130250.78041473917,-1.099122244900066
2,7.5,16.7,68527.07540632132,26.33027676193645,7950.317776221043,2960075715555283000,97060593041.21869,1,0.007188777156953005,0,0.430698403633735,1.9441062916358443,1357483.938388058,0.7155830234448006,0.1308996938995747,6438065.716107666,131032.64558330235,-1.1711331492920878
2,7.5,16.8,68399.01847453788,26.306250199003262,7949.800450647553,3156186872704486000,100224266179.32841,1,0.007103546685645913,0,0.44154369623009987,2.045976648769617,1365336.843332443,0.7240745619669287,0.1308996938995747,6437921.703238111,131814.44594053732,-1.2457858314890435
2,7.5,16.900000000000002,68270.99174933508,26.282243137646393,7949.275128618216,3358448074416552400,103385789728.9079,1,0.007020332930231911,0,0.45265115670331063,2.152452044744476,1373132.599272207,0.7325603735294067,0.1308996938995747,6437777.626661983,132596.1807364651,-1.323111227576947
2,7.5,17,68142.99557769205,26.258255591080545,7948.74181524254,3566673291385450500,106542576575.43344,1,0.006939065373088114,0,0.4640224910930946,2.2637148868848374,1380872.0197045137,0.7410403853522648,0.1308996938995747,6437633.486759159,133377.84922167132,-1.403140244812623
2,7.5,17.1,68015.03030609898,26.234287572421458,7948.200515698697,3780668705522750500,109692223975.53522,1,0.006859676746263894,0,0.47565924259550624,2.379954027462057,1388555.8936036497,0.7495145248003312,0.1308996938995747,6437489.283909375,134159.4506473123,-1.4859037612732733
2,7.5,17.2,67887.09628055524,26.210339094686475,7947.651235233399,4000234686737893400,112832514399.78462,1,0.006782102846419778,0,0.4875628024706001,2.5013649434594023,1396184.9864229902,0.757982719384714,0.1308996938995747,6437345.018492227,134940.9842651212,-1.5714326255068587
2,7.5,17.3,67759.19384656008,26.18641017079374,7947.09397916176,4225167677619562000,115961414682.88094,1,0.006706282362266067,0,0.49973442633747955,2.6281499190242803,1403760.0410460825,0.766444896764771,0.1308996938995747,6437200.690887165,135722.4493274136,-1.659757656183264
2,7.5,17.400000000000002,67631.32334911544,26.162500813563497,7946.528752867159,4455261967318758400,119077073663.53903,1,0.006632156713538419,0,0.512175235371486,2.7605182306025764,1411281.7786888157,0.7749009847492668,0.1308996938995747,6437056.301473489,136503.84508709356,-1.7509096417463206
2,7.5,17.5,67503.48513271939,26.138611035717812,7945.9555618010945,4690311334261454000,122177818422.70457,1,0.006559669900608395,0,0.5248862276730241,2.8986863347498453,1418750.8997569412,0.7833509112981442,0.1308996938995747,6436911.850630345,137285.17079765964,-1.8449193400666777
2,7.5,17.6,67375.67954136431,26.114740849881027,7945.374411483051,4930110544927294000,125262149288.29716,1,0.006488768363926083,0,0.5378682893492931,3.042878058614027,1426168.084660832,0.7917946045239792,0.1308996938995747,6436767.338736727,138066.42571321083,-1.9418174780955277
2,7.5,17.7,67247.90691853315,26.090890268579983,7944.785307500355,5174456699677561000,128328733772.94632,1,0.0064194008525494915,0,0.5511222058732893,3.1933247930842446,1433533.9945904112,0.8002319926935558,0.1308996938995747,6436622.76617146,138847.60908845265,-2.0416347515191724
2,7.5,17.8,67120.16760719381,26.067059304243852,7944.188255508034,5423150417589917000,131376399576.46599,1,0.006351518301082623,0,0.5646486649529118,3.3502656886001594,1440849.2722526114,0.808663004229558,0.1308996938995747,6436478.133313203,139628.72017870223,-2.144401824414377
2,7.5,17.900000000000002,66992.46194979362,26.04324796920397,7943.58326122867,5675996859877574000,134404126836.5365,1,0.006285073714402396,0,0.5784482641499048,3.513947853616269,1448114.5425734527,0.8170875677122554,0.1308996938995747,6436333.440540455,140409.75823989537,-2.250149328904799
2,7.5,18,66864.79028826673,26.019456275695944,7942.970330452249,5932806590980657000,137411039759.59358,1,0.006220022059611842,0,0.592521528046861,3.684626555715429,1455330.413366017,0.825505611880309,0.1308996938995747,6436188.68823153,141190.72252859143,-2.3589078648180797
2,7.5,18.1,66737.15296401456,25.995684235857052,7942.349469036018,6193396282568498000,140396397799.03726,1,0.006156320164676763,0,0.6068688980573358,3.862565425365799,1462497.475968618,0.8339170656333825,0.1308996938995747,6436043.876764572,141971.61230197936,-2.4707079993439236
2,7.5,18.2,66609.55031791795,25.97193186172919,7941.72068290434,6457589264013377000,143359586490.93768,1,0.006093926623296853,0,0.6214907542430801,4.048036662315317,1469616.3058514558,0.8423218580326223,0.1308996938995747,6435899.006517543,142752.42681788417,-2.5855802666931713
2,7.5,18.3,66481.98269032687,25.948199165257808,7941.08397804853,6725215930691358000,146300108115.516,1,0.006032801705542823,0,0.6363874107109794,4.241321244617714,1476687.4631966196,0.8507199183026305,0.1308996938995747,6435754.07786822,143533.16533477185,-2.7035551677575507
2,7.5,18.400000000000002,66354.45042105485,25.92448615829184,7940.439360526721,6996114016379682000,149217572264.6291,1,0.005972907273868441,0,0.6515591295971718,4.442709140283984,1483711.4934514142,0.8591111758331189,0.1308996938995747,6435609.09119419,144313.82711175582,-2.82466316977058
2,7.5,18.5,66226.95384937711,25.900792852584104,7939.786836463693,7270128744493502000,152111686466.13214,1,0.005914206704123634,0,0.6670061206484507,4.652499521553165,1490688.9278564877,0.8674955601803079,0.1308996938995747,6435464.046872846,145094.4114086023,-2.9489347059692363
2,7.5,18.6,66099.49331402872,25.87711925979178,7939.126412050731,7547112866660652000,154982246925.00674,1,0.005856664811222965,0,0.6827285476472148,4.871000981776126,1497620.2839503784,0.8758730010683167,0.1308996938995747,6435318.945281385,145874.91748573654,-3.0764001752566554
2,7.5,18.7,65972.06915320177,25.85346539147672,7938.458093545459,7826926603247060000,157829129491.0986,1,0.005800247779152114,0,0.6987265328534952,5.098531754906066,1504506.066051781,0.8842434283906105,0.1308996938995747,6435173.786796808,146655.34460424806,-3.2070899418656857
2,7.5,18.8,65844.6817045426,25.829831259105738,7937.781887271694,8109437497988048000,160652280921.47446,1,0.005744923095020213,0,0.7150001623068618,5.335419937589241,1511346.765720692,0.8926067722114452,0.1308996938995747,6435028.571795903,147435.69202589671,-3.3410343350234353
2,7.5,18.900000000000002,65717.33130513784,25.806216874048992,7937.097799619276,8394520199209218000,163451710498.32098,1,0.005690659486883102,0,0.7315494884143245,5.582003713849412,1518142.862200158,0.9009629627680413,0.1308996938995747,6434883.300655253,148215.95901311826,-3.4782636486168115
2,7.5,19,65590.0182915274,25.782622247582992,7936.405837043914,8682056180637201000,166227482059.95667,1,0.005637426865104129,0,0.7483745298754078,5.8386315823593975,1524894.822837543,0.9093119304709589,0.1308996938995747,6434737.973751232,148996.1448290304,-3.6188081408589965
2,7.5,19.1,65462.742999691516,25.7590473908891,7935.70600606702,8971933412312335000,168979706472.10406,1,0.005585196266998299,0,0.7654752837083201,6.10566258629301,1531603.1034892842,0.9176536059061983,0.1308996938995747,6434592.591459991,149776.24873743806,-3.7626980339568186
2,7.5,19.200000000000003,65335.505765047856,25.73549231505386,7934.998313275552,9264045994044660000,171708534582.0642,1,0.005533939804561795,0,0.7828517175085026,6.383466545750606,1538268.1489080202,0.9259879198366168,0.1308996938995747,6434447.15415747,150556.27000283907,-3.9099635137792195
2,7.5,19.3,65208.30692245532,25.711957031070327,7934.28276532184,9558293761400000000,174414150672.16754,1,0.005483630615086595,0,0.8005037810393212,6.672424292751339,1544890.3931131673,0.9343148032028958,0.1308996938995747,6434301.662219378,151336.20789043012,-4.060634729526639
2,7.5,19.400000000000002,65081.1468061991,25.68844154983635,7933.559368923429,9854581873409310000,177096766421.5085,1,0.005434242814466449,0,0.8184314026949624,6.972927908785173,1551470.2597471671,0.9426341871257522,0.1308996938995747,6434156.116021199,152116.06166611228,-4.21474179340149
2,7.5,19.5,64954.02574999537,25.66494588215606,7932.828130862906,10152820391385686000,179756615387.5193,1,0.005385751453039042,0,0.8366344996570785,7.285380964917578,1558008.1624160476,0.9509460029068302,0.1308996938995747,6434010.515938183,152895.8305964968,-4.372314780279526
2,7.5,19.6,64826.94408698566,25.641470038739712,7932.089057987739,10452923854590638000,182393947987.8264,1,0.005338132473794034,0,0.8551129683667879,7.610198764439788,1564504.5050166817,0.9592501820302771,0.1308996938995747,6433864.862345348,153675.5139489103,-4.533383727382217
2,7.5,19.700000000000003,64699.90214973781,25.618014030204527,7931.342157210101,10754810861858830000,185009026996.0781,1,0.005291362672806506,0,0.8738666935522224,7.94780858805737,1570959.6820504926,0.9675466561638678,0.1308996938995747,6433719.15561747,154455.1109914006,-4.697978633950241
2,7.5,19.8,64572.900270232,25.594577867073088,7930.587435506691,11058403662100795000,187602123513.3997,1,0.005245419661751094,0,0.8928955500786107,8.298649941609797,1577374.0789254156,0.9758353571611235,0.1308996938995747,6433573.396129088,155234.62099274265,-4.866129460917977
2,7.5,19.900000000000002,64445.938779875636,25.571161559776577,7929.824899918577,11363627761366993000,190173513423.13336,1,0.005200281832385706,0,0.9121994056218141,8.663174806313645,1583748.072244368,0.9841162170614957,0.1308996938995747,6433427.584254484,156014.04322244338,-5.037866130588963
2,7.5,20,64319.01800947916,25.54776511865147,7929.0545575510205,11670411546043384000,192723474270.53815,1,0.005155928322861559,0,0.9317781128199162,9.041847891521876,1590082.0300844514,0.9923891680931526,0.1308996938995747,6433281.7203677,156793.3769507479,-5.21321852631247
2,7.5,20.1,64192.1382892672,25.524388553942053,7928.276415573287,11978685930574422000,195252282588.87137,1,0.005112338985776332,0,0.9516315241520108,9.435146889991708,1596376.3122634043,1.000654142673392,0.1308996938995747,6433135.804842514,157572.6214486448,-5.392216492161129
2,7.5,20.200000000000003,64065.29994886834,25.501031875799494,7927.490481218484,12288384026235711000,197760211597.0906,1,0.005069494357847036,0,0.9717594811906686,9.843562735653364,1602631.2705969024,1.0089110734104838,0.1308996938995747,6432989.838052457,158351.77598787128,-5.574889832609453
2,7.5,20.3,63938.50331732165,25.477695094283586,7926.696761783373,12599440836697055000,200247529276.62665,1,0.005027375631120219,0,0.9921618232486523,10.267599863871979,1608847.2491451092,1.017159893104381,0.1308996938995747,6432843.8203707915,159130.83984091954,-5.761268312213799
2,7.5,20.400000000000002,63811.748723061755,25.454378219361008,7925.895264628201,12911792979610610000,202714496784.1242,1,0.004985964625616966,0,1.0128383887267727,10.707776474194844,1615024.5844509967,1.0254005347488553,0.1308996938995747,6432697.75217051,159909.81228104138,-5.951381655292953
2,7.5,20.5,63685.036493916065,25.431081260905593,7925.085997176519,13225378433745800000,205161367164.59003,1,0.004945243763340639,0,1.033789005517074,11.164624795576103,1621163.6057690512,1.0336329315328168,0.1308996938995747,6432551.633824343,160688.69258225415,-6.145259545610082
2,7.5,20.6,63558.36695711315,25.407804228700307,7924.268966914984,13540136313494956000,207588384351.38934,1,0.004905196043568518,0,1.0550135034786912,11.638691354070865,1627264.635284841,1.041857016840877,0.1308996938995747,6432405.465704747,161467.48001934603,-6.342931626055693
2,7.5,20.700000000000003,63431.74043926969,25.38454713243589,7923.4441813931935,13856006668144372000,209995782408.0952,1,0.0048658050193439144,0,1.0765117120051912,12.130537242990737,1633327.9883275742,1.0500727242553394,0.1308996938995747,6432259.248183899,162246.17386788156,-6.544427498331699
2,7.5,20.8,63305.15726639144,25.361309981711663,7922.611648223501,14172930307602164000,212383785004.2374,1,0.004827054775111983,0,1.0982834569536961,12.640738395512562,1639353.9735741105,1.058279987557249,0.1308996938995747,6432112.981633698,163024.77340420705,-6.74977672263657
2,7.5,20.900000000000002,63178.617763870396,25.338092786035734,7921.771375080821,14490848650911900000,214752605078.61603,1,0.004788929905429573,0,1.1203285641694927,13.169885859732151,1645342.8932457147,1.0664787407276761,0.1308996938995747,6431966.666425758,163803.27790545594,-6.9590088173516
2,7.5,21,63052.12225647736,25.31489555482447,7920.9233697024465,14809703596470292000,217102444667.4338,1,0.00475141549468913,0,1.1426468600763118,13.718586076154725,1651295.0432979388,1.074668917949312,0.1308996938995747,6431820.302931403,164581.68664955406,-7.172153258728295
2,7.5,21.1,62925.6710683601,25.291718297402888,7920.06763988787,15129437416192702000,219433494901.01147,1,0.004714497097803706,0,1.1652381713189734,14.287461157613658,1657210.7136034025,1.0828504536076802,0.1308996938995747,6431673.891521671,165359.998915225,-7.389239480576782
2,7.5,21.200000000000003,62799.26452305168,25.268561023006633,7919.204193498578,15449992667008014000,221745936109.3232,1,0.004678160721801693,0,1.1881023285972123,14.877149171609013,1663090.1881275277,1.0910232822916535,0.1308996938995747,6431527.432567296,166138.2139819959,-7.610296873955657
2,7.5,21.3,62672.90294344351,25.245423740778314,7918.333038457872,15771312121088496000,224039938038.85635,1,0.004642392808268853,0,1.2112391538237333,15.488304425057386,1668933.745099854,1.0991873387963287,0.1308996938995747,6431380.926438723,166916.3311302022,-7.835354786862581
2,7.5,21.400000000000002,62546.586651810445,25.22230645977221,7917.454182750677,16093338711946437000,226315660153.27524,1,0.004607180216616688,0,1.2346484812376162,16.121597751444405,1674741.657176729,1.107342558122416,0.1308996938995747,6431234.373506085,167694.34964099317,-8.064442523926216
2,7.5,21.5,62420.31596978381,25.19920918895056,7916.567634423349,16416015496518660000,228573252013.57953,1,0.004572510208103762,0,1.258330139525715,16.777716800371135,1680514.1916009241,1.115488875479092,0.1308996938995747,6431087.774139217,168472.2687963373,-8.297589346099322
2,7.5,21.6,62294.09121836629,25.17613193718663,7915.673401583474,16739285629472168000,230812853707.13608,1,0.00453837043059597,0,1.2822839603546803,17.457366329485662,1686251.6103536568,1.1236262262840533,0.1308996938995747,6430941.128707644,169250.0878790274,-8.53482447035299
2,7.5,21.700000000000003,62167.9127179198,25.153074713263386,7914.771492399679,17063092349332496000,233034596320.4444,1,0.0045047489040079885,0,1.30650978069599,18.16126849879098,1691954.170302731,1.1317545461653677,0.1308996938995747,6430794.437580569,170027.80617268602,-8.776177069372018
2,7.5,21.8,62041.78078815993,25.13003752587326,7913.861915101437,17387378974794529000,235238602442.5568,1,0.004471634006399378,0,1.3310074356466306,18.890163167320217,1697622.1233453127,1.1398737709628748,0.1308996938995747,6430647.701126885,170805.42296177067,-9.021676271251508
2,7.5,21.900000000000002,61915.69574815966,25.107020383619364,7912.944677978862,17712088909941760000,237424986689.55728,1,0.0044390144606919835,0,1.3557767659806916,19.64480819217018,1703255.7165454153,1.1479838367289619,0.1308996938995747,6430500.919715163,171582.93753157917,-9.271351159194566
2,7.5,22,61789.65791634563,25.08402329501558,7912.019789382523,18037165656342153000,239593856236.20462,1,0.004406879321972222,0,1.3808176119276612,20.42597972988422,1708855.1922671434,1.1560846797298303,0.1308996938995747,6430354.093713649,172360.34916825403,-9.52523077121107
2,7.5,22.1,61663.6676104879,25.061046268485512,7911.087257723243,18362552833006782000,241745311361.71713,1,0.004375217965348676,0,1.4061298184363884,21.234472540175084,1714420.7883038041,1.1641762364471855,0.1308996938995747,6430207.223490262,173137.65715878876,-9.78334409981804
2,7.5,22.200000000000003,61537.725147712044,25.038089312365027,7910.147091471876,18688194199015248000,243879445975.8456,1,0.00434402007434395,0,1.4317132296434765,22.071100291978695,1719952.7380016514,1.1722584435784267,0.1308996938995747,6430060.309412589,173914.86079103267,-10.04572009174086
2,7.5,22.3,61411.83084447682,25.015152434899363,7909.199299159137,19014033682039750000,245996348148.23602,1,0.004313275629779819,0,1.4575676981854466,22.936695871829404,1725451.2703812565,1.1803312380391306,0.1308996938995747,6429913.351847881,174691.95935369557,-10.312387647615642
2,7.5,22.400000000000002,61285.98501658905,24.992235644246097,7908.243889375379,19340015409632616000,248096100621.63272,1,0.004282974899148499,0,1.483693074089321,23.832111694547393,1730916.6102530954,1.1883945569630403,0.1308996938995747,6429766.351163055,175468.95213635307,-10.58337562169301
2,7.5,22.5,61160.18797919061,24.96933894847367,7907.28087077039,19666083742666770000,250178781306.81714,1,0.004253108426430088,0,1.5100892114409072,24.758220016228762,1736348.9783307456,1.1964483377039092,0.1308996938995747,6429619.307724679,176245.83842945212,-10.858712821543186
2,7.5,22.6,61034.44004675653,24.946462355561746,7906.310252053203,19992183310095815000,252244463755.8649,1,0.004223667022343555,0,1.5367559690200396,25.715913249528732,1741748.5913399083,1.2044925178365953,0.1308996938995747,6429472.221898977,177022.61752431592,-11.13842800776203
2,7.5,22.700000000000003,60908.74153309129,24.93391833427031,7905.33204199187,25953839070316683000,287403686339.07587,1,0.0038338444210130464,0,1.5636932023874912,26.706104281228413,1827476.7160264524,1.3266361313132327,0.1308996938995747,6429325.096615257,177799.2837441269,-11.422757930554802
2,7.5,22.8,60783.095176421106,24.924914828311408,7904.23906359234,34631021462499550000,331989372357.51715,1,0.003408759069468627,0,1.5909007804885225,27.7309442566752,1937272.8612420876,1.4916601988839593,0.1308996938995747,6429177.938330048,178575.82457655942,-11.712225420541648
2,7.5,22.900000000000002,60657.507048255764,24.915429084727013,7902.991034212264,43722829544820880000,373031632121.5771,1,0.0030686715116805758,0,1.6183785644341493,28.793191056370034,2040835.563900184,1.6564512205765267,0.1308996938995747,6429030.75445928,179352.22565282913,-12.007430802848086
2,7.5,23,60531.98412120622,24.905462404023165,7901.5881675043465,52998020471811960000,410696833877.6065,1,0.002790419445964662,0,1.6461264246256353,29.895788911430593,2139031.46535964,1.8209807941457627,0.1308996938995747,6428883.552408914,180128.4726262633,-12.308973188609965
2,7.5,23.1,60406.53335147537,24.895016168104366,7900.030703807351,62296438363862650000,445269696319.60376,1,0.002558555555042874,0,1.6741442290040383,31.0418767461041,2232531.8257255354,1.985220637301165,0.1308996938995747,6428736.339573426,180904.55117463693,-12.617450338285552
2,8,13.200000000000001,73025.36815888621,27.183382349761878,7963.351843755204,40386731540527950,11337332514.432592,1,0.01242588683685461,1,0.18672523124561863,0.24516547629058652,1037606.6901997619,0.4153464369169958,0.13962634015954636,6443063.071928688,103634.19104467881,0
2,8,13.3,72896.4760775473,27.1586823340079,7963.117070512041,49529122124254900,12555148266.284588,1,0.012171806986188983,1,0.19117427967066014,0.2624033624549392,1048287.7725007919,0.4239915667833906,0.13962634015954636,6442921.528875606,104417.80992910775,-0.000831402272263832
2,8,13.4,72767.60182109382,27.13400130105817,7962.874166187651,60330200387214470,13856671282.422697,1,0.011927942640199897,1,0.19569771662587393,0.2807265250334058,1058852.6655422472,0.4326335925524515,0.13962634015954636,6442779.908751004,105201.38979143358,-0.0033425148064408997
2,8,13.5,72638.74569483008,27.10933925728467,7962.62313341842,73008638691371200,15243288028.863169,1,0.011693690405577451,1,0.200301581296673,0.30018384288152644,1069304.599476249,0.44127244122450143,0.13962634015954636,6442638.211936743,105984.92986607087,-0.007567140344222516
2,8,13.600000000000001,72509.90805990715,27.084696219370677,7962.363974909563,87798151217898940,16716071343.587467,1,0.011468493587825684,1,0.2049922998507236,0.3208260740616966,1079646.6390734059,0.4499080361041823,0.13962634015954636,6442496.438814686,106768.42938778886,-0.013539064042410533
2,8,13.700000000000001,72381.08927710727,27.060072203891156,7962.096693438589,104946568768482340,18275768680.37477,1,0.011251837666584179,1,0.20977661498023184,0.3427059390636146,1089881.6992956619,0.45854030058377215,0.13962634015954636,6442354.589766699,107551.88759171689,-0.021292053075703317
2,8,13.8,72252.28970685229,27.035467227315266,7961.821291855215,124714620638582610,19922792675.383476,1,0.011043246376088924,1,0.21466152409092137,0.36587820683117545,1100012.5552223742,0.46716915814413595,0.13962634015954636,6442212.665174646,108335.30371335156,-0.030859856240015165
2,8,13.9,72123.50970919058,27.010881306004972,7961.537773081294,147374431561598050,21657214703.721634,1,0.010842278214748065,1,0.21965422131675982,0.3903997835940991,1110041.8511505867,0.47579453235711405,0.13962634015954636,6442070.665420383,109118.67698856261,-0.042276203556325956
2,8,14,71994.74964379892,26.98631445621635,7961.246140110722,173207745160629280,23478761517.463207,1,0.010648523330058453,1,0.22476204116250123,0.41632980450247925,1119972.1089492752,0.4844163468869034,0.13962634015954636,6441928.590885754,109902.00665359912,-0.05557480587507458
2,8,14.100000000000001,71866.00986997038,26.961766694098387,7960.946396009364,202503892943539140,25386815034.217033,1,0.010461600732561844,1,0.2299924098823564,0.4437297280623388,1129805.7357430505,0.49303452549237814,0.13962634015954636,6441786.44195259,110685.29194509596,-0.07078935448111395
2,8,14.200000000000001,71737.29074662738,26.93723803569625,7960.638543914951,235557534723382240,27380415277.56747,1,0.01028115579904774,1,0.2353527975917164,0.47266343337017636,1139545.0309870394,0.5016489920277081,0.13962634015954636,6441644.219002696,111468.5321000807,-0.08795352069924711
2,8,14.3,71608.59263228904,26.912728496946414,7960.3225870370115,272666203374756160,29458266450.662678,1,0.01010685803047008,1,0.2408506720844664,0.5031973201443879,1149192.1929960002,0.5102596704460519,0.13962634015954636,6441501.922417858,112251.72635597878,-0.10710095550030173
2,8,14.4,71479.91588509828,26.888238093682464,7959.998528656766,314127692477407040,31618746055.70331,1,0.009938399034904288,0,0.2464934606115296,0.5354004115513457,1158749.3249707366,0.5188664847992277,0.13962634015954636,6441359.552579833,113034.87395062097,-0.12826528910784776
2,8,14.5,71351.26086280029,26.863766841632174,7959.66637212704,360237330757948860,33859916947.88616,1,0.009775490709491642,0,0.2522885121376427,0.5693444598238192,1168218.4405758139,0.5274693592406445,0.13962634015954636,6441217.109870348,113817.97412224862,-0.15148013060545895
2,8,14.600000000000001,71222.62792274449,26.839314756418787,7959.326120872165,411285190976632500,36179542157.4736,1,0.00961786359892534,0,0.2582430616079473,0.6051040546693174,1177601.4691038432,0.5360682180266588,0.13962634015954636,6441074.594671095,114601.02610952094,-0.17677906754463546
2,8,14.700000000000001,71094.01742188074,26.814881853561342,7958.977778387901,467553283625356160,38575102278.78377,1,0.009465265410762931,0,0.26436420599408594,0.642756734465836,1186900.2602650863,0.5446629855183068,0.13962634015954636,6440932.00736372,115384.02915152008,-0.20419566555328741
2,8,14.8,70965.42971675098,26.79046814847403,7958.62134824132,529312787263182200,41043815196.3845,1,0.009317459670360186,0,0.27065886984171633,0.682383100242391,1196116.5886350211,0.5532535861833405,0.13962634015954636,6440789.34832983,116166.98248775843,-0.2337634679449104
2,8,14.9,70836.86516348831,26.76607365646701,7958.256834070718,596821367062801500,43582657880.918846,1,0.009174224500357545,0,0.27713378437201697,0.7240669324416207,1205252.157788423,0.561839944597762,0.13962634015954636,6440646.617950981,116949.88535818447,-0.2655159953283617
2,8,15,70708.32411781605,26.741698392747143,7957.884239585504,670320631461521300,46188389957.62014,1,0.009035351511460005,0,0.2837954688029871,0.7678953104616366,1214308.6041469998,0.570421985447353,0.13962634015954636,6440503.816608679,117732.73700318897,-0.29948674521829693
2,8,15.100000000000001,70579.80693504307,26.717342372418088,7957.503568566111,750033774365383400,48857578748.60517,1,0.008900644792844043,0,0.29065021042887806,0.8139587349742079,1223287.500564723,0.5789996335294486,0.13962634015954636,6440360.944684369,118515.5366636109,-0.3357091916462508
2,8,15.200000000000001,70451.3139700517,26.69300561047911,7957.114824863898,836163445567255300,51586625452.55195,1,0.00876991999190222,0,0.29770405054459353,0.8623512530162596,1232190.3596726656,0.5875728137552106,0.13962634015954636,6440218.002559442,119298.28358074451,-0.37421678477244197
2,8,15.3,70322.84557731077,26.668688121828243,7956.718012401019,928889887304424300,54371792138.599594,1,0.008643003474268296,0,0.3049627746103759,0.9131705858515706,1241018.6370005195,0.5961414511502021,0.13962634015954636,6440074.990615221,120080.97699634459,-0.4150429504981844
2,8,15.4,70194.40211085416,26.644389921259435,7956.313135170343,1028369368113213200,57209229210.95549,1,0.008519731556012928,0,0.31243190386953656,0.9665182595994539,1249773.7338967212,0.6047054708572756,0.13962634015954636,6439931.909232957,120863.61615263304,-0.458221090079042
2,8,15.5,70065.98392428737,26.620111023464617,7955.9001972353335,1134732938540407000,60095003017.394554,1,0.008399949800934982,0,0.32011668657307263,1.0224997386271062,1258457.000258748,0.613264798137579,0.13962634015954636,6439788.7587938355,121646.20029230548,-0.5037845797386914
2,8,15.600000000000001,69937.59137078188,26.59585144303359,7955.47920272994,1248085525592353500,63025123276.92415,1,0.008283512376563756,0,0.32802210209878035,1.0812245617022118,1267069.737090999,0.6218193583723687,0.13962634015954636,6439645.539678957,122428.7286585365,-0.551766770283427
2,8,15.700000000000001,69809.22480307054,26.571611194454118,7955.050155858491,1368505374937728500,65995570013.32862,1,0.008170281463239195,0,0.3361528471977929,1.1428064809022924,1275613.1989025676,0.6303690770647574,0.13962634015954636,6439502.252269349,123211.20049498673,-0.6022009867174827
2,8,15.8,69680.88457344659,26.547390292112635,7954.613060895573,1496043842820136000,69002319717.21616,1,0.008060126711237825,0,0.344513352645324,1.207363603277189,1284088.5959567793,0.6389138798412032,0.13962634015954636,6439358.896945945,123993.61504580818,-0.6551205278589919
2,8,15.9,69552.57103375066,26.523188750292867,7954.167922185926,1630725530776904200,72041370447.98091,1,0.007952924741434808,0,0.35310777495893236,1.2750185352609689,1292497.096384586,0.6474536924538123,0.13962634015954636,6439215.474089597,124775.971555651,-0.7105586659567714
2,8,16,69424.28453538194,26.49900658317866,7953.714744144321,1772548750880120600,75108765656.02237,1,0.00784855868551171,0,0.3619400020436789,1.3458985298294557,1300839.8281693854,0.6559884407810054,0.13962634015954636,6439071.984081063,125558.26926966943,-0.7685486463078036
2,8,16.1,69296.02542928327,26.474843804852217,7953.253531255439,1921486300985168400,78200616491.53282,1,0.00774691776206436,0,0.3710136655482013,1.4201356363994724,1309117.881015872,0.664518050829931,0.13962634015954636,6438928.427301,126340.50743352763,-0.8291236868754842
2,8,16.2,69167.79406594206,26.450700429295225,7952.78428807377,2077486525982915300,81313122446.17647,1,0.007647896885414559,0,0.38033214534642334,1.4978668534658013,1317332.3081085081,0.673042448737815,0.13962634015954636,6438784.804129964,127122.68529340607,-0.892316977908658
2,8,16.3,69039.590795381,26.42657647038799,7952.307019223465,2240474633295533600,84442590141.68634,1,0.0075513963041999605,0,0.38989857136601197,1.5792342839717608,1325484.1277690444,0.6815615607739843,0.13962634015954636,6438641.114948412,127904.80209600751,-0.9581616815614291
2,8,16.400000000000002,68911.41596716922,26.40247194191231,7951.821729398239,2410354230597920000,87585450186.68048,1,0.007457321267152943,0,0.39971584314260206,1.6643852934092043,1333574.325018188,0.6900753133405196,0.13962634015954636,6438497.360136686,128686.85708856309,-1.0266909315137573
2,8,16.5,68783.26993039902,26.378386857548275,7951.328423361227,2587009047959650000,90738271992.09836,1,0.007365581713672862,0,0.4097866349772022,1.753472670643649,1341603.8530514792,0.6985836329752063,0.13962634015954636,6438353.5400750125,129468.84951883838,-1.097937832592857
2,8,16.6,68655.15303369239,26.354321230876252,7950.82710594488,2770304807039234600,93897776511.08778,1,0.0072760919871163714,0,0.42011340384615947,1.8466547914601463,1349573.6346311807,0.7070864463524884,0.13962634015954636,6438209.655143508,130250.77863513948,-1.1719354603954077
2,8,16.7,68527.06562520191,26.33027507537788,7950.317782050813,2960091198490958300,97060846882.85957,1,0.007188770568859672,0,0.43069840559858635,1.9440957848254112,1357484.5634019861,0.7155836802847816,0.13962634015954636,6438065.7057221625,131032.64368631886,-1.2487168609105663
2,8,16.8,68399.00805259869,26.306248404434854,7949.800456649699,3156203928034026500,100224536973.74701,1,0.007103539831392899,0,0.44154369919601993,2.0459657018616264,1365337.5051361164,0.7240752617246708,0.13962634015954636,6437921.692190839,131814.4439217815,-1.3283150501438352
2,8,16.900000000000002,68270.98066306952,26.282241231329266,7949.275134781129,3358466796182578000,103386077892.04536,1,0.007020325808890759,0,0.45265115822207186,2.1524406875272497,1373133.2989110085,0.7325611177664586,0.13962634015954636,6437777.614929281,132596.17859149122,-1.41076301374177
2,8,17,68142.98380332626,26.25825356924604,7948.741821553477,3566693774204045000,106542882503.24869,1,0.006939057983834764,0,0.46402249112808436,2.2637031550000506,1380872.7582237995,0.7410411756469111,0.13962634015954636,6437633.474317089,133377.84694597602,-1.4960937066174949
2,8,17.1,68015.01781958155,26.234285431269626,7948.200522143781,3780691044532926000,109692548046.78804,1,0.0068596690883640545,0,0.4756592421195739,2.3799419627575076,1388556.672049459,0.7495153627482422,0.13962634015954636,6437489.270733726,134159.4482363349,-1.584340052577141
2,8,17.2,67887.08305755537,26.210336830385888,7947.651241797586,4000258977485553000,112832856977.43182,1,0.0067820949192206725,0,0.4875628030158965,2.5013525943496093,1396185.8058422008,0.7579836065990229,0.13962634015954636,6437345.00455852,134940.98171424263,-1.6755349439470208
2,8,17.3,67759.17986247875,26.186407779483673,7947.093985828838,4225194015951999500,115961776115.34505,1,0.006706274165196547,0,0.4997344284393634,2.628137340859002,1403760.90248577,0.7664458348752878,0.13962634015954636,6437200.676170647,135722.44663195708,-1.769711241201901
2,8,17.400000000000002,67631.30857907794,26.162498291352797,7946.528759619718,4455290449548658700,119077454289.32404,1,0.006632148246098173,0,0.51217523539112,2.760505486043331,1411282.6831967493,0.7749019754029307,0.13962634015954636,6437056.285949142,136503.84224232417,-1.8669017725939243
2,8,17.5,67503.46955158189,26.138608378686246,7945.955568620521,4690342056722361000,122178218566.4089,1,0.006559661162365961,0,0.5248862266218336,2.8986734941545356,1418751.8483812315,0.783351956158547,0.13962634015954636,6436911.834272879,137285.16779878424,-1.967139333782585
2,8,17.6,67375.66312370822,26.114738054078497,7945.374418349507,4930143604399068000,125262569268.08351,1,0.006488759354510283,0,0.5378682888135197,3.0428652004297496,1426169.0784503028,0.7917957052716934,0.13962634015954636,6436767.321520578,138066.4225553778,-2.0704566874655392
2,8,17.7,67247.88963866513,26.090887330026714,7944.785314392761,5174492193094273000,128329173898.13022,1,0.006419391571644604,0,0.5511222042432847,3.1933120042483996,1433535.0345946257,0.8002331510260916,0.13962634015954636,6436622.748070803,138847.60576675145,-2.176886563010313
2,8,17.8,67120.14943915326,26.06705621893187,7944.188262404058,5423188442287005000,131376860151.83795,1,0.006351508748427855,0,0.5646486627537112,3.350253064949944,1440850.359521454,0.8086642218608205,0.13962634015954636,6436478.1143019395,139628.716688164,-2.286461656087043
2,8,17.900000000000002,66992.44286734611,26.043244733096184,7943.583268104708,5676037513442045000,134404608161.41972,1,0.006285063889784091,0,0.5784482619180988,3.513935500306667,1448115.6781575435,0.8170888463729357,0.13962634015954636,6436333.420592218,140409.7545754918,-2.3992146283019564
2,8,18,66864.77026490774,26.019452884726917,7942.970337283404,5932849971672357000,137411542133.55133,1,0.006220011962861535,0,0.5925215241130115,3.6846145876457967,1455331.5983165076,0.8255069533175876,0.13962634015954636,6436188.667319685,141190.71868523525,-2.515178106832031
2,8,18.1,66737.13197296672,25.995680685932804,7942.349475796102,6193442489070953000,140396921519.31158,1,0.006156309795666127,0,0.6068688923963818,3.862553967615158,1462498.7113373817,0.8339184716110736,0.13962634015954636,6436043.854862219,141971.60827452425,-2.634384684060366
2,8,18.2,66609.52833213657,25.97192814872823,7941.720689565837,6457638395759536000,143360131856.4857,1,0.0060939159819370994,0,0.6214907462657623,4.048025850586459,1469617.5926907628,0.8423233303307515,0.13962634015954636,6435898.983597511,142752.42260112424,-2.7568669172127045
2,8,18.3,66481.95968249533,25.948195285030604,7941.083984582595,6725268087713269000,146300675425.4157,1,0.006032790791779234,0,0.6363874043574363,4.241311225690235,1476688.8025594314,0.8507214587176983,0.13962634015954636,6435754.053903073,143533.1609234414,-2.8826573279947354
2,8,18.400000000000002,66354.42636358365,25.924482106660783,7940.439366903153,6996169299697076000,149218161822.35306,1,0.005972896087677093,0,0.651559122629581,4.442700072476365,1483712.8863914397,0.859112786178119,0.13962634015954636,6435609.066156225,144313.82250052976,-3.01178840223066
2,8,18.5,66226.92871441226,25.900788625345132,7939.786842650929,7270187256193257000,152112298580.14917,1,0.005914195245512614,0,0.6670061136247146,4.652491575194006,1490690.3754277076,0.8674972422841161,0.13962634015954636,6435464.020734092,145094.4065920954,-3.144292589502337
2,8,18.6,66099.46707344335,25.877114852713163,7939.126418015828,7547174709613688000,154982881905.5849,1,0.0058566530802259265,0,0.6827285428921771,4.87099433968467,1497621.7872075357,0.8758747567762055,0.13962634015954636,6435318.918013608,145874.91245850333,-3.280202302789814
2,8,18.7,65972.04177860077,25.853460800299995,7938.45809925408,7826991881726341000,157829787656.46796,1,0.005800235775828098,0,0.6987265292318744,5.098526612882129,1504507.6260501158,0.884245259563889,0.13962634015954636,6435173.758371504,146655.3393607827,-3.4195499181125797
2,8,18.8,65844.65316725988,25.82982647954541,7937.781892688089,8109506317504206000,160652962595.68365,1,0.005744910819450238,0,0.715000161593546,5.335416504912666,1511348.3835160981,0.8926086807275948,0.13962634015954636,6435028.542184307,147435.68656063318,-3.5623677741721003
2,8,18.900000000000002,65717.30157624464,25.806211901794143,7937.09780470627,8394592666565672000,163452416011.41306,1,0.0056906469391717505,0,0.7315494853640045,5.582002213789192,1518144.5388487102,0.9009649505201084,0.13962634015954636,6434883.269828337,148215.95332043,-3.70868817199503
2,8,19,65589.98734182864,25.782617078296788,7936.405841762887,8682132403995208000,166228211748.22418,1,0.005637414045375915,0,0.7483745273929077,5.8386322526925865,1524896.5593957056,0.9093139993677526,0.13962634015954636,6434737.941679701,148996.13890322973,-3.8585433745777182
2,8,19.1,65462.71079972014,25.75904202020805,7935.706010377898,8972013501409742000,168980460679.77298,1,0.005585183175393593,0,0.7654752794156686,6.105665679833567,1531604.901014224,0.9176557578726154,0.13962634015954636,6434592.55811429,149776.24257277627,-4.011965606531671
2,8,19.200000000000003,65335.47228507325,25.73548673858938,7934.998317136785,9264130059912184000,171709313658.19272,1,0.005533926441238649,0,0.782851714358594,6.383472330888296,1538270.008457128,0.9259901568130279,0.13962634015954636,6434447.119507775,150556.26359350653,-4.168987053730084
2,8,19.3,65208.27213247586,25.71195124440768,7934.282768690397,9558381916554146000,174414954972.14355,1,0.005483616980216172,0,0.8005037784584208,6.672433054000848,1544892.3157444678,0.934317127145597,0.13962634015954636,6434301.626235604,151336.201230556,-4.329639862955378
2,8,19.400000000000002,65081.110675950535,25.688435548536187,7933.559371754775,9854674232152134000,177097596309.40182,1,0.0054342289082349345,0,0.8184314037630513,6.972939947345568,1551472.2465188461,0.9426366000063507,0.13962634015954636,6434156.078672998,152116.0547497641,-4.493956141547776
2,8,19.5,64953.988248946145,25.664939661753838,7932.828133110995,10152917069337047000,179757471231.4759,1,0.005385737275644422,0,0.836634500741518,7.285396599242265,1558010.2143866986,0.950948506712504,0.13962634015954636,6434010.47719495,152895.82341768016,-4.6619679570550465
2,8,19.6,64826.90518434439,25.641463594747048,7932.089059604984,10453024968839668000,182394830161.2132,1,0.005338118025447636,0,0.8551129682017145,7.610218330817115,1564506.623244885,0.9592527787632246,0.13962634015954636,6433864.8221762115,153675.50650156927,-4.833707336883322
2,8,19.700000000000003,64699.86181444116,25.618007358107384,7931.342158147372,10754916530777350000,185009935875.64978,1,0.005291347953727254,0,0.8738666927623271,7.947832441202021,1570961.8675954684,0.9675493478420644,0.13962634015954636,6433719.1139913015,154455.10326941716,-5.0092062679488585
2,8,19.8,64572.85847095959,25.594570962334423,7930.587435713305,11058514006067220000,187603059485.32706,1,0.0052454046721699165,0,0.8928955498962251,8.298678455265149,1577376.332846205,0.9758381458172765,0.13962634015954636,6433573.353014493,155234.6129899365,-5.188496696331076
2,8,19.900000000000002,64445.895485036075,25.57115441783414,7929.824899342273,11363742901478517000,190174476871.80212,1,0.005200266572539376,0,0.9121994035423503,8.663208373865219,1583750.3956005687,0.9841191047439193,0.13962634015954636,6433427.539619812,156014.03493257196,-5.371610526926554
2,8,20,64318.97318722028,25.547757734919685,7929.054556137944,11670531605141960000,192724465587.2109,1,0.005155912792995446,0,0.9317781113217793,9.041886926622084,1590084.4239356506,0.9923921568650325,0.13962634015954636,6433281.674181036,156793.36836750605,-5.558579623104234
2,8,20.1,64192.09190747328,25.52438092381171,7928.276413267983,11978811032545487000,195253302165.71698,1,0.005112323186142446,0,0.9516315238934095,9.43519182719602,1596378.777669315,1.0006572346129174,0.13962634015954636,6433135.757071689,157572.61256566466,-5.7494358063617375
2,8,20.200000000000003,64065.25197516102,25.50102399463806,7927.490477963879,12288514295916407000,197761259826.5115,1,0.005069478288703488,0,0.9717594796738539,9.843614031068077,1602633.8086172966,1.0089142706107326,0.13962634015954636,6432989.788665038,158351.7667987222,-5.944210855982696
2,8,20.3,63938.45371906087,25.4776869574355,7926.696757520763,12599576400460095000,200248606556.00516,1,0.005027359292730713,0,0.9921618235638094,10.26765799581377,1608849.8608397539,1.0171631976731998,0.13962634015954636,6432843.769334085,159130.8303391076,-6.142936508695394
2,8,20.400000000000002,63811.69746734016,25.454369822146933,7925.895259297236,12911933964435032000,202715603508.4098,1,0.0049859480182482055,0,1.012838388440692,10.70784194386227,1615027.2708799283,1.0254039488091802,0.13962634015954636,6432697.699451573,159909.80246000946,-6.345644458332398
2,8,20.5,63684.98354757298,25.431072598624812,7925.085990715182,13225524967614650000,205162503729.6323,1,0.004945226887266176,0,1.0337890052239243,11.164698127733221,1621166.3679918146,1.0336364572216834,0.13962634015954636,6432551.57938997,160688.6824353816,-6.552366355491439
2,8,20.6,63558.312286722474,25.40779529662896,7924.268959259591,13540288524776348000,207589551149.2876,1,0.004905178899064105,0,1.0550135038359092,11.638773097743167,1627267.4743611217,1.0418606563101742,0.13962634015954636,6432405.409521477,161467.46953994874,-6.763133807197452
2,8,20.700000000000003,63431.68401114829,25.38453792582845,7923.44417247837,13856164686737631000,209996979836.19672,1,0.004865787606689541,0,1.0765117130298851,12.13062797217356,1633330.905316729,1.050076479671195,0.13962634015954636,6432259.190218014,162246.16304921146,-6.977978376565647
2,8,20.8,63305.0990465926,25.361300495800013,7922.61163798217,14173094263039520000,212385013450.82178,1,0.004827037094589226,0,1.0982834586447656,12.640838709892176,1639356.969535489,1.058283861100405,0.13962634015954636,6432112.9218512215,163024.76223945201,-7.196931582465954
2,8,20.900000000000002,63178.55771818664,25.338083016029785,7921.77136344419,14491018673517970000,214753864932.0364,1,0.004788911957321933,0,1.1203285678278794,13.169996385419722,1645345.9692384931,1.0664827345932477,0.13962634015954636,6431966.604792458,163803.26638773957,-7.4200248991885225
2,8,21,63052.060350441374,25.31488549591245,7920.923356599997,14809879817267247000,217103736315.5672,1,0.004751397279281777,0,1.1426468669419731,13.718707466433337,1651298.2003810504,1.0746730343466693,0.13962634015954636,6431820.239412797,164581.67477193565,-7.647289756110402
2,8,21.1,62925.60726725403,25.29170794475299,7920.067625247331,15129619966207058000,219434818726.40268,1,0.004714478615385693,0,1.1652381795021536,14.287594093698557,1657213.9528350339,1.0828546947597657,0.13962634015954636,6431673.826083016,165359.98667069932,-7.878757537363456
2,8,21.200000000000003,62799.19879188854,25.268550371764153,7919.2041772459315,15450181677218925000,221747292489.18924,1,0.004678141972660009,0,1.1881023367839083,14.877294363421353,1663093.5105660576,1.0910276504361718,0.13962634015954636,6431527.365173597,166138.20136349302,-8.11445958150365
2,8,21.3,62672.835246983916,25.245412786068506,7918.333020517329,15771507722685585000,224041327347.28802,1,0.00464237379269287,0,1.2112391639815878,15.488462612011595,1668937.1518029703,1.0991918361845674,0.13962634015954636,6431380.857054732,166916.31813058717,-8.354427181181078
2,8,21.400000000000002,62546.51695455797,25.222295196699637,7917.454163044661,16093541035813163000,226317082757.88107,1,0.004607160934896349,0,1.2346484926452743,16.12176970324942,1674745.14920164,1.1073471870194984,0.13962634015954636,6431234.302096302,167694.33625306585,-8.598691582811714
2,8,21.5,62420.24423598498,25.19919761259927,7916.567612872488,16416224673771815000,228574708279.64792,1,0.0045724906605291715,0,1.2583301490049026,16.777903317845716,1680517.7700043402,1.1154936381639182,0.13962634015954636,6431087.700667889,168472.25501283247,-8.847283986250217
2,8,21.6,62294.01741201151,25.17612004262042,7915.673378106588,16739501790756979000,230814343993.0133,1,0.004538350617457257,0,1.2822839692014796,17.45756824538799,1686255.2761917184,1.1236311250491808,0.13962634015954636,6430941.053138759,169250.07369261433,-9.10023554446381
2,8,21.700000000000003,62167.83680273779,25.153062495525038,7914.771466913762,17063315624948212000,233036120978.80362,1,0.004504728825593462,0,1.3065097888999204,18.16148667866274,1691957.9246312606,1.1317595833173222,0.13962634015954636,6430794.3598778695,170027.79157596815,-9.357577363207556
2,8,21.8,62041.70272762794,25.13002497998635,7913.861887521652,17387609494792118000,235240161821.41464,1,0.00447161366299794,0,1.3310074432415588,18.890398510345417,1697625.967219282,1.139878948821409,0.13962634015954636,6430647.621253862,170805.40794728574,-9.619340500700966
2,8,21.900000000000002,61915.61550550163,25.107007504588047,7912.9446482185185,17712326803447185000,237426581128.05048,1,0.004438993852592257,0,1.35577677356464,19.645061632048915,1703259.651019012,1.1479891576271202,0.13962634015954636,6430500.837635054,171582.92209179857,-9.885555967305672
2,8,22,61789.57545452565,25.084010077823734,7912.019757353077,18037411052704932000,239595486072.67688,1,0.004406858449460561,0,1.3808176169296669,20.426252235721577,1708859.2183940723,1.1560901460143247,0.13962634015954636,6430354.009389446,172360.33329558314,-10.156254725204294
2,8,22.1,61663.582892225124,25.06103270809917,7911.087223334259,18362805860294128000,241746976923.96774,1,0.0043751968287126675,0,1.4061298254793675,21.234765117385493,1714424.907136515,1.1641818504773371,0.13962634015954636,6430207.1368847,173137.6408455666,-10.431467688081058
2,8,22.200000000000003,61537.63813545834,25.038075403729025,7910.147054631048,18688454984576926000,243881147585.31485,1,0.004343998673866501,0,1.431713238009052,22.071413983205865,1719956.9505924298,1.1722642077275984,0.13962634015954636,6430060.22048816,173914.84402953126,-10.71122572080298
2,8,22.3,61411.74150044471,25.015138172941857,7909.19925977225,19014302352829880000,245998086122.43076,1,0.004313253965745851,0,1.4575677058978838,22.93703175788214,1725455.5777808141,1.180337154692806,0.13962634015954636,6429913.260566827,174691.94213612023,-10.99555963910299
2,8,22.400000000000002,61285.893302731216,24.992221023875445,7908.243847346308,19340292091547193000,248097875270.13116,1,0.004282952971839609,0,1.483693082526663,23.832470895351538,1730921.0135115564,1.1884006285201245,0.13962634015954636,6429766.257487364,175468.93445484235,-11.284500209263916
2,8,22.5,61160.09385720454,24.96932396457934,7907.280826001092,19666368560703447000,250180592932.6663,1,0.004253086236125499,0,1.510089221208775,24.758603691795482,1736353.4784973878,1.1964545665763575,0.13962634015954636,6429619.211616099,176245.8202760772,-11.578078147803915
2,8,22.6,61034.343478093855,24.946447003015834,7906.310204443684,19992476388278694000,252246312655.43225,1,0.004223644569322085,0,1.5367559768367374,25.716322600939396,1741753.189462679,1.2044989064487301,0.13962634015954636,6429472.123319013,177022.59889108044,-11.876324121163265
2,8,22.700000000000003,60908.64247895684,24.933913792992286,7905.331991440198,25960493879953370000,287440530488.1967,1,0.0038334675486146053,0,1.5636932122645706,26.706540551636312,1827566.5093788616,1.3267665373977153,0.13962634015954636,6429324.995526092,177799.2646172191,-12.179490804633087
2,8,22.8,60782.99359853659,24.924909801595316,7904.238893658566,34638308242288693000,332024297781.40454,1,0.00340845354338207,0,1.5909007870930032,27.731410073935052,1937359.5607266738,1.4917938437948195,0.13962634015954636,6429177.834692099,178575.80493573003,-12.488135911486097
2,8,22.900000000000002,60657.40290639084,24.91542356176477,7902.990741909726,43730551809148820000,373064572826.84607,1,0.0030684176567090087,0,1.6183785716937045,28.793689252227722,2040919.7564481783,1.6565881388236054,0.13962634015954636,6429030.648227791,179352.20547651695,-12.802899548367629
2,8,23,60531.87736992072,24.905456373710326,7901.587749820477,53006028785608020000,410727862063.70135,1,0.002790204279763796,0,1.6461264339120532,29.896322534464943,2139113.6000957713,1.8211210262855766,0.13962634015954636,6428883.443533972,180128.4518915923,-13.12442052760101
2,8,23.1,60406.423940126784,24.8950096190233,7900.030157697979,62304628549732835000,445298965422.42285,1,0.0025583701523447105,0,1.6741442422656618,31.042449075946035,2232612.256004531,1.9853642299021212,0.13962634015954636,6428736.22799997,180904.5298574135,-13.453336221464701
2,8.5,13.200000000000001,73025.36815888621,27.183382349761878,7963.351843755204,40386731540527950,11337332514.432592,1,0.01242588683685461,1,0.18672523124561863,0.24516547629058652,1037606.6901997619,0.4153464369169958,0.14835298641951802,6443063.071928688,103634.19104467881,0
2,8.5,13.3,72896.4760775473,27.1586823340079,7963.117070512041,49529122124254900,12555148266.284588,1,0.012171806986188983,1,0.19117427967757336,0.2624033624549392,1048287.7725007919,0.4239915667833905,0.14835298641951802,6442921.528868245,104417.80992777846,-0.0008829944826076643
2,8.5,13.4,72767.60181371216,27.134001299753795,7962.874166205451,60330201077643450,13856671361.711737,1,0.011927942626511681,1,0.1956977164294441,0.280726516008062,1058852.6661569048,0.43263359305086524,0.14835298641951802,6442779.90872141,105201.38978608849,-0.0035499327210632447
2,8.5,13.5,72638.74566515256,27.109339251987894,7962.623133471714,73008641924645490,15243288366.396723,1,0.011693690352685153,1,0.20030158070197115,0.30018381359142765,1069304.6019160307,0.44127244322634906,0.14835298641951802,6442638.211869744,105984.9298539675,-0.00803671506603041
2,8.5,13.600000000000001,72509.90799271688,27.084696207350312,7962.363975015469,87798159725821890,16716072153.507957,1,0.011468493472644737,1,0.20499229880976955,0.3208260111786933,1079646.644538067,0.4499080406346896,0.14835298641951802,6442496.438694811,106768.42936612862,-0.014379223195946221
2,8.5,13.700000000000001,72381.08915689122,27.060072182374302,7962.096693613626,104946586368161730,18275770212.810085,1,0.011251837468216508,1,0.2097766128446738,0.34270582730259913,1089881.70897474,0.45854030868790796,0.14835298641951802,6442354.5895781815,107551.887557645,-0.02261331969523372
2,8.5,13.8,72252.28951779194,27.035467193485893,7961.821292115289,124714652471161230,19922795217.96357,1,0.011043246075581301,1,0.21466152187761584,0.3658780290883371,1100012.5702968817,0.4671691708872131,0.14835298641951802,6442212.664901419,108335.30366395683,-0.032774847633081326
2,8.5,13.9,72123.50943517126,27.010881257005867,7961.53777344167,147374484327387420,21657218580.78469,1,0.010842277794908083,1,0.2196542187954671,0.3903995210916793,1110041.8727931145,0.47579455082413563,0.14835298641951802,6442070.665046079,109118.67692087738,-0.04489963014278519
2,8.5,14,71994.74926840141,26.986314389147907,7961.246140586017,173207827415031260,23478767092.361885,1,0.010648522775264563,1,0.2247620395056617,0.416329436940054,1119972.1383254463,0.4844163721831016,0.14835298641951802,6441928.590393709,109902.00656459905,-0.059023470001668805
2,8.5,14.100000000000001,71866.00937647931,26.961766606020333,7960.946396613517,202504015335959000,25386822706.052895,1,0.010461600028619504,1,0.22999240814598026,0.4437292337746556,1129805.7740115742,0.4930345587426212,0.14835298641951802,6441786.441325844,110685.29183170003,-0.07518214921159891
2,8.5,14.200000000000001,71737.29011802562,26.93723792362695,7960.638544661214,235557710320124540,27380425482.952827,1,0.010281154933041593,1,0.23535279629236644,0.4726627894915764,1139545.0793008106,0.5016490343768502,0.14835298641951802,6441644.218223989,111468.53195915089,-0.09341142858011786
2,8.5,14.3,71608.59185126051,26.912728357863617,7960.322587937927,272666447928681820,29458279661.19812,1,0.010106856990643958,1,0.24085067152624748,0.5031965027798433,1149192.2525024845,0.5102597230587141,0.14835298641951802,6441501.921469635,112251.72618432005,-0.11374704730214816
2,8.5,14.4,71479.9149340298,26.88823792452388,7959.998529724142,314128024717009500,31618762776.60549,1,0.00993839781055275,0,0.24649345867065833,0.5353993959541462,1158749.3968123877,0.5188665488596468,0.14835298641951802,6441359.551444247,113034.87374498112,-0.1362247225423793
2,8.5,14.5,71351.25972378161,26.86376663929576,7959.666373371937,360237772662266700,33859937715.915504,1,0.009775489290860606,0,0.252288510124995,0.5693432205799411,1168218.5258905906,0.5274694359526403,0.14835298641951802,6441217.108529247,113817.97387931804,-0.16088014901823142
2,8.5,14.600000000000001,71222.62657756079,26.839314517761693,7959.326122304889,411285768010452100,36179567537.44417,1,0.009617861977114167,0,0.25824306040714917,0.6051025658885117,1177601.5690262388,0.5360683086141083,0.14835298641951802,6441074.593106033,114601.02582593261,-0.18774899858352254
2,8.5,14.700000000000001,71094.01585202385,26.814881575402094,7958.977780017961,467554025012976400,38575132862.562065,1,0.009465263577658912,0,0.26436420445891556,0.6427549699794735,1186900.3759257214,0.5446630912243575,0.14835298641951802,6440932.0055559585,115384.02882384934,-0.21686691981273015
2,8.5,14.8,70965.42790341098,26.790467827591318,7958.621350077422,529313726200411260,41043851599.76445,1,0.009317457618556872,0,0.2706588688801606,0.6823810338081031,1196116.721161668,0.5532537082709453,0.14835298641951802,6440789.34626033,116166.98211252286,-0.2482695375859876
2,8.5,14.9,70836.86308755819,26.766073289600786,7958.256836120747,596822540856626300,43582700738.82605,1,0.009174222223096126,0,0.2771337833909626,0.7240645379547779,1205252.308306033,0.561840084349334,0.14835298641951802,6440646.61560041,116949.88493184373,-0.28199245267471873
2,8.5,15,70708.32175989356,26.741697976599212,7957.884241856512,670322081678359800,46188439921.13125,1,0.009035349002573308,0,0.28379546679614903,0.7678925621737065,1214308.7737779133,0.5704221441646078,0.14835298641951802,6440503.813957411,117732.73652214468,-0.318071241327973
2,8.5,15.100000000000001,70579.80427542701,26.71734190365169,7957.50357106429,750035546958073300,48857636482.36246,1,0.008900642046700151,0,0.2906502077077726,0.813955607718039,1223287.6904292507,0.5789998125336212,0.14835298641951802,6440360.941712481,118515.53612420647,-0.3565414548594436
2,8.5,15.200000000000001,70451.31098874379,26.693005085719438,7957.114827594554,836165590915931000,51586691630.539154,1,0.008769917003359379,0,0.2977040480873672,0.862347722438336,1232190.570889241,0.587573014386896,0.14835298641951802,6440217.999246714,119298.28297926499,-0.39743861923525653
2,8.5,15.3,70322.84225401189,26.668687537662105,7956.718015368573,928892460197765000,54371867439.62664,1,0.00864300023862863,0,0.3049627724493913,0.9131666286512874,1241018.8706862347,0.5961416747695716,0.14835298641951802,6440074.986941138,120080.97632901646,-0.4407982346624027
2,8.5,15.4,70194.39842497185,26.644389274236765,7956.313138378297,1028372427777024300,57209314316.9901,1,0.008519728068991256,0,0.3124319005452933,0.9665138537754625,1249773.9911670447,0.6047057188435422,0.14835298641951802,6439931.905176718,120863.6154156242,-0.48665577517795877
2,8.5,15.5,70065.97985493392,26.620110310098422,7955.900200686258,1134736548462960000,60095098607.34651,1,0.008399946058621715,0,0.32011668278058425,1.0224948637307827,1258457.2822278913,0.613265071889086,0.14835298641951802,6439788.754334338,121646.19948172505,-0.5350466882390594
2,8.5,15.600000000000001,69937.58689677436,26.595850659800156,7955.479206425455,1248089753524845000,63025230026.71627,1,0.008283508375392972,0,0.32802209742249394,1.0812191990983033,1267070.0448721272,0.6218196593065538,0.14835298641951802,6439645.534794806,122428.72777043459,-0.5860063943135514
2,8.5,15.700000000000001,69809.21990292333,26.57161033779197,7955.050159799254,1368510292608363500,65995688589.47421,1,0.008170277199953134,0,0.33615284400307527,1.142800614036796,1275613.533608508,0.6303694066186177,0.14835298641951802,6439502.246938854,123211.19952535434,-0.639570286471516
2,8.5,15.8,69680.87922538165,26.54738935842455,7954.613065081251,1496049525813024300,69002450775.98215,1,0.008060122182869913,0,0.3445133502044528,1.2073572179525223,1284088.9586994946,0.6389142394705697,0.14835298641951802,6439358.891147127,123993.61399057701,-0.6957737299774688
2,8.5,15.9,69552.56521569658,26.523187735945953,7954.167926615184,1630732058316284000,72041514633.00871,1,0.007952919945284612,0,0.35310777287512085,1.2750116199184962,1292497.4882754106,0.6474540836333739,0.14835298641951802,6439215.467800183,124775.97041069341,-0.7546520618834337
2,8.5,16,69424.27822497021,26.49900548450393,7953.7147488148,1772556205404003000,75108923592.29872,1,0.007848553619119895,0,0.3619399994874327,1.3458910758394258,1300840.2503194287,0.6559888650045217,0.14835298641951802,6439071.977278487,125558.26803079814,-0.8162405906227566
2,8.5,16.1,69296.01860385202,26.474842618145495,7953.253536163743,1921494768145293600,78200788789.51172,1,0.0077469124231958324,0,0.3710136633722388,1.420127638358438,1309118.3345359152,0.6645185096099441,0.14835298641951802,6438928.419962402,126340.5060964956,-0.8805745956047347
2,8.5,16.2,69167.78670253418,26.450699150816998,7952.784293215438,2077496094074419700,81313309694.20203,1,0.007647891272038679,0,0.3803321426910965,1.4978583095015856,1317332.7941092544,0.6730429436057332,0.14835298641951802,6438784.796232198,127122.68385390639,-0.9476893268100818
2,8.5,16.3,69039.5828707479,26.426575096364335,7952.3070245929675,2240485393191922700,84442792909.53212,1,0.0075513904144766985,0,0.38989857002870965,1.5792251960560402,1325484.6473610017,0.6815620932797948,0.14835298641951802,6438641.106468035,127904.80054967321,-1.0176200043872121
2,8.5,16.400000000000002,68911.40745776147,26.40247046853349,7951.821734988951,2410366275348387000,87585669022.47664,1,0.007457315099410647,0,0.39971584178083835,1.6643756676777781,1333574.8793123853,0.6900758850533717,0.14835298641951802,6438497.351049965,128686.855430967,-1.0904018182493658
2,8.5,16.5,68783.26081237942,26.3783852809712,7951.328429165413,2587022472482482000,90738507421.58495,1,0.007365575266403978,0,0.4097866331303285,1.7534625177244705,1341604.4431587176,0.6985842454824965,0.14835298641951802,6438353.530357928,129468.84774549295,-1.166069927672581
2,8.5,16.6,68655.1432829313,26.354319547223923,7950.827111953671,2770319707922809300,93898029038.88737,1,0.007276085258960973,0,0.42011340245261775,1.8466441268091924,1349574.2616624362,0.7070871012601296,0.14835298641951802,6438209.644771745,130250.77674149661,-1.2446594608945263
2,8.5,16.7,68527.0552172726,26.330273280738794,7950.317788254201,2960107673504184300,97061116988.81305,1,0.00718876355859049,0,0.4306984027441774,1.9440846290704663,1357485.2284687958,0.7155843792174775,0.14835298641951802,6438065.694671119,131032.64166776973,-1.3262055147141916
2,8.5,16.8,68398.99696278386,26.306246494864354,7949.80046303651,3156222076358979600,100224825121.29578,1,0.007103532537909036,0,0.44154369532175713,2.0459540811540635,1365338.2093502344,0.7240760063254316,0.14835298641951802,6437921.680435621,131814.4417736565,-1.4107431540924789
2,8.5,16.900000000000002,68270.96886635944,26.28223920284943,7949.275141339009,3358486717811084000,103386384522.4376,1,0.007020318231206403,0,0.4526511547966501,2.1524286339018914,1373134.0433846049,0.7325619096966863,0.14835298641951802,6437777.602444705,132596.17630905955,-1.4983074117536912
2,8.5,17,68142.97127441596,26.25825141784541,7948.74182826887,3566715569653765000,106543208035.32939,1,0.006939050121068264,0,0.46402248765235893,2.2636907067431946,1380873.5440696955,0.741042016586543,0.14835298641951802,6437633.461077682,133377.84452444597,-1.5889332877878906
2,8.5,17.1,68015.00453287642,26.234283152904396,7948.200529001918,3780714815217690600,109692892886.2435,1,0.006859660939733083,0,0.47565923859506454,2.3799291647832046,1388557.5003808392,0.7495162543953299,0.14835298641951802,6437489.25671373,134159.44567085305,-1.6826557492541656
2,8.5,17.2,67887.06898717396,26.210334420980608,7947.651248782466,4000284824955308500,112833221508.72385,1,0.006782086484036001,0,0.48756279841143135,2.501339498584289,1396186.677772497,0.7579845506695038,0.14835298641951802,6437344.989731887,134940.97899989435,-1.7795097297848328
2,8.5,17.3,67759.16498224437,26.186405234929968,7947.093992923201,4225222042281606000,115962160710.41423,1,0.0067062654428496895,0,0.4997344242950311,2.62812400663453,1403761.8191292298,0.7664468331034991,0.14835298641951802,6437200.660511041,135722.4437637657,-1.8795301291905957
2,8.5,17.400000000000002,67631.29286252335,26.16249560751044,7946.528766805045,4455320757080867300,119077859306.425,1,0.006632139236057658,0,0.5121752317291578,2.7604919804986014,1411283.6456681981,0.7749030295412545,0.14835298641951802,6437056.269429938,136503.83921525127,-1.9827518130666058
2,8.5,17.5,67503.45297194831,26.138605551383137,7945.955575876999,4690374748149385000,122178644353.40996,1,0.006559651864170672,0,0.5248862223877212,2.898659892645693,1418752.8577961589,0.7833530679774234,0.14835298641951802,6436911.816867166,137285.16460772938,-2.089209612399482
2,8.5,17.6,67375.64565394912,26.114735079111572,7945.3744256560285,4930178782540916000,125263016161.41187,1,0.006488749767765886,0,0.5378682845320084,3.042851586949146,1426170.1359246825,0.7917968765593287,0.14835298641951802,6436767.303201159,138066.41919517855,-2.1989383231753115
2,8.5,17.7,67247.87125144247,26.090884203161494,7944.785321726899,5174529961148701000,128329642227.60098,1,0.006419381696016198,0,0.5511221993765044,3.1932984718523807,1433536.1412451698,0.800234383588659,0.14835298641951802,6436622.728810191,138847.6022321827,-2.311972705988498
2,8.5,17.8,67120.13010684028,26.067052935903124,7944.18826974205,5423228903754547000,131377350240.89763,1,0.00635149858363667,0,0.5646486583845262,3.350239716195581,1440851.5164654737,0.8086655175222242,0.14835298641951802,6436478.094072363,139628.71297393818,-2.4283474856518916
2,8.5,17.900000000000002,66992.42256202549,26.043241289607792,7943.583275421431,5676080772326693000,134405120330.5473,1,0.006285053435602003,0,0.5784482591557465,3.513922447697537,1448116.8865130797,0.8170902069748881,0.14835298641951802,6436333.399365621,140409.7506762586,-2.548097350807474
2,8.5,18,66864.74895837437,26.019449276452615,7942.970344552378,5932896132563945000,137412076701.84412,1,0.006220001219108371,0,0.5925215218798866,3.684601954086924,1455332.8592021966,0.8255083807193772,0.14835298641951802,6436188.645067726,141190.71459558155,-2.6712569535384785
2,8.5,18.1,66737.10963672958,25.99567690851661,7942.349482989447,6193491656869891000,140397478801.7858,1,0.006156298762206677,0,0.6068688907069738,3.8625418868772305,1462500.0258723516,0.8339199676893861,0.14835298641951802,6436043.831556273,141971.6039889738,-2.7978609089821966
2,8.5,18.2,66609.50493741687,25.971924197784393,7941.720696654275,6457690676150959000,143360712169.92065,1,0.006093904658676532,0,0.6214907445549221,4.048014467779441,1469618.96199477,0.842324896979749,0.14835298641951802,6435898.959208668,142752.41811413725,-2.927943794943913
2,8.5,18.3,66481.9352002237,25.948191156143288,7941.083991535433,6725323587286573000,146301279089.7011,1,0.006032779178658432,0,0.6363874014910375,4.241300697746489,1476690.227753036,0.8507230978491569,0.14835298641951802,6435754.028402136,143533.15622941504,-3.0615401515119514
2,8.5,18.400000000000002,66354.40076440666,25.92447779538539,7940.4393736882585,6996228126054671000,149218789161.5525,1,0.0059728841846727,0,0.6515591203035478,4.442690568643411,1483714.3685956316,0.8591144997209401,0.14835298641951802,6435609.039513716,144313.81759379723,-3.1986844806736685
2,8.5,18.5,66226.90196868684,25.900784127207526,7939.786849234719,7270249517682997000,152112949919.49622,1,0.005914183052631487,0,0.6670061112765455,4.652483277537039,1490691.9157642412,0.8674990321846505,0.14835298641951802,6435463.992920252,145094.40146692644,-3.33941124593244
2,8.5,18.6,66099.43915124424,25.877110163211118,7939.126424363246,7547240515933328000,154983557577.68912,1,0.005856640597505889,0,0.6827285382121476,4.870987443598976,1497623.3867985024,0.8758766249977036,0.14835298641951802,6435318.888998392,145874.90710910363,-3.4837548719258074
2,8.5,18.7,65972.01264971495,25.853455914902437,7938.458105328587,7827061343794021000,157830487999.53937,1,0.005800223003332841,0,0.6987265239571858,5.098521327615504,1504509.2860182738,0.8842472080868236,0.14835298641951802,6435173.728124585,146655.33378129394,-3.6317497440446482
2,8.5,18.8,65844.62280118652,25.829821393692626,7937.781898451645,8109579547532010000,160653687953.91745,1,0.005744897757267059,0,0.7150001551285928,5.335413054098013,1511350.1049848702,0.8926107115496078,0.14835298641951802,6435028.510675074,147435.68074513233,-3.783430208053403
2,8.5,18.900000000000002,65717.26994219888,25.806206610898567,7937.097810119315,8394669778281654000,163453166736.7809,1,0.005690633587411021,0,0.7315494788328771,5.582000835987396,1518146.3229419694,0.9009670656557108,0.14835298641951802,6434883.237025901,148215.94726292952,-3.9388305697114423
2,8.5,19,65589.9544087397,25.782611577742884,7936.405846784327,8682213512429019000,166228988197.93695,1,0.0056374004041682526,0,0.7483745196423216,5.838633201945827,1524898.4072378795,0.909316200848395,0.14835298641951802,6434737.9075528905,148996.1325976777,-4.097985094395489
2,8.5,19.1,65462.67653623596,25.75903630535329,7935.706014965092,8972098723229548000,168981263219.14566,1,0.0055851692448898906,0,0.7654752727913745,6.105669226229203,1531606.8137300315,0.9176580477463235,0.14835298641951802,6434592.522631652,149776.23601305575,-4.260928006723043
2,8.5,19.200000000000003,65335.43665955681,25.73548080476376,7934.9983212455245,9264219513463773000,171710142660.52588,1,0.0055339122216067314,0,0.7828517077087709,6.383478761133486,1538271.987171779,0.9259925371445996,0.14835298641951802,6434447.082637576,150556.25677343548,-4.427693490177133
2,8.5,19.3,65208.23511300329,25.711945086913616,7934.282772274892,9558475721457869000,174415810814.58954,1,0.005483602471638447,0,0.8005037723885128,6.672442672008028,1544894.3615837623,0.9343196000166691,0.14835298641951802,6434301.587945832,151336.1941438871,-4.598315686732013
2,8.5,19.400000000000002,65081.07223031763,25.68842916264977,7933.559374767634,9854772510052545000,177098479379.51303,1,0.005434214110909448,0,0.8184313952227709,6.972953074828963,1551474.360608797,0.9426391675149095,0.14835298641951802,6434156.038931365,152116.04739018477,-4.7728286964799915
2,8.5,19.5,64953.948344669305,25.664933042725167,7932.828135503215,10153019943118990000,179758381919.7012,1,0.00538572218978369,0,0.8366344915516083,7.2854135763255785,1558012.3978534818,0.9509511709727725,0.14835298641951802,6434010.4359688815,152895.81577881225,-4.951266577259546
2,8.5,19.6,64826.8637886513,25.641456737798865,7932.089061325937,10453132563110736000,182395768865.00262,1,0.005338102651273748,0,0.8551129608258005,7.610239516652558,1564508.877215334,0.9592555419062229,0.14835298641951802,6433864.779432862,153675.4985769686,-5.133663344284379
2,8.5,19.700000000000003,64699.818894282915,25.618000258437224,7931.342159144779,10755028971962196000,185010902999.9397,1,0.005291332291475188,0,0.8738666859819207,7.947858214600847,1570964.1931963968,0.9675522120147493,0.14835298641951802,6433719.069697542,154455.09505257363,-5.320052969773776
2,8.5,19.8,64572.81399300229,25.59456361511343,7930.587435933228,11058631421750660000,187604055436.63492,1,0.005245388722083214,0,0.8928955443155019,8.298709215339848,1577378.7312048539,0.9758411131830426,0.14835298641951802,6433573.307136919,155234.60447427383,-5.510469382584118
2,8.5,19.900000000000002,64445.849415666424,25.57114681820816,7929.8248987291,11363865420820066000,190175502061.7015,1,0.005200250334871092,0,0.912199397988623,8.663244540683552,1583752.8678442868,0.9841221774821722,0.14835298641951802,6433427.492124745,156014.0261114475,-5.704946467841465
2,8.5,20,64318.92549254559,25.547749878009398,7929.054554634371,11670659358634992000,192725520430.17456,1,0.00515589626800706,0,0.9317781039257093,9.041928941873131,1590086.9711918803,0.992395337171128,0.14835298641951802,6433281.625034517,156793.3592342105,-5.903518066575416
2,8.5,20.1,64192.04255331773,25.524372804712225,7928.276410815001,11978944151957484000,195254387078.58908,1,0.0051123063741015905,0,0.9516315152258653,9.43524015486839,1596381.401065776,1.0006605246983564,0.14835298641951802,6433135.706239485,157572.60311342202,-6.106217975354155
2,8.5,20.200000000000003,64065.20092707593,25.501015608420747,7927.490474500759,12288652914519618000,197762375230.3609,1,0.005069461189886529,0,0.971759471635832,9.8436691581405,1602636.5092814206,1.0089176727024172,0.14835298641951802,6432989.73611264,158351.75702068946,-6.313079945920542
2,8.5,20.3,63938.40094230976,25.47767829914571,7926.69675298504,12599720652291130000,200249752870.15735,1,0.005027341907416821,0,0.9921618161287681,10.267720432958217,1608852.639899461,1.017166714014371,0.14835298641951802,6432843.715026709,159130.82022837453,-6.52413768482968
2,8.5,20.400000000000002,63811.642926912755,25.454360886806427,7925.89525362469,12912083984681343000,202716781153.6997,1,0.004985930346723258,0,1.0128383796735962,10.707912226159811,1615030.129462861,1.0254075816584247,0.14835298641951802,6432697.64335416,159909.79200959863,-6.73942485308749
2,8.5,20.5,63684.92720817961,25.431063381231052,7925.085983839829,13225680892344420000,205163713126.37625,1,0.004945208929820108,0,1.0337889976819101,11.164776815402778,1621169.3072256213,1.0336402088532504,0.14835298641951802,6432551.5214671865,160688.67163824817,-6.958975065790563
2,8.5,20.6,63558.25411279593,25.40778579215553,7924.268951113663,13540450491362599000,207590792720.7036,1,0.004905160655990792,0,1.0550134955969537,11.638860776883394,1627270.49537333,1.0418645290137898,0.14835298641951802,6432405.349737714,161467.45838897987,-7.18282189176718
2,8.5,20.700000000000003,63431.62396684103,25.38452812922477,7923.444162992306,13856332832348000000,209998253996.9774,1,0.004865769078285252,0,1.0765117041812151,12.130725255518023,1633334.0092348766,1.050080475752189,0.14835298641951802,6432259.128537392,162246.15153722683,-7.4109988532198
2,8.5,20.8,63305.03709578328,25.361290401992562,7922.611627084591,14173268726278627000,212386320619.9787,1,0.004827018281154025,0,1.0982834510461608,12.640946237578014,1639360.1574867568,1.0582879828792162,0.14835298641951802,6432112.858237587,163024.7503592029,-7.643539425368389
2,8.5,20.900000000000002,63178.493824475445,25.33807261992151,7921.771351061899,14491199593070698000,214755205522.81186,1,0.004788892859157616,0,1.1203285589072003,13.170114825770032,1645349.2423499294,1.0664869844056757,0.14835298641951802,6431966.539209391,163803.25413190902,-7.88047703609546
2,8.5,21,63051.994477161206,25.314874792384707,7920.92334265795,14810067331958108000,217105110736.27957,1,0.004751377896694639,0,1.142646856071677,13.718837516753442,1651301.5597789707,1.0746774145430658,0.14835298641951802,6431820.171823599,164581.6621331381,-8.121845065592002
2,8.5,21.1,62925.53937745094,25.291696928662542,7920.067609668637,15129814215457909000,219436227384.13596,1,0.004714458948680155,0,1.1652381724689498,14.287736481086423,1657217.3996460044,1.0828592077062797,0.14835298641951802,6431673.756450717,165359.97364148073,-8.367676846005024
2,8.5,21.200000000000003,62799.128848335706,25.268539037945594,7919.204159951823,15450382800954943000,221748735789.32996,1,0.004678122022142307,0,1.188102326484037,14.877449845592288,1663097.0459161494,1.0910322985137557,0.14835298641951802,6431527.293460965,166138.18793633013,-8.618005661085984
2,8.5,21.3,62672.76321218908,25.24540112933557,7918.333001427158,15771715859847500000,224042805683.1896,1,0.004642353558672627,0,1.2112391529649054,15.48863197813754,1668940.7768173602,1.09919662178842,0.14835298641951802,6431380.783224258,166916.30429788775,-8.872864745840843
2,8.5,21.400000000000002,62546.44279074576,25.222283211842534,7917.454142075881,16093756326428359000,226318596526.07288,1,0.004607140417681071,0,1.234648479067321,16.121953774812965,1674748.865005486,1.1073521125601784,0.14835298641951802,6431234.226110209,167694.32200716858,-9.13228728618124
2,8.5,21.5,62420.167905109935,25.199185294386922,7916.5675899406415,16416447256863896000,228576257865.3138,1,0.004572469860427519,0,1.2583301360664858,16.778102949509123,1680521.577722094,1.115498706066418,0.14835298641951802,6431087.622488129,168472.24034600644,-9.396306418577067
2,8.5,21.6,62293.93887575343,25.176107385799835,7915.6733531252885,16739731805655755000,230815929779.62323,1,0.004538329534777339,0,1.2822839575846914,17.457784325877412,1686259.176947333,1.12363633775317,0.14835298641951802,6430940.972727016,169250.0585970588,-9.664955229710122
2,8.5,21.700000000000003,62167.7560225036,25.153049494821797,7914.771439794691,17063553210205952000,233037743340.93292,1,0.004504707460642962,0,1.30650977726788,18.1617201316679,1691961.919548075,1.1317649432769625,0.14835298641951802,6430794.2771955645,170027.7760438127,-9.938266756129385
2,8.5,21.8,62041.61966455728,25.13001163010558,7913.861858174527,17387854788462051000,235241821127.11502,1,0.004471592016085213,0,1.3310074328759485,18.890650295434938,1697630.05741971,1.1398844585049186,0.14835298641951802,6430647.536262143,170805.39197058952,-10.216273983907548
2,8.5,21.900000000000002,61915.530120458454,25.106993800213303,7912.9446165511,17712579943823299000,237428277744.19733,1,0.004438971924023756,0,1.3557767631952458,19.645332745601593,1703263.8376249431,1.1479948195172676,0.14835298641951802,6430500.7502948055,171582.9056625507,-10.499009848298746
2,8.5,22,61789.48770810291,25.083996013617803,7912.019723271136,18037672176440300000,239597220352.66,1,0.00440683623954175,0,1.3808176098118499,20.426543711873784,1708863.502526603,1.1560959626080545,0.14835298641951802,6430353.919661282,172360.31640570215,-10.786507233397531
2,8.5,22.1,61663.49274474662,25.061018278704562,7911.087186741581,18363075103921046000,241748749218.3211,1,0.0043751743377481705,0,1.4061298150898711,21.235078028994977,1714429.2899158387,1.1641878242855839,0.14835298641951802,6430207.044728976,173137.62348690038,-11.078798971799724
2,8.5,22.200000000000003,61537.545546981506,25.038060603768503,7910.147015429398,18688732484034560000,243882958238.87103,1,0.004343975902160469,0,1.4317132295791803,22.071749442832207,1719961.4331376643,1.1722703412750328,0.14835298641951802,6430060.125864956,173914.82619385663,-11.375917844263856
2,8.5,22.3,61411.64643074572,25.01512299701627,7909.199217861384,19014588242810690000,245999935470.4232,1,0.004313230913598018,0,1.4575676988092212,22.93739091878412,1725460.161210713,1.180343450518763,0.14835298641951802,6429913.163435967,174691.92381514312,-11.67789657937472
2,8.5,22.400000000000002,61285.79571132921,24.99220546656767,7908.243802623944,19340586506213780000,248099763643.24628,1,0.004282929639550968,0,1.4836930734690619,23.832854952501616,1730925.6989432927,1.1884070891769296,0.14835298641951802,6429766.157808408,175468.91564019732,-11.98476785320766
2,8.5,22.5,61159.99370334949,24.969308020452445,7907.280778362892,19666671632610340000,250182520650.46063,1,0.004253062623995026,0,1.510089212789892,24.759013882911717,1736358.2670471158,1.1964611946300627,0.14835298641951802,6429619.109348336,176245.80095932717,-12.296564288994643
2,8.5,22.6,61034.24072076008,24.946430666612276,7906.31015378326,19992788250015680000,252248280037.184,1,0.0042236206776449965,0,1.53675597103155,25.71676020753503,1741758.0822458284,1.204505704479484,0.14835298641951802,6429472.018421472,177022.57906371655,-12.613318456791577
2,8.5,22.700000000000003,60908.53707685601,24.933908960685088,7905.331937649083,25967575680678390000,287479733474.13025,1,0.003833066605396282,0,1.5636932064521365,26.707006900087322,1827662.0523606224,1.3269053006607066,0.14835298641951802,6429324.887958538,177799.24426454367,-12.93529898410382
2,8.5,22.8,60782.88551093917,24.924904452740197,7904.238712834663,34646062324962623000,332061458946.57214,1,0.0034081284975130185,0,1.5909007832351394,27.73190796427273,1937451.812143034,1.4919360534511443,0.14835298641951802,6429177.724412402,178575.7840361943,-13.263098471856434
2,8.5,22.900000000000002,60657.29209048301,24.915417684860817,7902.990430874985,43738769127285330000,373099622079.08386,1,0.0030681475792896083,0,1.6183785684861902,28.79422170164814,2041009.3407109245,1.656733831600998,0.14835298641951802,6429030.535188315,179352.1840071761,-13.597396761785864
2,8.5,23,60531.76377733424,24.905449956940785,7901.587305369269,53014550368955510000,410760876337.0643,1,0.0027899753607824027,0,1.646126426665881,29.896892791110684,2139200.9950277824,1.8212702453599943,0.14835298641951802,6428883.3276816,180128.42982810232,-13.938872321089995
2,8.5,23.1,60406.30751697067,24.895002650238673,7900.029576591033,62313343580222180000,445330108039.3613,1,0.002558172897313391,0,1.6741442317120157,31.043060634047347,2232697.8375364346,1.9855170248294904,0.14835298641951802,6428736.1092761075,180904.50717402855,-14.288202087685768
2,9,13.200000000000001,73025.36815888621,27.183382349761878,7963.351843755204,40386731540527950,11337332514.432592,1,0.01242588683685461,1,0.18672523124561863,0.24516547629058652,1037606.6901997619,0.4153464369169958,0.15707963267948966,6443063.071928688,103634.19104467881,0
2,9,13.3,72896.4760775473,27.1586823340079,7963.117070512041,49529122124254900,12555148266.284588,1,0.012171806986188983,1,0.19117427986139576,0.2624033624549392,1048287.7725007919,0.4239915667833906,0.15707963267948966,6442921.5288604405,104417.80992636923,-0.0009345194495029942
2,9,13.4,72767.60180588625,27.1340012983709,7962.874166224317,60330201807556550,13856671445.535143,1,0.011927942611999687,1,0.19569771682230372,0.28072650643743324,1058852.6668085514,0.43263359357927417,0.15707963267948966,6442779.908690034,105201.3897804219,-0.0037570802942509638
2,9,13.5,72638.74563368876,27.109339246372294,7962.623133528212,73008645351751090,15243288724.165043,1,0.011693690296609298,1,0.20030158069526402,0.30018378253213346,1069304.604502661,0.4412724453486863,0.15707963267948966,6442638.2117987145,105984.92984113615,-0.008505677759648675
2,9,13.600000000000001,72509.90792148653,27.084696194607165,7962.3639751277415,87798168747963460,16716073012.379976,1,0.011468493350538086,1,0.2049922988031775,0.3208259444985625,1079646.6503313116,0.44990804543761104,0.15707963267948966,6442496.438567727,106768.42934316558,-0.015218287313659403
2,9,13.700000000000001,72381.08902944252,27.06007215956289,7962.096693799188,104946605028901310,18275771837.63365,1,0.011251837257914295,1,0.20977661346269813,0.342705708795451,1089881.7192361462,0.4585403172796184,0.15707963267948966,6442354.589378323,107551.88752152376,-0.02393286422049065
2,9,13.8,72252.28931735922,27.035467157621582,7961.821292390999,124714686217287660,19922797913.38511,1,0.01104324575699752,1,0.2146615218585963,0.3658778406209844,1100012.5862781496,0.4671691843968125,0.15707963267948966,6442212.664611755,108335.30361159112,-0.03468734309487915
2,9,13.9,72123.50914466847,27.01088120505923,7961.537773823716,147374540271080350,21657222691.34927,1,0.010842277349812902,1,0.21965421831787538,0.3903992427578349,1110041.8957375332,0.4757945704020296,0.15707963267948966,6442070.66464926,109118.67684912104,-0.04751963745697103
2,9,14,71994.74887042493,26.986314318045476,7961.246141089891,173207914611769540,23478773002.232365,1,0.010648522187101621,1,0.22476203900543604,0.41632904722117015,1119972.1694684983,0.48441639900078604,0.15707963267948966,6441928.589872069,109902.00647024588,-0.06246763928781341
2,9,14.100000000000001,71866.00885330606,26.96176651264459,7960.946397254002,202504145094438270,25386830839.607616,1,0.010461599282337,1,0.22999240740266386,0.44372870970772554,1129805.814581844,0.49303459399277755,0.15707963267948966,6441786.440661402,110685.29171148357,-0.07956921858547666
2,9,14.200000000000001,71737.28945161682,26.937237804817265,7960.638545452357,235557896486352640,27380436302.614643,1,0.01028115401494996,1,0.23535279501029688,0.4726621068439287,1139545.130520393,0.501649079273066,0.15707963267948966,6441644.217398451,111468.53180974447,-0.09886222292182865
2,9,14.3,71608.59102326073,26.912728210416333,7960.322588893021,272666707192335970,29458293666.330532,1,0.010106855888282662,1,0.24085066915431397,0.503195636230964,1149192.3155876994,0.5102597788355154,0.15707963267948966,6441501.920464392,112251.72600233644,-0.12038447699991406
2,9,14.4,71479.91392576694,26.888237745192622,7959.998530855709,314128376932301250,31618780502.831364,1,0.009938396512572742,0,0.24649345675154544,0.5353983192845616,1158749.472974375,0.518866616772466,0.15707963267948966,6441359.550240368,113034.87352697247,-0.14417378221205548
2,9,14.5,71351.25851626229,26.863766424790853,7959.666374691707,360238241132327230,33859959732.43226,1,0.009775487786913476,0,0.25228850777812956,0.5693419068671981,1168218.6163361967,0.5274695172780999,0.15707963267948966,6441217.107107494,113817.973621776,-0.17026791619857387
2,9,14.600000000000001,71222.62515148055,26.839314264752264,7959.326123823774,411286379747104800,36179594443.74756,1,0.009617860257771251,0,0.2582430573975075,0.6051009877102943,1177601.6749577494,0.5360684046492975,0.15707963267948966,6441074.591446851,114601.02552528735,-0.1987046324072124
2,9,14.700000000000001,71094.014187756,26.814881280514374,7958.977781746047,467554811000953100,38575165286.17117,1,0.009465261634313061,0,0.2643642016551924,0.6427530996238955,1186900.4985421556,0.5446632032875539,0.15707963267948966,6440932.003639478,115384.02847647021,-0.22952165965326896
2,9,14.8,70965.42598101683,26.79046748741075,7958.621352023948,529314721603981500,41043890192.356316,1,0.009317455443359225,0,0.27065886536397316,0.682378843491218,1196116.861658444,0.5532538377008909,0.15707963267948966,6440789.344066369,116166.98171471799,-0.2627567016804272
2,9,14.9,70836.86088678241,26.766072900671418,7958.256838294077,596823785230379000,43582746173.72243,1,0.009174219808882302,0,0.2771337794484529,0.7240620000453497,1205252.4678757014,0.5618402325055147,0.15707963267948966,6440646.613108475,116949.88447985983,-0.29844743672230084
2,9,15,70708.31926016323,26.741697535423782,7957.884244264111,670323619122146200,46188492889.76468,1,0.009035346342801162,0,0.28379546273413225,0.767889649425288,1214308.9536105806,0.57042231242728,0.15707963267948966,6440503.81114669,117732.73601216692,-0.33663151706471256
2,9,15.100000000000001,70579.80145585537,26.7173414066926,7957.503573712716,750037426160048400,48857697688.33452,1,0.008900639135398538,0,0.2906502045575299,0.8139522935084038,1223287.8917126483,0.5790000023035277,0.15707963267948966,6440360.938561851,118515.5355523583,-0.3773465686086957
2,9,15.200000000000001,70451.3078281274,26.69300452939853,7957.114830489445,836167865289323300,51586761788.484146,1,0.00876991383507516,0,0.29770404379726123,0.862343981016314,1232190.7948092362,0.58757322708542,0.15707963267948966,6440217.995734746,119298.282341608,-0.4206301904343105
2,9,15.3,70322.83873083815,26.668686918362194,7956.718018514608,928895187855287800,54371947270.03259,1,0.008642996808388875,0,0.30496276767879815,0.9131624353910552,1241019.1184265832,0.5961419118381963,0.15707963267948966,6440074.983046083,120080.97562155027,-0.4665199543651398
2,9,15.4,70194.39451740589,26.64438858829963,7956.313141779195,1028375671443639600,57209404541.01381,1,0.008519724372249326,0,0.3124318959725942,0.9665091854383425,1249774.2639105765,0.6047059817446919,0.15707963267948966,6439931.900876517,120863.6146342864,-0.5150534045336368
2,9,15.5,70065.97554083169,26.620109553827316,7955.900204344743,1134740375538139900,60095199947.28603,1,0.008399942091232949,0,0.3201166788907208,1.0224896987346064,1258457.5811558312,0.6132653621052113,0.15707963267948966,6439788.749606622,121646.19862239042,-0.5662680569471914
2,9,15.600000000000001,69937.58215367515,26.595849829458786,7955.479210343245,1248094235758798600,63025343197.09186,1,0.00828350413357375,0,0.3280220922785724,1.0812135177943945,1267070.3711648458,0.6218199783405951,0.15707963267948966,6439645.529616896,122428.7268289157,-0.6202013990550669
2,9,15.700000000000001,69809.2147080563,26.57160942960588,7955.050163977041,1368515506089141200,65995814298.037766,1,0.008170272680256184,0,0.3361528371505584,1.142794398994637,1275613.8884452789,0.6303697559935281,0.15707963267948966,6439502.241287758,123211.19849740106,-0.6768908893161067
2,9,15.8,69680.87355565839,26.54738836858008,7954.613069518685,1496055550622693400,69002589717.3096,1,0.008060117382149748,0,0.3445133415589678,1.207350454252163,1284089.3432591956,0.6389146207297766,0.15707963267948966,6439358.884999541,123993.61287187638,-0.7363739567672327
2,9,15.9,69552.55904771667,26.523186660591428,7954.167931310844,1630738978377433600,72041667488.02716,1,0.007952914860677129,0,0.35310776318035825,1.275004295450769,1292497.903736315,0.6474544983403627,0.15707963267948966,6439215.461132495,124775.96919686967,-0.7986880005928709
2,9,16,69424.27153502218,26.499004319750117,7953.714753766187,1772564108269448700,75109091027.06143,1,0.007848548248019827,0,0.36193998962268825,1.345883181614036,1300840.6978593145,0.6559893147427339,0.15707963267948966,6439071.970066772,125558.26671741194,-0.863870389695067
2,9,16.1,69296.01136790961,26.47484136006519,7953.253541367257,1921503744490042600,78200971448.4582,1,0.007746906763232536,0,0.3710136533222982,1.4201191688199963,1309118.8153324628,0.664518995982987,0.15707963267948966,6438928.412182427,126340.50467904449,-0.9319584622646528
2,9,16.2,69167.77889625542,26.450697795445073,7952.784298666356,2077506237609608400,81313508203.21819,1,0.007647885321056277,0,0.38033213113244496,1.4978492628536528,1317333.3093402428,0.673043468237399,0.15707963267948966,6438784.787859422,127122.68232782443,-1.0029895253531085
2,9,16.3,69039.57446948718,26.42657363970012,7952.307030285426,2240496800232317000,84443007872.13054,1,0.007551384170525654,0,0.3898985578182061,1.5792155745932597,1325485.1982036391,0.6815626578132071,0.15707963267948966,6438641.097477605,127904.79891033073,-1.0770008544453848
2,9,16.400000000000002,68911.39843655378,26.402468906538232,7951.821740915927,2410379044506073000,87585901019.11322,1,0.007457308560719464,0,0.39971583073984696,1.6643654781261699,1333575.4669444698,0.6900764911520055,0.15707963267948966,6438497.341416722,128686.85367367054,-1.1540296930335971
2,9,16.5,68783.25114595424,26.37838360957076,7951.328435318707,2587036704418686500,90738757010.23106,1,0.007365568431374815,0,0.40978662283823475,1.7534517715899676,1341605.068757834,0.6985848948291953,0.15707963267948966,6438353.520056403,129468.845865485,-1.2341132521916136
2,9,16.6,68655.13294570334,26.354317762307364,7950.827118323887,2770335504984710700,93898296753.63135,1,0.007276078126149193,0,0.4201133905857951,1.8466328407344954,1349574.926406657,0.7070877955576897,0.15707963267948966,6438209.633776166,130250.7747339555,-1.3172887101505577
2,9,16.7,68527.04418335017,26.33027137816008,7950.317794830723,2960125139532026000,97061403341.51672,1,0.007188756126698062,0,0.43069839071572585,1.9440728252003052,1357485.9335362369,0.7155851201880389,0.15707963267948966,6438065.6829554,131032.63952780946,-1.4035932118752126
2,9,16.8,68398.98520596232,26.306244470441456,7949.800469807492,3156241316345840600,100225130600.6526,1,0.0071035248057685005,0,0.44154368456679804,2.0459417875089456,1365338.9559195593,0.7240767957108709,0.15707963267948966,6437921.667973372,131814.4394963267,-1.4930638686414126
2,9,16.900000000000002,68270.95636012219,26.28223705236471,7949.275148291352,3358507837695137000,103386709595.1868,1,0.007020310197771064,0,0.45265114389101174,2.152415884760431,1373134.8326350362,0.73256274925851,0.15707963267948966,6437777.58920923,132596.1738893449,-1.5857377576142548
2,9,17,68142.95799194183,26.258249137047144,7948.741835388203,3566738676173199000,106543553148.17505,1,0.0069390417854072765,0,0.46402247861088025,2.2636775430331086,1380874.3771806168,0.7410429081053387,0.15707963267948966,6437633.4470419735,133377.8419572662,-1.6816519214274366
2,9,17.1,68014.99044702761,26.234280737504903,7948.20053627258,3780740015603651600,109693258465.07802,1,0.006859652301014766,0,0.47565922995271476,2.379915634481071,1388558.378532621,0.7495171996715353,0.15707963267948966,6437489.24185048,134159.4429510631,-1.7808433677634399
2,9,17.2,67887.05407050811,26.21033186665858,7947.6512561874915,4000312227052181000,112833607963.90225,1,0.006782077541527261,0,0.48756279121450197,2.5013256571241627,1396187.6021457952,0.7579855515225462,0.15707963267948966,6437344.974013479,134940.97612228364,-1.8833490689346204
2,9,17.3,67759.14920700993,26.186402537329876,7947.094000444299,4225251754482545700,115962568438.68611,1,0.0067062561959054315,0,0.49973441494542725,2.6281099173255162,1403762.790905332,0.7664478913720589,0.15707963267948966,6437200.643909558,135722.4407230585,-1.9892059614655215
2,9,17.400000000000002,67631.27620066423,26.162492762243545,7946.5287744225725,4455352887656093000,119078288684.40099,1,0.00663212968411645,0,0.5121752233275512,2.7604777149514863,1411284.6660287804,0.7749041470829061,0.15707963267948966,6437056.251917151,136503.8360061062,-2.0984509456759115
2,9,17.5,67503.43539509736,26.138602554026633,7945.955583569964,4690409405920752000,122179095749.2927,1,0.00655964200674441,0,0.5248862139037394,2.898645531208736,1418753.9279237404,0.7833542466690248,0.15707963267948966,6436911.798414546,137285.16122473934,-2.2111208852650255
2,9,17.6,67375.62713342905,26.114731925208915,7945.37443340205,4930216076692248000,125263489934.19504,1,0.006488739604434465,0,0.5378682748998461,3.0428372191531396,1426171.2570025928,0.7917981182969069,0.15707963267948966,6436767.2837798735,138066.41563287014,-2.3272526068966632
2,9,17.7,67247.85175827611,26.090880888224383,7944.785329502199,5174570001014503000,128330138726.00298,1,0.00641937122642757,0,0.5511221918210982,3.1932841968650916,1433537.3144569686,0.8002356902866746,0.15707963267948966,6436622.708391097,138847.59848501658,-2.4468828997854577
2,9,17.8,67120.10961173195,26.06704945540854,7944.188277521432,5423271799131609000,131377869808.66182,1,0.006351487807491578,0,0.5646486496766627,3.350225643285681,1440852.7429961,0.8086668911147713,0.15707963267948966,6436478.072626025,139628.70903630878,-2.5700485152841366
2,9,17.900000000000002,66992.40103538707,26.0432376390027,7943.583283178274,5676126633374476000,134405663306.18863,1,0.006285042352663158,0,0.5784482514852024,3.51390869670814,1448118.1675473235,0.8170916494138952,0.15707963267948966,6436333.376862292,140409.74654249396,-2.696786166471735
2,9,18,66864.7263703011,26.019445451149956,7942.970352258596,5932945069949557000,137412643421.18051,1,0.006219989829183223,0,0.5925215124899822,3.684588655918846,1455334.1959261543,0.8255098939761759,0.15707963267948966,6436188.621477364,141190.7102599426,-2.827132527742939
2,9,18.1,66737.08595702052,25.99567290389907,7942.349490615488,6193543782070475000,140398069601.91534,1,0.006156287065153878,0,0.6068688818099321,3.8625291839821,1462501.41947224,0.8339215537532902,0.15707963267948966,6436043.806848524,141971.59944565487,-2.961124234398602
2,9,18.2,66609.48013555445,25.971920009201114,7941.720704169108,6457746101230737000,143361327386.8967,1,0.0060938926543918324,0,0.6214907367290871,4.048002514662772,1469620.4136581512,0.8423265578593728,0.15707963267948966,6435898.933352885,142752.41335726564,-3.098797882237104
2,9,18.3,66481.90924539324,25.948186778913385,7941.083998906511,6725382425253311000,146301919062.69675,1,0.006032766867080868,0,0.6363873919192699,4.2412896614808595,1476691.7386676737,0.8507248355710529,0.15707963267948966,6435754.001367369,143533.15125305086,-3.2401900271469954
2,9,18.400000000000002,66354.37362548988,25.924473224797037,7940.4393808815175,6996290490701829000,149219454231.0892,1,0.005972871565777982,0,0.6515591095270612,4.442680629391861,1483715.9399498934,0.8591163163299828,0.15707963267948966,6435609.011268713,144313.812391933,-3.3853371847006253
2,9,18.5,66226.87361425906,25.900779358517713,7939.786856214551,7270315524249762000,152113640434.3658,1,0.005914170126427638,0,0.6670060998643634,4.652474629086835,1490693.548747265,0.8675009297441686,0.15707963267948966,6435463.96343346,145094.3960334869,-3.5342758297489367
2,9,18.6,66099.40954957716,25.877105191646304,7939.126431092491,7547310280708472000,154984273890.36234,1,0.005856627364031732,0,0.6827285267124,4.870980293905864,1497625.0826000436,0.8758786055892406,0.15707963267948966,6435318.85823796,145874.90143794587,-3.687042396017379
2,9,18.7,65971.98176877666,25.85345073565877,7938.458111768509,7827134984190222000,157831230466.7196,1,0.00580020946265536,0,0.698726512960222,5.098515899358613,1504511.045828707,0.8842492738100818,0.15707963267948966,6435173.696058362,146655.3278662071,-3.843673275702905
2,9,18.8,65844.59060864337,25.829816001936436,7937.781904561915,8109657182460152000,160654456940.0034,1,0.00574488390947973,0,0.7150001422867103,5.335409585245516,1511351.929995082,0.8926128645222692,0.15707963267948966,6435028.47727061,147435.67457983727,-4.004204819072051
2,9,18.900000000000002,65717.2364054136,25.806201001766237,7937.097815857993,8394751528237869000,163453962614.2273,1,0.005690619432630705,0,0.731549467105735,5.581999580373115,1518148.2143434652,0.9009693080135047,0.15707963267948966,6434883.202250444,148215.94084107876,-4.168673334060349
2,9,19,65589.9194947714,25.782605746341076,7936.405852107849,8682299499729178000,166229811348.997,1,0.005637385942533078,0,0.7483745096164724,5.838634429856892,1524900.3662227795,0.9093185347450428,0.15707963267948966,6434737.871373396,148996.12591285497,-4.337115085872743
2,9,19.1,65462.64021184854,25.759030246760506,7935.706019828248,8972189071317891000,168982114028.75745,1,0.00558515447656071,0,0.7654752621470622,6.105673225004962,1531608.8414905965,0.9176604753529224,0.15707963267948966,6434592.485014778,149776.22905877646,-4.509566296585217
2,9,19.200000000000003,65335.39889120869,25.73547451402885,7934.998325601446,9264314347562971000,171711021522.20474,1,0.00553389714676097,0,0.7828516946070921,6.383485835775758,1538274.0849009813,0.9259950606502493,0.15707963267948966,6434447.043549682,150556.24954314574,-4.686063144747496
2,9,19.3,65208.195866856724,25.711938559057508,7934.282776075031,9558575169017970000,174416718134.0314,1,0.005483587090472141,0,0.8005037567951374,6.672453145802928,1544896.5304747547,0.9343222216277924,0.15707963267948966,6434301.547352981,151336.18663096378,-4.866641764987117
2,9,19.400000000000002,65081.03147223033,25.688422392664283,7933.559377961758,9854876699430496000,177099415562.0385,1,0.005434198423632243,0,0.8184313801612028,6.97296728998041,1551476.6018553781,0.9426418894557564,0.15707963267948966,6434155.996799321,152116.03958793535,-5.0513382476145745
2,9,19.5,64953.9060401991,25.66492602557393,7932.8281380393755,10153129004952388000,179759347382.49768,1,0.005385706196619209,0,0.8366344764251138,7.285431894600671,1558014.7126498143,0.9509539954850472,0.15707963267948966,6434010.392263114,152895.80768047483,-5.240188638229721
2,9,19.6,64826.81990305614,25.641449468417516,7932.089063150456,10453246629659169000,182396764030.75415,1,0.0053380863524581535,0,0.8551129438161578,7.610262320038984,1564511.2667559371,0.9592584712490271,0.15707963267948966,6433864.734118547,153675.4901757114,-5.4332289373292655
2,9,19.700000000000003,64699.77339252457,25.617992731734233,7931.342160202235,10755148176766552000,185011928293.66245,1,0.005291315687257213,0,0.8738666670770202,7.9478859059765,1570966.6586759302,0.9675552484642722,0.15707963267948966,6433719.022739563,154455.08634149496,-5.6304950999156285
2,9,19.8,64572.766839746386,25.59455582597025,7930.587436166441,11058755900206907000,187605111290.5015,1,0.005245371812722843,0,0.8928955247269804,8.298742219154827,1577381.2738181062,0.9758442590325039,0.15707963267948966,6433573.258499861,155234.59544640174,-5.832023035107008
2,9,19.900000000000002,64445.800575274974,25.57113876147821,7929.824898079117,11363995309985937000,190176588913.13068,1,0.005200233120635695,0,0.9121993758187333,8.663283303654712,1583755.4887865658,0.9841254350422602,0.15707963267948966,6433427.4417729005,156014.0167597397,-6.037848605748598
2,9,20,64318.87492908724,25.547741548519898,7929.0545530404415,11670794796810430000,192726638718.19568,1,0.005155878749173976,0,0.9317780841603159,9.041973933691374,1590089.6716584344,0.992398708769251,0.15707963267948966,6433281.572931885,156793.3495515544,-6.248007628025197
2,9,20.1,64191.990230562165,25.524364197263466,7928.276408214568,11979085278954371000,195255537246.0733,1,0.00511228855095509,0,0.9516314934911625,9.435291868918899,1596384.1822520837,1.0006640126789579,0.15707963267948966,6433135.652349774,157572.59309263376,-6.462535871074769
2,9,20.200000000000003,64065.14680849668,25.501006717786723,7927.490470829439,12288799871379503000,197763557721.6796,1,0.005069443062717821,0,0.9717594504481788,9.843728112236068,1602639.3723830215,1.0089212794267268,0.15707963267948966,6432989.680399264,158351.7466545147,-6.68146905660381
2,9,20.3,63938.34499108512,25.477669120074427,7926.696748176603,12599873581205400000,200250968130.60678,1,0.005027323476523431,0,0.9921617942786036,10.267787170085896,1608855.586111881,1.0171704418602805,0.15707963267948966,6432843.65745279,159130.80950948756,-6.904842858503404
2,9,20.400000000000002,63811.585105923936,25.454351414019822,7925.895247611059,12912243029215881000,202718029631.3606,1,0.004985911612407553,0,1.0128383572010218,10.70798731524106,1615033.1599817018,1.0254114330205528,0.15707963267948966,6432697.583882531,159909.78093060234,-7.132692902466932
2,9,20.5,63684.86748001538,25.431053609425852,7925.085976551045,13225846196653697000,205164995266.03287,1,0.004945189892389992,0,1.0337889726420244,11.164860852067317,1621172.423246282,1.0336441861425651,0.15707963267948966,6432551.460060392,160688.66019167376,-7.365054765608968
2,9,20.6,63558.19243975077,25.407775716003187,7924.268942477885,13540622200577751000,207592108967.12793,1,0.004905141315758309,0,1.0550134698779545,11.638954384256966,1627273.6980910946,1.0418686346576747,0.15707963267948966,6432405.2863580035,161467.4465672868,-7.601963976085473
2,9,20.700000000000003,63431.56031091418,25.38451774337142,7923.444152935782,13856511092648098000,209999604795.62787,1,0.004865749435565579,0,1.0765116796023373,12.130829085024253,1633337.299844933,1.0500847121944379,0.15707963267948966,6432259.063146727,162246.1393328024,-7.843456012715348
2,9,20.8,63304.97141867969,25.361279701059377,7922.611615531657,14173453684076659000,212387706411.03357,1,0.004826998336265091,0,1.0982834264030636,12.641060969754623,1639363.5371841285,1.0582923525799097,0.15707963267948966,6432112.7907976415,163024.73776436245,-8.089566304603148
2,9,20.900000000000002,63178.42608760763,25.33806159850516,7921.771337934951,14491391395410790000,214756626744.51285,1,0.004788872612420039,0,1.1203285335570894,13.170241171099551,1645352.712329354,1.0664914898409932,0.15707963267948966,6431966.469681549,163803.24113889545,-8.340330230763353
2,9,21,63051.92464164831,25.314863445057355,7920.923327877432,14810266126404733000,217106567824.37213,1,0.004751357348430834,0,1.1426468280860769,13.718976216508718,1651305.1212349192,1.0746820582052803,0.15707963267948966,6431820.100168958,164581.64873412164,-8.595783119745782
2,9,21.1,62925.467404122464,25.291685249972627,7920.067593153029,15130020149795944000,219437720769.97052,1,0.004714438099214862,0,1.1652381412215522,14.287888308191063,1657221.0537724728,1.0828639921034495,0.15707963267948966,6431673.682630087,165359.95982855896,-8.855960249262536
2,9,21.200000000000003,62799.05469772965,25.26852702241766,7919.204141617621,15450596022699350000,221750265896.69846,1,0.004678100871801471,0,1.188102295171835,14.877615605496336,1663100.7939067222,1.091037226169778,0.15707963267948966,6431527.217434867,166138.17370152724,-9.120896845815931
2,9,21.3,62672.68684454821,25.245388771469877,7918.332981188864,15771936517461078000,224044372937.4557,1,0.004642332107781849,0,1.2112391196767962,15.48881250970857,1668944.619865382,1.0992016952432175,0.15707963267948966,6431380.704952927,166916.28963315496,-9.390628084328421
2,9,21.400000000000002,62546.364166026004,25.2222705061165,7917.454119845985,16093984567486685000,226320201341.37515,1,0.00460711866656751,0,1.2346484457154736,16.122149951242832,1674752.8043035998,1.107357334369075,0.15707963267948966,6431234.145553595,167694.30690438353,-9.665189087773204
2,9,21.5,62420.086982975714,25.19917223525458,7916.567565629606,16416683229299825000,228577900653.84454,1,0.0045724478094181144,0,1.2583301039273003,16.778315679236627,1680525.6144624567,1.115504078800379,0.15707963267948966,6431087.539605896,168472.22479697302,-9.944614926806723
2,9,21.6,62293.85561557859,25.17609396769211,7915.673326641534,16739975656683915000,230817610944.4552,1,0.004538307184198642,0,1.2822839247473066,17.458014553527082,1686263.312321537,1.1236418639986774,0.15707963267948966,6430940.887478546,169250.04259350715,-10.228940619402143
2,9,21.700000000000003,62167.670383377,25.153035712147567,7914.77141104458,17063805087005102000,233039463281.1923,1,0.004504684810822228,0,1.3065097456609376,18.161968839005176,1691966.1547468447,1.1317706256355746,0.15707963267948966,6430794.189539951,170027.75957739862,-10.518201130484538
2,9,21.8,62041.53160527442,25.129997477250498,7913.861827062362,17388114837689510000,235243580235.0058,1,0.004471569067347766,0,1.3310074024839966,18.890918502337975,1697634.3936332962,1.139890299593763,0.15707963267948966,6430647.446158199,170805.3750328948,-10.812431371567456
2,9,21.900000000000002,61915.43959952798,25.106979271540947,7912.944582979087,17712848311336395000,237430076403.54816,1,0.00443894867669437,0,1.355776731398179,19.645621511049953,1703268.2760427576,1.1480008219685363,0.15707963267948966,6430500.65770106,171582.8882450825,-11.111666200390717
2,9,22,61789.39468375221,25.08398110347073,7912.019687139379,18037949007790211000,239599058942.6623,1,0.004406812693945697,0,1.3808175773203908,20.426854134954244,1708868.0443369208,1.1561021290685642,0.15707963267948966,6430353.824535985,172360.29849989296,-11.415940420559629
2,9,22.1,61663.39717490971,25.061002981402524,7911.087147948068,18363360543888310000,241750628110.78647,1,0.0043751504942077715,0,1.4061297838458766,21.235411249924763,1714433.93630637,1.164194157417515,0.15707963267948966,6430206.947030092,173137.60508410758,-11.725288781185794
2,9,22.200000000000003,61537.44738931116,25.038044913610566,7910.146973869999,18689026676147330000,243884877795.4931,1,0.004343951760997862,0,1.4317131943468784,22.072106643999863,1719966.1852949313,1.1722768437550568,0.15707963267948966,6430060.025550174,173914.80728536248,-12.039745976529225
2,9,22.3,61411.54564260971,25.0151069082803,7909.199173429818,19014891330262688000,246001896049.20538,1,0.004313206475133875,0,1.4575676628398007,22.9377733258083,1725465.0203202008,1.180350125038221,0.15707963267948966,6429913.060462686,174691.90439215436,-12.359346645642072
2,9,22.400000000000002,61285.69224980287,24.992188973509304,7908.243755211768,19340898630830030000,248101765592.12888,1,0.004282904904102417,0,1.4836930406634883,23.833263835308102,1730930.6661897774,1.1884139384422527,0.15707963267948966,6429766.052133751,175468.8956938451,-12.684125372013535
2,9,22.5,61159.88752522785,24.9692911173072,7907.280727859503,19666992935985610000,250184564315.0294,1,0.004253037591878333,0,1.5100891786644373,24.759450556828874,1736363.3436140595,1.196468221361909,0.15707963267948966,6429619.000929154,176245.78048066705,-13.01411668321642
2,9,22.6,61034.13178255968,24.94641334759593,7906.310100075861,19993118871581417000,252250365748.67828,1,0.004223595349175678,0,1.5367559361960201,25.71722603440803,1741763.26931525,1.2045129114125344,0.15707963267948966,6429471.907214329,177022.55804372806,-13.349355050555078
2,9,22.700000000000003,60908.425334800966,24.93390383771658,7905.331880622681,25975084029211464000,287521291878.6468,1,0.003832641636953665,0,1.5636931715259879,26.707503289411385,1827763.3368065911,1.3270524105534303,0.15707963267948966,6429324.773920765,177799.22268764352,-13.690125082477513
2,9,22.8,60782.770921842195,24.924898782153143,7904.23852113446,34654283181544907000,332100852567.84216,1,0.003407783967737628,0,1.5909007469948326,27.732437888049255,1937549.6076841832,1.4920868170444361,0.15707963267948966,6429177.607499328,178575.76187953603,-14.037054272786603
2,9,22.900000000000002,60657.17460894305,24.915411454462024,7902.990101131773,43747480906147790000,373136776754.8152,1,0.003067861308493151,0,1.6183785275136926,28.79478836230147,2041104.3091720836,1.656888287846731,0.15707963267948966,6429030.415349436,179352.1612464324,-14.39086214899547
2,9,23,60531.643352071755,24.90544315420262,7901.586834184594,53023584583665790000,410795873746.693,1,0.0027897327131754636,0,1.6461263843888532,29.897499636108904,2139293.642865031,1.8214284400329386,0.15707963267948966,6428883.204860584,180128.4064374632,-14.752266783986219
2,9,23.1,60406.18409083411,24.89499526228,7900.028960530769,62322582787558600000,445363121391.41394,1,0.0025579638103899547,0,1.67414418799236,31.043711371964363,2232788.5632270896,1.9856790104905087,0.15707963267948966,6428735.983410823,180904.483126197,-15.121984632261936
2,9.5,13.200000000000001,73025.36815888621,27.183382349761878,7963.351843755204,40386731540527950,11337332514.432592,1,0.01242588683685461,1,0.18672523124561863,0.24516547629058652,1037606.6901997619,0.4153464369169958,0.1658062789394613,6443063.071928688,103634.19104467881,0
2,9.5,13.3,72896.4760775473,27.1586823340079,7963.117070512041,49529122124254900,12555148266.284588,1,0.012171806986188983,1,0.19117427967066014,0.2624033624549392,1048287.7725007919,0.4239915667833906,0.1658062789394613,6442921.528852195,104417.80992488014,-0.0009859732491241048
2,9.5,13.4,72767.60179761704,27.134001296909688,7962.874166244256,60330202580667230,13856671534.31937,1,0.011927942596665643,1,0.1956977164294441,0.2807264963222483,1058852.6674971129,0.43263359413761593,0.1658062789394613,6442779.908656883,105201.38977443425,-0.003963941750896438
2,9.5,13.5,72638.74560044426,27.109339240438903,7962.623133587914,73008648974283200,15243289102.334656,1,0.011693690237359838,1,0.20030158128996567,0.3001837497060089,1069304.6072356831,0.4412724475911378,0.1658062789394613,6442638.21172366,105984.92982757775,-0.008973992711682323
2,9.5,13.600000000000001,72509.90784621984,27.084696181141947,7962.363975246384,87798178278493100,16716073919.648474,1,0.011468493221512117,1,0.204992299418521,0.32082587402638063,1079646.6564528407,0.4499080505126969,0.1658062789394613,6442496.4384334395,106768.42931890144,-0.016056192497436294
2,9.5,13.700000000000001,72381.08889477234,27.06007213545898,7962.096693995275,104946624746353090,18275773554.466858,1,0.011251837035695988,1,0.20977661474403272,0.3427055835511909,1089881.7300789866,0.45854032635815234,0.1658062789394613,6442354.5891671395,107551.88748335587,-0.02525058616290929
2,9.5,13.8,72252.28910556808,27.035467119724906,7961.821292682346,124714721871648690,19922800761.22364,1,0.011043245420359803,1,0.21466152340473993,0.3658776414434606,1100012.6031650722,0.46716919867199463,0.1658062789394613,6442212.664305676,108335.30355625835,-0.03659719698148724
2,9.5,13.9,72123.50883770175,27.010881150168615,7961.537774227426,147374599385305760,21657227034.873646,1,0.010842276879492485,1,0.21965422061277923,0.3903989486137437,1110041.9199823055,0.47579459108948047,0.1658062789394613,6442070.664229953,109118.67677329895,-0.05013602597565781
2,9.5,14,71994.74844989274,26.986314242913288,7961.246141622334,173208006751433340,23478779247.114326,1,0.010648521565604049,1,0.22476204067439823,0.41632863537547343,1119972.2023766164,0.4844164273383899,0.1658062789394613,6441928.589320869,109902.00637054663,-0.06590705144812195
2,9.5,14.100000000000001,71866.00830048602,26.961766413977553,7960.946397930794,202504282201729200,25386839433.79963,1,0.010461598493764827,1,0.22999240912721333,0.44372815590140274,1129805.857451124,0.4930346312404652,0.1658062789394613,6441786.439959311,110685.29158445571,-0.08395022851356972
2,9.5,14.200000000000001,71737.28874744661,26.937237679275384,7960.638546288341,235558093193751900,27380447734.9066,1,0.010281153044835737,1,0.23535279578069063,0.4726613854791319,1139545.1846422856,0.501649126713284,0.1658062789394613,6441644.216526136,111468.53165187276,-0.10430548863114472
2,9.5,14.3,71608.59014834557,26.912728054614572,7960.3225899022445,272666981151882720,29458308465.31138,1,0.010106854723460635,1,0.24085067064410914,0.5031947205636085,1149192.3822473942,0.5102598377726928,0.1658062789394613,6441501.919402183,112251.72581004199,-0.1270127391375536
2,9.5,14.4,71479.91286037024,26.888237555699472,7959.998532051403,314128749115140160,31618799233.96944,1,0.009938395141042255,0,0.2464934593991148,0.5353971816243909,1158749.5534521262,0.5188666885336085,0.1658062789394613,6441359.548968269,113034.87329661183,-0.15211186278090244
2,9.5,14.5,71351.25724031776,26.86376619813084,7959.666376086266,360238736153372400,33859982996.740406,1,0.009775486197744295,0,0.25228851051398643,0.5693405187853608,1168218.7119069817,0.5274696032119427,0.1658062789394613,6441217.105605175,113817.97334964175,-0.17964271725525516
2,9.5,14.600000000000001,71222.62364458758,26.83931399740539,7959.326125428736,411287026148444350,36179622874.70258,1,0.009617858440997752,0,0.2582430611125713,0.605099320254473,1177601.7868921505,0.5360685061265836,0.1658062789394613,6441074.589693648,114601.02520760767,-0.20964513473586352
2,9.5,14.700000000000001,71094.01242917869,26.81488096891621,7958.977783572064,467555641519602400,38575199546.73185,1,0.009465259580844054,0,0.2643642051996008,0.6427511235410301,1186900.6281069124,0.5446633217010619,0.1658062789394613,6440932.001614398,115384.02810940875,-0.24215892141518028
2,9.5,14.8,70965.42394968681,26.79046712795326,7958.621354080778,529315773425473700,41043930972.27668,1,0.009317453144901258,0,0.27065886871854306,0.6823765294578676,1196117.010116701,0.5532539744652137,0.1658062789394613,6440789.341748088,116166.9812943737,-0.2772238570396011
2,9.5,14.9,70836.85856129788,26.766072489703017,7958.256840590548,596825100122997400,43582794183.37041,1,0.009174217257866466,0,0.2771337832262557,0.7240593189057392,1205252.6364874865,0.5618403890570841,0.1658062789394613,6440646.6104753325,116949.88400226677,-0.3148796944469596
2,9.5,15,70708.3166187862,26.741697069249206,7957.884246808122,670325243683863300,46188548859.75418,1,0.009035343532315268,0,0.28379546663793037,0.7678865724370874,1214309.1436333943,0.57042249022452,0.1658062789394613,6440503.8081767,117732.73547329409,-0.3551661591047968
2,9.5,15.100000000000001,70579.7984765144,26.71734088157361,7957.503576511204,750039411860249600,48857762362.891106,1,0.00890063605913185,0,0.2906502089229679,0.8139487925962896,1223288.104401608,0.5790002028266301,0.1658062789394613,6440360.935232695,118515.53494810953,-0.39812294864939357
2,9.5,15.200000000000001,70451.30448841862,26.693003941554373,7957.114833548359,836170268532698400,51586835921.59759,1,0.008769910487266538,0,0.29770404970664877,0.8623400290333667,1232191.031417331,0.5875734518362398,0.1658062789394613,6440217.9920237735,119298.28166782172,-0.44378973242566105
2,9.5,15.3,70322.83500802517,26.668686263969875,7956.718021838893,928898070059586400,54372031623.4347,1,0.008642993183778905,0,0.304962773406793,0.9131580063880453,1241019.380204979,0.5961421623402179,0.1658062789394613,6440074.978930321,120080.97487399938,-0.49220615102774873
2,9.5,15.4,70194.39038842358,26.644387863494863,7956.313145372777,1028379098940198300,57209499878.19421,1,0.008519720466040557,0,0.312431902222005,0.9665042549409624,1249774.5521086368,0.6047062595427375,0.1658062789394613,6439931.896332653,120863.61380867813,-0.5434118158405484
2,9.5,15.5,70065.97098227777,26.620108754703278,7955.900208210503,1134744419477555600,60095307029.54753,1,0.008399937899042528,0,0.32011668567893053,1.0224842440287054,1258457.897021956,0.6132656687659649,0.1658062789394613,6439788.74461102,121646.19771436612,-0.5974463085819596
2,9.5,15.600000000000001,69937.57714181673,26.595848952067573,7955.479214483003,1248098971959783200,63025462779.572395,1,0.008283499651404175,0,0.32802209962887946,1.0812075182192817,1267070.7159462548,0.6218203154521247,0.1658062789394613,6439645.524145588,122428.72583405061,-0.6543491808460711
2,9.5,15.700000000000001,69809.20921882987,26.571608469958747,7955.050168391526,1368521014953007900,65995947128.68134,1,0.00817026790446277,0,0.33615284546046553,1.1427878362445096,1275614.263388228,0.6303701251652437,0.1658062789394613,6439502.235316452,123211.19741120427,-0.7141599536471548
2,9.5,15.8,69680.86756466981,26.54738732264772,7954.613074207528,1496061916873360100,69002736532.48476,1,0.008060112309411087,0,0.34451335041805314,1.2073433126857296,1284089.7496091868,0.6389150235923899,0.1658062789394613,6439358.878503614,123993.61168979079,-0.7769181169645122
2,9.5,15.9,69552.55253024027,26.523185524304054,7954.167936272548,1630746290642046200,72041829005.9501,1,0.007952909487967393,0,0.353107771821403,1.2749965624091346,1292498.342738342,0.6474549365459068,0.1658062789394613,6439215.454086994,124775.96791427112,-0.8426631292882055
2,9.5,16,69424.26446600072,26.499003088997743,7953.7147589981105,1772572458942390800,75109267948.93199,1,0.007848542572584376,0,0.36193999803231297,1.3458748477469178,1300841.1707580374,0.655989789964521,0.1658062789394613,6439071.9624464195,125558.26532960976,-0.9114344171657076
2,9.5,16.1,69296.00372195523,26.474840030698033,7953.253546865596,1921513229543855000,78201164458.62254,1,0.007746900782566346,0,0.37101366147874926,1.4201102284203433,1309119.3233723035,0.6645195099155017,0.1658062789394613,6438928.403961618,126340.50318128108,-0.9832713747494661
2,9.5,16.2,69167.77064765524,26.450696363274798,7952.784304426117,2077516955978248200,81313717961.20023,1,0.007647879032887816,0,0.38033214078096395,1.4978397142007462,1317333.85376516,0.6730440225958801,0.1658062789394613,6438784.779012224,127122.68071527511,-1.058213363345299
2,9.5,16.3,69039.56559219025,26.42657210049782,7952.3070363004135,2240508853737785600,84443235016.59425,1,0.007551377572788112,0,0.3898985676161587,1.5792054203043677,1325485.7802581298,0.6815632543344785,0.1658062789394613,6438641.087977758,127904.79717810384,-1.136299710961808
2,9.5,16.400000000000002,68911.38890418783,26.402467256037568,7951.821747178714,2410392537313232400,87586146162.71857,1,0.007457301651546445,0,0.39971583932640464,1.6643547255168416,1333576.0878725848,0.6900771315933029,0.1658062789394613,6438497.331237642,128686.85181680655,-1.2175697118606041
2,9.5,16.5,68783.2409318136,26.37838184346618,7951.328441820629,2587051742847741400,90739020741.7766,1,0.007365561209075504,0,0.4097866315706745,1.7534404330430415,1341605.729804094,0.6985855809689381,0.1658062789394613,6438353.509171179,129468.84387895698,-1.3020626261076764
2,9.5,16.6,68655.12202275265,26.354315876254933,7950.827125055015,2770352197291483600,93898579639.37045,1,0.0072760705891968674,0,0.4201134004119675,1.8466209340779183,1349575.6288159103,0.7070885291951808,0.1658062789394613,6438209.622157559,130250.77261266837,-1.3898176791254844
2,9.5,16.7,68527.03252422903,26.330269367778566,7950.3178017798455,2960143595378922500,97061705921.22588,1,0.007188748273720086,0,0.4306984006979532,1.944060374093837,1357486.6785534562,0.7155859031431077,0.1658062789394613,6438065.670575848,131032.63726660033,-1.4808740612462525
2,9.5,16.8,68398.97278297879,26.306242331311438,7949.800476962091,3156261646536809000,100225453388.51317,1,0.007103516635529696,0,0.44154369325699727,2.0459288218398513,1365339.7447903482,0.7240776298242612,0.1658062789394613,6437921.6548049925,131814.43708996451,-1.575270927266088
2,9.5,16.900000000000002,68270.94314526301,26.282234780030585,7949.275155637583,3358530154328323600,103387053086.93272,1,0.007020301709169357,0,0.4526511537173676,2.1524024410482445,1373135.6666050605,0.7325636363911452,0.1658062789394613,6437777.57522381,132596.17133253024,-1.6730473960000791
2,9.5,17,68142.94395685941,26.258246727015127,7948.741842910884,3566763091966347000,106543917814.77098,1,0.006939032977454869,0,0.4640224880576591,2.2636636648435697,1380875.2574965053,0.7410438501391489,0.1658062789394613,6437633.432210982,133377.8392446313,-1.7742425498385834
2,9.5,17.1,68014.97556305304,26.23427818524552,7948.200543955164,3780766644039887000,109693644759.13463,1,0.006859643172837089,0,0.47565923902059226,2.379901372849333,1388559.3064412102,0.7495181985085324,0.1658062789394613,6437489.226145061,134159.44007717102,-1.8788954343042612
2,9.5,17.2,67887.0383086456,26.210329167605916,7947.651264012049,4000341181984871000,112834016317.47897,1,0.006782068092350585,0,0.48756280193320073,2.5013110709873683,1396188.5788945453,0.7579866090851491,0.1658062789394613,6437344.957404449,134940.97308162888,-1.987045057610395
2,9.5,17.3,67759.132537934,26.186399686881362,7947.094008391503,4225283150217946000,115962999267.8489,1,0.00670624642504722,0,0.49973442735903606,2.6280950739648516,1403763.8177425538,0.7664490096032321,0.1658062789394613,6437200.626367413,135722.4375100661,-2.0987303902200396
2,9.5,17.400000000000002,67631.25859472528,26.16248975576114,7946.528782471674,4455386838892406300,119078742391.15765,1,0.006632119590981317,0,0.5121752353681212,2.7604626904438163,1411285.744203338,0.7749053279457309,0.1658062789394613,6437056.233412069,136503.83261513204,-2.2139903644064067
2,9.5,17.5,67503.41682232078,26.138599386836884,7945.955591698775,4690446027603346000,122179572722.08368,1,0.00655963159081665,0,0.5248862260803276,2.8986304108879315,1418755.0586851563,0.783355492146713,0.1658062789394613,6436911.778916381,137285.1576500698,-2.33286387381417
2,9.5,17.6,67375.60756351892,26.114728592603846,7945.374441586921,4930255484025480000,125263990550.20749,1,0.006488728865273733,0,0.537868287744077,3.0428220980812144,1426172.4416008617,0.791799430392498,0.1658062789394613,6436767.263258157,138066.41186872195,-2.455389773021828
2,9.5,17.7,67247.83116060589,26.090877385460125,7944.785337718008,5174612309709097000,128330663356.0251,1,0.006419360163657845,0,0.5511222037184341,3.1932691803132536,1433538.5541431615,0.800237071023609,0.1658062789394613,6436622.686815042,138847.59452553684,-2.5816068771053127
2,9.5,17.8,67120.08795535658,26.067045777707598,7944.188285741555,5423317125120727000,131378418814.84071,1,0.006351476420802365,0,0.5646486633294526,3.350210847225429,1440854.0390216596,0.8086683425360216,0.1658062789394613,6436478.04996452,139628.70487557392,-2.7115539612024566
2,9.5,17.900000000000002,66992.37828903086,26.043233781552125,7943.583291374568,5676175093126984000,134406237047.02446,1,0.006285030641797971,0,0.5784482669211825,3.5138942483125177,1448119.5211648191,0.8170931735827275,0.1658062789394613,6436333.353083907,140409.74217451058,-2.84526976007886
2,9.5,18,66864.70250237081,26.01944140910385,7942.970360401397,5932996780422268000,137413242251.70912,1,0.0062199777939417845,0,0.592521530841308,3.684574694073992,1455335.6083885357,0.8255114929752234,0.1658062789394613,6436188.59655035,141190.70567864674,-2.982792967694487
2,9.5,18.1,66737.06093559694,25.99566867237731,7942.349498673574,6193598860959850000,140398693877.1949,1,0.006156274705383395,0,0.6068688997598711,3.8625158598092013,1462502.8920333495,0.8339232296850575,0.1658062789394613,6436043.780740819,141971.59464491185,-3.124162236771822
2,9.5,18.2,66609.45392840263,25.971915583291313,7941.720712109677,6457804667082871000,143361977463.49722,1,0.006093879969988068,0,0.6214907554071136,4.047989992050572,1469621.9475721358,0.8423283128454933,0.1658062789394613,6435898.906032096,142752.40833087006,-3.2694161783647955
2,9.5,18.3,66481.88181994669,25.948182153668455,7941.08400669518,6725444597224252000,146302595296.18533,1,0.006032753857976622,0,0.6363874107526125,4.241278117628839,1476693.3351899362,0.8507266717532966,0.1658062789394613,6435753.972800793,143533.145994726,-3.4185933614290023
2,9.5,18.400000000000002,66354.34494886454,25.92446839523776,7940.43938848229,6996356389436767000,149220156985.65033,1,0.005972858231946473,0,0.651559129076003,4.4426702553642485,1483717.600336279,0.8591182358692616,0.1658062789394613,6435608.981423327,144313.80689533093,-3.571732312393157
2,9.5,18.5,66226.84365324862,25.900774319632156,7939.786863589804,7270385271106202000,152114370074.1429,1,0.005914156467876999,0,0.6670061207052239,4.652465630377562,1490695.274254344,0.8675029348207937,0.1658062789394613,6435463.932275923,145094.3902921883,-3.72887151473157
2,9.5,18.6,66099.37827065587,25.877099938390526,7939.1264382029585,7547383998512788000,154985030787.32642,1,0.005856613380803292,0,0.6827285476970192,4.870972891014636,1497626.8744849593,0.8758806984026772,0.1658062789394613,6435318.825734616,145874.89544545976,-3.890049408537913
2,9.5,18.7,65971.94913809747,25.8534452629567,7938.458118573259,7827212797391240000,157832015001.7228,1,0.005800195154819969,0,0.6987265346612919,5.098510328378216,1504512.905349281,0.884251456579016,0.1658062789394613,6435173.662175238,146655.32161597058,-4.055304390100072
2,9.5,18.8,65844.55659204163,25.829810304680706,7937.781911018333,8109739216519887000,160655269496.17514,1,0.005744869277136795,0,0.7150001623857427,5.33540609846054,1511353.8584096085,0.8926151394842999,0.1658062789394613,6435028.441973422,147435.6680652157,-4.2246748114763
2,9.5,18.900000000000002,65717.2009684071,25.806195074818405,7937.097821921762,8394837910701637000,163454803587.28247,1,0.005690604475905668,0,0.731549489117644,5.581998446870212,1518150.2129107094,0.9009716774250864,0.1658062789394613,6434883.165504584,148215.93405536495,-4.398198980072449
2,9.5,19,65589.88260255288,25.78259958453056,7936.40585773294,8682390359461840000,166230681139.12033,1,0.0056373706615720125,0,0.7483745335619917,5.838635936146767,1524902.4362023997,0.9093210008819228,0.1658062789394613,6434737.833143944,148996.1188492693,-4.575915158220555
2,9.5,19.1,65462.60182929225,25.759023844885913,7935.706024966893,8972284538851672000,168983013043.62653,1,0.0055851388715310365,0,0.765475284407635,6.1056776756562146,1531610.984142763,0.9176630405096471,0.1658062789394613,6434592.4452665,149776.22171046623,-4.757861562758589
2,9.5,19.200000000000003,65335.35898287501,25.735467866858933,7934.998330204125,9264414555707513000,171711950182.2053,1,0.005533881217851334,0,0.7828517163937018,6.383493554060777,1538276.301486116,0.9259977271397913,0.1658062789394613,6434447.002247031,150556.24190318582,-4.944076364611479
2,9.5,19.3,65208.15439698566,25.711931661330247,7934.282780090445,9558680251724745000,174417676861.15082,1,0.00548357083788788,0,0.8005037817203204,6.67246447435598,1544898.8222538815,0.9343249917819242,0.1658062789394613,6434301.504460095,151336.1786923559,-5.134597688373327
2,9.5,19.400000000000002,65080.98840474617,25.6884152390879,7933.55938133682,9854986792852992000,177100404789.3481,1,0.005434181847595531,0,0.818431405826581,6.9729825914681,1551478.9700898565,0.9426447656246798,0.1658062789394613,6434155.952280028,152116.03134360802,-5.329463611890887
2,9.5,19.5,64953.86133870948,25.664918610826927,7932.828140719187,10153244246806151000,179760367547.88858,1,0.005385689297367043,0,0.8366345021853488,7.285451552404963,1558017.1586013834,0.9509569800373932,0.1658062789394613,6434010.346080932,152895.79912328263,-5.528712165848299
2,9.5,19.6,64826.773530855775,25.6414417871495,7932.089065078306,10453367159524170000,182397815579.3664,1,0.0053380691302422215,0,0.8551129721008286,7.6102867389529365,1564513.7916865028,0.9592615665715472,0.1658062789394613,6433864.686236673,153675.48129843542,-5.7323813333532865
2,9.5,19.700000000000003,64699.72531258501,25.617984778564374,7931.342161319562,10755274136240941000,185013011678.8762,1,0.005291298142338657,0,0.8738666967041704,7.947915512912916,1570969.2638481013,0.9675584569624582,0.1658062789394613,6433718.973120888,154455.07713684262,-5.940509049524403
2,9.5,19.8,64572.717014728114,25.5945475954895,7930.587436412824,11058887432357745000,187606226968.91257,1,0.005245353945375458,0,0.8928955532410594,8.298777463867992,1577383.9604945222,0.9758475831297151,0.1658062789394613,6433573.2071069665,155234.58590700605,-6.1531332010795685
2,9.5,19.900000000000002,64445.74896752555,25.57113024824919,7929.824897392261,11364132559259308000,190177737343.7274,1,0.005200214931143918,0,0.9121994094176116,8.663324659475421,1583758.2582299865,0.9841288771797854,0.1658062789394613,6433427.388568051,156014.00687815936,-6.370291625926141
2,9.5,20,64318.82150063291,25.547732747075685,7929.054551356156,11670937909660730000,192727820367.5401,1,0.005155860237828772,0,0.9317781154003646,9.042021898275426,1590092.5251321688,0.9924022714068055,0.1658062789394613,6433281.517877049,156793.33932027337,-6.592022112752133
2,9.5,20.1,64191.934943127446,25.524355102111002,7928.276405466745,11979234402862141000,195256752580.02545,1,0.005112269718059681,0,0.9516315279959887,9.435346965009265,1596387.1210189217,1.0006676982933116,0.1658062789394613,6433135.595406596,157572.58250406155,-6.818362400618831
2,9.5,20.200000000000003,64065.08962348197,25.500997323403325,7927.490466950045,12288955155663028000,197764807212.09677,1,0.005069423908578887,0,0.9717594850939131,9.843790888438924,1602642.3977064132,1.008925090513131,0.1658062789394613,6432989.621529087,158351.7357009856,-7.04935017855465
2,9.5,20.3,63938.285869582556,25.477659420910612,7926.696743095667,12600035176032300000,200252252247.33105,1,0.005027304001455607,0,0.9921618277456967,10.267858201660736,1608858.6992550762,1.0171743809313503,0.1658062789394613,6432843.59661665,159130.79818326051,-7.2850230851503195
2,9.5,20.400000000000002,63811.524008714594,25.454341404498965,7925.895241256638,12912411086007183000,202719348845.63925,1,0.004985891816731509,0,1.0128383926568048,10.708067204905085,1615036.3622078658,1.0254155026063818,0.1658062789394613,6432697.52104115,159909.76922386125,-7.52541870815582
2,9.5,20.5,63684.804367562756,25.43104328394334,7925.085968849222,13226020867977685000,205166350049.78375,1,0.004945169776429471,0,1.0337890075682326,11.164950230814313,1621175.7158188268,1.0336483887910988,0.1658062789394613,6432551.3951741895,160688.64809652662,-7.770574584077942
2,9.5,20.6,63558.12727221288,25.407765068928562,7924.268933352746,13540803640024263000,207593499792.10696,1,0.004905120879843244,0,1.0550135081081893,11.639053912190892,1627277.082273015,1.0418729729338345,0.1658062789394613,6432405.219387094,161467.434075766,-8.020528197779951
2,9.5,20.700000000000003,63431.49304813612,25.38450676904734,7923.4441423094,13856699454006403000,210001032127.3751,1,0.004865728680028903,0,1.076511717311316,12.130939452207752,1633340.776899173,1.0500891886805517,0.1658062789394613,6432258.994050916,162246.1264368639,-8.275316982082147
2,9.5,20.8,63304.90202019829,25.361268393802572,7922.611603324082,14173649122613471000,212389170718.90137,1,0.00482697726144349,0,1.098283461673057,12.641182897072664,1639367.1083733204,1.0582969698753353,0.1658062789394613,6432112.719536433,163024.724455886,-8.534978317364107
2,9.5,20.900000000000002,63178.35451265052,25.338049952606383,7921.771324064175,14491594066337327000,214758128490.31332,1,0.004788851218652956,0,1.120328570808795,13.17037541113848,1645356.3789158291,1.0664962505621074,0.1658062789394613,6431966.396214135,163803.2274096843,-8.79954953116816
2,9.5,21,63051.85084912926,25.314851454780896,7920.923312259398,14810476185834154000,217108107469.9012,1,0.004751335636058453,0,1.1426468686443432,13.71912355445086,1651308.884480938,1.0746869649857296,0.1658062789394613,6431820.02445423,164581.63457590254,-9.069067897804336
2,9.5,21.1,62925.39135264978,25.29167290955777,7920.067575701595,15130237753514150000,219439298768.2743,1,0.004714416068580018,0,1.1652381818573136,14.28804956272521,1657224.9149397546,1.0828690475935154,0.1658062789394613,6431673.604626635,165359.94523298126,-9.34357063795666
2,9.5,21.200000000000003,62798.976345603354,25.26851432607844,7919.204122244555,15450821327327867000,221751882700.96512,1,0.0046780785232482325,0,1.1881023365376293,14.877791629744276,1663104.7542565684,1.0910424330364996,0.1658062789394613,6431527.137100974,166138.1586601635,-9.62309491829095
2,9.5,21.3,62672.606149760075,25.2453757133952,7918.332959803823,15772169679039551000,224046028991.12167,1,0.004642309441654977,0,1.211239163719991,15.489004192167936,1668948.6806586445,1.0992070561703189,0.1658062789394613,6431380.6222465765,166916.27413750012,-9.90767785106415
2,9.5,21.400000000000002,62546.281086261384,25.222257080470698,7917.454096356503,16094225742300990000,226321897084.52124,1,0.004607095683212479,0,1.2346484943621059,16.122358216746527,1674756.966800566,1.107362852056775,0.1658062789394613,6431234.060432467,167694.29094585494,-10.197356493734798
2,9.5,21.5,62420.001475614496,25.199158436177598,7916.5675399410675,16416932573579076000,228579636521.39713,1,0.004572424509180876,0,1.2583301520335228,16.778541489929033,1680529.8799227613,1.115509755965254,0.1658062789394613,6431087.452027372,168472.20836691023,-10.492167848575335
2,9.5,21.6,62293.76763769612,25.176079789299926,7915.673298657174,16740233325909748000,230819387361.80124,1,0.004538283567425399,0,1.2822839741889758,17.45825890985737,1686267.6820041025,1.1236477033735353,0.1658062789394613,6430940.7973997025,169250.02568317158,-10.792148862285437
2,9.5,21.700000000000003,62167.579891740344,25.153021148531696,7914.771380665457,17064071236980982000,233041280672.01944,1,0.004504660877858001,0,1.3065097926098674,18.162232780737895,1691970.6299100283,1.1317766299696268,0.1658062789394613,6430794.09691757,170027.74217797344,-11.097336425607203
2,9.5,21.8,62041.438556349836,25.12998252247934,7913.861794187335,17388389623063808000,235245439011.54562,1,0.004471544818537965,0,1.3310074476009504,18.89120310958126,1697638.9755344868,1.1398964716520579,0.1658062789394613,6430647.350948759,170805.35713548466,-11.407767372941793
2,9.5,21.900000000000002,61915.34394947719,25.106963919659414,7912.94454750483,17713131886503539000,237431976973.20645,1,0.004438924112383393,0,1.3557767778923029,19.645927905301548,1703272.9659385476,1.1480071645321428,0.1658062789394613,6430500.559860743,171582.86984071322,-11.723478481967211
2,9.5,22,61789.29638842866,25.08396534849975,7912.0196489603395,18038241526402860000,239601001705.11655,1,0.004406787814475617,0,1.3808176265546175,20.427183480165677,1708872.843483247,1.1561086449347395,0.1658062789394613,6430353.724020668,172360.2795795115,-12.044506473257846
2,9.5,22.1,61663.29618986603,25.06098681734041,7911.08710695646,18363662158568331000,241752613456.51785,1,0.004375125299919921,0,1.4061298331301848,21.235764753583886,1714438.8459581162,1.1642008493991418,0.1658062789394613,6430206.84379536,173137.58563858137,-12.370888009905475
2,9.5,22.200000000000003,61537.34366979636,25.0380283344327,7910.146929955787,18689337539198200000,243886906110.9111,1,0.004343926252231767,0,1.4317132437324047,22.07248555823208,1719971.2067060375,1.1722837146807552,0.1658062789394613,6430059.919551314,173914.78730547996,-12.702659697141964
2,9.5,22.3,61411.4391435748,25.015089907940176,7909.199126480697,19015211592820230000,246003967711.44324,1,0.004313180652228319,0,1.4575677122768698,22.93817894849675,1725470.154743356,1.1803571777518997,0.1658062789394613,6429912.951654688,174691.8838686239,-13.039858081962953
2,9.5,22.400000000000002,61285.58292589523,24.992171545937822,7908.243705113161,19341228442757810000,248103880968.8319,1,0.004282878767393739,0,1.4836930882700134,23.833697511233034,1730935.9148766692,1.1884211758034198,0.1658062789394613,6429765.940471311,175468.8746172956,-13.38251965275385
2,9.5,22.5,61159.77533079311,24.969273256413086,7907.280674494534,19667332446430150000,250186723768.34152,1,0.004253011141700615,0,1.510089224344275,24.759913678826628,1736368.7078152446,1.1964756462454598,0.1658062789394613,6429618.88636667,176245.75884164695,-13.730680838916403
2,9.5,22.6,61034.016671645455,24.94639504726645,7906.310043325343,19993468228513580000,252252569632.66235,1,0.004223568585861346,0,1.5367559799978043,25.71772004454978,1741768.7502799423,1.2045205267084411,0.1658062789394613,6429471.789705905,177022.53583270538,-14.084378010497744
2,9.5,22.700000000000003,60908.30726115592,24.933898424470094,7905.331820365107,25983018464333832000,287565202128.2909,1,0.0038321926910946666,0,1.5636932166911852,26.708029680202024,1827870.3541799674,1.3272078560635123,0.1658062789394613,6429324.6534213135,177799.19988815123,-14.44391178720112
2,9.5,22.8,60782.649839824066,24.92489279025854,7904.238318572144,34662970259247153000,332142475202.45166,1,0.003407419991676053,0,1.5909007908507538,27.732999803243228,1937652.9391850652,1.492246123285614,0.1658062789394613,6429177.48396163,178575.73846743055,-14.809944561141956
2,9.5,22.900000000000002,60657.05047056358,24.915404871034642,7902.989752704616,43756686525965050000,373176033582.3317,1,0.0030675588748169005,0,1.618378573479247,28.795389189318055,2041204.653964761,1.6570514959964588,0.1658062789394613,6429030.288720108,179352.13719600622,-15.183235493414209
2,9.5,23,60531.5161031317,24.90543596600435,7901.586336301569,53033130763007090000,410832851203.2858,1,0.002789476362242639,0,1.646126435686507,29.898143021491137,2139391.5359913167,1.8215955984772882,0.1658062789394613,6428883.07508009,180128.38172144108,-15.564542210517752
2,9.5,23.1,60406.053670929745,24.894987455699187,7900.028309563147,62332345474999550000,445398002573.2989,1,0.002557742912986391,0,1.6741442400737663,31.044401238361196,2232884.425663516,1.9858501747857866,0.1658062789394613,6428735.850413506,180904.4577157332,-15.954620631623468
2,10,13.200000000000001,73025.36815888621,27.183382349761878,7963.351843755204,40386731540527950,11337332514.432592,1,0.01242588683685461,1,0.18672523124561863,0.24516547629058652,1037606.6901997619,0.4153464369169958,0.17453292519943295,6443063.071928688,103634.19104467881,0
2,10,13.3,72896.4760775473,27.1586823340079,7963.117070512041,49529122124254900,12555148266.284588,1,0.012171806986188983,1,0.19117427929610206,0.2624033624549392,1048287.7725007919,0.4239915667833905,0.17453292519943295,6442921.528843507,104417.80992331133,-0.001037351963064944
2,10,13.4,72767.60178890452,27.134001295370137,7962.874166265263,60330203395103900,13856671627.849483,1,0.01192794258050954,1,0.19569771566416802,0.2807264856632774,1058852.668222588,0.43263359472588986,0.17453292519943295,6442779.908621955,105201.389768126,-0.004170501337681184
2,10,13.5,72638.74556541815,27.109339234187512,7962.623133650808,73008652790207300,15243289500.693167,1,0.011693690174935118,1,0.20030157991127104,0.30018371511555336,1069304.6101151693,0.4412724499537645,0.17453292519943295,6442638.211644587,105984.92981329338,-0.009441624258066243
2,10,13.600000000000001,72509.90776692238,27.08469616695558,7962.3639753713705,87798188319546820,16716074875.516777,1,0.011468493085576415,1,0.20499229820101766,0.32082579976751313,1079646.6629021924,0.4499080558595679,0.17453292519943295,6442496.438291963,106768.42929333808,-0.016892874937424654
2,10,13.700000000000001,72381.08875289187,27.060072110064493,7962.096694201849,104946645519073540,18275775363.18399,1,0.011251836801580019,1,0.2097766134885752,0.3427054515793527,1089881.7415023523,0.4585403359227533,0.17453292519943295,6442354.588944648,107551.88744314428,-0.0265663851727277
2,10,13.8,72252.28888243623,27.035467079798938,7961.821292989279,124714759442682020,19922803762.153057,1,0.011043245065696268,1,0.21466152232661592,0.3658774315709246,1100012.620956227,0.4671692137115639,0.17453292519943295,6442212.663983207,108335.30349796278,-0.03850426385015715
2,10,13.9,72123.50851429813,27.01088109233876,7961.537774652738,147374661661976640,21657231610.763466,1,0.010842276383988226,1,0.21965421970722465,0.3903986386817872,1110041.9455252874,0.4757946128846645,0.17453292519943295,6442070.663788193,109118.67669341699,-0.052748596451209454
2,10,14,71994.74800684303,26.986314163758088,7961.246142183276,173208103827295840,23478785826.551586,1,0.010648520910828288,1,0.22476204067439812,0.41632820143429294,1119972.2370468033,0.4844164571933376,0.17453292519943295,6441928.58874015,109902.006265509,-0.06934144455947754
2,10,14.100000000000001,71866.00771806017,26.96176631002644,7960.946398643819,202504426654064900,25386848488.392345,1,0.010461597662961467,1,0.22999240937695647,0.4437275723978037,1129805.9026162247,0.49303467048291977,0.17453292519943295,6441786.439219619,110685.29145062613,-0.08832484536813202
2,10,14.200000000000001,71737.28800556436,26.93723754701004,7960.638547169085,235558300443034600,27380459779.86933,1,0.010281152022766957,1,0.2353527980803517,0.472660625452028,1139545.2416626844,0.501649176694175,0.17453292519943295,6441644.215607098,111468.53148554776,-0.10974081118812606
2,10,14.3,71608.58922656812,26.91272789046767,7960.322590965503,272667269786442270,29458324057.01156,1,0.010106853496248583,1,0.24085067276494337,0.5031937558473678,1149192.4524775082,0.5102598998666663,0.17453292519943295,6441501.918283086,112251.72560745082,-0.13363132895707894
2,10,14.4,71479.91173791327,26.88823735605743,7959.998533311118,314129141229113300,31618818968.18536,1,0.009938393696056062,0,0.2464934610355207,0.5353959830600663,1158749.6382400722,0.5188667641381156,0.17453292519943295,6441359.547628045,113034.87305391625,-0.1600383597489236
2,10,14.5,71351.2558960421,26.863765959332373,7959.666377555494,360239257679150700,33860007506.66372,1,0.009775484523470301,0,0.2522885119372789,0.5693390564398471,1168218.8125958897,0.5274696937478306,0.17453292519943295,6441217.104022405,113817.9730629358,-0.1890038382843129
2,10,14.600000000000001,71222.6220570011,26.83931371574215,7959.326127119626,411287707165284860,36179652828.142265,1,0.009617856526937503,0,0.2582430622929573,0.605097563647631,1177601.904820575,0.5360686130379353,0.17453292519943295,6441074.587846564,114601.0248729176,-0.22056967244173337
2,10,14.700000000000001,71094.0105764335,26.814880640632637,7958.97778549585,467556516526333950,38575235642.48227,1,0.00946525741741733,0,0.2643642070112406,0.6427490418808235,1186900.7646095525,0.5446634464553477,0.17453292519943295,6440931.999480879,115384.02772269279,-0.254777742769443
2,10,14.8,70965.42180958297,26.79046674924746,7958.621356247729,529316881552540740,41043973935.16322,1,0.009317450723366504,0,0.2706588705988688,0.6823740918835592,1196117.1665245853,0.5532541185530013,0.17453292519943295,6440789.339305666,116166.98085152185,-0.29166990199817516
2,10,14.9,70836.85611128807,26.766072056728014,7958.256843009977,596826485439750900,43582844764.30266,1,0.009174214570250114,0,0.2771337861282366,0.7240564947391938,1205252.8141280818,0.5618405539916912,0.17453292519943295,6440646.607701191,116949.88349910075,-0.33128797455463327
2,10,15,70708.31383596733,26.74169657811165,7957.884249488349,670326955238951800,46188607826.79751,1,0.009035340571333912,0,0.28379546895799707,0.7678833314422331,1214309.3438316113,0.5704226775425375,0.17453292519943295,6440503.805047676,117732.7349055671,-0.3736737560758011
2,10,15.100000000000001,70579.79533763696,26.71734032833575,7957.5035794595315,750041503875601200,48857830500.05564,1,0.00890063281814084,0,0.29065021062628926,0.8139451052467902,1223288.3284795007,0.5790004140872566,0.17453292519943295,6440360.931725274,118515.53431150602,-0.41886901292405426
2,10,15.200000000000001,70451.30096987914,26.693003322233025,7957.114836771053,836172800497550100,51586914025.28137,1,0.008769906960196264,0,0.2977040507539859,0.8623358667885589,1232191.2806949758,0.587573688621744,0.17453292519943295,6440217.988114094,119298.28095795732,-0.4669154817031752
2,10,15.3,70322.83108587004,26.668685574537395,7956.7180253411725,928901106596808300,54372120493.553085,1,0.008642989365088472,0,0.30496277372849445,0.9131533419771989,1241019.656000527,0.596142426255647,0.17453292519943295,6440074.974594175,120080.97408642079,-0.5178548687751299
2,10,15.4,70194.3860383518,26.64438709987989,7956.313149158772,1028382709977877600,57209600320.47203,1,0.00851971635067478,0,0.31243190218172245,0.966499062655924,1249774.8557384042,0.6047065522156869,0.17453292519943295,6439931.891545485,120863.61293886257,-0.5717288497777483
2,10,15.5,70065.96617963258,26.620107912789564,7955.900212283251,1134748679945597700,60095419845.21349,1,0.008399933482382587,0,0.32011668413063876,1.022478500024985,1258458.2298012872,0.6132659918471028,0.17453292519943295,6439788.739347928,121646.19675772151,-0.6285790691432837
2,10,15.600000000000001,69937.57186159864,26.595848027696547,7955.479218844416,1248103961790834200,63025588765.61354,1,0.008283494929242336,0,0.32802209803169274,1.0812012008256477,1267071.0791888612,0.621820670614271,0.17453292519943295,6439645.518381322,122428.72478591534,-0.6884471396178565
2,10,15.700000000000001,69809.20343568455,26.571607458927662,7955.050173042375,1368526818859833000,65996087073.160706,1,0.008170262872957062,0,0.3361528426697579,1.1427809262811588,1275614.6584072565,0.6303705141041405,0.17453292519943295,6439502.229025413,123211.19626684686,-0.7513746417817917
2,10,15.8,69680.86125289556,26.54738622071127,7954.613079147421,1496068623964893000,69002891207.61752,1,0.008060106965061067,0,0.34451334756744983,1.2073357937910998,1284090.1777169225,0.6389154480261592,0.17453292519943295,6439358.871659862,123993.6104444099,-0.8174031235708468
2,10,15.9,69552.54566378612,26.52318432717432,7954.167941499909,1630753994446045000,72041999172.05077,1,0.007952903827584205,0,0.353107769330175,1.2749884213754334,1292498.805246531,0.6474553982151295,0.17453292519943295,6439215.44666424,124775.96656299524,-0.8865740997983682
2,10,16,69424.25701846648,26.49900179234443,7953.714764510158,1772581256796772900,75109454344.57942,1,0.007848536593264987,0,0.3619399954632542,1.3458660748644393,1300841.6689780657,0.6559902906321923,0.17453292519943295,6439071.954418035,125558.2638674972,-0.9589290516784251
2,10,16.1,69295.99566659983,26.474838630150245,7953.253552658315,1921523222477932000,78201367803.06305,1,0.00774689448167663,0,0.37101365968311384,1.420100817830651,1309119.8586148084,0.6645200513664217,0.17453292519943295,6438928.395300623,126340.50160331966,-1.0345094263498722
2,10,16.2,69167.76195737813,26.450694854418046,7952.784310494254,2077528248282056700,81313938950.48184,1,0.0076478724080262595,0,0.38033214027582524,1.497829664258798,1317334.427341427,0.6730446066378609,0.17453292519943295,6438784.769691294,127122.67901638168,-1.1133566364012966
2,10,16.3,69039.55623955093,26.426570478877686,7952.307042637439,2240521552649802500,84443474322.87743,1,0.007551370621781596,0,0.38989856710599224,1.5791947339496688,1325486.3934789305,0.6815638827969812,0.17453292519943295,6438641.077969232,127904.79535312435,-1.1955120593970918
2,10,16.400000000000002,68911.3788614003,26.40246551715905,7951.821753776814,2410406752612284000,87586404432.15094,1,0.007457294372427599,0,0.39971583973131974,1.664343410653706,1333576.742048691,0.6900778063277674,0.17453292519943295,6438497.320513509,128686.84986051601,-1.2810170374043315
2,10,16.5,68783.23017074075,26.378379982792897,7951.328448670673,2587067586588409300,90739298595.38272,1,0.007365553600062141,0,0.40978663105699076,1.7534285029300525,1341606.4262467532,0.6985863038491081,0.17453292519943295,6438353.497703091,129468.8417860592,-1.3699128765208324
2,10,16.6,68655.1105149202,26.35431388921188,7950.827132146539,2770369783391705000,93898877671.37036,1,0.0072760626486867925,0,0.42011340037240236,1.8466084077266718,1349576.368836058,0.7070893021161186,0.17453292519943295,6438209.609916819,130250.77037779568,-1.4622408464040089
2,10,16.7,68527.02024080604,26.330267249748957,7950.317809101033,2960163039400569000,97062024700.8308,1,0.007188740000263396,0,0.4306983997148465,1.9440472766770667,1357487.4634630783,0.715586728022456,0.17453292519943295,6438065.657533422,131032.63488431352,-1.5580421798010031
2,10,16.8,68398.95969479531,26.306240077640034,7949.800484499755,3156283065480031000,100225793461.65886,1,0.007103508027828361,0,0.44154369226039997,2.0459151851090285,1365340.5759014385,0.7240785086010076,0.17453292519943295,6437921.640931498,131814.4345547523,-1.6573580720795995
2,10,16.900000000000002,68270.92922279984,26.28223238602218,7949.27516337714,3358553665975755000,103387414970.78893,1,0.007020292766058457,0,0.4526511531828996,2.1523883037607474,1373136.5452303586,0.7325645710262579,0.17453292519943295,6437777.560489528,132596.16863880967,-1.7602296807603532
2,10,17,68142.92917025555,26.258244187936096,7948.741850836339,3566788815244588000,106544302008.20222,1,0.006939023697896712,0,0.4640224880226735,2.2636490731995287,1380876.1849491051,0.7410448426150259,0.17453292519943295,6437633.41658585,133377.83638674673,-1.8666981250496673
2,10,17.1,68014.95988210104,26.234275496323267,7948.2005520490875,3780794698323730000,109694051736.24098,1,0.00685963355590821,0,0.4756592395022918,2.3798863809382524,1388560.284034924,0.7495192508292623,0.17453292519943295,6437489.209598675,134159.43704939453,-1.9768044853740343
2,10,17.2,67887.02170279529,26.210326324029747,7947.651272255551,4000371687407902700,112834446536.13803,1,0.006782058137234916,0,0.48756280037680993,2.5012957412446313,1396189.6079437332,0.757987723276207,0.17453292519943295,6437344.939906072,134940.96987816007,-2.0905898029153103
2,10,17.3,67759.11497629527,26.18639668380323,7947.0940167642175,4225316227182599000,115963453166.01202,1,0.006706236131029173,0,0.4997344231912969,2.6280794776382197,1403764.899562013,0.7664501877112404,0.17453292519943295,6437200.6078859605,135722.4341250319,-2.2080950791470455
2,10,17.400000000000002,67631.24004606064,26.16248658829461,7946.528790951744,4455422608204925000,119079220391.8741,1,0.006632108957433502,0,0.5121752301075991,2.760446908070035,1411286.8801088212,0.7749065720389076,0.17453292519943295,6437056.21391612,136503.8290425861,-2.329361275371953
2,10,17.5,67503.39725505281,26.138596050058652,7945.955600262821,4690484610344098000,122180075234.32426,1,0.006559620617197052,0,0.524886221834591,2.8986145327795576,1418756.249992952,0.7833568043143136,0.17453292519943295,6436911.758374172,137285.1538839925,-2.4544293122605203
2,10,17.6,67375.58694572095,26.114725081552386,7945.374450210033,4930297001637941000,125264517972.25319,1,0.006488717551113764,0,0.5378682829283723,3.0428062248237837,1426173.6896284116,0.7918008127453884,0.17453292519943295,6436767.24163759,138066.4079030203,-2.583340069390687
2,10,17.7,67247.8094600169,26.09087369513847,7944.785346373711,5174656884032806000,128331216077.64648,1,0.006419348508564496,0,0.5511222010271217,3.1932534232729157,1433539.8602081866,0.8002385256932089,0.17453292519943295,6436622.664083677,138847.59035404422,-2.7161343847887442
2,10,17.8,67120.06513936911,26.067041903081545,7944.188294401804,5423364878237946000,131378997216.86652,1,0.006351464424445755,0,0.564648658986794,3.3501953290671675,1440855.4044429336,0.8086698716750624,0.17453292519943295,6436478.026089586,139628.70049204995,-2.85285305447121
2,10,17.900000000000002,66992.3543247031,26.04322971755252,7943.583300009724,5676226147885949000,134406841508.87535,1,0.006285018303912497,0,0.5784482619972443,3.5138791035290886,1448120.9472614704,0.8170947793643837,0.17453292519943295,6436333.328032291,140409.73757264068,-2.9935368319881457
2,10,18,66864.67735641357,26.019437150624547,7942.970368980195,5933051259970028000,137413873146.54909,1,0.006219965114314325,0,0.5925215253278844,3.684560069525709,1455337.096480846,0.8255131775939277,0.17453292519943295,6436188.570288602,141190.70085204233,-3.138226427967359
2,10,18.1,66737.03457438387,25.99566421427723,7942.349507163118,6193656889313596000,140399351579.29782,1,0.006156261683854117,0,0.6068688936419623,3.8625019152747058,1462504.44344217,0.8339249953557574,0.17453292519943295,6436043.753235153,141971.5895871096,-3.2869625096599067
2,10,18.2,66609.42631796561,25.971910920393842,7941.720720475417,6457866368908804000,143362662345.98483,1,0.006093866606443775,0,0.6214907475449433,4.047976900788725,1469623.5636191855,0.8423301618039071,0.17453292519943295,6435898.877248394,142752.40303533222,-3.4397857004869525
2,10,18.3,66481.85292598233,25.94817728076278,7941.084014900885,6725510098568045000,146303307739.2901,1,0.006032740152350009,0,0.6363874039689554,4.241266066951876,1476695.017197426,0.850728606255415,0.17453292519943295,6435753.942704597,143533.14045483974,-3.5967365795874073
2,10,18.400000000000002,66354.31473672483,25.924463307077527,7940.439396490042,6996425816866876000,149220897367.19623,1,0.005972844184207975,0,0.6515591234087573,4.442659447222339,1483719.3496274748,0.8591202581919145,0.17453292519943295,6435608.949979844,144313.8011044087,-3.7578556813673676
2,10,18.5,66226.8120879503,25.900769010937278,7939.786871359966,7270458752734929000,152115138780.54608,1,0.0059141420780358485,0,0.6670061127000164,4.652456281954933,1490697.09215303,0.8675050472609657,0.17453292519943295,6435463.89945003,145094.384243467,-3.923183495050169
2,10,18.6,66099.34531687759,25.87709440384692,7939.126445694162,7547461664003293000,154985828213.12805,1,0.005856598648902978,0,0.6827285402446968,4.870965235337394,1497628.7623156088,0.8758829032776342,0.17453292519943295,6435318.791490853,145874.88913210083,-4.09276046422818
2,10,18.7,65971.91476018075,25.853439497216648,7938.458125742375,7827294777257260000,157832841542.01874,1,0.005800180080935702,0,0.6987265271635363,5.098504614934037,1504514.864437003,0.8842537562261807,0.17453292519943295,6435173.626477814,146655.31503105958,-4.2666269864155195
2,10,18.8,65844.52075399179,25.82980430236326,7937.781917820464,8109825643603277000,160656125561.27228,1,0.005744853861373148,0,0.7150001577879301,5.335402593830381,1511355.8900801013,0.8926175362611305,0.17453292519943295,6435028.40478621,147435.66120176238,-4.444823412602283
2,10,18.900000000000002,65717.16363388952,25.806188830508994,7937.097828310225,8394928918890578000,163455689589.2214,1,0.005690588718392408,0,0.7315494838681793,5.581997435372202,1518152.3184904743,0.9009741737092635,0.17453292519943295,6434883.12679113,148215.92690630292,-4.627390046809724
2,10,19,65589.84373490233,25.782593092782736,7936.405863659237,8682486084594732000,166231597500.2562,1,0.005637354562465679,0,0.748374526502224,5.838637720492452,1524904.6170182042,0.9093235990706645,0.17453292519943295,6434737.792867458,148996.11140745593,-4.814367145647089
2,10,19.1,65462.56139150541,25.759017100220305,7935.706030380696,8972385118803100000,168983960196.80353,1,0.005585122431009511,0,0.7654752796984108,6.105682577619316,1531613.2415220593,0.9176657430201411,0.17453292519943295,6434592.403389862,149776.21396868225,-5.00579491786939
2,10,19.200000000000003,65335.316937609576,25.735460863763333,7934.998335053254,9264520129695592000,171712928563.71158,1,0.005533864436111453,0,0.7828517158942861,6.3835019151586465,1538278.6367570837,0.9260005364091958,0.17453292519943295,6434446.958732787,150556.2338541353,-5.20171352393685
2,10,19.3,65208.110706567764,25.711924394261086,7934.282784320862,9558790961379238000,174418686920.2972,1,0.005483553715146523,0,0.8005037776046939,6.672476656543912,1544901.2367450078,0.9343279102668078,0.17453292519943295,6434301.45927047,151336.17032866552,-5.402163075575166
2,10,19.400000000000002,65080.9430311732,25.688407702470876,7933.559384892598,9855102781627392000,177101446982.4473,1,0.005434164384088788,0,0.8184314016836656,6.972998977846708,1551481.4651297708,0.9426477958007689,0.17453292519943295,6434155.905376906,152116.02265782745,-5.6071836353377025
2,10,19.5,64953.81424363423,25.664910799054585,7932.828143542495,10153365659839734000,179761442336.6834,1,0.005385671493342368,0,0.8366344968444951,7.285472547940767,1558019.7355197156,0.9509601244005615,0.17453292519943295,6434010.2974258745,152895.79010788433,-5.816815216168507
2,10,19.6,64826.724675606005,25.64143369458471,7932.089067109387,10453494144055308000,182398923434.39526,1,0.0053380509859644034,0,0.8551129643321974,7.610312771212388,1564516.4518127958,0.9592648276364493,0.17453292519943295,6433864.635790913,153675.47194581394,-6.031097780966885
2,10,19.700000000000003,64699.67465815507,25.61797639953912,7931.342162496722,10755406840950018000,185014153073.40717,1,0.005291279658085047,0,0.8738666895090449,7.9479470328100135,1570972.008512261,0.96756183726302,0.17453292519943295,6433718.920845326,154455.06743931439,-6.250071242153347
2,10,19.8,64572.66452177428,25.594538924304338,7930.587436672409,11059026007946496000,187607402383.80276,1,0.005245335121432921,0,0.8928955454157081,8.298814946425718,1577386.7910270472,0.9758510852193802,0.17453292519943295,6433573.152962181,155234.57585680962,-6.473775461236913
2,10,19.900000000000002,64445.694596379995,25.57112127917571,7929.824896668632,11364277158388926000,190178947266.59976,1,0.005200195767812591,0,0.9121994009339821,8.663368604601178,1583761.1759611934,0.9841325036305127,0.17453292519943295,6433427.332514291,156013.996467455,-6.702250248383722
2,10,20,64318.765211294405,25.547723474355237,7929.0545495816905,11671088686223817000,192729065286.532,1,0.005155840735417422,0,0.9317781068748322,9.042072831550673,1590095.5313926875,0.9924060248096273,0.17453292519943295,6433281.459874233,156793.32854114278,-6.935535361987045
2,10,20.1,64191.876695259474,25.52434551995454,7928.2764025718025,11979391512574200000,195258032988.71277,1,0.005112249876883969,0,0.9516315169092452,9.435405438493564,1596390.2171397654,1.000671581258388,0.17453292519943295,6433135.535414325,157572.57134850745,-7.173670508238702
2,10,20.200000000000003,64065.02937642392,25.500987425993454,7927.490462862951,12289118755392076000,197766123603.96188,1,0.005069403728964133,0,0.9717594733034595,9.84385748148863,1602645.58501836,1.0089291056689358,0.17453292519943295,6432989.559506631,158351.72416093174,-7.41669534070197
2,10,20.3,63938.22358234227,25.47764920240053,7926.6967377426945,12600205424257952000,200253605119.56473,1,0.0050272834837331755,0,0.9921618165625127,10.267933521762501,1608861.9790890461,1.0171785309250982,0.17453292519943295,6432843.532522958,159130.78625055173,-7.664649459885786
2,10,20.400000000000002,63811.45963997301,25.45433085901346,7925.8952345619955,12912588142344321000,202720738695.37738,1,0.004985870961239407,0,1.0128383801471301,10.708151888524416,1615039.7358946565,1.0254197901036521,0.17453292519943295,6432697.454834845,159909.7568902625,-7.917572412820429
2,10,20.5,63684.737875670195,25.431032405578367,7925.085960735037,13226204893224872000,205167777374.65073,1,0.004945148583510213,0,1.03378899628457,11.165044944259435,1621179.1846892843,1.0336528164760124,0.17453292519943295,6432551.32681357,160688.63535372334,-8.17550369263454
2,10,20.6,63558.05861519184,25.407753851751817,7924.268923739031,13540994795515585000,207594965085.3958,1,0.004905099349843919,0,1.0550134948688932,11.639159352492078,1627280.6476578538,1.041877543508795,0.17453292519943295,6432405.148830134,161467.42091536373,-8.438482738133867
2,10,20.700000000000003,63431.42218368035,25.384495207098418,7923.444131114065,13856897902359458000,210002535884.092,1,0.0048657068133000905,0,1.0765117034124918,12.131056348012416,1633344.4401290163,1.0500939048662425,0.17453292519943295,6432258.92125527,162246.1128503881,-8.706548933381033
2,10,20.8,63304.8289056737,25.361256481093196,7922.611590462887,14173855027081531000,212390713431.01508,1,0.004826955058338811,0,1.098283450921467,12.641312009556412,1639370.8707786063,1.0583018344105808,0.17453292519943295,6432112.644459432,163024.71043478162,-8.979741607277116
2,10,20.900000000000002,63178.27910510171,25.3380376831217,7921.771309450731,14491807590649231000,214759710645.88873,1,0.004788828679530326,0,1.1203285581846585,13.170517534932351,1645360.2418264614,1.0665012662033728,0.17453292519943295,6431966.318812792,163803.21294531564,-9.258100033144622
2,10,21,63051.77310527209,25.31483882247842,7920.923295805141,14810697493886984000,217109729551.20456,1,0.004751312761277125,0,1.1426468553566798,13.719279518585047,1651312.8492266366,1.0746921345075398,0.17453292519943295,6431819.944685235,164581.61965955302,-9.54166342831187
2,10,21.1,62925.311228876,25.291659908368324,7920.06755731577,15130467010182509000,219440961258.07764,1,0.004714392858501357,0,1.165238167884268,14.288220231589435,1657228.9828497884,1.0828743737880773,0.17453292519943295,6431673.5224463595,165359.92985585332,-9.83047095369885
2,10,21.200000000000003,62798.89379798155,25.26850094990651,7919.204101834209,15451058697014682000,221753586072.3157,1,0.004678054978235357,0,1.1881023231767427,14.877977904065151,1663108.9266596881,1.0910479187135667,0.17453292519943295,6431527.05246547,166138.14281337816,-10.124561713404638
2,10,21.3,62672.5211340338,25.24536195611878,7918.332937273771,15772415326690690000,224047773715.13858,1,0.004642285562071648,0,1.211239150344229,15.489207010003494,1668952.9588831367,1.09921270415724,0.17453292519943295,6431380.535111574,166916.25781209697,-10.423974754296442
2,10,21.400000000000002,62546.193557849154,25.222242935941452,7917.4540716093215,16094479832515402000,226323683624.4054,1,0.004607071469422584,0,1.2346484770886401,16.12257855449821,1674761.3521742295,1.1073686651984211,0.17453292519943295,6431233.970753384,167694.27413279164,-10.728749065599851
2,10,21.5,62419.91138961539,25.199143898221983,7916.5675128770845,16417195270492307000,228581465332.12238,1,0.004572399961549464,0,1.2583301334371624,16.77878036337144,1680534.3737726002,1.1155157371235778,0.17453292519943295,6431087.359759304,168472.19105706248,-11.038923578490998
2,10,21.6,62293.674948884174,25.176064851718433,7915.673269174439,16740504794055860000,230821258896.56195,1,0.004538258686316652,0,1.2822839568398243,17.45851737518592,1686272.2856565695,1.1236538554278623,0.17453292519943295,6430940.702497427,169250.00786733275,-11.35453716568982
2,10,21.700000000000003,62167.48455456551,25.15300580509915,7914.77134865973,17064351639600976000,233043195370.93033,1,0.00450463566363506,0,1.3065097778070334,18.16251193563484,1691975.3446909476,1.131782955816523,0.17453292519943295,6430793.999335549,170027.72384685467,-11.675628641055285
2,10,21.8,62041.340524943545,25.12996676694602,7913.861759552077,17388679123792245000,235247397313.72217,1,0.004471519271564002,0,1.331007433482112,18.891504094300153,1697643.802768749,1.139902974204883,0.17453292519943295,6430647.250641143,170805.33827971423,-12.002236759182042
2,10,21.900000000000002,61915.24317765236,25.106947745751146,7912.944510131167,17713430647682265000,237433979305.67523,1,0.004438898233021149,0,1.355776765054906,19.646251903770576,1703277.9069500691,1.1480138467209693,0.17453292519943295,6430500.456781361,171582.8504508361,-12.334400214998256
2,10,22,61789.19282967597,25.083948749917546,7912.019608737072,18038549709955099000,239603048489.23145,1,0.004406761603086049,0,1.3808176110424797,20.427531721110068,1708877.8995951382,1.1561155097065352,0.17453292519943295,6430353.618123043,172360.25964598966,-12.67215764336576
2,10,22.1,61663.18979735952,25.06096978776148,7911.087063770033,18363979925754280000,241754705106.72037,1,0.0043750987568632535,0,1.4061298169299172,21.23613851166772,1714444.0184923632,1.1642078997173135,0.17453292519943295,6430206.735032695,173137.5651517935,-13.015547618681085
2,10,22.200000000000003,61537.234396388754,25.038010867509865,7910.146883690264,18689665049896690000,243889043030.44812,1,0.0043438993778659625,0,1.4317132307638887,22.072886155219766,1719976.4969836965,1.1722909535253836,0.17453292519943295,6430059.807876499,173914.7662557209,-13.364608654478507
2,10,22.3,61411.32694179937,25.015071997302364,7909.199077017767,19015549006051150000,246006150296.2897,1,0.004313153446909219,0,1.4575677013236745,22.938607754434475,1725475.5640844384,1.1803646081195454,0.17453292519943295,6429912.837020306,174691.8622461049,-13.719379203034455
2,10,22.400000000000002,61285.46774797235,24.992153185191228,7908.243652332107,19341575917054267000,248106109610.4755,1,0.004282851231476337,0,1.4836930772454004,23.834155945650537,1730941.4445997851,1.1884288007066022,0.17453292519943295,6429765.822829629,175468.85241214317,-14.0798976549736
2,10,22.5,61159.65712862648,24.969254439140737,7907.280618272219,19667690138707180000,250188998846.8827,1,0.004252983275537802,0,1.5100892152579186,24.760403211959478,1736374.3592377543,1.196483468712837,0.17453292519943295,6429618.765669643,176245.73604390337,-14.446202338876628
2,10,22.6,61033.89539681934,24.946375767027956,7906.309983536206,19993836294411817000,252254891519.49716,1,0.004223540389802971,0,1.5367559702305715,25.718242198582622,1741774.5247180639,1.2045285497849159,0.17453292519943295,6429471.665905181,177022.5124323286,-14.818331520889744
2,10,22.700000000000003,60908.182864940725,24.933892721360035,7905.331756881128,25991378486392930000,287611460381.3892,1,0.003831719818986448,0,1.563693204274029,26.708586030533,1827983.095297906,1.3273716253154941,0.17453292519943295,6429324.526469387,177799.17586779103,-15.196601863848583
2,10,22.8,60782.52227413375,24.92488647751507,7904.238105163367,34672122961694760000,332186323155.6509,1,0.003407036609605295,0,1.590900783740253,27.733593665147367,1937761.7978626618,1.492413960003363,0.17453292519943295,6429177.3538087355,178575.71380164806,-15.581710663809002
2,10,22.900000000000002,60656.91968482174,24.915397935082392,7902.989385620321,43766385317705890000,373217389045.7114,1,0.0030672403109179808,0,1.6183785676782738,28.796024134959623,2041310.3666276452,1.6572234435857824,0.17453292519943295,6429030.155309995,179352.11185771454,-15.974456660370258
2,10,23,60531.3820402259,24.90542839289587,7901.585811758429,53043188188151340000,410871805388.22845,1,0.0027892063351099214,0,1.6461264285511283,29.8988228962198,2139494.6662040865,1.8217717079285933,0.17453292519943295,6428882.938350028,180128.35568190206,-16.37563697871239
2,10,23.1,60405.91626721434,24.894979231093572,7900.027623738104,62342630888578730000,445434748452.6927,1,0.002557510228090384,0,1.6741442328788678,31.04513017861296,2232985.4168510395,1.9860305046390134,0.17453292519943295,6428735.710294298,180904.43094455363,-16.786046947891162
2,10.5,13.200000000000001,73025.36815888621,27.183382349761878,7963.351843755204,40386731540527950,11337332514.432592,1,0.01242588683685461,1,0.18672523124561863,0.24516547629058652,1037606.6901997619,0.4153464369169958,0.1832595714594046,6443063.071928688,103634.19104467881,0
2,10.5,13.3,72896.4760775473,27.1586823340079,7963.117070512041,49529122124254900,12555148266.284588,1,0.012171806986188983,1,0.19117427985448254,0.2624033624549392,1048287.7725007919,0.4239915667833905,0.1832595714594046,6442921.528834377,104417.80992166289,-0.001088651678637525
2,10.5,13.4,72767.60177974962,27.134001293752398,7962.874166287332,60330204250804136,13856671726.118315,1,0.011927942563533116,1,0.19569771641581535,0.28072647446133236,1058852.6689848965,0.43263359534403295,0.1832595714594046,6442779.908585252,105201.38976149762,-0.0043767433242752505
2,10.5,13.5,72638.74552861135,27.109339227618282,7962.623133716893,73008656801627730,15243289919.460257,1,0.011693690109336791,1,0.20030158128325842,0.3001836787634007,1069304.6131410429,0.4412724524365041,0.1832595714594046,6442638.211561497,105984.92979828412,-0.009908536786779127
2,10.5,13.600000000000001,72509.90768359695,27.084696152048593,7962.363975502699,87798198870768080,16716075879.950937,1,0.011468492942735768,1,0.20499229941192884,0.3208257217276134,1079646.6696791407,0.44990806147803625,0.1832595714594046,6442496.438143303,106768.42926647747,-0.017728270916889048
2,10.5,13.700000000000001,72381.08860380668,27.06007208338045,7962.096694418906,104946667346419000,18275777263.728977,1,0.011251836555575627,1,0.2097766138898091,0.34270531288998235,1089881.7535057953,0.45854034597304544,0.1832595714594046,6442354.588710864,107551.88740089211,-0.02788016104662441
2,10.5,13.8,72252.2886479795,27.03546703784654,7961.821293311784,124714798917443820,19922806915.139416,1,0.011043244693032087,1,0.2146615229620783,0.36587721101934917,1100012.6396503549,0.4671692295144541,0.1832595714594046,6442212.663644373,108335.30343670894,-0.04040839847038639
2,10.5,13.9,72123.50817448273,27.010881031574197,7961.537775099628,147374727101379170,21657236419.039608,1,0.01084227586333866,1,0.21965421992740952,0.3903983129855482,1110041.9723644955,0.4757946357858885,0.1832595714594046,6442070.663324017,109118.67660948129,-0.05535714992675337
2,10.5,14,71994.74754131306,26.986314080586553,7961.246142772675,173208205828052400,23478792739.777676,1,0.010648520222829408,1,0.22476203995739677,0.41632774543063944,1119972.2734761469,0.4844164885631197,0.1832595714594046,6441928.588129971,109902.00615514105,-0.07277055708098683
2,10.5,14.100000000000001,71866.00710608717,26.96176620080175,7960.946399393009,202504578435274180,25386858002.37163,1,0.010461596790010626,1,0.2299924081459802,0.44372695924130434,1129805.9500725993,0.493034711716189,0.1832595714594046,6441786.438442402,110685.29131000512,-0.09269273600827048
2,10.5,14.200000000000001,71737.2872260455,26.937237408034683,7960.638548094503,235558518205368900,27380472435.826363,1,0.010281150948847574,1,0.23535279680404209,0.47265982682040014,1139545.3015757934,0.5016492292106584,0.1832595714594046,6441644.21464144,111468.53131078232,-0.11516777667770961
2,10.5,14.3,71608.58825803082,26.91272771799396,7960.322592082702,272667573057567260,29458340439.352936,1,0.010106852206782955,1,0.240850671442223,0.5031927421555618,1149192.5262702461,0.5102599651105376,0.1832595714594046,6441501.917107218,112251.72539457881,-0.140239742437042
2,10.5,14.4,71479.9105585143,26.88823714628762,7959.998534634744,314129553241391100,31618839703.825012,1,0.009938392177766493,0,0.2464934594045541,0.5353947236826466,1158749.7273292884,0.518866843578023,0.1832595714594046,6441359.546219827,113034.87279890459,-0.16795266949814944
2,10.5,14.5,71351.25448356662,26.86376570841884,7959.666379099265,360239805668921340,33860033260.284813,1,0.009775482764255125,0,0.2522885107954811,0.5693375199417108,1168218.9183930922,0.5274697888769224,0.1832595714594046,6441217.102359329,113817.97276168037,-0.198350566423366
2,10.5,14.600000000000001,71222.62038886175,26.839313419787562,7959.326128896316,411288422738707900,36179684301.471405,1,0.009617854515760173,0,0.2582430608213026,0.6050957180231107,1177602.0287325839,0.5360687253738852,0.1832595714594046,6441074.58590576,114601.02452124294,-0.23147741361252838
2,10.5,14.700000000000001,71094.00862968061,26.814880295692067,7958.9777875172485,467557435919009300,38575273569.203865,1,0.009465255144220084,0,0.2643642054908601,0.6427468548012192,1186900.9080382774,0.5446635775396261,0.1832595714594046,6440931.9972391045,115384.02731635203,-0.2673771627908892
2,10.5,14.8,70965.41956089158,26.790466351326423,7958.621358524644,529318045920835300,41044019078.51432,1,0.009317448178965924,0,0.2706588690247999,0.6823715309531491,1196117.3308684945,0.5532542699517167,0.1832595714594046,6440789.336739314,116166.98038619646,-0.306093736497835
2,10.5,14.9,70836.85353696253,26.766071601783537,7958.256845552188,596827941035356700,43582897911.20565,1,0.009174211746263358,0,0.2771337835471726,0.7240535277597743,1205253.0007823028,0.561840727295233,0.1832595714594046,6440646.604786289,116949.8829704004,-0.34767102757643464
2,10.5,15,70708.31091194786,26.74169606205379,7957.884252304591,670328753640672300,46188669785.82767,1,0.009035337460114048,0,0.28379546696434527,0.7678799266862419,1214309.5541878876,0.5704228743651,0.1832595714594046,6440503.801759881,117732.73430902946,-0.39215289866384156
2,10.5,15.100000000000001,70579.79203948937,26.71733974702609,7957.503582557484,750043702065288700,48857902095.22732,1,0.008900629412700886,0,0.2906502082289985,0.8139412317390669,1223288.563927323,0.5790006360674865,0.1832595714594046,6440360.928039881,118515.5336425966,-0.43958318168253785
2,10.5,15.200000000000001,70451.29727280512,26.693002671486784,7957.114840157304,836175460919086800,51586996091.34944,1,0.008769903254161646,0,0.2977040479463082,0.8623314945968025,1232191.5426212035,0.5875739374220087,0.1832595714594046,6440217.9840060305,119298.28021206919,-0.49000567733252504
2,10.5,15.3,70322.82696469873,26.668684850122204,7956.718029021195,928904297270294100,54372213874.61003,1,0.008642985352635446,0,0.3049627730120143,0.91314844251118,1241019.945790316,0.596142703562556,0.1832595714594046,6440074.970037999,120080.97325887451,-0.5434641545843146
2,10.5,15.4,70194.38146754168,26.64438629751649,7956.313153136913,1028386504250762600,57209705859.31128,1,0.008519712026484761,0,0.31243190144585126,0.9664936089755161,1249775.17477538,0.6047068597399244,0.1832595714594046,6439931.886515397,120863.61202490597,-0.6000023501728681
2,10.5,15.5,70065.96113328263,26.62010702815405,7955.900216562697,1134753156637232800,60095538386.17448,1,0.00839992884160926,0,0.3201166841271592,1.0224724671570788,1258458.5794670496,0.6132663313226314,0.1832595714594046,6439788.733817759,121646.19575252951,-0.6596639680924545
2,10.5,15.600000000000001,69937.56631343439,26.595847056418222,7955.479223427183,1248109204857732400,63025721145.223434,1,0.008283489967458861,0,0.3280220972775604,1.0811945660900157,1267071.460864222,0.621821043799227,0.1832595714594046,6439645.512324544,122428.72368458982,-0.7224926790924495
2,10.5,15.700000000000001,69809.19735907018,26.571606396591434,7955.0501779292745,1368532917267942100,65996234118.369705,1,0.008170257586131354,0,0.33615284428887826,1.142773669625341,1275615.0734716456,0.6303709227799746,0.1832595714594046,6439502.22241513,123211.19506441617,-0.7885321201740213
2,10.5,15.8,69680.85462082364,26.547385062856144,7954.61308433804,1496075671499665700,69003053733.48524,1,0.008060101349513982,0,0.3445133488171503,1.207327898134381,1284090.6275493111,0.638915893998278,0.1832595714594046,6439358.864468818,123993.60913582903,-0.8578258940878483
2,10.5,15.9,69552.53844888695,26.523183069295317,7954.167946992586,1630762089217256200,72042177973.62943,1,0.007952897879967937,0,0.35310777021091183,1.2749798729619886,1292499.2912250059,0.6474558833122239,0.1832595714594046,6439215.438864815,124775.96514314547,-0.930417568832713
2,10.5,16,69424.2491930034,26.499000429892128,7953.714770301974,1772590501186723600,75109650200.24951,1,0.00784853031053187,0,0.3619399980630902,1.345856863625725,1300842.1924803448,0.6559908167065048,0.1832595714594046,6439071.945982239,125558.26233118586,-1.006350677155171
2,10.5,16.1,69295.98720246274,26.474837158529816,7953.253558745054,1921533722584362000,78201581467.294,1,0.007746887861049389,0,0.3710136618996243,1.4200909377571211,1309120.4210188354,0.6645206202941333,0.1832595714594046,6438928.386200117,126340.49994528011,-1.085668716050185
2,10.5,16.2,69167.75282610487,26.450693268993362,7952.7843168703885,2077540113715375600,81314171155.20486,1,0.0076478654469923505,0,0.38033213987450265,1.4978191137810288,1317335.0300241197,0.6730452203176048,0.1832595714594046,6438784.759897369,127122.67723127294,-1.1684151462626846
2,10.5,16.3,69039.54641230684,26.426568774968015,7952.307049296113,2240534895999499300,84443725772.6188,1,0.0075513633180562525,0,0.3898985671466653,1.5791835163289787,1325487.0378176926,0.6815645431511711,0.1832595714594046,6438641.067452817,127904.79343553097,-1.2546333917903083
2,10.5,16.400000000000002,68911.3683089856,26.402463690040598,7951.8217607098095,2410421689264514000,87586675806.60568,1,0.0074572867239408955,0,0.39971583933012034,1.6643315343823557,1333577.4294210456,0.6900785153020444,0.1832595714594046,6438497.309245177,128686.84780494786,-1.3443668393869854
2,10.5,16.5,68783.21886359528,26.378378027699938,7951.328455868398,2587084234386695000,90739590548.92836,1,0.0073655456049449425,0,0.4097866311043023,1.7534159821411226,1341607.1580301782,0.6985870634119804,0.1832595714594046,6438353.485653047,129468.8395869513,-1.4376588380677657
2,10.5,16.6,68655.09842311405,26.354311801335392,7950.827139598002,2770388262002056000,93899190827.7385,1,0.007276054305248164,0,0.42011340135010666,1.846595262613706,1349577.1464087008,0.7070901142595337,0.1832595714594046,6438209.597054913,130250.76802950796,-1.5345526986144946
2,10.5,16.7,68527.00733404886,26.330265024238503,7950.3178167938195,2960183470193505000,97062359657.16269,1,0.007188731306982651,0,0.43069840310552643,1.944033533923582,1357488.2882032602,0.715587594761123,0.1832595714594046,6438065.64382914,131032.63238113052,-1.6350916930827504
2,10.5,16.8,68398.94594243262,26.30623770960342,7949.800492420008,3156305571324257300,100226150790.52121,1,0.007103498983338975,0,0.4415436957031255,2.0459008783279895,1365341.4491879954,0.7240794319725968,0.1832595714594046,6437921.626353975,131814.43189088337,-1.7393190543097707
2,10.5,16.900000000000002,68270.91459382232,26.282229870527306,7949.275171509536,3358578370899995000,103387795219.82039,1,0.007020283369141772,0,0.45265115716958226,2.1523734739441114,1373137.4684421425,0.732565553090721,0.1832595714594046,6437777.545007534,132596.16580838812,-1.8472779754234208
2,10.5,17,68142.91363328416,26.258241520008667,7948.741859164071,3566815843952576500,106544705697.55984,1,0.006939013947460737,0,0.46402249155957764,2.2636337691779627,1380877.1594660114,0.7410458854555432,0.1832595714594046,6437633.4001678,133377.8333838302,-1.95901160935241
2,10.5,17.1,68014.94340539817,26.23427267094894,7948.200560553833,3780824176432076300,109694479366.8183,1,0.006859623450984467,0,0.47565924358186934,2.3798706598511337,1388561.3112372553,0.7495203565514353,0.1832595714594046,6437489.192212623,134159.43386796446,-2.0745630683374716
2,10.5,17.2,67887.00425426103,26.21032333615383,7947.651280917467,4000403741038108700,112834898587.42993,1,0.006782047676966353,0,0.48756280500961546,2.501279669020446,1396190.6892125097,0.7579888940082586,0.1832595714594046,6437344.921519711,134940.9665121217,-2.193975423443891
2,10.5,17.3,67759.09652346373,26.18639352833024,7947.094025561905,4225350982846550500,115963930098.18752,1,0.006706225314659129,0,0.4997344294340892,2.6280631294854713,1403766.0362792558,0.7664514256042041,0.1832595714594046,6437200.588466632,135722.4305682137,-2.317291704074869
2,10.5,17.400000000000002,67631.22055611014,26.16248326009033,7946.528799862237,4455460192814806000,119079722649.12312,1,0.006632097784303621,0,0.5121752374586866,2.7604303689787812,1411288.0736569795,0.7749078792658873,0.1832595714594046,6437056.193430808,136503.8252887401,-2.44455489748636
2,10.5,17.5,67503.3766948022,26.13859254394972,7945.955609261555,4690525151183246000,122180603247.15083,1,0.006559609086737335,0,0.524886229258252,2.8985978980337017,1418757.5017551826,0.7833581830706748,0.1832595714594046,6436911.736789505,137285.14992679356,-2.5758079483028204
2,10.5,17.6,67375.56528162956,26.11472139232655,7945.3744592708235,4930340626378877000,125265072159.96794,1,0.006488705662835523,0,0.5378682920252181,3.0427896005242414,1426175.0009886224,0.7918022652486992,0.1832595714594046,6436767.218919837,138066.40373606613,-2.7110937580343473
2,10.5,17.7,67247.78665818181,26.090869817544416,7944.7853554687545,5174703720541974000,128331796847.80307,1,0.0064193362620523315,0,0.5511222096593851,3.193236926871783,1433541.232551257,0.8002400541833742,0.1832595714594046,6436622.640198755,138847.58597085535,-2.850455184594904
2,10.5,17.8,67120.04116553068,26.06703783183003,7944.188303501629,5423415054955695000,131379604971.62413,1,0.00635145181935463,0,0.5646486687775619,3.3501790899130293,1440856.839154397,0.8086714784138869,0.1832595714594046,6436478.001003057,139628.69588606944,-2.9939350418216946
2,10.5,17.900000000000002,66992.32914424222,26.043225447316168,7943.583309083179,5676279793697633000,134407476644.51695,1,0.006285005339960613,0,0.5784482707567603,3.513863263423596,1448122.4457277176,0.8170964666356976,0.1832595714594046,6436333.301709362,140409.73273723337,-3.141576098995825
2,10.5,18,66864.6509343572,26.019432676039084,7942.970377994436,5933108504427149000,137414536057.01883,1,0.0062199517912808235,0,0.5925215341540159,3.6845447832915657,1455338.660088826,0.8255149477031573,0.1832595714594046,6436188.542694128,141190.69578049544,-3.2934210803643387
2,10.5,18.1,66737.00687539577,25.99565952994008,7942.349516083578,6193717862637799000,140400042656.82004,1,0.006156248001569501,0,0.6068689042029278,3.862487351335206,1462506.0735799603,0.8339268506304857,0.1832595714594046,6436043.724333632,141971.58427263182,-3.4495126646631036
2,10.5,18.2,66609.39730635658,25.97190602086618,7941.720729265792,6457931202352497000,143363381985.50952,1,0.006093852564790663,0,0.6214907587306783,4.047963241758989,1469625.2616754065,0.8423321045931269,0.1832595714594046,6435898.847003978,142752.39747105385,-3.6098934846414434
2,10.5,18.3,66481.82256570738,25.948172160569236,7941.084023523111,6725578924064485000,146304056334.70346,1,0.006032725751257504,0,0.6363874158006044,4.241253510241927,1476696.7845614252,0.8507306389296546,0.1832595714594046,6435753.9110810775,143533.13463381282,-3.7746061265876176
2,10.5,18.400000000000002,66354.28299137764,25.92445796070551,7940.439404904267,6996498767944190000,149221675321.3352,1,0.005972829423645196,0,0.651559135309131,4.442648205652182,1483721.1876896597,0.8591223831435488,0.1832595714594046,6435608.916940666,144313.79501960578,-3.943693129855746
2,10.5,18.5,66226.77892077435,25.900763432839106,7939.786879524544,7270535963854012000,152115946497.72818,1,0.005914126958013637,0,0.667006126977066,4.652446584381777,1490699.0023042345,0.8675072669034062,0.1832595714594046,6435463.864958285,145094.37788778185,-4.117196986394079
2,10.5,18.6,66099.31069075782,25.877088588438625,7939.12645356562,7547543271101398000,154986666104.73068,1,0.005856583169466633,0,0.6827285540241865,4.870957327295199,1497630.7459475792,0.8758852200458251,0.1832595714594046,6435318.755509283,145874.88249834778,-4.295160140274516
2,10.5,18.7,65971.87863764912,25.853433438879176,7938.458133275405,7827380917999420000,157833710028.5833,1,0.005800164242164444,0,0.6987265404514015,5.098498759285528,1504516.9229420873,0.8842561725761637,0.1832595714594046,6435173.588968811,146655.30811197363,-4.477624987223386
2,10.5,18.8,65844.48309722543,25.829797995442355,7937.7819249678905,8109916456959837000,160657025067.73593,1,0.005744837663376379,0,0.7150001699573546,5.335399071431701,1511358.0248513524,0.8926200546701024,0.1832595714594046,6435028.365711815,147435.65398999836,-4.664633874153514
2,10.5,18.900000000000002,65717.12440471444,25.806182269316057,7937.097835022991,8395024545912989000,163456620552.2188,1,0.005690572161308606,0,0.7315494967354585,5.581996545750387,1518154.5309214385,0.9009767966752631,0.1832595714594046,6434883.086113035,148215.91939443603,-4.8562290986978685
2,10.5,19,65589.802894786,25.782586271593825,7936.40586988638,8682586667957470000,166232560362.99408,1,0.005637337646456723,0,0.7483745406214544,5.838639782535882,1524906.9085033396,0.9093263291130042,0.1832595714594046,6434737.750547006,148996.10358798067,-5.052452908744136
2,10.5,19.1,65462.51890156418,25.75901001327761,7935.706036069338,8972490803285722000,168984955413.2136,1,0.0055851051562615306,0,0.7654752957053039,6.105687930281332,1531615.6134563133,0.9176685826788437,0.1832595714594046,6434592.35938805,149776.2058340132,-5.253347501971169
2,10.5,19.200000000000003,65335.27275861427,25.73545350527632,7934.998340148575,9264631061949330000,171713956595.64816,1,0.005533846802834817,0,0.7828517307474788,6.3835109181745135,1538281.0905355725,0.9260034882445547,0.1832595714594046,6434446.913010267,150556.22539660585,-5.4589550253862615
2,10.5,19.3,65208.06479893252,25.71191675840482,7934.282788766074,9558907290106675000,174419748238.73392,1,0.00548353572356922,0,0.8005037961385314,6.672489691161319,1544903.773763629,0.9343309768600649,0.1832595714594046,6434301.411787536,151336.16154052856,-5.669317574864235
2,10.5,19.400000000000002,65080.895354954526,25.688399783386142,7933.559388628936,9855224657147075000,177102542063.0687,1,0.005434146034454303,0,0.8184314197333875,6.97301644756997,1551484.0867852445,0.9426509797541096,0.1832595714594046,6434155.8560935175,152116.0135312545,-5.884477194687649
2,10.5,19.5,64953.76475855149,25.664902590851508,7932.828146509197,10153493234971453000,179762571667.50906,1,0.005385652785915814,0,0.836634516162625,7.285494879288963,1558022.4432084432,0.9509634283356814,0.1832595714594046,6434010.246301638,152895.7806349653,-6.104475877088469
2,10.5,19.6,64826.67334101722,25.641425191338897,7932.089069243662,10453627573209522000,182400087507.19653,1,0.005338031921021486,0,0.8551129849200353,7.610340414491585,1564519.246932171,0.9592682541960951,0.1832595714594046,6433864.582785093,153675.46211855742,-6.329355561791331
2,10.5,19.700000000000003,64699.621433073655,25.617967595294704,7931.342163733744,10755546280834780000,185015352389.66498,1,0.00529126023591691,0,0.8738667114040769,7.947980462899821,1570974.892459741,0.9675653891098076,0.1832595714594046,6433718.8659168435,154455.05724964722,-6.559158135557982
2,10.5,19.8,64572.60936486721,25.594529813073866,7930.587436945293,11059171616745828000,187608637447.30066,1,0.005245315342343879,0,0.8928955692557101,8.298854663580347,1577389.7652002408,0.9758547650358456,0.1832595714594046,6433573.096069608,155234.56529657653,-6.793925431733162
2,10.5,19.900000000000002,64445.637465960346,25.571111854939108,7929.824895908415,11364429096155226000,190180218586.69614,1,0.005200175632116062,0,0.9121994242465428,8.663415135265224,1583764.2417582418,0.9841363141195405,0.1832595714594046,6433427.273615863,156013.9855284182,-7.03369922979205
2,10.5,20,64318.706065331586,25.54771373106172,7929.054547717306,11671247115121190000,192730373379.99725,1,0.005155820243438313,0,0.9317781315259264,9.042126729189835,1590098.6902116914,0.9924099686936969,0.1832595714594046,6433281.398927838,156793.31721498186,-7.278521254889176
2,10.5,20.1,64191.81549137458,25.52433545152207,7928.2763995300775,11979556595968717000,195259378372.06586,1,0.005112229028955773,0,0.9516315410730514,9.435467284440534,1596393.4703790215,1.0006756612798107,0.1832595714594046,6433135.472377509,157572.55962681957,-7.528433177408749
2,10.5,20.200000000000003,64064.96607189067,25.50097702630907,7927.490458568574,12289290658427017000,197767506798.25943,1,0.005069382525428121,0,0.9717594988085709,9.843927885804328,1602648.9340762848,1.0089333245897238,0.1832595714594046,6432989.494336598,158351.71203523083,-7.783476612516367
2,10.5,20.3,63938.15813408606,25.477638465320418,7926.696732118203,12600384313199014000,200255026645.12766,1,0.005027261924937037,0,0.9921618415493946,10.268013124112933,1608865.4253642028,1.0171828915269536,0.1832595714594046,6432843.465176569,159130.77371226845,-8.043693119712305
2,10.5,20.400000000000002,63811.39200457558,25.454319778363907,7925.895227527754,12912774184988678000,202722199075.20334,1,0.004985849047537786,0,1.012838405199861,10.70824135907336,1615043.2807854835,1.025424295187582,0.1832595714594046,6432697.385268624,159909.7439307439,-8.309124202386297
2,10.5,20.5,63684.66800936684,25.431020975155487,7925.085952209215,13226398258424800000,205169277130.7641,1,0.004945126315262825,0,1.0337890214116694,11.165144984577173,1621182.8295942154,1.0336574688624425,0.1832595714594046,6432551.2549837,160688.6219642328,-8.57981130737383
2,10.5,20.6,63557.98647387698,25.407742065322694,7924.268913637593,13541195652863891000,207596504736.66272,1,0.004905076727416442,0,1.0550135200078543,11.639270696480452,1627284.393975006,1.0418823460371252,0.1832595714594046,6432405.074692459,161467.4070870805,-8.855795824513965
2,10.5,20.700000000000003,63431.3477229001,25.384483058400058,7923.444119350744,13857106422953345000,210004115952.3393,1,0.004865683837060941,0,1.076511727361643,12.131179762846397,1633348.289256547,1.0500988603952677,0.1832595714594046,6432258.844765294,162246.09857440752,-9.137119086208601
2,10.5,20.8,63304.7520806361,25.36124396383438,7922.611576949164,14174071382104347000,212392334430.46112,1,0.004826931728661555,0,1.0982834717364556,12.641448296642489,1639374.8241141564,1.0583069458177334,0.1832595714594046,6432112.565572323,163024.6957021145,-9.423822366983243
2,10.5,20.900000000000002,63178.19987066742,25.338024790981716,7921.771294095836,14492031952166783000,214761373089.57614,1,0.004788804996790042,0,1.1203285822057056,13.170667530883929,1645364.300767613,1.0665065363852715,0.1832595714594046,6431966.237483377,163803.19774688798,-9.715946883049472
2,10.5,21,63051.69141595997,25.31482554910812,7920.923278516017,14810930034513904000,217111433948.802,1,0.004751288725851425,0,1.142646880702469,13.719444096215156,1651317.0151705914,1.0746975663795388,0.1832595714594046,6431819.860868004,164581.60398620585,-10.013533791868932
2,10.5,21.1,62925.22703886032,25.29164624738989,7920.067537997065,15130707902770237000,219442708113.9604,1,0.004714368470768906,0,1.165238193956817,14.288400300920983,1657233.2571934853,1.082879970284379,0.1832595714594046,6431673.436095469,165359.91369834248,-10.316624191718748
2,10.5,21.200000000000003,62798.80706110038,25.268486894914933,7919.204080388243,15451308114488594000,221755375884.8182,1,0.0046780302385776825,0,1.1881023493280651,14.878174413358998,1663113.3107993333,1.0910536827865829,0.1832595714594046,6431526.963534742,166138.12616237416,-10.625259121258615
2,10.5,21.3,62672.43180378713,25.245347500681785,7918.3329136005295,15772673441930682000,224049606976.1544,1,0.004642260470871935,0,1.211239177197258,15.489420946804593,1668957.4542142826,1.099218638777643,0.1832595714594046,6431380.4435544945,166916.24065818446,-10.93947955909958
2,10.5,21.400000000000002,62546.10158739239,25.222228073598657,7917.454045606446,16094746818812617000,226325560823.05673,1,0.004607046027063271,0,1.2346485033659487,16.122810946700135,1674765.960092073,1.1073747733555017,0.1832595714594046,6431233.876523103,167694.2564664694,-11.259326423374123
2,10.5,21.5,62419.816731765866,25.199128622486096,7916.56748443984,16417471300467638000,228583386947.53796,1,0.0045723741684135615,0,1.2583301604155919,16.779032280299482,1680539.0956716188,1.115522021824731,0.1832595714594046,6431087.262808638,168472.17286874322,-11.584840571308265
2,10.5,21.6,62293.57755612023,25.176049156075255,7915.673238195699,16740790040279046000,230823225402.72986,1,0.004538232542786971,0,1.2822839832368687,17.458789928699183,1686277.1229305312,1.1236603196985713,0.1832595714594046,6430940.602778864,169249.98914734263,-11.916062798794634
2,10.5,21.700000000000003,62167.38437903114,25.152989683008574,7914.771315029966,17064646274134297000,233045207233.97034,1,0.004504609170094972,0,1.3065098029612745,18.162806281247434,1691980.2987326551,1.1317896026999732,0.1832595714594046,6430793.896801241,170027.7045854331,-12.253033839967955
2,10.5,21.8,62041.237518442795,25.12995021184124,7913.861723159336,17388983318046888000,235249454991.39877,1,0.004471492428395464,0,1.331007459319364,18.891821432321954,1697648.8749702822,1.139909806762254,0.1832595714594046,6430647.145242908,170805.31846701365,-12.595794366781574
2,10.5,21.900000000000002,61915.13729164936,25.106930751038878,7912.944470861057,17713744572506595000,237436083248.48245,1,0.004438871040604318,0,1.3557767883270921,19.646593480467725,1703283.0987027502,1.1480208680313562,0.1832595714594046,6430500.348470694,171582.8300769219,-12.94438498858576
2,10.5,22,61789.084015306085,25.083931308979967,7912.019566472745,18038873535373105000,239605199139.09976,1,0.0044067340618017484,0,1.380817634323842,20.427898829885557,1708883.2122889475,1.1561227228661248,0.1832595714594046,6430353.5068510985,172360.23870083963,-13.298846251707962
2,10.5,22.1,61663.078005413525,25.06095189395388,7911.087018392166,18364313821041773000,241756902897.99918,1,0.00437507086708852,0,1.4061298403111635,21.236532494262345,1714449.453516687,1.1642153078403592,0.1832595714594046,6430206.620750305,173137.54362529816,-13.659218639034359
2,10.5,22.200000000000003,61537.1195773324,25.037992514163935,7910.146835077049,18690009183291625000,243891288388.4519,1,0.0043438711399786225,0,1.4317132496285063,22.073308402933804,1719982.0557263333,1.1722985597428262,0.1832595714594046,6430059.690534167,173914.7441376823,-14.025542569592888
2,10.5,22.3,61411.20904576033,25.015053177724273,7909.199025044883,19015903544890960000,246008443638.66302,1,0.004313124861284235,0,1.4575677162264926,22.939059709370326,1725481.2479322,1.1803724155797937,0.1832595714594046,6429912.716568202,174691.839526237,-14.397858398138789
2,10.5,22.400000000000002,61285.34672474116,24.992133892661943,7908.243596872709,19341941027682680000,248108451347.01465,1,0.0042828222984857426,0,1.4836930915595832,23.834639101976705,1730947.2549384187,1.1884368125753952,0.1832595714594046,6429765.699217594,175468.8290800717,-14.776206414740988
2,10.5,22.5,61159.5329276612,24.96923466691695,7907.280559196928,19668065985592697000,250191389374.34445,1,0.004252953995551536,0,1.5100892296411497,24.760919117196174,1736380.2974516817,1.1964916881728531,0.1832595714594046,6429618.638847197,176245.71208916543,-15.160626844370384
2,10.5,22.6,61033.767967248335,24.946355508342666,7906.309920713084,19994223041728328000,252257331232.14563,1,0.004223510763189207,0,1.5367559879276655,25.718792454909362,1741780.5921902088,1.2045369800355015,0.1832595714594046,6429471.535821517,177022.48784437182,-15.551159846490071
2,10.5,22.700000000000003,60908.052155560814,24.93388672881837,7905.331690175663,26000163574204383000,287660062622.06903,1,0.0038312230741204658,0,1.5636932246490376,26.709172296118474,1828101.5505764722,1.3275437059262345,0.1832595714594046,6429324.393074576,177799.15062838345,-15.948138160491949
2,10.5,22.8,60782.38823440578,24.92487984440038,7904.237880924386,34681740667655078000,332232392570.8118,1,0.003406633863596634,0,1.5909008008316472,27.734219426543504,1937876.174559297,1.4925903145189363,0.1832595714594046,6429177.217050484,178575.68788405703,-16.352293992175547
2,10.5,22.900000000000002,60656.78226160258,24.91539064713039,7902.988999906756,43776576583788360000,373260839473.4337,1,0.0030669056509350103,0,1.6183785854127841,28.796693148813894,2041421.4383285919,1.6574041176137255,0.1832595714594046,6429030.015129175,179352.08523347566,-16.76446560169447
2,10.5,23,60531.241173479706,24.90542043545022,7901.58526059496,53053756109537990000,410912732836.59076,1,0.0027889226601220183,0,1.6461264436857226,29.8995392064072,2139603.0249451264,1.8219567550788154,0.1832595714594046,6428882.794680713,180128.3283208159,-17.185489555102485
2,10.5,23.1,60405.771890052594,24.894970589084952,7900.026903107626,62353438244753015000,445473355769.2099,1,0.0025572657796930805,0,1.6741442500263393,31.04589813505489,2233091.5284604756,1.9862199864380428,0.1832595714594046,6428735.563063761,180904.40281468167,-17.616200533697004
2,11,13.200000000000001,73025.36815888621,27.183382349761878,7963.351843755204,40386731540527950,11337332514.432592,1,0.01242588683685461,1,0.18672523124561863,0.24516547629058652,1037606.6901997619,0.4153464369169958,0.19198621771937624,6443063.071928688,103634.19104467881,0
2,11,13.3,72896.4760775473,27.1586823340079,7963.117070512041,49529122124254900,12555148266.284588,1,0.012171806986188983,1,0.1911742796775733,0.2624033624549392,1048287.7725007919,0.4239915667833906,0.19198621771937624,6442921.528824808,104417.80991993495,-0.00113986848916989
2,11,13.4,72767.6017701542,27.134001292056848,7962.874166310472,60330205147536590,13856671829.099295,1,0.011927942545739815,1,0.19569771700510474,0.2807264627172661,1058852.6697838902,0.43263359599192114,0.19198621771937624,6442779.90854678,105201.38975454959,-0.004582652004535104
2,11,13.5,72638.74549003132,27.109339220732597,7962.623133786172,73008661003479860,15243290358.107206,1,0.011693690040578141,1,0.20030158149267085,0.30018364065231884,1069304.6163126978,0.4412724550388552,0.19198621771937624,6442638.211474404,105984.9297825511,-0.010374694740554476
2,11,13.600000000000001,72509.90759625658,27.08469613642337,7962.363975640366,87798209928416400,16716076932.59487,1,0.011468492793012522,1,0.20499229942511277,0.3208256399126229,1079646.6767826325,0.4499080673672249,0.19198621771937624,6442496.4379874775,106768.42923832161,-0.01856231681705795
2,11,13.700000000000001,72381.08844753541,27.06007205541025,7962.096694646439,104946690226170290,18275779255.908558,1,0.01125183629771353,1,0.20977661410659945,0.34270516749363644,1089881.766087824,0.45854035650777525,0.19198621771937624,6442354.588465809,107551.8873566025,-0.029191813735334523
2,11,13.8,72252.28840221837,27.03546699387145,7961.821293649855,124714840292906800,19922810219.94085,1,0.011043244302399828,1,0.21466152296841784,0.3658769798055188,1100012.6592458317,0.46716924607928684,0.19198621771937624,6442212.663289203,108335.30337250138,-0.04230945583494976
2,11,13.9,72123.50781828351,27.01088096787999,7961.53777556808,147374795694626000,21657241459.04891,1,0.010842275317586596,1,0.2196542201475944,0.3903979715498074,1110042.0004977335,0.4757946597912717,0.19198621771937624,6442070.66283746,109118.67652149817,-0.05796148775128779
2,11,14,71994.74705333542,26.986313993404554,7961.246143390505,173208312743254620,23478799986.084152,1,0.01064851950165559,1,0.22476204043337722,0.41632726739919923,1119972.3116621017,0.4844165214455411,0.19198621771937624,6441928.587490364,109902.0060394511,-0.07619412787383756
2,11,14.100000000000001,71866.00646459963,26.961766086309353,7960.946400178344,202504737538543970,25386867975.309914,1,0.010461595874958826,1,0.2299924093710431,0.4437263164785322,1129805.9998177267,0.49303475493807897,0.19198621771937624,6441786.437627697,110685.29116260329,-0.097053567805247
2,11,14.200000000000001,71737.28640893009,26.937237262356525,7960.638549064567,235558746465915070,27380485701.914394,1,0.010281149823132801,1,0.23535279782163362,0.47265898964496234,1139545.3643785415,0.5016492842600379,0.19198621771937624,6441644.2136292085,111468.5311275896,-0.12058597182117184
2,11,14.3,71608.58724278118,26.912727537201906,7960.322593253792,272667890952959550,29458357611.669865,1,0.010106850855127025,1,0.24085067275373945,0.5031916795652298,1149192.6036219911,0.5102600335011083,0.19198621771937624,6441501.915874638,112251.725171442,-0.14683747633086844
2,11,14.4,71479.90932223387,26.8882369264008,7959.998536022212,314129985112435500,31618861438.896564,1,0.009938390586251546,0,0.24649346159005522,0.5353934035878105,1158749.8207152006,0.518866926849254,0.19198621771937624,6441359.544743693,113034.87253159615,-0.1758541893386258
2,11,14.5,71351.25300297048,26.863765445404315,7959.6663807174955,360240380090248100,33860060256.076466,1,0.00977548092019746,0,0.2522885122082276,0.5693359094076423,1168219.0292926596,0.5274698885938872,0.19198621771937624,6441217.100616053,113817.97244589825,-0.20768218990603088
2,11,14.600000000000001,71222.6186402794,26.839313109561136,7959.326130758691,411289172823236030,36179717292.68578,1,0.009617852407598373,0,0.2582430617767503,0.6050937835210253,1177602.158620014,0.5360688431270331,0.19198621771937624,6441074.583871363,114601.0241526104,-0.24236752761501026
2,11,14.700000000000001,71094.00658904854,26.81487993411731,7958.977789636136,467558399649583400,38575313324.909294,1,0.009465252761402556,0,0.2643642052735403,0.6427445624681835,1186901.0583836187,0.544663714945245,0.19198621771937624,6440931.994889227,115384.02689041734,-0.2799562220317757
2,11,14.8,70965.41720376164,26.790465934216485,7958.621360911364,529319266445322100,41044066399.02591,1,0.009317445511868317,0,0.2706588691436328,0.682368846860886,1196117.5031375312,0.5532544286513266,0.19198621771937624,6440789.334049206,116166.9798984329,-0.3204942621716118
2,11,14.9,70836.85083849728,26.76607112490066,7958.256848216995,596829466845456300,43582953621.72013,1,0.009174208786099534,0,0.2771337836661237,0.7240504181924203,1205253.1964373784,0.5618409089558585,0.19198621771937624,6440646.60173082,116949.88241620589,-0.36402760596453193
2,11,15,70708.3078469215,26.74169552110977,7957.884255256647,670330638768489500,46188734732.67991,1,0.009035334198862106,0,0.2837954673918396,0.7678763584271102,1214309.774688275,0.5704230806791656,0.19198621771937624,6440503.798313538,117732.73368372653,-0.4106021797218291
2,11,15.100000000000001,70579.78858229425,26.71733913768379,7957.5035858048295,750046006252377100,48857977142.62816,1,0.008900625843042194,0,0.2906502086707746,0.8139371723664752,1223288.8107291674,0.5790008687523344,0.19198621771937624,6440360.924176766,118515.53294143201,-0.46026387760350584
2,11,15.200000000000001,70451.29339744337,26.693001989358944,7957.114843706843,836178249655706400,51587082115.41488,1,0.008769899369410535,0,0.29770404769257364,0.8623269127890261,1232191.8171785013,0.5875741982204186,0.19198621771937624,6440217.979699862,119298.27943021397,-0.513058561086696
2,11,15.3,70322.82264479063,26.668684090773283,7956.7180328786735,928907641765507600,54372311757.3768,1,0.008642981146692395,0,0.3049627712996629,0.9131433083605939,1241020.2495546713,0.5961429942421391,0.19198621771937624,6440074.965262115,120080.97239142357,-0.5690320584349234
2,11,15.4,70194.3766763173,26.644385456461436,7956.313157306881,1028390481510500100,57209816487.77576,1,0.008519707493777756,0,0.3124318993078169,0.9664878943119892,1249775.5091969129,0.6047071820936387,0.19198621771937624,6439931.88124275,120863.61106687799,-0.6282301641683532
2,11,15.5,70065.95584359113,26.62010610086032,7955.9002210485005,1134757849215865100,60095662643.48371,1,0.008399923977057324,0,0.32011668306940305,1.022466145880692,1258458.9459940456,0.6132666871681108,0.19198621771937624,6439788.7280209195,121646.19469886666,-0.6906986385350061
2,11,15.600000000000001,69937.5604977319,26.595846038303907,7955.479228230929,1248114700773394700,63025859908.58858,1,0.008283484766419411,0,0.32802209619083245,1.0811876145131696,1267071.8609442418,0.621821434979549,0.19198621771937624,6439645.505975703,122428.72253015773,-0.7564832069829556
2,11,15.700000000000001,69809.19098943658,26.571605283028557,7955.0501830518115,1368539309827606300,65996388255.82823,1,0.00817025204437801,0,0.33615284117191957,1.14276606682433,1275615.5085506253,0.6303713511624846,0.19198621771937624,6439502.215486096,123211.19380400357,-0.8256295596334541
2,11,15.8,69680.84766895045,26.547383849168828,7954.613089778939,1496083058861467100,69003224095.82176,1,0.008060095463191278,0,0.3445133444271202,1.2073196263105102,1284091.0990726326,0.6389163614753574,0.19198621771937624,6439358.856931019,123993.60776414759,-0.8981833507551386
2,11,15.9,69552.53088608291,26.523181750761083,7954.167952750114,1630770574326767600,72042365396.73007,1,0.007952891645565167,0,0.35310776529709026,1.2749709178123079,1292499.8006373304,0.6474563918008636,0.19198621771937624,6439215.430689296,124775.96365482961,-0.9741901982391529
2,11,16,69424.24099019077,26.498999001741474,7953.714776373058,1772600191352840700,75109855499.77928,1,0.007848523724851562,0,0.3619399926596639,1.3458472147234657,1300842.7412260568,0.6559913681485045,0.19198621771937624,6439071.937139668,125558.2607207926,-1.053695683075396
2,11,16.1,69295.97833018377,26.474835615947775,7953.253565125285,1921544729007498500,78201805433.81952,1,0.0077468809211867235,0,0.37101365680618925,1.4200805889419166,1309121.0105418034,0.6645212166556181,0.19198621771937624,6438928.376660777,126340.4982072888,-1.136745348829782
2,11,16.2,69167.74325451441,26.450691607118415,7952.784323553972,2077552551342627300,81314414556.96417,1,0.007647858150305491,0,0.3803321346787379,1.4978080635590105,1317335.661768352,0.6730458635894702,0.19198621771937624,6438784.749631173,127122.67536008502,-1.223384701122463
2,11,16.3,69039.53611118533,26.42656698889466,7952.307056275854,2240548882825907000,84443989347.60092,1,0.007551355662154715,0,0.3898985604948016,1.5791717682828292,1325487.7132266352,0.6815652353481564,0.19198621771937624,6438641.056429294,127904.79142546988,-1.313659207107295
2,11,16.400000000000002,68911.35724772699,26.40246177481759,7951.8217679771005,2410437346354452000,87586960269.32846,1,0.0074572787066563015,0,0.3997158338924405,1.6643190975914215,1333578.1499385359,0.6900792584634964,0.19198621771937624,6438497.297433473,128686.84565025895,-1.4076142949522086
2,11,16.5,68783.20701120608,26.378375978330357,7951.328463413181,2587101685013674500,90739896580.72578,1,0.007365537224312507,0,0.40978662602503096,1.7534028716116725,1341607.9251006204,0.6985878596018588,0.19198621771937624,6438353.473021937,129468.83728180105,-1.5052953533207598
2,11,16.6,68655.08574822638,26.35430961277924,7950.827147408755,2770407631697240000,93899519084.16924,1,0.0072760455594993835,0,0.4201133966578707,1.8465814997194436,1349577.9614763497,0.7070909655654839,0.19198621771937624,6438209.583572791,130250.76556798424,-1.6067477308547757
2,11,16.7,68526.99380491395,26.330262691411853,7950.31782485753,2960204886364114400,97062710767.20627,1,0.007188722194525118,0,0.4306983973547333,1.9440191468565056,1357489.1527127584,0.7155885032948606,0.19198621771937624,6438065.629464028,131032.62975724263,-1.7120167356582128
2,11,16.8,68398.93152692355,26.306235227379158,7949.800500722148,3156329162539141600,100226525350.61824,1,0.007103489502744137,0,0.44154369132583565,2.04588590255971,1365342.3645842986,0.724080399869663,0.19198621771937624,6437921.611073513,131814.42909856094,-1.8211476347818896
2,11,16.900000000000002,68270.89925942384,26.28222723373368,7949.27518003405,3358604267177838000,103388193804.22337,1,0.007020273519125268,0,0.45265115371530784,2.1523579526977317,1373138.4361712644,0.732566582511115,0.19198621771937624,6437777.528778985,132596.16284148177,-1.9341856537096898
2,11,17,68142.89734710567,26.258238723431777,7948.741867893336,3566844176114219000,106545128853.10832,1,0.006939003726879158,0,0.46402248455572453,2.2636177539106344,1380878.1809742777,0.7410469785827901,0.19198621771937624,6437633.382958057,133377.83023611092,-2.051175975845654
2,11,17.1,68014.92613417562,26.23426970933337,7948.200569468649,3780855076142067000,109694927618.37886,1,0.006859612858825254,0,0.475659235980686,2.3798542107474017,1388562.387971276,0.7495215155924064,0.19198621771937624,6437489.1739882,134159.43053312352,-2.1721637420024242
2,11,17.2,67886.98596434109,26.210320204200176,7947.651289997032,4000437340405270000,112835372436.2551,1,0.0067820367123278685,0,0.4875627978308973,2.5012628554965,1396191.8226202386,0.7579901211941731,0.19198621771937624,6437344.902246746,134940.9629837702,-2.2971940498908086
2,11,17.3,67759.07718082238,26.186390220698616,7947.094034783793,4225387414554300400,115964430027.65155,1,0.006706213976752817,0,0.49973442061626794,2.6280460307044273,1403767.2278088937,0.7664527231893233,0.19198621771937624,6437200.568110892,135722.42683988286,-2.42631195361051
2,11,17.400000000000002,67631.20012634248,26.162479771398836,7946.528809202367,4455499589973900300,119080249125.87347,1,0.006632086072439092,0,0.5121752290712873,2.7604130743771114,1411289.3247576659,0.7749092495281402,0.19198621771937624,6437056.171957681,136503.8213538804,-2.559562463142095
2,11,17.5,67503.35514312238,26.13858886877475,7945.955618694181,4690567647094731000,122181156720.82097,1,0.0065595970003145595,0,0.5248862191910212,2.898580507858947,1418758.8138770503,0.7833596283116008,0.19198621771937624,6436911.714164011,137285.145778775,-2.696990543840223
2,11,17.6,67375.5425728811,26.11471752520481,7945.37446876851,4930386354918444000,125265653070.69609,1,0.006488693201343255,0,0.5378682818575152,3.042772226384133,1426176.3755822196,0.7918037877927009,0.19198621771937624,6436767.195106619,138066.399368178,-2.8386411159280662
2,11,17.7,67247.76275682636,26.090865752971226,7944.785365002339,5174752815698580000,128332405622.24315,1,0.006419323425054986,0,0.5511221961526572,3.1932196922949094,1433542.6710682604,0.800241656378402,0.19198621771937624,6436622.615162091,138847.58137630534,-2.984559053992944
2,11,17.8,67120.01603566203,26.067033564262044,7944.18831304022,5423467651403784000,131380242031.82967,1,0.006351438606493553,0,0.5646486556932607,3.350162130921187,1440858.343046819,0.8086731626304446,0.19198621771937624,6436477.974706843,139628.69105798428,-3.13478918648339
2,11,17.900000000000002,66992.3027495686,26.0432209711686,7943.583318594134,5676336026480106000,134408142405.18704,1,0.006284991750938763,0,0.5784482586556493,3.513846729115963,1448124.0164489993,0.8170982352679684,0.19198621771937624,6436333.274117127,140409.72766865807,-3.289376295207154
2,11,18,66864.62323821336,26.019427985687987,7942.970387443322,5933168509493979000,137415230932.86386,1,0.006219937825863895,0,0.592521520282831,3.6845288364408426,1455340.2990931284,0.8255168031681233,0.19198621771937624,6436188.513769032,141190.6904643933,-3.448365114830944
2,11,18.1,66736.97784074862,25.9956546197236,7942.349525434164,6193781776390342000,140400767057.78833,1,0.006156233659583564,0,0.6068688913463217,3.862472168995881,1462507.7823218703,0.8339287953674936,0.19198621771937624,6436043.694038462,141971.57870188434,-3.6118003323810646
2,11,18.2,66609.36689578835,25.971900885081926,7941.720738480021,6457999162271799000,143364136324.47144,1,0.006093837846109111,0,0.6214907486033223,4.047949015887865,1469627.0416109392,0.8423341410649469,0.19198621771937624,6435898.815301148,142752.39163846005,-3.779726586745553
2,11,18.3,66481.79074143246,25.948166793477416,7941.084032561082,6725651068723336000,146304841027.59357,1,0.006032710655805076,0,0.636387405595263,4.241240448331083,1476698.637147058,0.8507327696212926,0.19198621771937624,6435753.8779326435,143533.12853208926,-3.952188468177682
2,11,18.400000000000002,66354.24971524253,25.924452356529162,7940.439413724214,6996575237022908000,149222490787.27298,1,0.005972813951393718,0,0.651559122721531,4.442636531374509,1483723.1143823517,0.8591246105621811,0.19198621771937624,6435608.882308309,144313.78864138632,-4.129230517800576
2,11,18.5,66226.74415424652,25.90075758576243,7939.786888082811,7270616898561438000,152116793163.3264,1,0.005914111108972973,0,0.667006112002889,4.6524365382492725,1490701.0045620843,0.8675095935790621,0.19198621771937624,6435463.8288033195,145094.3712256176,-4.310897227113533
2,11,18.6,66099.27439493686,25.877082492609144,7939.126461816638,7547628813636597000,154987544398.12357,1,0.005856566943686431,0,0.6827285406718794,4.870949167330171,1497632.825229184,0.8758876485305724,0.19198621771937624,6435318.717792649,145874.8755447065,-4.497233037499335
2,11,18.7,65971.84077325556,25.853427088406093,7938.458141171677,7827471212635561000,157834620390.32925,1,0.005800147639725829,0,0.6987265264219452,5.098492761704881,1504519.0807071903,0.8842587054447885,0.19198621771937624,6435173.549651085,146655.30085923968,-4.688282339733154
2,11,18.8,65844.44362461288,25.82979138439883,7937.781932459967,8110011649740507000,160657967946.997,1,0.005744820684394381,0,0.7150001576088416,5.335395531344497,1511360.2625601497,0.8926226945192323,0.19198621771937624,6435028.324753209,147435.6464304727,-4.884089473492802
2,11,18.900000000000002,65717.08328386303,25.806175391738368,7937.09784205945,8395124784503426000,163457596404.7755,1,0.005690554805926442,0,0.7315494819235041,5.5819957778688325,1518156.8500349515,0.9009795461237355,0.19198621771937624,6434883.043473396,148215.91152033544,-5.084698726870269
2,11,19,65589.76008531265,25.782579121483316,7936.405876413812,8682692102127443000,166233569655.47153,1,0.0056373199148474894,0,0.7483745251304169,5.838642121899941,1524909.3104828354,0.9093291908011113,0.19198621771937624,6434737.706185814,148996.09539143828,-5.290154335884837
2,11,19.1,65462.47436271049,25.759002584598864,7935.70604203231,8972601584429025000,168985998617.89267,1,0.0055850870486206065,0,0.7654752759247306,6.105693732997146,1531618.0997639769,0.917671559269075,0.19198621771937624,6434592.31326442,149776.19730707724,-5.500500483997431
2,11,19.200000000000003,65335.2264492549,25.735445791958817,7934.998345489615,9264747343990750000,171715034198.55685,1,0.005533828319381094,0,0.7828517126471131,6.383520562166828,1538283.6626340267,0.9260065824209617,0.19198621771937624,6434446.865082945,150556.2165312401,-5.71578130162662
2,11,19.3,65208.0166775696,25.711908754342293,7934.2827934256675,9559029228665903000,174420860731.2149,1,0.00548351686454069,0,0.80050377613949,6.6725035769400804,1544906.4331162495,0.9343341913285713,0.19198621771937624,6434301.362014912,151336.15232861217,-5.936040865665881
2,11,19.400000000000002,65080.84537972603,25.688391482438107,7933.559392545477,9855352410138984000,177103689946.91144,1,0.005434126800109397,0,0.8184314014083242,6.973034999011345,1551486.834855664,0.9426543172418727,0.19198621771937624,6434155.804433615,152116.00396458147,-6.161323199002328
2,11,19.5,64953.71288722847,25.66489398684308,7932.8281496189875,10153626962447730000,179763755452.99695,1,0.005385633176530354,0,0.8366344983787882,7.285518544430922,1558025.2814607085,0.9509668915912118,0.19198621771937624,6434010.192712119,152895.7707052446,-6.391672270036974
2,11,19.6,64826.619531000964,25.64141627806055,7932.089071480889,10453767437200001000,182401307711.31192,1,0.005338011936885878,0,0.855112965224434,7.610369666344303,1564522.1768308785,0.9592718459893717,0.19198621771937624,6433864.527223259,153675.45181741213,-6.627131992206414
2,11,19.700000000000003,64699.56564140599,25.617958366504205,7931.342165030456,10755692445119080000,185016609533.83905,1,0.005291239877338312,0,0.8738666892030904,7.9480158002710795,1570977.9154694604,0.9675691122315182,0.19198621771937624,6433718.80833963,154455.0465686147,-6.867746223506115
2,11,19.8,64572.5515482137,25.594520262493685,7930.58743723138,11059324247615343000,187609932063.73557,1,0.005245294609638464,0,0.8928955438468619,8.298896611916167,1577392.882786408,0.9758586222984355,0.19198621771937624,6433573.036433593,155234.55422710787,-7.113558766014909
2,11,19.900000000000002,64445.577580627054,25.571101976259452,7929.824895111591,11364588361533762000,190181551210.54053,1,0.00520015452561375,0,0.9121994012299275,8.663464247505933,1583767.4553862317,0.9841403083560185,0.19198621771937624,6433427.2118772585,156013.97406187854,-7.364613365421504
2,11,20,64318.64406725485,25.547703517939034,7929.054545763086,11671413184467405000,192731744548.51648,1,0.005155798763477715,0,0.9317781071883278,9.042183586641821,1590102.0013473476,0.992414102758243,0.19198621771937624,6433281.3350425055,156793.30534264978,-7.620953710551863
2,11,20.1,64191.75133613497,25.52432489758154,7928.276396341749,11979729640812362000,195260788629.04456,1,0.005112207175887794,0,0.951631517870545,9.435532497663868,1596396.880487882,1.0006799380467708,0.19198621771937624,6433135.406300947,157572.54733988663,-7.882623432898728
2,11,20.200000000000003,64064.899714699946,25.500966125142707,7927.490454067192,12289470851626529000,197768956687.84906,1,0.005069360299610206,0,0.9717594736843129,9.84400209551653,1602652.4446242664,1.0089377469544054,0.19198621771937624,6432989.426023947,158351.69932480177,-8.149666106152281
2,11,20.3,63938.0895297965,25.47762721048884,7926.696726222571,12600571829484128000,200256516716.30453,1,0.00502723932673523,0,0.9921618156949658,10.268097002109096,1608869.0378170782,1.017187462404929,0.19198621771937624,6432843.3945826115,159130.76056936063,-8.422125245732488
2,11,20.400000000000002,63811.321107670665,25.454308163394973,7925.895220154394,12912969199819047000,202723729872.7467,1,0.004985826077322583,0,1.0128383793113884,10.70833560916287,1615046.9966093472,1.0254290175152314,0.19198621771937624,6432697.312347785,159909.73034628725,-8.700044308323086
2,11,20.5,63684.59477397613,25.431008993546953,7925.085943272352,13226600948689637000,205170849201.06564,1,0.004945102973413063,0,1.0337889941848213,11.165250343537288,1621186.6502546715,1.0336623455958847,0.19198621771937624,6432551.179690047,160688.60792906937,-8.98346669140695
2,11,20.6,63557.91085376032,25.407729710539858,7924.268903049138,13541406197121317000,207598118629.67325,1,0.004905053014313229,0,1.0550134914800944,11.63938793502696,1627288.320937975,1.0418873801531972,0.19198621771937624,6432404.996979711,161467.3925919644,-9.272435732803318
2,11,20.700000000000003,63431.269671468064,25.384470323879263,7923.444107020268,13857324999662252000,210005772208.20224,1,0.004865659753093279,0,1.0765117006631169,12.131309686621645,1633352.323987165,1.0501040548900775,0.19198621771937624,6432258.764586806,162246.08361000437,-9.566994710206387
2,11,20.8,63304.671550928615,25.361230842979786,7922.611562783894,14174298171138951000,212394033591.5035,1,0.0048269072742187676,0,1.0982834468868987,12.641591747220986,1639378.9680778668,1.0583123037080147,0.19198621771937624,6432112.4828811,163024.6802590015,-9.867186840725497
2,11,20.900000000000002,63178.116815369576,25.33801127716803,7921.771278000618,14492267133913831000,214763115693.7249,1,0.004788780172265936,0,1.120328555393417,13.170825386795858,1645368.5554293103,1.0665120607072456,0.19198621771937624,6431966.152232069,163803.18181555351,-10.173055280427091
2,11,21,63051.60578739736,25.314811635680048,7920.923260393305,14811173789917100000,217113220530.30814,1,0.004751263531642097,0,1.1426468519205362,13.719617273987993,1651321.3819948328,1.0747032601891489,0.19198621771937624,6431819.773008912,164581.5875570492,-10.484643123878284
2,11,21.1,62925.13878900651,25.291631927663538,7920.067517746901,15130960412789125000,219444539199.84027,1,0.004714342907274202,0,1.165238165084115,14.28858975613954,1657237.737644079,1.0828858366567113,0.19198621771937624,6431673.345580535,165359.8967616737,-10.801993403691913
2,11,21.200000000000003,62798.71614156291,25.26847216217577,7919.204057908241,15451569560585185000,221757251998.85797,1,0.004678004306196459,0,1.1881023203661984,14.878381141744127,1663117.906340026,1.0910597248167202,0.19198621771937624,6431526.870315559,166138.10870841355,-11.125149090073348
2,11,21.3,62672.33816581871,25.245332348186636,7918.332888785863,15772944005692010000,224051528636.57062,1,0.004642234170004716,0,1.2112391474823168,15.489645985310883,1668962.1663081555,1.0992248595798417,0.19198621771937624,6431380.347582304,166916.22267706261,-11.454153090369067
2,11,21.400000000000002,62546.00518188998,25.222212494575707,7917.454018349811,16095026681258430000,226327528538.0625,1,0.004607019358111364,0,1.2346484722705837,16.123055374632834,1674770.79020155,1.1073811760631664,0.19198621771937624,6431233.777748798,167694.23794822703,-11.789048248616655
2,11,21.5,62419.71750927344,25.19911261013555,7916.567454631445,16417760643047934000,228585401222.8906,1,0.004572347131779252,0,1.258330130490542,16.77929722045097,1680544.045258295,1.115528609590151,0.19198621771937624,6431087.161182759,168472.15380333035,-12.129877345096626
2,11,21.6,62293.475466822274,25.17603270356853,7915.673205723261,16741089043446127000,230825286732.1861,1,0.004538205138871201,0,1.2822839532549415,17.459076548505273,1686282.1934554793,1.1236670956932764,0.19198621771937624,6430940.498251605,169249.96952461885,-12.476683095885821
2,11,21.700000000000003,62167.27937276289,25.152972783490043,7914.771279778674,17064955118531710000,233047316108.06555,1,0.0045045813992996165,0,1.3065097723183452,18.16311579396381,1691985.4916558661,1.1317965701139652,0.19198621771937624,6430793.789322447,170027.68439516722,-12.829508152412853
2,11,21.8,62041.1295446828,25.12993285842727,7913.861685011837,17389302183261833000,235251611889.32608,1,0.004471464291120837,0,1.3310074246621613,18.892155098221025,1697654.1917510044,1.1399169688044197,0.19198621771937624,6430647.034762077,170805.2976988831,-13.1883951010146
2,11,21.900000000000002,61915.026299526915,25.106912936819214,7912.944429697446,17714073637502994000,237438288641.6082,1,0.004438842537250678,0,1.3557767555689035,19.646952608056246,1703288.540799094,1.1480282279288936,0.19198621771937624,6430500.23493697,171582.808720513,-13.553386462495194
2,11,22,61788.96995358821,25.083913027015807,7912.019522170541,18039212978455007000,239607453491.1929,1,0.004406705192765512,0,1.3808176015732867,20.428284777143286,1708888.781158484,1.156130283865323,0.19198621771937624,6430353.390213287,172360.21674564705,-13.924524691686132
2,11,22.1,61662.960822525434,25.060933137281342,7911.086970826292,18364663819688786000,241759206664.60294,1,0.004375041632767115,0,1.4061298080723648,21.236946669902103,1714455.1506154072,1.1642230732051537,0.19198621771937624,6430206.500956866,173137.52106072407,-14.301852177008236
2,11,22.200000000000003,61536.99922134541,25.03797327579229,7910.14678411982,18690369913892717000,243893642015.6141,1,0.004343841540766973,0,1.4317132199501765,22.073752267683183,1719987.8825092085,1.1723065327555173,0.19198621771937624,6430059.56753321,173914.7209530374,-14.685411240035869
2,11,22.3,61411.08546439279,25.01503345063626,7909.198970565983,19016275182681625000,246010847563.03006,1,0.004313094897574662,0,1.4575676891821319,22.939534777275483,1725487.205853098,1.1803805995409038,0.19198621771937624,6429912.590307499,174691.8157107393,-15.075244135062032
2,11,22.400000000000002,61285.21986536868,24.9921136698156,7908.243538739178,19342323746819568000,248110905996.79614,1,0.004282791970670098,0,1.4836930637645918,23.83514694172844,1730953.3454495722,1.1884452108029029,0.19198621771937624,6429765.569644576,175468.80462284625,-15.471393048665878
2,11,22.5,61159.402737309225,24.96921394124459,7907.280497273147,19668459959311970000,250193895170.76257,1,0.004252923304019012,0,1.5100892004586683,24.761461353478772,1736386.522004017,1.1965003040026028,0.19198621771937624,6429618.5059089465,176245.68697924438,-15.873900099281869
2,11,22.6,61033.63439259119,24.946334272750892,7906.309854860751,19994628441459835000,252259888584.23093,1,0.004223479708325822,0,1.5367559580558066,25.719370769772407,1741786.9522333494,1.2045458168211787,0.19198621771937624,6429471.399464769,177022.4620706944,-16.282807336770656
2,11,22.700000000000003,60907.91514292173,24.933880447299668,7905.331620253781,26009373179662012000,287711004630.914,1,0.0038307025127396212,0,1.563693192748377,26.709788430372075,1828225.7099272434,1.3277240848541185,0.19198621771937624,6429324.253246991,177799.12417183668,-16.698463612029467
2,11,22.8,60782.24773080181,24.924872891417813,7904.237645872212,34691822721677664000,332280679384.9686,1,0.003406211797935156,0,1.59090077016723,27.734877037759965,1937996.0596221455,1.4927751734598502,0.19198621771937624,6429177.073697223,178575.66071661617,-17.12163604656226
2,11,22.900000000000002,60656.63821130246,24.91538300773077,7902.9885955931895,43787259591167980000,373306381009.20844,1,0.0030665549307354037,0,1.6183785527912273,28.79739617784803,2041537.8597814522,1.6575935044068517,0.19198621771937624,6429029.868188253,179352.05732530082,-17.553202360253774
2,11,23,60531.09351355024,24.905412094270293,7901.584682852957,53064833737595930000,410955629901.4354,1,0.0027886253670770544,0,1.6461264116411567,29.900291895363452,2139716.6032098895,1.8221507259209757,0.19198621771937624,6428882.644082997,180128.29964024795,-17.994038499359856
2,11,23.1,60405.62055035215,24.894961530327468,7900.026147726345,62364766718377120000,445513821091.63934,1,0.0025570095930149564,0,1.6741442166610019,31.046705047022478,2233202.7517291075,1.986418605857662,0.19198621771937624,6428735.40873301,180904.3733282388,-18.445018436919593
2,11.5,13.200000000000001,73025.36815888621,27.183382349761878,7963.351843755204,40386731540527950,11337332514.432592,1,0.01242588683685461,1,0.18672523124561863,0.24516547629058652,1037606.6901997619,0.4153464369169958,0.20071286397934787,6443063.071928688,103634.19104467881,0
2,11.5,13.3,72896.4760775473,27.1586823340079,7963.117070512041,49529122124254900,12555148266.284588,1,0.012171806986188983,1,0.191174280038305,0.2624033624549392,1048287.7725007919,0.4239915667833905,0.20071286397934787,6442921.5288148,104417.80991812769,-0.0011909984943036253
2,11.5,13.4,72767.60176011827,27.134001290283443,7962.874166334669,60330206085326340,13856671936.795305,1,0.011927942527129646,1,0.19569771699829033,0.280726450431973,1058852.6706195625,0.43263359666955237,0.20071286397934787,6442779.908506542,105201.38974728249,-0.004788211697700221
2,11.5,13.5,72638.7454496799,27.10933921353076,7962.62313385863,73008665399978560,15243290817.074022,1,0.011693689968662484,1,0.20030158148596366,0.3001836007852096,1069304.619629976,0.4412724577606915,0.20071286397934787,6442638.211383309,105984.92976609552,-0.010840062619591934
2,11.5,13.600000000000001,72509.90750490315,27.08469612008019,7962.363975784356,87798221497282180,16716078033.904589,1,0.011468492636409882,1,0.20499229936578608,0.3208255543287704,1079646.68421251,0.4499080735270063,0.20071286397934787,6442496.437824495,106768.4292088728,-0.01939494912198211
2,11.5,13.700000000000001,72381.0882840883,27.060072026155666,7962.096694884415,104946714154209470,18275781339.364147,1,0.01125183602801065,1,0.20977661449489582,0.34270501540138293,1089881.7792476064,0.4585403675262502,0.20071286397934787,6442354.588209499,107551.88731027894,-0.030501243351298345
2,11.5,13.8,72252.28814517055,27.03546694787675,7961.821294003442,124714883570563040,19922813676.676453,1,0.01104324389382763,1,0.2146615235785225,0.36587673794703063,1100012.6797412357,0.46716926340486636,0.20071286397934787,6442212.662917722,108335.30330534515,-0.04420729117099229
2,11.5,13.9,72123.50744572468,27.010880901260393,7961.53777605804,147374867442337100,21657246730.836754,1,0.010842274746769147,1,0.2196542201041703,0.390397614400545,1110042.0299230784,0.47579468489917937,0.20071286397934787,6442070.662328556,109118.67642947444,-0.060561411594882625
2,11.5,14,71994.7465429455,26.986313902218363,7961.246144036706,173208424576193280,23478807565.693733,1,0.010648518747359163,1,0.22476203990890753,0.41632676737633745,1119972.3516018917,0.48441655583821536,0.20071286397934787,6441928.586821386,109902.00591844808,-0.07961189622128086
2,11.5,14.100000000000001,71866.00579365529,26.96176596655953,7960.946400999743,202504903947030700,25386878406.150856,1,0.010461594917888456,1,0.22999240883016447,0.44372564415837057,1129806.0518471247,0.4930348001446975,0.20071286397934787,6441786.436775583,110685.291008432,-0.10140700866791803
2,11.5,14.200000000000001,71737.28555429261,26.937237109988803,7960.638550079176,235558985207837760,27380499577.154102,1,0.010281148645725309,1,0.23535279726387817,0.472658113989364,1139545.430065197,0.5016493418372925,0.20071286397934787,6441644.212570493,111468.53093598367,-0.12599498400770226
2,11.5,14.3,71608.5861809086,26.912727348107413,7960.322594478663,272668223450523140,29458375572.76736,1,0.010106849441399878,1,0.24085067191641277,0.5031905681571327,1149192.6845259273,0.5102601050323542,0.20071286397934787,6441501.914585455,112251.72493805752,-0.15342402820525353
2,11.5,14.4,71479.90802918095,26.888236696416346,7959.998537473398,314130436818905000,31618884172.223232,1,0.00993838892165156,0,0.2464934601710829,0.5353920228758539,1158749.9183895753,0.5188670139444683,0.20071286397934787,6441359.543199772,113034.87225201144,-0.18374231755431253
2,11.5,14.5,71351.25145438127,26.863765170311442,7959.666382410041,360240980885852740,33860088491.343826,1,0.009775478991456315,0,0.2522885113215605,0.5693342249599567,1168219.1452850306,0.527469992890131,0.20071286397934787,6441217.098792716,113817.97211561364,-0.2169979981160215
2,11.5,14.600000000000001,71222.61681139097,26.839312785087127,7959.326132706595,411289957352524900,36179751798.86321,1,0.009617850202617295,0,0.25824306203740266,0.6050917602882322,1177602.294472689,0.5360689662881584,0.20071286397934787,6441074.581743531,114601.02376704809,-0.2532391851580163
2,11.5,14.700000000000001,71094.00445469376,26.814879555936038,7958.977791852334,467559407648968260,38575354906.74289,1,0.009465250269147603,0,0.26436420674955413,0.6427421650556601,1186901.2156340408,0.5446638586616668,0.20071286397934787,6440931.992431421,115384.02644492126,-0.29251396259446194
2,11.5,14.8,70965.41473837197,26.790465497949246,7958.621363407692,529320543019063940,41044115892.54442,1,0.009317442722276229,0,0.27065887098117464,0.6823660398103438,1196117.683318617,0.5532545946397893,0.20071286397934787,6440789.331235546,116166.97938826836,-0.33487038242696543
2,11.5,14.9,70836.84801609442,26.766070626115038,7958.256851004181,596831062715187600,43583011890.18194,1,0.009174205689980603,0,0.27713378492233953,0.7240471662728565,1205253.4010786428,0.5618410989599606,0.20071286397934787,6440646.598535022,116949.88183655952,-0.3803564641863982
2,11.5,15,70708.30464112852,26.74169495532196,7957.884258344272,670332610476512000,46188802662.31536,1,0.009035330787834072,0,0.2837954690283098,0.7678726269351881,1214310.0053154768,0.5704232964685593,0.20071286397934787,6440503.794708913,117732.73302970598,-0.4290201943756512
2,11.5,15.100000000000001,70579.7849663198,26.7173385003561,7957.503589201306,750048416281449500,48858055637.18034,1,0.008900622109442103,0,0.29065020933103597,0.8139329274363967,1223289.068865874,0.5790011121237468,0.20071286397934787,6440360.920136228,118515.53220806581,-0.48090952591330993
2,11.5,15.200000000000001,70451.28934409935,26.693001275903296,7957.114847419395,836181166470582100,51587172090.15254,1,0.008769895306249626,0,0.2977040493964938,0.862322121711957,1232192.1043452213,0.587574470996418,0.20071286397934787,6440217.975195923,119298.27861245141,-0.536072377578373
2,11.5,15.3,70322.81812647916,26.668683296549236,7956.718036913306,928911139916375900,54372414136.96868,1,0.008642976747584501,0,0.3049627730543248,0.9131379399137103,1241020.5672701378,0.5961432982719618,0.20071286397934787,6440074.960266886,120080.97148413418,-0.5945566334558022
2,11.5,15.4,70194.37166504562,26.644384576779146,7956.313161668356,1028394641441239600,57209932197.0505,1,0.008519702752901568,0,0.31243190184491393,0.9664819190972112,1249775.8589773786,0.604707519252142,0.20071286397934787,6439931.875727941,120863.61006485166,-0.6564101423831934
2,11.5,15.5,70065.95031095203,26.620105130977397,7955.900225740314,1134762757325453300,60095792607.67796,1,0.008399918889089837,0,0.3201166845342278,1.0224595366731761,1258459.329354958,0.6132670593570385,0.20071286397934787,6439788.721957845,121646.19359681335,-0.7216807173983688
2,11.5,15.600000000000001,69937.55441492889,26.595844973430214,7955.479233255287,1248120449122789400,63026005045.18791,1,0.008283479326516354,0,0.32802209925345405,1.0811803466196364,1267072.279398788,0.6218218441257934,0.20071286397934787,6439645.499335271,122428.72132270716,-0.7904161351880375
2,11.5,15.700000000000001,69809.1843272578,26.571604118321908,7955.050188409604,1368545995927355600,65996549470.74287,1,0.008170246248110493,0,0.3361528439128596,1.1427581184512985,1275615.9636117953,0.63037179921979,0.20071286397934787,6439502.208238825,123211.19248570519,-0.8626641355374203
2,11.5,15.8,69680.840397791,26.54738257973922,7954.613095469706,1496090785526203100,69003402282.48285,1,0.008060089306530223,0,0.3445133484571665,1.2073109789425243,1284091.592251928,0.6389168504227634,0.20071286397934787,6439358.849047021,123993.6063294702,-0.9384724207809968
2,11.5,15.9,69552.52297593188,26.52318037166881,7954.167958772047,1630779449181953800,72042561428.19531,1,0.007952885124837113,0,0.35310776939330946,1.2749615566002312,1292500.3334458915,0.6474569236435367,0.20071286397934787,6439215.4221382905,124775.96209816138,-1.0178886552542274
2,11.5,16,69424.2324106386,26.49899750799868,7953.714782722955,1772610326569420800,75110070227.71634,1,0.007848516836715348,0,0.36193999726828313,1.3458371288829336,1300843.3151743596,0.6559919449171818,0.20071286397934787,6439071.927890973,125558.25903644043,-1.1009604647463873
2,11.5,16.1,69295.96905041672,26.474834002517767,7953.253571798517,1921556241000380400,78202039687.35147,1,0.0077468736626017404,0,0.3710136610960361,1.4200697721620341,1309121.6271402263,0.6645218404069287,0.20071286397934787,6438928.366683319,126340.49638947847,-1.187735435954577
2,11.5,16.2,69167.7332433248,26.450689868917834,7952.784330544485,2077565560189834000,81314669136.59877,1,0.0076478505185149925,0,0.3803321412617847,1.4977965144213812,1317336.32252668,0.6730465364051967,0.20071286397934787,6438784.738893473,127122.67340296111,-1.27826111593865
2,11.5,16.3,69039.52533695474,26.426565120790826,7952.307063576128,2240563512131869000,84444265028.91942,1,0.007551347654650161,0,0.38989856810189827,1.5791594906910165,1325488.4196553286,0.681565959336306,0.20071286397934787,6438641.044899482,127904.78932309496,-1.3725850115773723
2,11.5,16.400000000000002,68911.34567844588,26.40245977163222,7951.821775578126,2410453722495848400,87587257795.00609,1,0.0074572703211715765,0,0.3997158416635651,1.6643061012109348,1333578.903547592,0.6900800357569312,0.20071286397934787,6438497.2850792855,128686.84339661371,-1.4707545890257165
2,11.5,16.5,68783.19461446442,26.378373834838268,7951.328471304447,2587119937171082000,90740216667.865,1,0.007365528458797673,0,0.40978663345975863,1.7533891723205803,1341608.7274003346,0.6985886923588689,0.20071286397934787,6438353.459810712,129468.83487078421,-1.57281727317326
2,11.5,16.6,68655.07249121554,26.354307323708955,7950.827155578209,2770427891132751400,93899862417.7191,1,0.0072760364121046035,0,0.42011340230650124,1.8465671200697131,1349578.8139773135,0.7070918559696034,0.20071286397934787,6438209.569471476,130250.76299341249,-1.678820447103749
2,11.5,16.7,68526.97965442762,26.330260251446067,7950.317833291566,2960227286118557700,97063078001.3771,1,0.007188712663585249,0,0.4306984040587887,1.944004116546182,1357490.056925924,0.7155894535547495,0.20071286397934787,6438065.614439167,131032.62701284952,-1.7888114515558187
2,11.5,16.8,68398.9164493503,26.306232631153716,7949.80050940557,3156353837359906000,100226917113.7374,1,0.007103479586759061,0,0.4415436976557334,2.0458702589160382,1365343.3220215528,0.7240814122195464,0.20071286397934787,6437921.595091262,131814.42617799758,-1.9028375843849274
2,11.5,16.900000000000002,68270.88322076015,26.282224475840156,7949.275188950054,3358631352811325400,103388610693.03429,1,0.0070202632167551664,0,0.45265115766274805,2.1523417411713384,1373139.4483447007,0.7325676592098536,0.20071286397934787,6437777.511805109,132596.15973831635,-2.0209461000265083
2,11.5,17,68142.880312955,26.25823579841764,7948.741877023496,3566873809655550500,106545571443.64017,1,0.006938993036931118,0,0.4640224910685134,2.2636010285808825,1380879.2493963558,0.7410481219138836,0.20071286397934787,6437633.364957919,133377.8269438283,-2.1431842089602093
2,11.5,17.1,68014.90806973353,26.23426661169966,7948.200578792886,3780887395143917000,109695396457.16283,1,0.006859601780232424,0,0.4756592420705188,2.379837034839042,1388563.5141558321,0.749522727864931,0.20071286397934787,6437489.154926775,134159.4270451251,-2.269599077175512
2,11.5,17.2,67886.96683441289,26.210316928404843,7947.6512994935865,4000472483127451600,112835868048.74692,1,0.006782025244150107,0,0.4875628040018755,2.5012453019077387,1396193.0080814506,0.7579914047415356,0.20071286397934787,6437344.882088623,134940.9592933739,-2.4002378256385244
2,11.5,17.3,67759.05694982223,26.18638676115666,7947.094044429204,4225425519658231300,115964952917.77528,1,0.006706202118166042,0,0.4997344278907053,2.628028182546535,1403768.4740614144,0.7664540803692625,0.20071286397934787,6437200.546820261,135722.42294032255,-2.5351475297599815
2,11.5,17.400000000000002,67631.17875828315,26.162476122480825,7946.528818971452,4455540796664435000,119080799781.47675,1,0.006632073822720151,0,0.5121752348509686,2.7603950255257095,1411290.6333173183,0.7749106827233524,0.20071286397934787,6437056.149498346,136503.81723830587,-2.674375218864548
2,11.5,17.5,67503.3326016264,26.13858502480901,7945.955628560008,4690612094958777000,122181735614.3565,1,0.006559584358839486,0,0.5248862282038643,2.8985623635170983,1418760.1862601917,0.7833611399289259,0.20071286397934787,6436911.690499379,137285.1414402517,-2.8179678756614375
2,11.5,17.6,67375.51882117148,26.114713480476134,7945.374478702382,4930434183738853000,125266260659.37807,1,0.006488680167574218,0,0.5378682909546197,3.0427541036573773,1426177.813306364,0.7918053802636873,0.20071286397934787,6436767.170199715,138066.39479968682,-2.9659724357162927
2,11.5,17.7,67247.73775773775,26.09086150172304,7944.785374973761,5174804165885145000,128333042355.71213,1,0.006419309998539415,0,0.5511222064143263,3.193201720778384,1433544.1756514409,0.8002433321584912,0.20071286397934787,6436622.588975546,138847.57657074236,-3.118435786924247
2,11.5,17.8,67119.98975163233,26.067029100695258,7944.188323016884,5423522663774351000,131380908350.9355,1,0.006351424786852874,0,0.5646486665889724,3.3501444532989737,1440859.916008136,0.8086749241994691,0.20071286397934787,6436477.947202899,139628.68600816026,-3.2754047689845947
2,11.5,17.900000000000002,66992.27514264267,26.04321628944251,7943.5833285418885,5676394842315846000,134408838744.04991,1,0.006284977537864358,0,0.5784482680018252,3.513829501772813,1448125.6593084247,0.817100085129836,0.20071286397934787,6436333.245257641,140409.72236729908,-3.4369261728764844
2,11.5,18,66864.5942700468,26.019423079921182,7942.970397326156,5933231270663898000,137415957721.41177,1,0.0062199232191133035,0,0.592521531368014,3.684512230086433,1455342.0133713193,0.8255187438505028,0.20071286397934787,6436188.48351547,141190.6849041392,-3.603046740336099
2,11.5,18.1,66736.94747260213,25.995649483993294,7942.349535214181,6193848625834900000,140401524728.00558,1,0.006156218658972343,0,0.6068689014037107,3.8624563693017473,1462509.569540524,0.833930829422124,0.20071286397934787,6436043.662351904,141971.5728752896,-3.7738131633352565
2,11.5,18.2,66609.33508853521,25.97189551342547,7941.720748117419,6458070243798583000,143364925308.28815,1,0.006093822451509674,0,0.6214907564874549,4.047934224137183,1469628.9032923772,0.8423362710670694,0.20071286397934787,6435898.782142287,142752.38553799302,-3.9492720835612265
2,11.5,18.3,66481.75745554734,25.948161179890686,7941.084042014127,6725726527160481000,146305661758.81888,1,0.006032694867136703,0,0.636387414097819,4.241226882081452,1476700.5748148947,0.8507349981703313,0.20071286397934787,6435753.843261782,143533.12215013182,-4.129470091897973
2,11.5,18.400000000000002,66354.2149108136,25.924446494968834,7940.439422949217,6996655218468484000,149223343704.30826,1,0.005972797768624255,0,0.6515591347429402,4.442624425133909,1483725.129560799,0.8591269402808649,0.20071286397934787,6435608.846085368,144313.78197023444,-4.314453727908984
2,11.5,18.5,66226.70779097266,25.900751470145824,7939.7868970341115,7270701550561803000,152117678710.83414,1,0.005914094532113497,0,0.6670061264076145,4.652426144165369,1490703.0987761302,0.8675120271135435,0.20071286397934787,6435463.790987832,145094.36425747993,-4.504269479321093
2,11.5,18.6,66099.23643212486,25.87707611681398,7939.12647044658,7547718285465197000,154988463029.54108,1,0.005856549972786324,0,0.682728552301644,4.870940755893126,1497635.0000047607,0.8758901885505431,0.20071286397934787,6435318.678343772,145874.86827170508,-4.698963781510227
2,11.5,18.7,65971.80116983317,25.85342044627292,7938.458149430579,7827565654863032000,157835572562.9885,1,0.005800130274875188,0,0.698726538735714,5.098486622463877,1504521.337570429,0.8842613546425381,0.20071286397934787,6435173.508527582,146655.29327340916,-4.89858301698813
2,11.5,18.8,65844.40233910736,25.829784469727723,7937.781940296113,8110111215087193000,160658954130.3635,1,0.00574480292571131,0,0.7150001688268798,5.335391973638122,1511362.6030386111,0.8926254556110116,0.20071286397934787,6435028.281913465,147435.63852376002,-5.103173514890815
2,11.5,18.900000000000002,65717.04027442075,25.806168198292422,7937.097849419055,8395229627360116000,163458617075.00314,1,0.00569053665356276,0,0.7315494932137633,5.58199513156954,1518159.2756565034,0.9009824218483735,0.20071286397934787,6434882.998875412,148215.90328460006,-5.312781550468451
2,11.5,19,65589.71530969348,25.782571642987975,7936.405883241006,8682802379074421000,166234625299.97235,1,0.005637301368983431,0,0.7483745335248675,5.838644738172771,1524911.8227759765,0.9093321839203217,0.20071286397934787,6434737.659787211,148996.08681845164,-5.527453344576564
2,11.5,19.1,65462.42777828686,25.758994814742007,7935.706048269112,8972717454172259000,168987089734.04623,1,0.005585068109461862,0,0.7654752861877874,6.105699985072887,1531620.7002578757,0.9176746725674402,0.20071286397934787,6434592.265022429,149776.18838852277,-5.747235063168843
2,11.5,19.200000000000003,65335.17801300436,25.735437724389786,7934.998351075927,9264868966995632000,171716161289.72983,1,0.005533808987153449,0,0.7828517205828306,6.3835308461298315,1538286.3528589394,0.9260098187063647,0.20071286397934787,6434446.814954424,150556.20725871265,-5.972172816791342
2,11.5,19.3,65207.96634609345,25.7119003826752,7934.2827982992285,9559156768053316000,174422024314.61844,1,0.005483497139495349,0,0.8005037847312279,6.672518312530943,1544909.2146024555,0.9343375534308697,0.20071286397934787,6434301.309956337,151336.1426936178,-6.2023126600783804
2,11.5,19.400000000000002,65080.79310924187,25.688382800250867,7933.559396641862,9855486031252103000,177104890548.92902,1,0.005434106682517735,0,0.8184314070296872,6.973054630444625,1551489.7091338865,0.9426578080133292,0.20071286397934787,6434155.750401082,152115.99395853718,-6.437700591249741
2,11.5,19.5,64953.65863356367,25.664884987676533,7932.82815287157,10153766832268268000,179764993603.5474,1,0.005385612666679468,0,0.8366345022105504,7.285543541228154,1558028.2500624477,0.9509705139068496,0.20071286397934787,6434010.136661345,152895.7603194782,-6.678382551609508
2,11.5,19.6,64826.563249603845,25.641406955420607,7932.089073820834,10453913725356227000,182402583952.524,1,0.005337991035081051,0,0.8551129697219888,7.610400524182485,1564525.241287791,0.9592756027461544,0.20071286397934787,6433864.469109579,153675.44104316205,-6.924404425046396
2,11.5,19.700000000000003,64699.50728733465,25.617948713860184,7931.342166386696,10755845323268436000,185017924414.14557,1,0.005291218583897088,0,0.8738666943036956,7.948053041846878,1570981.0773139508,0.9675730063490237,0.20071286397934787,6433718.748118007,154455.0353970293,-7.1758120375356995
2,11.5,19.8,64572.4910761537,25.594510273281465,7930.587437530579,11059483889334485000,187611286136.70282,1,0.005245272924895562,0,0.8928955539142979,8.298940787826046,1577396.143550639,0.9758626567175903,0.20071286397934787,6433572.974058604,155234.542649246,-7.432651156642841
2,11.5,19.900000000000002,64445.51494486909,25.571091643878038,7929.824894278139,11364754942279900000,190182945034.3907,1,0.005200132449911412,0,0.9121994063580019,8.663515937142458,1583770.8166033232,0.9841444860405184,0.20071286397934787,6433427.147303118,156013.96206870844,-7.694967491028234
2,11.5,20,64318.579221725464,25.547692835755843,7929.054543719075,11671586881925933000,192733178688.8868,1,0.005155776297175256,0,0.9317781135518354,9.042243399106342,1590105.4645496984,0.9924184266924239,0.20071286397934787,6433281.268223036,156793.29292504938,-7.962806689954155
2,11.5,20.1,64191.684234362096,25.524313858926977,7928.276393006957,11979910634205383000,195262263653.11578,1,0.005112184319348115,0,0.9516315242292419,9.435601072695853,1596400.447209,1.0006844112378301,0.20071286397934787,6433135.337189604,157572.53448864297,-8.236214342792701
2,11.5,20.200000000000003,64064.83030983899,25.50095472331464,7927.490449359048,12289659321699836000,197770473164.32355,1,0.005069337053207691,0,0.9717594825370915,9.844080104439762,1602656.116397337,1.0089423724305808,0.20071286397934787,6432989.3545738105,158351.6860306109,-8.515235978535921
2,11.5,20.3,63938.01777462475,25.47761543875193,7926.696720056148,12600767958913087000,200258075218.72678,1,0.005027215690852552,0,0.9921618270558349,10.268185148795,1608872.8161752515,1.0171922432157945,0.20071286397934787,6432843.320746386,159130.74682282726,-8.799917065307081
2,11.5,20.400000000000002,63811.246954585426,25.454296014980546,7925.895212442373,12913173172379187000,202725330972.9373,1,0.004985802052348953,0,1.0128383907100542,10.708434631011208,1615050.8830857982,1.0254339567317399,0.20071286397934787,6432697.236077808,159909.71613792476,-9.090303009873931
2,11.5,20.5,63684.51817499846,25.430996461653898,7925.085933925023,13226812949475414000,205172493471.09106,1,0.004945078559744412,0,1.0337890075200993,11.165361012474484,1621190.6463823917,1.033667446310042,0.20071286397934787,6432551.100938277,160688.59324929927,-9.386439157163238
2,11.5,20.6,63557.83176053036,25.407716788334028,7924.268891974365,13541626412218913000,207599806639.52344,1,0.004905028212349711,0,1.0550135048324567,11.639511058522322,1627292.4282499796,1.0418926454782895,0.20071286397934787,6432404.915697732,161467.37743111583,-9.68837078977731
2,11.5,20.700000000000003,63431.18803524785,25.384457004494184,7923.444094123477,13857553616545462000,210007504529.08963,1,0.004865634563239282,0,1.0765117121800876,12.13144610872173,1633356.5440163205,1.050109487960407,0.20071286397934787,6432258.68072584,162246.06795831444,-9.996143127512251
2,11.5,20.8,63304.5873226095,25.36121711951804,7922.611547968042,14174535377593975000,212395810787.96103,1,0.00482688169688432,0,1.0982834552279275,12.641742349602406,1639383.3023564694,1.0583179076783173,0.20071286397934787,6432112.39639199,163024.6641066144,-10.309801326877253
2,11.5,20.900000000000002,63178.02994546294,25.33799714269997,7921.77126116618,14492513118624471000,214764938328.45187,1,0.0047887542078629925,0,1.1203285637640963,13.17099108983677,1645373.0054895428,1.066517838753232,0.20071286397934787,6431966.0630652895,163803.16515252079,-10.629390480616472
2,11.5,21,63051.516226037405,25.31479708324447,7920.923241438257,14811428741965674000,217115089160.80722,1,0.004751237180584662,0,1.1426468635212075,13.719799037858566,1651325.9493685872,1.0747092155072342,0.20071286397934787,6431819.6811145665,164581.57037332922,-10.954955617231894
2,11.5,21.1,62925.04648595117,25.291616950268054,7920.0674965667,15131224521683384000,219446454379.05267,1,0.004714316169977909,0,1.1652381773631308,14.2887885819117,1657242.4238628773,1.0828919724638726,0.20071286397934787,6431673.250908365,165359.87904713128,-11.286541700508259
2,11.5,21.200000000000003,62798.62104620412,25.268456752798613,7919.204034395796,15451843016074770000,221759214274.25595,1,0.004677977183080826,0,1.188102332039333,14.878598072520845,1663122.7129344568,1.0910660443497264,0.20071286397934787,6431526.77281493,166138.09045282003,-11.624193629039622
2,11.5,21.3,62672.240227168426,25.24531649977467,7918.332862831526,15773226997288077000,224053538547.18954,1,0.004642206661488428,0,1.2112391573113703,15.4898821073753,1668967.0948085627,1.0992313660961035,0.20071286397934787,6431380.247202223,166916.20387009534,-11.967956235757692
2,11.5,21.400000000000002,62545.90434859414,25.22219620004683,7917.45398984135,16095319399018860000,226329586620.5799,1,0.004606991464615636,0,1.2346484866542327,16.12331181861753,1674775.842137285,1.1073878728397197,0.20071286397934787,6431233.674437894,167694.2185794689,-12.317874287461706
2,11.5,21.5,62419.613729593344,25.199095862375952,7916.567423454041,16418063276339167000,228587508003.3162,1,0.004572318853722062,0,1.2583301429433107,16.77957516252769,1680549.2221586294,1.115535499924815,0.20071286397934787,6431087.054889306,168472.1338622697,-12.673992484350276
2,11.5,21.6,62293.36868866533,25.176015495437742,7915.673171759459,16741401781110952000,230827442727.64847,1,0.004538176476675189,0,1.2822839644304649,17.45937721159538,1686287.4968480084,1.1236741829025167,0.20071286397934787,6430940.388923511,169249.9490006495,-13.036355459555113
2,11.5,21.700000000000003,62167.16954365652,25.152955107817043,7914.771242908395,17065278149418910000,233049521830.97842,1,0.004504552353384382,0,1.3065097834815405,18.163440448969837,1691990.9230678002,1.131803857534549,0.20071286397934787,6430793.676907248,170027.66327758777,-13.405007778676094
2,11.5,21.8,62041.016611783765,25.129914708012116,7913.861645112342,17389635695302005000,235253867841.52063,1,0.00447143486190502,0,1.3310074391133497,18.892505065279583,1697659.7527086586,1.1399244597927078,0.20071286397934787,6430646.91920695,170805.27597689707,-13.779993939318457
2,11.5,21.900000000000002,61914.910209622234,25.106894304433403,7912.944386643324,17714417817809359000,237440595315.6021,1,0.004438812725151737,0,1.3557767680979385,19.647329257812633,1703294.2328278052,1.148035925860692,0.20071286397934787,6430500.116188733,171582.78638322814,-14.161358370631701
2,11.5,22,61788.85065310355,25.08389390540376,7912.019475833675,18039568013944803000,239609811374.85297,1,0.004406674998201399,0,1.3808176121113425,20.42868953204816,1708894.6057821554,1.1561381921352356,0.20071286397934787,6430353.2682183925,172360.1937820753,-14.549145432850262
2,11.5,22.1,61662.8382575158,25.06091351915915,7911.086921075864,18365029895237276000,241761616229.3522,1,0.004375011056153423,0,1.4061298206259438,21.237381005530494,1714461.1093569433,1.1642311952271192,0.20071286397934787,6430206.375661399,173137.4974597813,-14.943399416835947
2,11.5,22.200000000000003,61536.87333748955,25.03795315384703,7910.146730822282,18690747214689268000,243896103732.56857,1,0.004343810582515196,0,1.431713236439965,22.074217714076205,1719993.9768907463,1.172314871963091,0.20071286397934787,6430059.4388829,173914.69670354298,-15.344164543622393
2,11.5,22.3,61410.956207011826,25.015012817529094,7909.198913585035,19016663891809590000,246013361887.53476,1,0.004313063558096453,0,1.4575677050031026,22.940032920305097,1725493.4373950525,1.1803891593859293,0.20071286397934787,6429912.4582477175,174691.7908014158,-15.75148496396103
2,11.5,22.400000000000002,61285.08717941679,24.992092518180517,7908.243477935761,19342724046456394000,248113473376.83295,1,0.004282760250374551,0,1.4836930816263163,23.83567942448562,1730959.7156710622,1.1884539947560446,0.20071286397934787,6429765.434120332,175468.77904231945,-16.165404757869254
2,11.5,22.5,61159.26656737365,24.969192263688523,7907.280432505402,19668872030240383000,250196516044.25467,1,0.004252891203312326,0,1.5100892170463251,24.762029877685407,1736393.0324228143,1.1965093155532522,0.20071286397934787,6429618.366864893,176245.66071604256,-16.58596793418008
2,11.5,22.6,61033.49468289781,24.946312061854854,7906.309785984025,19995052463377500000,252262563381.488,1,0.004223447227612292,0,1.5367559740007108,25.71997709721729,1741793.6043655854,1.2045550594770011,0.20071286397934787,6429471.256845202,177022.43511324844,-17.01321843009421
2,11.5,22.700000000000003,60907.77183733415,24.933873877276636,7905.331547120606,26019006731657110000,287764282007.1525,1,0.00383015819346868,0,1.5636932080725217,26.710434384371375,1828355.5628438182,1.327912748524087,0.20071286397934787,6429324.1069971565,177799.09650015435,-17.447521244469318
2,11.5,22.8,60782.10077389609,24.924865619090724,7904.2374000244035,34702368442396127000,332331179368.9838,1,0.0034057704587691887,0,1.5909007848600465,27.735566446638337,1938121.443001401,1.492968522910634,0.20071286397934787,6429176.92375975,178575.6323013822,-17.88967842061235
2,11.5,22.900000000000002,60656.487544772215,24.91537501745902,7902.988172709917,43798433573568210000,373354009621.8068,1,0.003066188187772304,0,1.618378569494513,28.79813316637953,2041659.6212921795,1.6577915896938533,0.20071286397934787,6429029.714498281,179352.02813530123,-18.340607074447476
2,11.5,23,60530.93907154165,24.90540336998373,7901.584078575792,53076420249873195000,411000492781.689,1,0.0027883144870522333,0,1.646126429031602,29.901080903572428,2139835.3916129237,1.8223536058604168,0.20071286397934787,6428882.486568209,180128.26964236613,-18.801222468899855
2,11.5,23.1,60405.46225949563,24.894952055502923,7900.025357651014,62376615447980640000,445556140837.00836,1,0.0025567416943877434,0,1.6741442333840364,31.047550850834124,2233319.077510794,1.986626347948701,0.20071286397934787,6428735.247313641,180904.34248745145,-19.272437805396464
2,12,13.200000000000001,73025.36815888621,27.183382349761878,7963.351843755204,40386731540527950,11337332514.432592,1,0.01242588683685461,1,0.18672523124561863,0.24516547629058652,1037606.6901997619,0.4153464369169958,0.20943951023931953,6443063.071928688,103634.19104467881,0
2,12,13.3,72896.4760775473,27.1586823340079,7963.117070512041,49529122124254900,12555148266.284588,1,0.012171806986188983,1,0.19117427986139576,0.2624033624549392,1048287.7725007919,0.4239915667833906,0.20943951023931953,6442921.528804352,104417.8099162412,-0.0012420378002908812
2,12,13.4,72767.60174963996,27.13400128843185,7962.874166359929,60330207064462080,13856672049.2395,1,0.01192794250769915,1,0.1956977162398287,0.2807264376063885,1058852.6714920695,0.4326335973770528,0.20943951023931953,6442779.908464542,105201.38973969684,-0.004993406749587318
2,12,13.5,72638.74540756177,27.1093392060136,7962.623133934261,73008669988585040,15243291296.095665,1,0.011693689893598126,1,0.20030158070197085,0.3001835591651088,1069304.623092496,0.441272460601699,0.20943951023931953,6442638.211288225,105984.92974891867,-0.01130460498425958
2,12,13.600000000000001,72509.90740954969,27.084696103021408,7962.363975934651,87798233570878100,16716079183.262522,1,0.011468492472950188,1,0.20499229937237812,0.3208254649825718,1079646.6919677148,0.4499080799565023,0.20943951023931953,6442496.437654369,106768.42917813302,-0.020226104423358583
2,12,13.700000000000001,72381.08811347466,27.060071995618372,7962.096695132824,104946739132410420,18275783514.25888,1,0.011251835746482345,1,0.2097766138574631,0.3427048566247991,1089881.792984394,0.4585403790278425,0.20943951023931953,6442354.587941955,107551.8872619248,-0.03180835017624359
2,12,13.8,72252.28787685744,27.035466899866318,7961.821294372529,124714928743921170,19922817284.82766,1,0.011043243467349535,1,0.21466152293671997,0.3658764854622917,1100012.7011348647,0.4671692814897501,0.20943951023931953,6442212.662529957,108335.30323524513,-0.04610175995101575
2,12,13.9,72123.50705683604,27.010880831720762,7961.537776569475,147374942327928960,21657252233.184483,1,0.010842274150931983,1,0.2196542196575967,0.39039724156493616,1110042.0606381781,0.4757947111076043,0.20943951023931953,6442070.661797347,109118.67633341692,-0.0631567234637279
2,12,14,71994.74601018615,26.98631380703565,7961.246144711227,173208541305266800,23478815477.142036,1,0.01064851796000344,1,0.2247620394511112,0.416326245400091,1119972.3932921663,0.4844165917382565,0.20943951023931953,6441928.586123082,109902.00579214102,-0.08302360184841127
2,12,14.100000000000001,71866.00509329792,26.961765841560045,7960.946401857139,202505077646720930,25386889294.015507,1,0.010461593918861981,1,0.2299924084489401,0.44372494233194903,1129806.106157394,0.4930348473330938,0.20943951023931953,6441786.435886116,110685.29084750281,-0.10575272706793615
2,12,14.200000000000001,71737.28466219176,26.937236950941948,7960.638551138249,235559234418359600,27380514060.80196,1,0.010281147416705962,1,0.23535279685587948,0.4726571999201785,1139545.498631245,0.5016494019384683,0.20943951023931953,6441644.211465373,111468.53073597899,-0.1313944013257385
2,12,14.3,71608.58507249318,26.912727150724702,7960.32259575721,272668570523029400,29458394321.17313,1,0.010106847965708207,1,0.24085067201724453,0.50318940801574,1149192.768975946,0.5102601796988788,0.20943951023931953,6441501.913239762,112251.72469444298,-0.1599988964783556
2,12,14.4,71479.90667944681,26.888236456350448,7959.998538988189,314130908335511800,31618907902.530193,1,0.00993838718408411,0,0.24649346055169646,0.5353905816516775,1158750.020345513,0.518867104857517,0.20943951023931953,6441359.541588173,113034.87196017154,-0.19161645344887573
2,12,14.5,71351.24983791076,26.863764883160048,7959.666384176769,360241608022281400,33860117964.511585,1,0.009775476978170987,0,0.2522885108534813,0.5693324667265824,1168219.2663618296,0.5274701017581253,0.20943951023931953,6441217.096889459,113817.97177085154,-0.22629728164129428
2,12,14.600000000000001,71222.6149023408,26.839312446391148,7959.326134739876,411290776267941250,36179787817.42048,1,0.009617847900991105,0,0.2582430615416103,0.6050896484783284,1177602.4362798857,0.53606909484754,0.20943951023931953,6441074.5795224365,114601.02336458534,-0.2640915583557145
2,12,14.700000000000001,71094.00222679228,26.814879161179462,7958.977794165668,467560459830562050,38575398311.126274,1,0.00946524766766094,0,0.26436420593000076,0.6427396627455737,1186901.3797765747,0.5446640086770398,0.20943951023931953,6440931.98986589,115384.02597989763,-0.30504942820453407
2,12,14.8,70965.41216492373,26.79046504256035,7958.62136601344,529321875545691140,41044167555.325714,1,0.009317439810417492,0,0.2706588682581343,0.6823631100144327,1196117.8713970527,0.5532547679035634,0.20943951023931953,6440789.328298564,116166.97885574168,-0.34922100252954663
2,12,14.9,70836.84506998863,26.76607010546821,7958.256853913532,596832728552035200,43583072713.202896,1,0.0091742024581643,0,0.2771337827399718,0.7240437722476113,1205253.6146890826,0.5618412972917411,0.20943951023931953,6440646.59519915,116949.88123150538,-0.39665635881998806
2,12,15,70708.30129482225,26.74169436473509,7957.884261567227,670334668616560400,46188873569.615776,1,0.009035327227299819,0,0.28379546744897416,0.7678687324932083,1214310.2460512654,0.5704235217162299,0.20943951023931953,6440503.790946295,117732.73234701755,-0.44740554013155753
2,12,15.100000000000001,70579.7811918538,26.717337835093772,7957.503592746654,750050931940013600,48858137571.94639,1,0.008900618212198168,0,0.2906502080400037,0.8139284972702816,1223289.3383168988,0.5790013661623568,0.20943951023931953,6440360.915918591,118515.53144255374,-0.5015185545063967
2,12,15.200000000000001,70451.28511309344,26.693000531176263,7957.114851294673,836184211147611800,51587266008.875656,1,0.00876989106500056,0,0.29770404805915485,0.86231712172818,1232192.4040986593,0.5875747557284471,0.20943951023931953,6440217.970494572,119298.27775884348,-0.559045374394156
2,12,15.3,70322.81341012754,26.66868246751396,7956.718041124781,928914791359356700,54372521002.72058,1,0.008642972155665986,0,0.3049627720315328,0.9131323375765419,1241020.89891117,0.596143615627585,0.20943951023931953,6440074.955052711,120080.97053707518,-0.6200359360739283
2,12,15.4,70194.36643412337,26.6443836585393,7956.313166221001,1028398983747845400,57210052978.89545,1,0.008519697804232229,0,0.3124319004207822,0.9664756837827655,1249776.2240890758,0.6047078711887421,0.20943951023931953,6439931.869971412,120863.60901890308,-0.6845401390773502
2,12,15.5,70065.94453581423,26.62010411858406,7955.9002306377815,1134767880530062200,60095928267.1769,1,0.008399913578120428,0,0.3201166830694046,1.0224526400336533,1258459.7295186783,0.6132674478592197,0.20943951023931953,6439788.715629017,121646.19244645325,-0.7526078456126647
2,12,15.600000000000001,69937.54806550685,26.595843861881512,7955.479238499876,1248126449420064300,63026156542.71048,1,0.008283473648181227,0,0.3280220973631964,1.081172762957838,1267072.7161947277,0.6218222712055774,0.20943951023931953,6439645.492403782,122428.72006232991,-0.8242888799898966
2,12,15.700000000000001,69809.17737306748,26.57160290256486,7955.050194002243,1368552975105706800,65996717751.93453,1,0.008170240197794176,0,0.33615284357106096,1.142749825105497,1275616.4386186944,0.6303722669160033,0.20943951023931953,6439502.200673894,123211.19110962126,-0.8996330280470325
2,12,15.8,69680.8328079246,26.5473812546686,7954.613101409927,1496098850865190100,69003588278.90967,1,0.008060082880022542,0,0.3445133472865015,1.207301956681767,1284092.1070478999,0.6389173608015487,0.20943951023931953,6439358.840817455,123993.60483190595,-0.9786900365773717
2,12,15.9,69552.51471906714,26.52317893212909,7954.16796505795,1630788713068601600,72042766052.17908,1,0.007952878318307243,0,0.3531077677745926,1.2749517900301666,1292500.889608025,0.6474574787976712,0.20943951023931953,6439215.413212479,124775.96047325886,-1.0615096127578922
2,12,16,69424.22345502861,26.49899594878257,7953.714789351192,1772620906100290000,75110294368.38309,1,0.00784850964667214,0,0.36193999641963887,1.3458266068622482,1300843.9142796327,0.6559925469667128,0.20943951023931953,6439071.918236892,125558.2572782573,-1.1481414235788012
2,12,16.1,69295.95936390106,26.47483231836855,7953.25357876427,1921568257617490000,78202284208.55748,1,0.00774686608587464,0,0.37101366107935285,1.4200584882295908,1309122.2707649558,0.6645224914983684,0.20943951023931953,6438928.356268527,126340.49449198725,-1.2386350952741998
2,12,16.2,69167.72279332206,26.450688054528314,7952.78433784143,2077579139349889500,81314934876.25195,1,0.0076478425522220755,0,0.3803321394820227,1.4977844672341556,1317337.012247207,0.6730472387119671,0.20943951023931953,6438784.727685118,127122.67136004938,-1.3330402127538874
2,12,16.3,69039.5140904691,26.42656317080483,7952.307071196416,2240578782689460700,84444552793.31624,1,0.007551339296179544,0,0.38989856538869994,1.5791466844729287,1325489.1570477586,0.6815667150582428,0.20943951023931953,6438641.032864297,127904.78712856516,-1.4314063190363346
2,12,16.400000000000002,68911.33360206056,26.402457680643778,7951.82178351236,2410470816625335000,87587568364.186,1,0.0074572615681547764,0,0.3997158393598877,1.6642925462126756,1333579.6901883818,0.6900808471206678,0.20943951023931953,6438497.272183588,128686.84104418282,-1.5337829146828286
2,12,16.5,68783.18167434726,26.37837159739288,7951.328479541643,2587138989467205600,90740550785.791,1,0.007365519309093971,0,0.4097866311347178,1.7533748852905404,1341609.564866066,0.6985895616173975,0.20943951023931953,6438353.446020409,129468.83235408351,-1.6402194572328095
2,12,16.6,68655.05865311902,26.35430493430393,7950.8271641057845,2770449038634835000,93900220799.85802,1,0.0072760268637827264,0,0.42011340183287166,1.84655212473612,1349579.7038448357,0.7070927854022214,0.20943951023931953,6438209.554752059,130250.76030598726,-1.750765360640413
2,12,16.7,68526.96488368325,26.330257704529874,7950.317842095316,2960250667897403000,97063461333.92609,1,0.007188702714902804,0,0.4306984040493133,1.9439884441105573,1357491.0007728336,0.715590445467374,0.20943951023931953,6438065.598755722,131032.62414815911,-1.8654699947122333
2,12,16.8,68398.90071088169,26.30622992112855,7949.80051846964,3156379593918616600,100227326050.01984,1,0.007103469236156077,0,0.44154369716222375,2.045853948558088,1365344.3214254729,0.7240824689437796,0.20943951023931953,6437921.578408462,131814.4231294147,-1.9843826845462622
2,12,16.900000000000002,68270.86647907551,26.28222159706094,7949.275198256908,3358659625955538000,103389045857.63576,1,0.007020252462834682,0,0.4526511586449861,2.152324840565396,1373140.5048838593,0.7325687831034194,0.20943951023931953,6437777.494087213,132596.15649912716,-2.107552709972273
2,12,17,68142.86253214162,26.25823274519136,7948.741886553898,3566904742225877500,106546033433.8047,1,0.006938981878442706,0,0.46402249156655534,2.263583594424027,1380880.3646500332,0.7410493153609435,0.20943951023931953,6437633.34616878,133377.82350723207,-2.2350293049931653
2,12,17.1,68014.88921346981,26.23426337828778,7948.200588525871,3780921130895480300,109695885846.02856,1,0.006859590216068006,0,0.4756592440952173,2.3798191333910106,1388564.6897036822,0.7495239932752075,0.20943951023931953,6437489.135029832,134159.42340423437,-2.3668616572278722
2,12,17.2,67886.94686596375,26.210313509022786,7947.651309406439,4000509166276904400,112836385383.32927,1,0.006782013273329804,0,0.48756280451424944,2.5012270095427684,1396194.2455038733,0.7579927445505622,0.20943951023931953,6437344.861046909,134940.95544121342,-2.5030989073552994
2,12,17.3,67759.03583203722,26.186383149973807,7947.094054497439,4225465295241003500,115965498728.21579,1,0.006706189739826898,0,0.49973442737152457,2.6280095863172637,1403769.7749397466,0.7664554970384467,0.20943951023931953,6437200.524596401,135722.4188698295,-2.643790148559812
2,12,17.400000000000002,67631.15645360108,26.162472313621603,7946.528829168785,4455583809860096500,119081374575.1564,1,0.006632061036109509,0,0.512175234849349,2.7603762237392697,1411291.9992336044,0.7749121787395962,0.20943951023931953,6437056.12605455,136503.81294232985,-2.7889844259779117
2,12,17.5,67503.30907206889,26.138581012352066,7945.9556388583305,4690658491350587000,122182339882.79152,1,0.006559571163302529,0,0.5248862271423219,2.8985434663235425,1418761.6187976424,0.7833627178050002,0.20943951023931953,6436911.665797456,137285.13691155426,-2.9387307361462196
2,12,17.6,67375.49402835313,26.114709258456354,7945.374489071731,4930484109292457000,125266894880.55884,1,0.006488666562551806,0,0.5378682893492396,3.0427352336505846,1426179.3140487766,0.7918070425374764,0.20943951023931953,6436767.144201066,138066.39003094094,-3.0930780264508204
2,12,17.7,67247.71166286338,26.090857064131423,7944.78538538231,5174857767125145000,128333706998.48602,1,0.006419295983558918,0,0.551122205876024,3.1931830136095862,1433545.7461834254,0.8002450813931152,0.20943951023931953,6436622.561641162,138847.5715545328,-3.2520751945780977
2,12,17.8,67119.96231549047,26.06702444147803,7944.188333430906,5423580087734308000,131381603876.01378,1,0.00635141036151779,0,0.5646486655043028,3.3501260583030543,1440861.5579155425,0.8086767629836543,0.20943951023931953,6436477.9184933705,139628.68073698285,-3.4157710879667054
2,12,17.900000000000002,66992.24632561672,26.04321140250333,7943.583338925736,5676456236406361000,134409565603.81996,1,0.006284962701853934,0,0.5784482669086396,3.513811582607538,1448127.3741777085,0.817102016077096,0.20943951023931953,6436333.21513315,140409.7168335604,-3.584214503261167
2,12,18,66864.56403211039,26.019417959120673,7942.970407642241,5933296783253857000,137416716367.92587,1,0.006219907972174055,0,0.5925215291598416,3.684494965384763,1455343.8027898555,0.8255207695993846,0.20943951023931953,6436188.4519357905,141190.67910015694,-3.757454185766692
2,12,18.1,66736.91577331442,25.995644123148477,7942.34954542295,6193918405929549000,140402315609.78867,1,0.006156203000910269,0,0.6068688980596486,3.862439953337404,1462511.4350969032,0.8339329526364486,0.20943951023931953,6436043.629276411,141971.5667932916,-3.9355388289054756
2,12,18.2,66609.30188705213,25.971889906311965,7941.720758177321,6458144441401905000,143365748874.99643,1,0.006093806382190787,0,0.6214907531116386,4.047918867503624,1469630.8465757687,0.8423384944351128,0.20943951023931953,6435898.74752995,142752.3791701174,-4.118517073674499
2,12,18.3,66481.72271061782,25.948155320242343,7941.0840518816,6725805293567349000,146306518464.59595,1,0.006032678386480304,0,0.6363874095578177,4.241212812384431,1476702.5974152894,0.8507373244050059,0.20943951023931953,6435753.807071167,143533.11548842673,-4.306437508104571
2,12,18.400000000000002,66354.17858077679,25.924440376477556,7940.4394325786625,6996738706198467000,149224234006.93665,1,0.005972780876597207,0,0.6515591284562787,4.442611887697803,1483727.2330691847,0.8591293721198334,0.20943951023931953,6435608.808274639,144313.77500665773,-4.499348666721132
2,12,18.5,66226.66983375978,25.900745086462116,7939.7869063778635,7270789913618670000,152118603074.33344,1,0.005914077228727064,0,0.6670061189239049,4.652415402753426,1490705.2847843915,0.8675145673190205,0.20943951023931953,6435463.751514752,145094.35698389894,-4.697299030006089
2,12,18.6,66099.19680526294,25.877069461547865,7939.126479454889,7547811679358951000,154989421924.05228,1,0.005856532258094052,0,0.6827285453216609,4.87093209344185,1497637.270105474,0.8758928399089775,0.20943951023931953,6435318.637165698,145874.86067989617,-4.90033702386161
2,12,18.7,65971.75983043853,25.853413512993136,7938.458158051591,7827664237314500000,157836566471.52707,1,0.005800112148966429,0,0.698726533433762,5.098480341831703,1504523.6933572425,0.884264119964974,0.20943951023931953,6435173.465601476,146655.28535505786,-5.108511019075092
2,12,18.8,65844.35924389679,25.829777251963836,7937.781948475843,8110215145042524000,160659983538.22177,1,0.00574478438871288,0,0.7150001623120136,5.335388398368599,1511365.0461056067,0.8926283377322662,0.20943951023931953,6435028.237195883,147435.63027046068,-5.321869330785701
2,12,18.900000000000002,65716.99537970405,25.80616068953383,7937.09785710136,8395339066345856000,163459682482.8454,1,0.005690517705632521,0,0.7315494884512502,5.5819946066692,1518161.80759862,0.9009854236274614,0.20943951023931953,6434882.952322514,148215.89468785527,-5.540460217952441
2,12,19,65589.66857137252,25.782563836684016,7936.405890367564,8682917490338793000,166235727214.63336,1,0.0056372820103071115,0,0.748374530501868,5.838647630903885,1524914.4451890544,0.9093353082404411,0.20943951023931953,6434737.611354755,148996.07786967204,-5.764331882823804
2,12,19.1,65462.37915186398,25.758986704303666,7935.70605477941,8972838403458287000,168988228675.45828,1,0.00558504834025388,0,0.7654752831244923,6.10570668576132,1531623.4147381876,0.9176779223353393,0.20943951023931953,6434592.21466578,149776.17907902692,-5.993532470408947
2,12,19.200000000000003,65335.12745358143,25.73542930318974,7934.998356907224,9264995922011197000,171717337785.22733,1,0.005533788807653922,0,0.782851716892423,6.3835417689881995,1538289.1610032297,0.9260131968523264,0.20943951023931953,6434446.762628548,150556.19757972675,-6.228110067950347
2,12,19.3,65207.913808367215,25.711891644047302,7934.282803386539,9559289898962660000,174423238903.0189,1,0.005483476549965839,0,0.8005037810146693,6.672533896497274,1544912.1180081926,0.9343410629089454,0.20943951023931953,6434301.255615802,151336.13263627558,-6.468112704398152
2,12,19.400000000000002,65080.73854750674,25.688373737490892,7933.559400917935,9855625510235050000,177106143775.94043,1,0.005434085683240226,0,0.8184314032996464,6.973075340036762,1551492.7093990939,0.9426614518010743,0.20943951023931953,6434155.694000057,152115.9835138795,-6.713588349885961
2,12,19.5,64953.60200171266,25.66487559404256,7932.828156266865,10153912833965066000,179766286025.37354,1,0.0053855912579546675,0,0.8366345008902032,7.285569867414098,1558031.348785639,0.9509742950051845,0.20943951023931953,6434010.078153605,152895.74947845266,-6.964584915208318
2,12,19.6,64826.50450113043,25.64139722413355,7932.089076263494,10454066426700970000,182403916133.89038,1,0.00533796921722718,0,0.8551129683430199,7.6104329852669235,1564528.4400678463,0.9592795241791598,0.20943951023931953,6433864.408448502,153675.4297966229,-7.221150251299739
2,12,19.700000000000003,64699.44637532998,25.61793863810361,7931.342167802528,10756004903581200000,185019296928.71066,1,0.005291196357247027,0,0.8738666953922252,7.948092184374113,1570984.3777502552,0.9675770711640469,0.20943951023931953,6433718.685256579,154455.02373573746,-7.483332148715537
2,12,19.8,64572.42795330938,25.594499846202307,7930.58743784304,11059650529503336000,187612699559.74078,1,0.0052452502897962295,0,0.8928955519211051,8.298987187499566,1577399.5472429143,0.9758668679849836,0.20943951023931953,6433572.908949422,155234.53056386794,-7.751178337113828
2,12,19.900000000000002,64445.4495634865,25.571080858588356,7929.824893408306,11364928826059979000,190184399953.70325,1,0.005200109406725467,0,0.9121994043825332,8.663570199761386,1583774.3251511015,0.9841488468529327,0.20943951023931953,6433427.079898376,156013.94954981675,-8.024736484739789
2,12,20,64318.511533697136,25.547681685329994,7929.054541585626,11671768194129211000,192734675689.33392,1,0.005155752846272958,0,0.9317781134133029,9.042306161519011,1590109.0795533047,0.9924229401659727,0.20943951023931953,6433281.198474539,156793.27996312175,-8.30405419791106
2,12,20.1,64191.61419118568,25.52430233640413,7928.276389526146,11980099562181085000,195263803328.99008,1,0.005112160461110947,0,0.9516315240865066,9.435673003770747,1596404.1702687733,1.0006890805110742,0.20943951023931953,6433135.265048769,157572.52107406274,-8.589179020505203
2,12,20.200000000000003,64064.75786262099,25.500942821699677,7927.490444444694,12289856054402976000,197772056111.54202,1,0.005069312788028232,0,0.9717594805032135,9.844161906054092,1602659.9491134165,1.0089472006642004,0.20943951023931953,6432989.279991662,158351.6721536662,-8.880158433448498
2,12,20.3,63937.942874069326,25.477603151013767,7926.696713619589,12600972686600307000,200259702032.51282,1,0.005027191019129442,0,0.9921618231847997,10.268277556841142,1608876.7601481301,1.0171972335932469,0.20943951023931953,6432843.2436735565,159130.73247371108,-9.177039854206646
2,12,20.400000000000002,63811.169551003724,25.454283334053958,7925.895204392476,12913386086995167000,202727002251.077,1,0.004985776974488893,0,1.0128383861489827,10.708538416421309,1615054.9399158186,1.0254391124585611,0.20943951023931953,6432697.156464535,159909.7013067341,-9.479870636277015
2,12,20.5,63684.43821830209,25.430983380438636,7925.085924168138,13227034244306326000,205174209811.32043,1,0.004945053076158933,0,1.0337890023043774,11.165476982263462,1621194.817670047,1.033672770614194,0.20943951023931953,6432551.018734415,160688.57792603574,-9.78869806868297
2,12,20.6,63557.74920024164,25.407703299696767,7924.268880414323,13541856281764248000,207601568638.75446,1,0.004905002323457468,0,1.055013500219168,11.639640056849554,1627296.7155953587,1.0418981416093944,0.20943951023931953,6432404.830852748,161467.3616056848,-10.103569375469203
2,12,20.700000000000003,63431.10282049328,25.384443101267635,7923.444080661554,13857792255992017000,210009312779.67557,1,0.00486560826946297,0,1.076511709400121,12.131589017971706,1633360.9490194095,1.050115159190098,0.20943951023931953,6432258.593188808,162246.05162052455,-10.424531715199686
2,12,20.8,63304.49940212164,25.361202794501494,7922.611532502944,14174782983205353000,212397665881.03885,1,0.004826854998650375,0,1.098283454989425,12.641900091484612,1639387.8266170265,1.0583237573000257,0.20943951023931953,6432112.3061116,163024.64724617815,-10.751632180456783
2,12,20.900000000000002,63177.93926758133,25.337982388659672,7921.771243594023,14492769887395460000,214766840851.65683,1,0.004788727105601031,0,1.1203285622500172,13.171164626505107,1645377.650607017,1.066523870082042,0.20943951023931953,6431965.969989851,163803.1477590535,-11.08491779734216
2,12,21,63051.4227387188,25.314781892915487,7920.923221652542,14811694871264162000,217117039696.0267,1,0.004751209674729696,0,1.1426468568452415,13.719989373050591,1651330.7169415602,1.0747154318791134,0.20943951023931953,6431819.585191999,164581.55243634887,-11.424435524979675
2,12,21.1,62924.95013675559,25.291601316352235,7920.0674744582975,15131500209311210000,219448453503.34003,1,0.004714288260965372,0,1.165238168780733,14.288996762107974,1657247.315489749,1.0828983772365166,0.20943951023931953,6431673.1520861965,165359.8605560585,-11.77023225502001
2,12,21.200000000000003,62798.52178229485,25.268440667964803,7919.204009852923,15452128460108872000,221761262559.12146,1,0.004677948871345962,0,1.1881023215028044,14.87882518812469,1663127.7302134081,1.0910726409024707,0.20943951023931953,6431526.671040317,166138.07139697747,-12.12235481114684
2,12,21.3,62672.13799533062,25.245299956661942,7918.33283573973,15773522395900697000,224055636557.77982,1,0.004642177947470949,0,1.2112391473641055,15.490129293913299,1668972.2393365745,1.0992381578285957,0.20943951023931953,6431380.1424219245,166916.18423870773,-12.480849948585396
2,12,21.400000000000002,62545.79909521155,25.222179191260928,7917.453960083484,16095624949988725000,226331734912.72565,1,0.004606962348752439,0,1.234648471553117,16.12358025796105,1674781.1155112796,1.1073948631733814,0.20943951023931953,6431233.5665983,167694.1983616626,-12.845764353611962
2,12,21.5,62419.50540067535,25.19907838049383,7916.56739091024,16418379177249653000,228589707125.50677,1,0.004572289336454188,0,1.2583301291726454,16.779866084135744,1680554.6259740707,1.1155426923009553,0.20943951023931953,6431086.943936414,168472.11304707246,-13.21714464306603
2,12,21.6,62293.25722981896,25.175997533003333,7915.673136307135,16741728229840898000,230829693224.9236,1,0.004538146558439514,0,1.2822839487180884,17.459691893779194,1686293.0327002804,1.1236815807841032,0.20943951023931953,6430940.274802942,169249.9275769901,-13.595037363863804
2,12,21.700000000000003,62167.05490011163,25.152936657345418,7914.771204422193,17065615342412575000,233051824233.46713,1,0.0045045220346199575,0,1.3065097683860218,18.163780220179355,1691996.5925508926,1.1318114644044426,0.20943951023931953,6430793.559564241,170027.6412342957,-13.979488992513732
2,12,21.8,62040.89872837998,25.129895761987676,7913.8616034641445,17389983828841177000,235256222673.82288,1,0.004471404143049005,0,1.3310074246382362,18.89287130541237,1697665.557415797,1.139932279154443,0.20943951023931953,6430646.798586366,170805.25330270227,-14.370545934633858
2,12,21.900000000000002,61914.789030816406,25.106874855311226,7912.944341702221,17714777087872412000,237443003096.25876,1,0.004438781606640874,0,1.355776754899356,19.647723399545395,1703300.1743510352,1.1480439612378917,0.20943951023931953,6430499.992235052,171582.76306676082,-14.76825452447106
2,12,22,61788.726122966036,25.08387394560922,7912.019427465944,18039938614512427000,239612272605.52023,1,0.004406643480470566,0,1.3808176022101053,20.42911306219129,1708900.6857124907,1.1561464470717635,0.20943951023931953,6430353.140875721,172360.16981186558,-15.172661024422124
2,12,22.1,61662.71031973604,25.060893041089006,7911.086869144952,18365412020623407000,241764131410.94803,1,0.004374979139636609,0,1.406129804155406,21.237835466405958,1714467.3292840526,1.1642396732866203,0.20943951023931953,6430206.244873469,173137.47282425888,-15.583811624556624
2,12,22.200000000000003,61536.74193537608,25.037932149869558,7910.146675188778,18691141056931693000,243898673348.4673,1,0.00434377826764503,0,1.431713217354613,22.074704704919156,1720000.3384029116,1.1723235767288986,0.20943951023931953,6430059.304593059,173914.67139103689,-16.001752442142028
2,12,22.3,61410.82128348574,25.014991279983356,7909.1988541066685,19017069642704974000,246015986417.5254,1,0.004313030845302188,0,1.4575676851491903,22.940554098689525,1725499.9420794577,1.1803980944614079,0.20943951023931953,6429912.320398937,174691.76480015405,-16.42652952117032
2,12,22.400000000000002,61284.94867701456,24.992070439376906,7908.243414467369,19343141895989990000,248116153287.35083,1,0.00428272714008242,0,1.483693061747268,23.836236507774466,1730966.3651136085,1.1884631637643097,0.20943951023931953,6429765.292655212,175468.7523404292,-16.858188831886896
2,12,22.5,61159.12442825548,24.96916963591034,7907.28036489892,19669302167322665000,250199251793.68842,1,0.004252857695947182,0,1.5100891990808645,24.762624644505408,1736399.8282076793,1.1965187221365223,0.20943951023931953,6429618.221725657,176245.6333015493,-17.29677627032076
2,12,22.6,61033.34884884115,24.946288877357407,7906.309714088461,19995495075170390000,252265355416.36197,1,0.004223413323595687,0,1.5367559533653803,25.72061138895907,1741800.5480754937,1.2045647072969352,0.20943951023931953,6429471.107973705,177022.40697407574,-17.742337657817668
2,12,22.700000000000003,60907.62224974111,24.933867019252336,7905.331470782018,26029063622440157000,287819890093.77246,1,0.0038295901781682418,0,1.5636931881331189,26.711110106715022,1828491.09819681,1.3281096825286653,0.20943951023931953,6429323.95433623,177799.06761543162,-18.19525417913338
2,12,22.8,60781.94737489801,24.92485802797532,7904.237143400028,34713377104955916000,332383888043.8231,1,0.00340530989477225,0,1.5909007642711455,27.736287598377842,1938252.3140611995,1.4931703481201573,0.20943951023931953,6429176.767249488,178575.60264050556,-18.656362805594068
2,12,22.900000000000002,60656.3302734904,24.915366676925633,7902.987731289532,43810097720477245000,373403721058.5017,1,0.0030658054615011598,0,1.6183785501778618,28.798904055904124,2041786.7126198323,1.6579983583781464,0.20943951023931953,6429029.554070965,179351.99766568464,-19.126619982607053
2,12,23,60530.77785921935,24.905394263257033,7901.583447809899,53088514775120210000,411047317460.78455,1,0.002787990052831035,0,1.6461264103951776,29.90190616849999,2139959.380224011,1.8225653794337602,0.20943951023931953,6428882.322148332,180128.2383294377,-19.60698022337663
2,12,23.1,60405.29702952504,24.8949421653344,7900.024532942238,62388983522723210000,445600311224.2161,1,0.002556462111563362,0,1.6741442180733974,31.048435479575595,2233440.496141458,1.9868431968964442,0.20943951023931953,6428735.078817919,180904.31029464866,-20.098395891514684
2,12.5,13.200000000000001,73025.36815888621,27.183382349761878,7963.351843755204,40386731540527950,11337332514.432592,1,0.01242588683685461,1,0.18672523124561863,0.24516547629058652,1037606.6901997619,0.4153464369169958,0.2181661564992912,6443063.071928688,103634.19104467881,0
2,12.5,13.3,72896.4760775473,27.1586823340079,7963.117070512041,49529122124254900,12555148266.284588,1,0.012171806986188983,1,0.191174280038305,0.2624033624549392,1048287.7725007919,0.4239915667833906,0.2181661564992912,6442921.528793468,104417.80991427564,-0.0012929825202909
2,12.5,13.4,72767.60173872672,27.134001286503437,7962.874166386248,60330208084184024,13856672166.34462,1,0.011927942487462147,1,0.19569771738433556,0.2807264242414893,1058852.6724007959,0.43263359811392116,0.2181661564992912,6442779.908420781,105201.38973179324,-0.005198221533780264
2,12.5,13.5,72638.74536367692,27.10933919818113,7962.623134013066,73008674771426370,15243291795.394192,1,0.01169368981538506,1,0.20030158188466715,0.30018351579518526,1069304.626700258,0.4412724635618773,0.2181661564992912,6442638.211189153,105984.92973102181,-0.01176828645778758
2,12.5,13.600000000000001,72509.9073101962,27.08469608524702,7962.363976091252,87798246154419860,16716080381.16517,1,0.011468492302633448,1,0.20499229978480446,0.3208253718808291,1079646.700048247,0.449908086655712,0.2181661564992912,6442496.437477114,106768.42914610475,-0.02105571942536497
2,12.5,13.700000000000001,72381.08793571498,27.060071963802095,7962.0966953916495,104946765158145540,18275785780.363934,1,0.01125183545316243,1,0.20977661513232834,0.34270469117597124,1089881.8072965425,0.45854039101117283,0.2181661564992912,6442354.587663197,107551.8872115438,-0.03311303466878974
2,12.5,13.8,72252.28759729769,27.035466849843502,7961.821294757096,124714975813894610,19922821044.46735,1,0.011043243022995157,1,0.2146615240338627,0.3658762223705174,1100012.7234252354,0.4671693003326836,0.2181661564992912,6442212.66212594,108335.30316220676,-0.04799271790389916
2,12.5,13.9,72123.50665164925,27.010880759266808,7961.5377771023595,147375020358330980,21657257966.60106,1,0.010842273530123622,1,0.21965422057555814,0.3903968530713499,1110042.09264054,0.4757947384144141,0.2181661564992912,6442070.661243872,109118.676233333,-0.06574722571523142
2,12.5,14,71994.74545509554,26.986313707863292,7961.246145414039,173208662928047460,23478823720.264175,1,0.010648517139644868,1,0.22476204111401196,0.416325701510167,1119972.4367299448,0.48441662914309314,0.2181661564992912,6441928.585395509,109902.0056605396,-0.0864289849420154
2,12.5,14.100000000000001,71866.0043635862,26.961765711321483,7960.946402750494,202505258626144960,25386900638.184326,1,0.01046159287796311,1,0.2299924106670624,0.4437242110526415,1129806.1627439978,0.49303489649931925,0.2181661564992912,6441786.434959366,110685.290679828,-0.11009039206502971
2,12.5,14.200000000000001,71737.2837326983,26.93723678522868,7960.638552241736,235559494075136130,27380529151.558384,1,0.01028114613617232,1,0.2353527986553847,0.47265624750690005,1139545.570071259,0.5016494645588008,0.2181661564992912,6441644.210313927,111468.53052759074,-0.13678381259436154
2,12.5,14.3,71608.58391761407,26.912726945067977,7960.322597089374,272668932144300350,29458413855.471565,1,0.010106846428157446,1,0.2408506741380786,0.5031881992292252,1149192.856966029,0.5102602574953534,0.2181661564992912,6441501.911837665,112251.72444061695,-0.1665615804580078
2,12.5,14.4,71479.90527314134,26.88823620622276,7959.998540566488,314131399609535740,31618932627.16192,1,0.00993838537369075,0,0.2464934625197609,0.5353890800247794,1158750.126574723,0.5188671995810015,0.2181661564992912,6441359.539909027,113034.87165609872,-0.19947599739142644
2,12.5,14.5,71351.24815368745,26.86376458397306,7959.666386017569,360242261441666500,33860148672.856953,1,0.009775474880501645,0,0.25228851345547887,0.5693306348410527,1168219.392513441,0.5274702151892182,0.2181661564992912,6441217.094906424,113817.97141163818,-0.23557933232803213
2,12.5,14.600000000000001,71222.61291326955,26.83931209349821,7959.3261368584,411291629512002050,36179825345.82477,1,0.009617845502889496,0,0.2582430642344707,0.6050874482516342,1177602.5840311614,0.5360692287957097,0.2181661564992912,6441074.5772082405,114601.0229452527,-0.27492382079057126
2,12.5,14.700000000000001,71093.99990550335,26.814878749875835,7958.977796575979,467561556113250370,38575443534.707184,1,0.009465244957128706,0,0.2643642087090778,0.6427370557278074,1186901.5507994876,0.5446641649806415,0.2181661564992912,6440931.987192821,115384.02549538178,-0.3175616642835207
2,12.5,14.8,70965.40948360506,26.790464568083102,7958.621368728422,529323263939469700,41044221384.03764,1,0.00931743677650521,0,0.27065887232504393,0.6823600576953709,1196118.0673590878,0.5532549484299836,0.2181661564992912,6440789.32523847,116166.97830089336,-0.3635450296864465
2,12.5,14.9,70836.84200038761,26.76606956299688,7958.256856944843,596834464213555800,43583136085.57144,1,0.009174199090878734,0,0.27713378726484184,0.7240402363739865,1205253.8372536355,0.5618415039372198,0.2181661564992912,6440646.591723446,116949.88060108948,-0.41292604864831045
2,12.5,15,70708.29780824669,26.74169374939228,7957.884264925294,670336813040113900,46188947449.45059,1,0.009035323517519336,0,0.28379547144506945,0.7678646753962535,1214310.4968780878,0.5704237564057549,0.2181661564992912,6440503.787025957,117732.73163571324,-0.4657568169828608
2,12.5,15.100000000000001,70579.77725917194,26.71733714194543,7957.503596440623,750053553053627100,48858222941.227455,1,0.008900614151595456,0,0.2906502120900692,0.8139238822036161,1223289.6190625578,0.5790016308496114,0.2181661564992912,6440360.911524158,118515.53064495433,-0.5220893940649668
2,12.5,15.200000000000001,70451.28070473019,26.692999755231476,7957.114855332405,836187383450756700,51587363864.28169,1,0.008769886645969133,0,0.2977040522283662,0.8623119132161043,1232192.716417235,0.587575052396012,0.2181661564992912,6440217.96559615,119298.27686945554,-0.581975802228035
2,12.5,15.3,70322.80849607475,26.66868160372707,7956.718045512803,928918595889280500,54372632348.60145,1,0.008642967371267523,0,0.30496277635350005,0.9131265017728132,1241021.2444539224,0.596143946286199,0.2181661564992912,6440074.949619967,120080.96955031896,-0.6454680261624889
2,12.5,15.4,70194.36098393053,26.644382701808638,7956.313170964493,1028403508027992800,57210178822.0878,1,0.008519692648129936,0,0.3124319044955487,0.9664691888399284,1249776.6045054742,0.6047082378778763,0.2181661564992912,6439931.863973582,120863.60792911214,-0.7126180123152969
2,12.5,15.5,70065.93851859309,26.620103063753128,7955.900235740546,1134773218587600000,60096069615.53155,1,0.008399908044531935,0,0.3201166879996387,1.0224454564830028,1258460.1464564083,0.6132678526467116,0.2181661564992912,6439788.709034897,121646.1912478742,-0.7834776682905814
2,12.5,15.600000000000001,69937.54144993145,26.59584270373932,7955.479243964311,1248132701279410000,63026314391.36938,1,0.008283467731831456,0,0.3280221027969012,1.0811648641000953,1267073.1713000077,0.6218227161875786,0.2181661564992912,6439645.485181738,122428.71874912213,-0.8580988622513727
2,12.5,15.700000000000001,69809.1701273704,26.57160163584566,7955.0501998293175,1368560246924501800,65996893088.78439,1,0.00817023389386935,0,0.3361528487142667,1.1427411874122806,1275616.9335368185,0.6303727542171765,0.2181661564992912,6439502.192791858,123211.18967585683,-0.9365334223224172
2,12.5,15.8,69680.82489990816,26.54737987405416,7954.61310759915,1496107254367393500,69003782073.25404,1,0.008060076184141096,0,0.3445133541525319,1.207292560207946,1284092.64342274,0.63891789257426,0.2181661564992912,6439358.832242923,123993.60327156926,-1.018833135994158
2,12.5,15.9,69552.50611608941,26.523177432246616,7954.1679716073495,1630798365307348200,72042979253.60223,1,0.007952871226472214,0,0.35310777566668416,1.2749416188371865,1292501.469083233,0.6474580572228762,0.2181661564992912,6439215.403912515,124775.95878024622,-1.1050497495278282
2,12.5,16,69424.2141240174,26.49899432420747,7953.714796257277,1772631929117121000,75110527904.14615,1,0.007848502155250738,0,0.36194000362553896,1.3458156494525189,1300844.5384979134,0.655993174252957,0.2181661564992912,6439071.908178129,125558.25544637708,-1.1952349673617821
2,12.5,16.1,69295.94927134551,26.474830563623314,7953.253586022018,1921580777997254000,78202538979.80954,1,0.007746858191561654,0,0.37101366713144623,1.4200467379920347,1309122.941368854,0.6645231698822974,0.2181661564992912,6438928.345417169,126340.49251495951,-1.289440451518919
2,12.5,16.2,69167.71190527827,26.450686164083866,7952.784345444252,2077593287727575300,81315211754.38132,1,0.007647834252017394,0,0.3803321456460899,1.4977719229010142,1317337.7308789233,0.6730479704578913,0.2181661564992912,6438784.716006933,127122.66923150557,-1.3877178210153471
2,12.5,16.3,69039.5023725545,26.42656113907984,7952.3070791361315,2240594693506880300,84444852621.97807,1,0.007551330587359146,0,0.3898985721117371,1.5791333505879295,1325489.9253496977,0.6815675024584537,0.2181661564992912,6438641.02032462,127904.78484204787,-1.4901186512702447
2,12.5,16.400000000000002,68911.32101945765,26.402455502005672,7951.821791779173,2410488627287446500,87587891950.28647,1,0.007457252448251115,0,0.3997158448180416,1.6642784336106649,1333580.5098030714,0.6900816924951287,0.2181661564992912,6438497.258747331,128686.83859314576,-1.5966944735169648
2,12.5,16.5,68783.1681918092,26.37836926615915,7951.328488124115,2587158840387730000,90740898907.79257,1,0.00736550977587925,0,0.4097866362224509,1.7533600115886911,1341610.4374359467,0.69859046731331,0.2181661564992912,6438353.431652049,129468.82973189087,-1.7074967742152944
2,12.5,16.6,68655.04423496034,26.354302444740807,7950.827172990807,2770471072707954700,93900594205.0693,1,0.007276016915243137,0,0.42011340654489315,1.8465365148368276,1349580.631013004,0.7070937537945854,0.2181661564992912,6438209.539415644,130250.75750591395,-1.8225769944651442
2,12.5,16.7,68526.94949378911,26.330255050854337,7950.3178512680915,2960275029801904600,97063860733.53372,1,0.007188692349227717,0,0.4306984073979609,1.943972130716135,1357491.9841825732,0.7155914789583042,0.2181661564992912,6438065.582414869,131032.62116339002,-1.9419865294212644
2,12.5,16.8,68398.88431269862,26.30622709750695,7949.800527913641,3156406430163672000,100227752126.68234,1,0.007103458451715623,0,0.4415436990933847,2.045836972697389,1365345.362720959,0.7240835699630653,0.2181661564992912,6437921.561026363,131814.4199530449,-2.065776727709458
2,12.5,16.900000000000002,68270.84903562162,26.282218597611163,7949.275207953864,3358689084306327000,103389499262.3331,1,0.00702024125817198,0,0.45265116060942484,2.152307252132477,1373141.60570962,0.7325699541077759,0.2181661564992912,6437777.475626627,132596.15312416133,-2.1939988908440107
2,12.5,17,68142.84400600102,26.258229563982166,7948.74189648377,3566936971529845000,106546514789.0678,1,0.006938970252256555,0,0.46402249405668106,2.2635654527289835,1380881.5266514018,0.7410505588343202,0.2181661564992912,6437633.326592045,133377.8199265846,-2.3267042726464155
2,12.5,17.1,68014.86956679821,26.234260009340062,7948.200598666818,3780956280839900700,109696395747.61017,1,0.006859578167203927,0,0.4756592461126876,2.3798005077231164,1388565.9145265347,0.7495253117283517,0.2181661564992912,6437489.114298856,134159.4196107287,-2.463944078665441
2,12.5,17.2,67886.92606048379,26.210309946309113,7947.6513197348,4000547387412726000,112836924405.28012,1,0.006782000800765585,0,0.4875628080871531,2.501207979746046,1396195.5347950025,0.7579941405212629,0.2181661564992912,6437344.839123173,134940.9514275821,-2.6057694655985015
2,12.5,17.3,67759.01382904034,26.186379387419002,7947.0940649877,4225506738280486000,115966067417.17932,1,0.006706176842663166,0,0.499734433582525,2.62799024337863,1403771.1303468156,0.7664569730913431,0.2181661564992912,6437200.501440958,135722.4146287137,-2.75223154071444
2,12.5,17.400000000000002,67631.13321395032,26.162468345103584,7946.528839793555,4455628626142810600,119081973460.88684,1,0.006632047713561572,0,0.5121752400826203,2.7603566703893954,1411293.4224050413,0.7749137374659238,0.2181661564992912,6437056.101628039,136503.80846627944,-2.9033813612778014
2,12.5,17.5,67503.28455620166,26.138576831702604,7945.955649588321,4690706832731910000,122182969479.66754,1,0.0065595574146928015,0,0.5248862313771677,2.898523817650569,1418763.1113825364,0.7833643618223374,0.2181661564992912,6436911.640060081,137285.1321930272,-3.0592699339741345
2,12.5,17.6,67375.46819627285,26.11470485945997,7945.374499875732,4930536127945496000,125267555687.67336,1,0.0064886523872966385,0,0.5378682925603183,3.042715617726849,1426180.8776974417,0.7918087744902348,0.2181661564992912,6436767.117112609,138066.3850623032,-3.2199482143370495
2,12.5,17.7,67247.684474146,26.09085244052675,7944.785396227154,5174913615553418000,128334399502.20451,1,0.0064192813811646,0,0.5511222080390153,3.1931635721315077,1433547.3825470444,0.8002469039520351,0.2181661564992912,6436622.533160982,138847.56632805814,-3.385467106176581
2,12.5,17.8,67119.93372928537,26.067019586958327,7944.188344281452,5423639918957805000,131382328554.2059,1,0.006351395331573817,0,0.5646486660508411,3.350106947244339,1440863.2686461597,0.8086786788456712,0.2181661564992912,6436477.888580401,139628.6752448525,-3.555877461008862
2,12.5,17.900000000000002,66992.21630064491,26.043206310716453,7943.583349744848,5676520204298754000,134410322931.28351,1,0.006284947244025337,0,0.5784482674555935,3.5137929728858612,1448129.1609283795,0.8171040279653966,0.2181661564992912,6436333.183745905,140409.71106786272,-3.731230077487324
2,12.5,18,66864.53252666537,26.01941262366948,7942.970418390752,5933365042201153000,137417506813.25208,1,0.006219892086195752,0,0.5925215302665725,3.684477043542093,1455345.667214616,0.8255228802632696,0.2181661564992912,6436188.41903236,141190.67305288743,-3.911575700835547
2,12.5,18.1,66736.88274526317,25.995638537591333,7942.349556059641,6193991111211224000,140403139640.6589,1,0.006156186686581831,0,0.6068688991747306,3.862422922234137,1462513.3788507474,0.8339351648512001,0.2181661564992912,6436043.594814467,141971.56045635248,-4.09696502228116
2,12.5,18.2,66609.26729383972,25.971884064163802,7941.7207686589045,6458221749583519000,143366606962.97226,1,0.006093789639373386,0,0.6214907553563145,4.047902947026714,1469632.8713143973,0.8423408110016105,0.2181661564992912,6435898.71146674,142752.3725353171,-4.287448678491531
2,12.5,18.3,66481.68650925811,25.948149214973363,7941.084062162684,6725887362062391000,146307411080.32248,1,0.006032661215087226,0,0.6363874101295879,4.241198240169669,1476704.7047956723,0.8507397481502751,0.2181661564992912,6435753.7693635225,143533.10854748037,-4.483077251011064
2,12.5,18.400000000000002,66354.14072786551,25.92443400151574,7940.439442611735,6996825693912087000,149225161627.29895,1,0.00597276327659554,0,0.6515591290099869,4.442598919866447,1483729.4247488205,0.859131905896099,0.2181661564992912,6435608.7688789675,144313.76775118563,-4.683901265699477
2,12.5,18.5,66226.6302854633,25.900738435191606,7939.786916113268,7270881981008557000,152119566182.78305,1,0.0059140592001281096,0,0.6670061200419702,4.652404314663363,1490707.562421965,0.8675172140043816,0.2181661564992912,6435463.710387043,145094.34940542755,-4.889971192172308
2,12.5,18.6,66099.1555173248,25.877062527310354,7939.126488840794,7547908988858489000,154990421014.5908,1,0.005856513800952462,0,0.682728547041504,4.870923180453466,1497639.6353604859,0.8758956024068925,0.2181661564992912,6435318.594261526,145874.8527698575,-5.10133744324247
2,12.5,18.7,65971.7167581832,25.853406289088735,7938.458167033967,7827766952519413000,157837602039.83914,1,0.005800093263378114,0,0.6987265334255084,5.098473920088684,1504526.1478897992,0.884267001203935,0.2181661564992912,6435173.420875995,146655.2771047886,-5.318050374363333
2,12.5,18.8,65844.31434222404,25.829769731650444,7937.781956998434,8110323432087764000,160661056095.27008,1,0.00574476507480903,0,0.7150001634950846,5.335384805593826,1511367.591576745,0.8926313406660981,0.2181661564992912,6435028.190603834,147435.6216712026,-5.540160283073847
2,12.5,18.900000000000002,65716.9486030927,25.806152866028054,7937.097865105678,8395453093342580000,163460792548.3974,1,0.005690497963578049,0,0.7315494902071896,5.581994202975974,1518164.4456701,0.9009885512349953,0.2181661564992912,6434882.903818213,148215.88573075464,-5.767717408444688
2,12.5,19,65589.61987387668,25.782555703160767,7936.405897792845,8683037427471823000,166236875317.65872,1,0.0056372618402960855,0,0.748374532263306,5.838650799622664,1524917.1775235555,0.9093385635256833,0.2181661564992912,6434737.560892113,148996.0685457795,-6.000771930526336
2,12.5,19.1,65462.32848712336,25.75897825389817,7935.706061562598,8972964423175813000,168989415355.36453,1,0.005585027742511009,0,0.7654752855090338,6.1057138342822,1531626.242998731,0.9176813083267077,0.2181661564992912,6434592.162198286,149776.16937929735,-6.239373969798765
2,12.5,19.200000000000003,65335.074774811044,25.73542052899608,7934.998362982948,9265128199281973000,171718563593.63055,1,0.0055337677824276585,0,0.7828517181037116,6.383553329619337,1538292.086853745,0.9260167166032562,0.2181661564992912,6434446.70810928,150556.1874950188,-6.4835735866223825
2,12.5,19.3,65207.85906836856,25.71188253912057,7934.2828086870895,9559428610818330000,174424504398.8678,1,0.005483455097530474,0,0.8005037828315519,6.672550327339492,1544915.1431128844,0.9343447194970631,0.2181661564992912,6434301.19899742,151336.12215735106,-6.733420780691144
2,12.5,19.400000000000002,65080.681698652916,25.68836429484494,7933.559405373241,9855770836286863000,177107449529.78223,1,0.0054340638038876884,0,0.8184314075367287,6.973097125874537,1551495.8354232542,0.9426652483291115,0.2181661564992912,6434155.6352348095,152115.97263140362,-6.988965490486904
2,12.5,19.5,64953.542995963246,25.66486580665277,7932.828159804471,10154064956520133000,179767632619.7736,1,0.005385568951998309,0,0.8366345039161563,7.2855975206231935,1558034.5773948063,0.9509782345999012,0.2181661564992912,6434010.0171933295,152895.7381829936,-7.250257592735596
2,12.5,19.6,64826.44329002965,25.64138708493677,7932.089078808537,10454225529804136000,182405304154.46933,1,0.0053379464849989434,0,0.8551129702124803,7.610467046738877,1564531.7729278964,0.9592836099913877,0.2181661564992912,6433864.345244628,153675.41807865162,-7.517346901865047
2,12.5,19.700000000000003,64699.38291000761,25.617928139998533,7931.342169277707,10756171173927227000,185020726971.92426,1,0.0052911731990958645,0,0.8738666972475454,7.9481332244578216,1570987.8165273287,0.9675813063685423,0.2181661564992912,6433718.619760117,154455.01158562684,-7.790283169464396
2,12.5,19.8,64572.36218447145,25.59448898204822,7930.587438168605,11059824155880165000,187614172227.6763,1,0.005245226706082949,0,0.8928955556332818,8.299035806960223,1577403.0936039067,0.9758712557809677,0.2181661564992912,6433572.841110974,155234.51797189345,-8.069116083745493
2,12.5,19.900000000000002,64445.381441427395,25.57106962120737,7929.824892502025,11365109999432050000,190185915854.60605,1,0.005200085397825545,0,0.9121994093568604,8.66362703075702,1583777.98076298,0.9841533904631988,0.2181661564992912,6433427.009668137,156013.9365061556,-8.353895269005646
2,12.5,20,64318.441008295864,25.547670067506683,7929.0545393627635,11671957107689912000,192736235437.8622,1,0.005155728412573603,0,0.9317781159432554,9.042371868594858,1590112.8460832865,0.9924276428370502,0.2181661564992912,6433281.1258023,156793.26645785273,-8.644670285092158
2,12.5,20.1,64191.54121191334,25.52429033088702,7928.27638589945,11980296410749075000,195265407541.12427,1,0.005112135603012203,0,0.9516315260509883,9.435748284871742,1596408.0493839101,1.0006939455126491,0.2181661564992912,6433135.1898839,157572.5070971659,-8.941490626868973
2,12.5,20.200000000000003,64064.68237852305,25.500930421198554,7927.490439324362,12290061034816901000,197773705407.86856,1,0.005069287505935546,0,0.9717594855983636,9.84424749355573,1602663.9424815045,1.0089522312902062,0.2181661564992912,6432989.202283131,158351.6576950225,-9.244405723684507
2,12.5,20.3,63937.86483378336,25.477590348202842,7926.696706913254,12601185997385800000,200261397035.53458,1,0.0050271653134584815,0,0.9921618295316569,10.268374218598982,1608880.8694367432,1.0172024331606015,0.2181661564992912,6432843.16336993,159130.71752310215,-9.553464938841618
2,12.5,20.400000000000002,63811.0889027603,25.454270121572264,7925.895196005178,12913607927872317000,202728743581.45114,1,0.0049857508456645355,0,1.0128383918882748,10.708646956839381,1615059.1667922314,1.0254444843070165,0.2181661564992912,6432697.073513973,159909.68585384215,-9.868717569069297
2,12.5,20.5,63684.354909920134,25.4309697508895,7925.08591400231,13227264816913863000,205175998093.76978,1,0.004945026524612536,0,1.033789009331581,11.165598243381872,1621199.163801461,1.033678318106561,0.2181661564992912,6432550.933084665,160688.56196044292,-10.190212843996038
2,12.5,20.6,63557.66317912098,25.407689245646797,7924.268868369756,13542095788303503000,207603404491.69684,1,0.004904975349623472,0,1.0550135073228748,11.639774919451572,1627301.1826492448,1.0419038681319495,0.2181661564992912,6432404.742451155,161467.34511687324,-10.517999925624968
2,12.5,20.700000000000003,63431.014033627696,25.38442861524911,7923.444066635386,13858040900245709000,210011196823.45587,1,0.004865580873782085,0,1.0765117146215433,12.13173840271059,1633365.538662805,1.0501210681516246,0.2181661564992912,6432258.501982316,162246.0345978759,-10.852127907810987
2,12.5,20.8,63304.40779609792,25.361187869012443,7922.611516389633,14175040969708820000,212399598731.85944,1,0.004826827181568267,0,1.0982834602466536,12.642064960030526,1639392.5405165511,1.0583298521317919,0.2181661564992912,6432112.212046749,163024.62967897343,-11.192645815739677
2,12.5,20.900000000000002,63177.844788575545,25.337967016163518,7921.7712252853335,14493037421054358000,214768823119.1609,1,0.004788698867566264,0,1.1203285688011608,13.171345982712358,1645382.4904290356,1.0665301542379573,0.2181661564992912,6431965.873012773,163803.12963647244,-11.539602605407618
2,12.5,21,63051.32533249445,25.314766065840924,7920.923201037512,14811972157960243000,217119071988.25797,1,0.0047511810161923835,0,1.1426468679036765,13.720188264145552,1651335.6843522354,1.0747219088357627,0.2181661564992912,6431819.485248428,164581.5337474701,-11.893047163105276
2,12.5,21.1,62924.849748671986,25.291585027094836,7920.067451423223,15131787455324400000,219450536422.85706,1,0.004714259182378891,0,1.165238181774729,14.28921427989795,1657252.4121545795,1.0829050504925106,0.2181661564992912,6431673.049121472,165359.84128985897,-12.253028304901257
2,12.5,21.200000000000003,62798.41835731082,25.26842390888785,7919.203984281337,15452425871416982000,221763396698.4408,1,0.004677919373167198,0,1.188102338423857,14.879062470228092,1663132.9577970074,1.0910795139781075,0.2181661564992912,6431526.564999367,166138.0515423324,-12.61959477612844
2,12.5,21.3,62672.031477987766,25.245282720093915,7918.332807512376,15773830178987379000,224057822505.76532,1,0.004642148030154773,0,1.2112391643133098,15.490387525011387,1668977.5995034815,1.0992452342668861,0.2181661564992912,6431380.033249287,166916.16378438988,-12.992795250872117
2,12.5,21.400000000000002,62545.6894296566,25.222161469499383,7917.4539290783105,16095943311068246000,226333973249.52158,1,0.004606932012757415,0,1.2346484917387788,16.123860671071625,1674786.6099247993,1.1074021465384711,0.2181661564992912,6431233.454238109,167694.17729634227,-13.372678331460067
2,12.5,21.5,62419.39253064431,25.199060165803,7916.567357002357,16418708322535428000,228591998424.9883,1,0.004572258582237437,0,1.2583301507132387,16.780169961909078,1680560.2562970235,1.1155501861790804,0.2181661564992912,6431086.828332409,168472.0913593174,-13.759292547954463
2,12.5,21.6,62293.14109864831,25.175978817616173,7915.67309936881,16742068365030349000,230832038051.62192,1,0.004538115386459224,0,1.2822839722236765,17.460020569816546,1686298.8005944097,1.1236892887827599,0.2181661564992912,6430940.155898464,169249.90525526466,-14.152686357645388
2,12.5,21.700000000000003,62166.93545073271,25.152917433462925,7914.771164322827,17065966672522000000,233054223142.02872,1,0.004504490445333261,0,1.3065097932265435,18.164135080374436,1692002.4996771093,1.1318193901526623,0.2181661564992912,6430793.437302235,170027.6182669611,-14.552908144547011
2,12.5,21.8,62040.775903322734,25.129876021779683,7913.861560070248,17390346558465634000,235258676211.36374,1,0.004471372136912437,0,1.3310074495212139,18.89325378931605,1697671.6054339472,1.1399404263024522,0.2181661564992912,6430646.67290938,170805.22967801598,-14.960006218894843
2,12.5,21.900000000000002,61914.66277220566,25.106854590916008,7912.944294877392,17715151420492960000,237445511798.21976,1,0.004438749184108893,0,1.3557767798456222,19.648135001754056,1703306.364920049,1.1480523334572625,0.2181661564992912,6430499.863085241,171582.7387728764,-15.374028816645568
2,12.5,22,61788.596372529864,25.08385314913505,7912.019377070851,18040324753175656000,239614837000.81863,1,0.0044066106419972375,0,1.3808176278114674,20.42955533375916,1708907.0204899258,1.1561550480547647,0.2181661564992912,6430353.008194842,172360.14483683216,-15.795024098978526
2,12.5,22.1,61662.5770187974,25.06087170461302,7911.086815037314,18365810166773758000,241766752014.7335,1,0.004374945885672986,0,1.4061298337179027,21.238310016281773,1714473.8099264705,1.1642485067466781,0.2181661564992912,6430206.108602888,173137.44715602126,-16.223040151799243
2,12.5,22.200000000000003,61536.605024863034,25.037910265439635,7910.146617223355,18691551411587910000,243901350670.48383,1,0.004343744598641308,0,1.4317132469605283,22.075213201407543,1720006.9665653377,1.1723326463998227,0.2181661564992912,6430059.164673754,173914.6450174349,-16.658124985244857
2,12.5,22.3,61410.68070392776,25.014968839617637,7909.19879213522,19017492405094910000,246018720953.66342,1,0.004312996761706314,0,1.4575677155490636,22.941098270937452,1725506.719415514,1.1804074040975394,0.2181661564992912,6429912.176771491,174691.73770892233,-17.10032653319159
2,12.5,22.400000000000002,61284.80436854344,24.992047435064194,7908.243348338648,19343577264291897000,248118945525.062,1,0.004282692642339914,0,1.4836930895239377,23.836818147283157,1730973.2932754331,1.1884727171403635,0.2181661564992912,6429765.14525982,175468.7245191966,-17.54969265276435
2,12.5,22.5,61158.97633060813,24.969146059610726,7907.280294458649,19669750338369630000,250202102210.56998,1,0.004252822784501422,0,1.5100892269340789,24.76324560666812,1736406.9088457497,1.1965285230473064,0.2181661564992912,6429618.070502119,176245.6047378393,-18.006271123848197
2,12.5,22.6,61033.196901352145,24.946264721001295,7906.309639179315,19995956244595180000,252268264481.5697,1,0.0042233779988857705,0,1.5367559819221592,25.721273594625053,1741807.782838945,1.2045747595577467,0.2181661564992912,6429470.952861438,177022.37765530552,-18.470109648601674
2,12.5,22.700000000000003,60907.46639135387,24.933859873740815,7905.33139124361,26039543231211196000,287877824108.5357,1,0.0038289985305422305,0,1.563693217311396,26.71181554378014,1828632.304563715,1.3283148721070817,0.2181661564992912,6429323.79527566,177799.0375198536,-18.94160563707688
2,12.5,22.8,60781.78754531313,24.924850118641057,7904.236876018204,34724847967270320000,332438800806.7242,1,0.003404830156118021,0,1.5909007954946257,27.737040435813068,1938388.6618686735,1.4933806339473554,0.2181661564992912,6429176.604178177,178575.57173622915,-19.421630994932926
2,12.5,22.900000000000002,60656.16640925221,24.91535798675633,7902.987271365017,43822251199092340000,373455510938.95184,1,0.003065406792617406,0,1.6183785821079244,28.799708785399453,2041919.1232275616,1.6582137949464022,0.2181661564992912,6429029.386918339,179351.96591875373,-19.911181427643303
2,12.5,23,60530.60988867283,24.90538477477343,7901.5827906024715,53101116417950920000,411096099802.4315,1,0.002787652098220609,0,1.64612644168725,29.902767624929247,2140088.5588270114,1.822786030751278,0.2181661564992912,6428882.150835693,180128.20570382697,-20.411250629447782
2,12.5,23.1,60405.12487282697,24.894931860563855,7900.023673661782,62401870005542930000,445646328356.94257,1,0.0025561708731779136,0,1.674144248741453,31.049358863473266,2233566.9976698095,1.9870691364332025,0.2181661564992912,6428734.903258474,180904.27675225883,-20.922830057094632
