leg,t,altitude,mach,speed,ne_peak,plasma_freq,gnss_denied,knudsen,regime,nav_err,nav_var,heat_flux,g_load,bank,x,y,z
#units,-,s,m,-,m/s,m^-3,rad/s,-,-,0 continuum 1 slip 2 transitional 3 free-molecular,m,m^2,W/m2,g,rad,m,m,m
1,0.1,90000,29.07584317977091,7966.781031257229,493509.35061538004,39631.38258165552,0,0.07829109848665225,1,1.6355275824786042,2.998800959280537,413905.4981567252,0.06597804594020765,0,6460869.953679294,785.9970926059746,0
1,0.2,89870.00148953032,29.06239707990056,7966.874868223819,789355.8315560794,50121.947980006575,0,0.07612341836304928,1,1.198215746823738,2.0000339998372794,419772.12278960174,0.06785842633318921,0,6460739.814755514,1571.9882800427833,0
1,0.30000000000000004,89740.00599886943,29.048957609567296,7966.966939739023,1239639.4801232668,62811.50943660059,0,0.07407258570183087,1,0.8735244234993139,1.9999021010860163,425558.2744037789,0.06973882071010236,0,6460609.583306623,2357.973385428888,0
1,0.4,89610.01360953972,29.03552476725315,7967.057245726465,1914577.1472709132,78059.89556923407,0,0.07212940176363536,1,1.1411180091646282,1.8748822665213072,431267.1659122163,0.07161922539069372,0,6460479.259410635,3143.952231898818,0
1,0.5,89480.02440303285,29.02209855143702,7967.145786113265,2912235.263199141,96273.05618051291,0,0.07028560867206633,1,1.3705782831094862,1.6908464725316024,436901.8001478551,0.07349963669499174,0,6460348.843145599,3929.924642603974,0
1,0.6000000000000001,89350.03846079297,29.00867896059288,7967.232560830039,4368181.754965032,117907.62209718325,0,0.06853377212132201,1,0.32264083166534974,1.5135205249916088,442464.9885658961,0.07538005094356552,0,6460218.334589606,4715.8904407123355,0
1,0.7000000000000001,89220.05586422328,28.99526599319058,7967.3175698108935,6468057.190768572,143475.73432276596,0,0.06686718120392647,1,0.7003906442198918,1.359685170719624,447959.36785820953,0.07726046445744673,0,6460087.733820782,5501.849449409269,0
1,0.8,89090.07669468131,28.981859647695327,7967.400812993432,9463829.013443414,173550.14190073777,0,0.06527976251204533,1,0.8745611814092162,1.2298065428305214,453387.4147591056,0.07914087355821323,0,6459957.040917297,6287.801491897968,0
1,0.9,88960.1010334855,28.96845992256846,7967.482290318754,13694661.96235266,208769.56622806276,0,0.06376600619485967,1,0.9025651977426397,1.120458034143963,458751.4592765765,0.08102127456791137,0,6459826.255957354,7073.746391399277,0
1,1,88830.1289619077,28.9550668162667,7967.562001731454,19613537.35684518,249844.32773742,0,0.06232090207424888,1,1.173976418742602,1.0278810997425336,464053.6965498619,0.08290166380917964,0,6459695.379019196,7859.683971152136,0
1,1.1,88700.16056117602,28.941680327242448,7967.639947179617,27820987.683308017,297562.2284764815,0,0.06093988425816597,1,1.4524710088257866,0.9488534942721316,469296.19750283344,0.08478203760522485,0,6459564.410181107,8645.614054414633,0
1,1.2000000000000002,88570.19591247756,28.928300453944136,7967.71612661482,39107584.993388176,352794.6815689559,0,0.05961878296148021,1,1.8705097789956981,0.8807960797021728,474480.91843969014,0.08666239227979765,0,6459433.34952141,9431.536464462848,0
1,1.3,88440.23509695847,28.914927194816286,7967.790539992137,54507136.32446244,416503.07628873526,0,0.05835378246326124,1,1.0289714014265137,0.8216864970028823,479609.70970863977,0.08854272415720943,0,6459302.197118462,10217.451024592765,0
1,1.4000000000000001,88310.27819571644,28.901560548298736,7967.863187270136,75362901.04091842,489745.3650444474,0,0.05714138430757241,1,0.589683973810552,0.7699435175822514,484684.32354205265,0.09042302956245554,0,6459170.953050661,11003.357558119364,0
1,1.5,88180.32528980728,28.888200512827364,7967.934068410866,103409558.21033251,573682.856431146,0,0.05597837500053965,1,0.20949886549401195,0.7243253473369662,489706.4211660032,0.09230330482113779,0,6459039.617396442,11789.255888377787,0
1,1.6,88050.37646024115,28.874847086833768,7968.003183379879,140874121.48828962,669587.1968031423,0,0.05486179757534886,1,0.13545885534367075,0.6838494720807109,494677.5792615577,0.09418354625953451,0,6458908.190234277,12575.145838723181,0
1,1.7000000000000002,87920.43178798538,28.86150026874554,7968.070532146214,190599528.91821718,778847.5211279298,0,0.053788926495546,1,0.36907121510208246,0.6477318457085753,499599.2958480264,0.09606375020457636,0,6458776.671642674,13361.027232531003,0
1,1.8,87790.49135395978,28.84816005698589,7968.136114682396,256195230.23425612,902977.752849226,0,0.0527572454480653,1,0.5521900620128187,0.6153413097596965,504472.99565064046,0.09794391298392957,0,6458645.06170018,14146.899893197462,0
1,1.9000000000000001,87660.5552390432,28.83482644997427,7968.19993096444,342219758.7572432,1043624.0312890493,0,0.05176442764524535,1,0.2172691774635564,0.5861654544688862,509300.03500615933,0.09982403092591861,0,6458513.360485378,14932.763644139828,0
1,2,87530.62352406792,28.821499446125944,7968.261980971861,454401013.452916,1202572.2448698787,0,0.050808318311061064,1,0.23065565822601808,0.5597849282699089,514081.7063549023,0.1017041003596227,0,6458381.568076887,15718.618308796888,0
1,2.1,87400.69628981873,28.80817904385183,7968.322264687652,599900792.5781372,1381755.6478033427,0,0.049886919074252384,1,0.304499513404497,0.5358539607799774,518819.24236047885,0.10358411761490562,0,6458249.684553364,16504.46371062924,0
1,2.2,87270.77361703757,28.794865241559062,7968.380782098295,787631017.7439167,1583262.537988823,0,0.048998374030446636,1,0.260424918985835,0.5140854662525733,523513.81969419296,0.10546407902236446,0,6458117.709993504,17290.29967311914,0
1,2.3000000000000003,87140.85558642261,28.781558037650925,7968.437533193756,1028630069.4402659,1809343.9741714748,0,0.04814095726862,1,0.4713112048706833,0.4942395422789069,528166.5625172536,0.1073439809133596,0,6457985.644476035,18076.126019771422,0
1,2.4000000000000004,87010.94227862358,28.76825743052641,7968.492517967496,1336508724.6434574,2062421.5105215267,0,0.04731306168551108,1,0.641166952765259,0.4761145029268399,532778.5456897224,0.10922381962009792,0,6457853.488079719,18861.942574113553,0
1,2.5,86881.0337742418,28.754963418580267,7968.545736416458,1727976347.4841557,2345094.9276792817,0,0.04651318893551074,1,0.8832704894448833,0.4595398183083809,537350.7977316801,0.11110359147564935,0,6457721.240883359,19647.749159695846,0
1,2.6,86751.13015383575,28.741676000203586,7968.597188541067,2223459236.3130035,2660149.9398303507,0,0.045739940383794905,1,0.5102715369310796,0.44437049947320983,541884.3035595429,0.11298329281388211,0,6457588.90296579,20433.545600092024,0
1,2.7,86621.23149791919,28.728395173783678,7968.646874345238,2847824377.3511467,3010565.8584021577,0,0.044992008947699814,1,0.24755781422125242,0.4304825876396419,546380.0070184751,0.11486291996950546,0,6457456.474405886,21219.3317188994,0
1,2.8000000000000003,86491.33788695745,28.71512093770369,7968.694793836366,3631223296.8108616,3399523.1937553897,0,0.04426817172626333,1,0.18753767578730365,0.4177694937784914,550838.8132289996,0.11674246927814037,0,6457323.955282552,22005.107339739046,0
1,2.9000000000000004,86361.44940136839,28.70185329034277,7968.740947025332,4610072241.644565,3830411.177512317,0,0.043567283330543854,1,0.20432755785229353,0.4061389981146908,555261.5907639838,0.11862193707632183,0,6457191.345674727,22790.87228625642,0
1,3,86231.56612151861,28.688592230075695,7968.785333926496,5828186551.698888,4306835.188638826,0,0.04288826983814692,1,0.22546432476165984,0.3955107659739463,559649.1736710453,0.12050131970156869,0,6457058.64566139,23576.626382121492,0
1,3.1,86101.68812773656,28.675337755274274,7968.827954557701,7338088817.848836,4832624.068595541,0,0.042230123304957796,1,0.4056118671681636,0.3858142713208508,564002.3633528822,0.12238061349221208,0,6456925.855321552,24362.369451028844,0
1,3.2,85971.81550029851,28.66208986430593,7968.868808940272,9202512240.38942,5411837.3101763595,0,0.04159189677485825,1,0.2092461483296006,0.3769870456454979,568321.9303189219,0.12425981478761243,0,6456792.974734256,25148.10131669859,0
1,3.3000000000000003,85841.9483194314,28.64884855553399,7968.907897099008,11496122523.905882,6048772.10782995,0,0.04097269973570199,1,0.16812723367424698,0.36897318989184524,572608.6158175484,0.12613891992813597,0,6456660.003978583,25933.821802876206,0
1,3.4000000000000004,85712.08666531928,28.63561382731851,7968.945219062198,14307483646.265188,6747970.256083463,0,0.04037169397561532,1,0.10004297823837305,0.3617221025317866,576863.133359082,0.1280179252550767,0,6456526.943133649,26719.53073333284,0
1,3.5,85582.23061809689,28.622385678015466,7968.980774861596,17741294939.928898,7514224.885519804,0,0.039788089798997624,1,0.17999977174101842,0.3551873888340267,581086.1701388267,0.12989682711076583,0,6456393.792278597,27505.22793186586,0
1,3.6,85452.38025784492,28.609164105976465,7969.014564532444,21920929098.644016,8352587.025203444,0,0.039221142566377,1,0.16839249419835603,0.3493259256568556,585278.3883676686,0.13177562183865646,0,6456260.551492611,28290.91322229882,0
1,3.7,85322.53566460405,28.595949109550133,7969.046588113455,26991302985.76904,9268371.982251544,0,0.03867014952630919,1,0.332910598921595,0.34409706326307127,589440.4265169037,0.13365430578313658,0,6456127.220854903,29076.5864284825,0
1,3.8000000000000003,85192.69691836182,28.582740687080843,7969.0768456468195,33122115454.539444,10267165.52952673,0,0.038134446910775825,1,0.5758656264307214,0.33946195111310207,593572.9004853471,0.13553287528973454,0,6455993.800444723,29862.247374294115,0
1,3.9000000000000004,85062.86409905925,28.569538836909395,7969.105337178201,40511488795.30339,11354829.892980078,0,0.03761340726904721,1,0.2872859814433921,0.3353829785757346,597676.4046931904,0.13741132670504025,0,6455860.29034135,30647.895883638852,0
1,4,84933.0372865852,28.556343557372525,7969.132062756741,49390052898.97046,12537509.53140958,0,0.03710643701735554,1,0.1431853363353217,0.3318233242224713,601751.5131090747,0.13928965637680238,0,6455726.690624099,31433.53178044909,0
1,4.1000000000000005,84803.21656078473,28.54315484680372,7969.157022435046,60025513754.01553,13821636.70162151,0,0.03661297418436723,1,0.0994354186125129,0.3287466089579914,605798.7802145216,0.1411678606538229,0,6455593.001372315,32219.154888685436,0
1,4.2,84673.40200144798,28.529972703532213,7969.180216269205,72727750466.79851,15213936.801614793,0,0.036132486334318446,1,0.1968567402122988,0.3261166488408107,609818.7419113271,0.14304593588613543,0,6455459.222665376,33004.76503233666,0
1,4.3,84543.59368831944,28.516797125883876,7969.201644318769,87854487634.4796,16721433.48691278,0,0.03566446865183444,1,0.2654984753108131,0.3238973031780947,613811.9163748005,0.1449238784248857,0,6455325.3545826925,33790.36203542041,0
1,4.4,84413.79170109052,28.503628112180532,7969.2213066467575,105817592545.56148,18351453.553638626,0,0.035208442173806406,1,0.38712559628127496,0.32205241251121375,617778.8048578384,0.1468016846224556,0,6455191.397203711,34575.945721983015,0
1,4.5,84283.99611940887,28.49046566074096,7969.239203319667,127090049365.93604,20111631.58243198,0,0.034763952155432216,1,0.2763342931178874,0.3205458196304516,621719.8924482754,0.1486793508323451,0,6455057.3506079,35361.51591610002,0
1,4.6000000000000005,84154.20702286251,28.47730976987929,7969.255334407455,152213665190.89337,22009914.33940648,0,0.03433056655855381,1,0.24602817448472972,0.31934146495685845,625635.6487839965,0.1505568734094164,0,6454923.214874772,36147.07244187668,0
1,4.7,84024.4244910013,28.464160437907235,7969.269699983551,181807565531.84888,24054564.928400256,0,0.033907874651944864,1,0.1883587848547817,0.3184035457469492,629526.5287268651,0.15243424870960073,0,6454788.990083863,36932.61512344807,0
1,4.800000000000001,83894.64860331547,28.451017663131925,7969.282300124845,216577539531.9588,26254166.690643903,0,0.03349548571374232,1,0.15747629880662362,0.3176967268438441,633392.9730005976,0.1543114730902237,0,6454654.6763147395,37718.14378497934,0
1,4.9,83764.87943924405,28.437881443856806,7969.293134911696,257326297868.11456,28617626.84610111,0,0.03309302782765282,1,0.052222610459463074,0.31718638931426485,637235.4087928868,0.15618854290990028,0,6454520.273647004,38503.65825066623,0
1,5,83635.11707818229,28.424751778382436,7969.302204427921,304964709023.904,31154179.874790788,0,0.032700146765029504,1,0.18154459746319773,0.31683890245107554,641054.2503250063,0.15806545452844298,0,6454385.782160291,39289.15834473531,0
1,5.1000000000000005,83505.36159947328,28.411628665005665,7969.3095087608035,360524082200.8166,33873390.63286591,0,0.03231650494571347,1,0.3976283955442247,0.3166219044234245,644849.8993914637,0.159942204306999,0,6454251.201934258,40074.64389144409,0
1,5.2,83375.61308240332,28.398512102019215,7969.315048001092,425169567700.2194,36785157.198257275,0,0.03194178047129616,1,0.46456875448474055,0.31650457735032955,648622.7458710681,0.16181878860813362,0,6454116.5330486,40860.11471508165,0
1,5.300000000000001,83245.87160621025,28.385402087712485,7969.318822242979,500214748256.97314,39899713.446786314,0,0.03157566622500834,1,0.26923475857281076,0.31645790377048105,652373.1682109612,0.16369520379572422,0,6453981.775583038,41645.57063996877,0
1,5.4,83116.13725008164,28.37229862037153,7969.320831584135,587137497058.864,43227631.350079216,0,0.031217869032875493,1,0.2008862887084434,0.3164548932843736,656101.5338859917,0.16557144623500447,0,6453846.929617328,42431.01149045806,0
1,5.5,82986.41009315383,28.359201698278873,7969.321076125675,687597180772.4446,46779822.99724694,0,0.03086810888135916,1,0.19461405004997176,0.31647077041465504,659808.1998346297,0.16744751229259225,0,6453711.99523125,43216.437090934836,0
1,5.6000000000000005,82856.69021450821,28.346111319713255,7969.319555972179,803453287979.767,50567542.33404784,0,0.03052611818708593,1,0.14863918117667657,0.31648311734480644,663493.5128729955,0.1693233983365606,0,6453576.972504617,44001.847265816905,0
1,5.7,82726.9776931731,28.3330274829498,7969.316271231678,936785565719.3281,54602386.619084075,0,0.030191641114684233,1,0.3341648295638207,0.3164719678575189,667157.8100880851,0.1711991007364259,0,6453441.86151727,44787.241839555,0
1,5.800000000000001,82597.27260812931,28.31995018626061,7969.311222015653,1089915748772.4336,58896297.593400076,0,0.029864432939066887,1,0.23218527630752464,0.3164198514445744,670801.4192115017,0.17307461586308298,0,6453306.66234908,45572.62063663306,0
1,5.9,82467.57503829896,28.306879427913724,7969.30440843904,1265430968312.9258,63461562.3627389,0,0.029544259448767263,1,0.13455137682056567,0.316311788952654,674424.6589754256,0.17494994008898263,0,6453171.375079951,46357.98348156867,0
1,6,82337.8850625623,28.29381520617481,7969.295830620232,1466208928205.549,68310813.98938379,0,0.02923089638738538,1,0.16974405013757984,0.316135243177989,678027.8394506343,0.1768250697879057,0,6453035.999789811,47143.33019891351,0
1,6.1000000000000005,82208.20275973435,28.280757519304846,7969.285488681068,1695444938873.9395,73457031.792466,0,0.028924128930174747,1,0.11517228839313357,0.3158800294098725,681611.262369481,0.1787000013353148,0,6452900.536558621,47928.66061325326,0
1,6.2,82078.52820858732,28.26770636556239,7969.273382746834,1956680900207.8052,78913541.35846673,0,0.028623751193414006,1,0.20565328965529042,0.31553819203887984,685175.2214323701,0.18057473110804667,0,6452764.985466365,48713.974549208324,0
1,6.300000000000001,81948.86148783285,28.254661743201872,7969.259512946262,2253836325664.5054,84694014.25216238,0,0.028329565773999792,1,0.2777749564221104,0.3151038540060493,688720.0026009926,0.18244925548458485,0,6452629.346593058,49499.27183143359,0
1,6.4,81819.20267612953,28.24162365047437,7969.243879411535,2591241501757.374,90812467.44069152,0,0.02804138331725472,1,0.3980857824757474,0.3145730460452694,692245.8843773131,0.18432357084496712,0,6452493.620018745,50284.5522846192,0
1,6.5,81689.55185208563,28.22859208562788,7969.226482278276,2973672876802.1914,97283262.41858238,0,0.02775902211088918,1,0.5072098551372106,0.313943522532134,695753.1380698986,0.18619767357076045,0,6452357.8058235,51069.815733490985,0
1,6.6000000000000005,81559.90909425914,28.215567046907413,7969.207321685556,3406390774058.87,104121104.0376113,0,0.027482307703293043,1,0.3080400573378075,0.313214570250655,699242.028048248,0.18807156004507783,0,6452221.904087419,51855.06200281024,0
1,6.7,81430.27448114194,28.202548532553404,7969.186397775888,3895179524931.5044,111341039.04634045,0,0.02721107254444603,1,0.14635356498531008,0.31238681572128424,702712.8119861266,0.18994522665282215,0,6452085.914890628,52640.290917374376,0
1,6.800000000000001,81300.64809118304,28.18953654080403,7969.163710695213,4446390117125.729,118958454.33033144,0,0.026945155648010206,1,0.02008741532562864,0.31146203592739835,706165.741093043,0.19181866978036508,0,6451949.838313284,53425.502302017376,0
1,6.9,81171.03000277281,28.176531069893787,7969.13926059293,5066985453527.118,126989074.86127791,0,0.026684402273005024,1,0.13123333338186682,0.31044297636231216,709601.0603365765,0.19369188581579264,0,6451813.674435568,54210.69598160966,0
1,7,81041.42029424664,28.163532118053773,7969.113047621864,5764588316856.453,135448961.3566653,0,0.026428663623868406,1,0.23933585882041838,0.3093331794464328,713019.0086544894,0.19556487114886587,0,6451677.4233376905,54995.87178105851,0
1,7.1000000000000005,80911.81904388871,28.15053968351213,7969.085071938272,6547532133957.766,144354507.64556614,0,0.02617779656763909,1,0.1600967805350136,0.3081368255373418,716419.8191576862,0.19743762217098343,0,6451541.085099882,55781.02952530883,0
1,7.2,80782.22632992081,28.13755376449297,7969.055333701855,7424914632703.916,153722437.73984417,0,0.025931663367102915,1,0.19478109321102482,0.3068585879590705,719803.719324884,0.19931013527535882,0,6451404.659802409,56566.16903934294,0
1,7.300000000000001,80652.64223051816,28.124574359218006,7969.02383307574,8406654484957.696,163569802.62813434,0,0.02569013142893879,1,0.18536850809175315,0.305503502836772,723170.9311883294,0.2011824068568069,0,6451268.147525559,57351.290148181244,0
1,7.4,80523.06682379637,28.111601465905256,7968.990570226493,9503551024835.93,173913976.77898672,0,0.025453073065788662,1,0.16135157956997248,0.3040768539445583,726521.6715124696,0.2030544333119478,0,6451131.548349648,58136.39267688213,0
1,7.5,80393.50018781703,28.09863508276964,7968.9555453241055,10727347130276.252,184772654.3515322,0,0.02522036527144607,1,0.14324510551551917,0.30258407231632534,729856.1519647128,0.20492621103914246,0,6450994.862355016,58921.476450542505,0
1,7.6000000000000005,80263.942400584,28.085675208022614,7968.918758541995,12090795358139.713,196163845.1500657,0,0.024991889508278266,1,0.18834510713946917,0.30103065004884644,733174.5792793903,0.20679773643856117,0,6450858.089622028,59706.54129429806,0
1,7.7,80134.39354004525,28.072721839872447,7968.880210057008,13607727410098.986,208105870.2639078,0,0.02476753150613792,1,0.3071167623701921,0.2994220674281882,736477.155414886,0.20866900591217308,0,6450721.23023108,60491.587033323805,0
1,7.800000000000001,80004.85368409846,28.05977497652474,7968.839900049416,15293127018866.176,220617357.4691073,0,0.024547181072043005,1,0.41265314583876855,0.29776373239025655,739764.0777043072,0.21054001586368026,0,6450584.284262589,61276.61349283422,0
1,7.9,79875.32291057799,28.04683461618122,7968.797828702912,17163206325510.73,233717236.3314392,0,0.024330731909921355,1,0.23565008175711016,0.2960609311738675,743035.5390005844,0.21241076269872233,0,6450447.251796994,62061.62049808308,0
1,8,79745.80129726138,28.033900757040396,7968.753996204616,19235485828324.234,247424733.06069276,0,0.024118081449866196,1,0.1026719879478161,0.29431878900554537,746291.7278153162,0.21428124282479752,0,6450310.132914769,62846.60787436467,0
1,8.1,79616.28892187867,28.020973397298494,7968.708402745059,21528877967785.19,261759365.07396615,0,0.0239091306862958,1,0.08043956883878736,0.2925422396929415,749532.8284520634,0.21615145265114316,0,6450172.927696402,63631.57544701349,0
1,8.200000000000001,79486.785862091,28.008052535147435,7968.661048518208,24063774423851.77,276740935.33516365,0,0.023703784024427167,1,0.1553503950296122,0.29073600294100377,752759.0211352127,0.21802138858906223,0,6450035.636222412,64416.5230414046,0
1,8.3,79357.29219551012,27.995138168776705,7968.6119337214295,26862137175311.78,292389526.3924086,0,0.023501949134680785,1,0.26183712100963374,0.28890456835375206,755970.482132821,0.21989104705165413,0,6449898.25857334,65201.45048295397,0
1,8.4,79227.80799969006,27.982230296372595,7968.561058555506,29947593394174.883,308725494.2121756,0,0.023303536814437722,1,0.23937149145729394,0.2870521851431583,759167.3838754406,0.22176042445395217,0,6449760.79482976,65986.35759711888,0
1,8.5,79098.33335213177,27.969328916118744,7968.5084232246445,33345534210543.63,325769461.7135443,0,0.023108460856780737,1,0.24890563667607268,0.28518285660947945,762349.8950701009,0.2236295172128727,0,6449623.245072253,66771.24420939836,0
1,8.6,78968.86833026633,27.95643402619447,7968.454027936458,37083217413149.945,343542312.1078583,0,0.022916637925760708,1,0.26043123140337604,0.2833003385999396,765518.1808105012,0.2254983217474717,0,6449485.60938144,67556.11014533309,0
1,8.700000000000001,78839.41301147919,27.943545624777155,7968.397872901966,41189874111896.945,362065181.96527505,0,0.02272798743790301,1,0.21516649911247945,0.28140814120947233,768672.4026820866,0.22736683447860986,0,6449347.887837957,68340.95523050593,0
1,8.8,78709.96747309063,27.930663710040434,7968.339958335603,45696819404849.97,381359454.0531636,0,0.02254243144947244,1,0.18952026362821806,0.27950953307166443,771812.718864283,0.22923505182925238,0,6449210.080522465,69125.77929054231,0
1,8.9,78580.53179236595,27.91778828015515,7968.280284455202,50637567080744.17,401446749.95722955,0,0.022359894549275557,1,0.09789014882283673,0.2776075477139826,774939.2842282407,0.23110297022433393,0,6449072.187515653,69910.58215111046,0
1,9,78451.10604651738,27.904919333289637,7968.218851482009,56047948378263.36,422348922.4818021,0,0.02218030375663334,1,0.25753170685195054,0.2757049914695132,778052.2504312174,0.23297058609074972,0,6448934.208898225,70695.36363792153,0
1,9.1,78321.69031268544,27.89205686760786,7968.155659640666,61966234809180.12,444088047.8027364,0,0.022003588424218973,1,0.26886731067032715,0.2738044525463704,781151.7660080192,0.23483789585763756,0,6448796.144750914,71480.12357673008,0
1,9.200000000000001,78192.2846679641,27.87920088127197,7968.090709159224,68433265071169.58,466686417.44711685,0,0.02182968014557807,1,0.1326517551103234,0.2719083109259297,784237.976458124,0.2367048959560319,0,6448657.995154468,72264.86179333455,0
1,9.3,78062.88918937836,27.86635137244009,7968.02400026912,75492576033476.4,490166530.03507125,0,0.021658512666950368,1,0.20950687518750052,0.2700187487825009,787311.02433081,0.23857158281919993,0,6448519.760189673,73049.57811357708,0
1,9.4,77933.5039539095,27.853508339268842,7967.955533205199,83190537803359.4,514551082.844362,0,0.02149002180328398,1,0.19678058090970194,0.26813776123114985,790371.0493061636,0.24043795288229575,0,6448381.4399373215,73834.27236334415,0
1,9.5,77804.12903846428,27.840671779910387,7967.885308205702,91576492846199.14,539862963.1596692,0,0.02132414535808018,1,0.27129080951762125,0.26626716711997495,793418.188274545,0.24230400258281867,0,6448243.034478239,74618.94436856723,0
1,9.600000000000001,77674.76451990101,27.827841692514927,7967.813325512252,100702899148444.8,566125239.4527466,0,0.02116082304700754,1,0.29398658784239035,0.26440861978927177,796452.575411957,0.24416972836025091,0,6448104.543893263,75403.59395522214,0
1,9.700000000000001,77545.41047501005,27.81501807522892,7967.739585369876,110625477380034.08,593361152.3613014,0,0.020999996424953926,1,0.300701448516885,0.26256361766274305,799474.3422538808,0.24603512665635707,0,6447965.968263263,76188.22094932995,0
1,9.8,77416.06698052771,27.802200926196402,7967.66408802698,121403362029140.1,621594105.5113014,0,0.02084160881643349,1,0.33691691444429456,0.2607335145570988,802483.617765785,0.24790019391499588,0,6447827.307669121,76972.82517695765,0
1,9.9,77286.73411312792,27.789390243558266,7967.5868337353695,133099256446902.66,650847656.1500939,0,0.0206856052491031,1,0.32857637628325054,0.25891952965303433,805480.5284117644,0.24976492658225843,0,6447688.562191747,77757.40646421746,0
1,10,77157.41194942594,27.776586025452573,7967.507822750225,145779591775121.5,681145505.6744884,0,0.020531932390267963,1,0.28986329105472136,0.2571227570704846,808465.1982205658,0.25162932110642705,0,6447549.73191207,78541.96463726829,0
1,10.100000000000001,77028.1005659774,27.76378827001457,7967.427055330117,159514689612783.16,712511489.8704929,0,0.020380538486201413,1,0.2541237413166517,0.255344174998989,811437.7488495167,0.25349337393800636,0,6447410.816911039,79326.49952231492,0
1,10.200000000000001,76898.80003927555,27.750996975376385,7967.344531736995,174378928477706.75,744969569.1933488,0,0.020231373304137466,1,0.12779290799162787,0.2535846543876804,814398.2996463624,0.2553570815297769,0,6447271.817269624,80111.01094560907,0
1,10.3,76769.51044575498,27.738212139667468,7967.260252236189,190450913824260.5,778543818.7264372,0,0.020084388076809418,1,0.18004512864891806,0.2518449671533487,817346.9677089093,0.25722044033675756,0,6447132.733068815,80895.49873344938,0
1,10.4,76640.23186178599,27.72543376101404,7967.174217096405,207813651649753.44,813258418.1263988,0,0.019939535449387334,1,0.1475073297628472,0.25012579391450657,820283.8679429243,0.25908344681630086,0,6446993.564389627,81679.9627121817,0
1,10.5,76510.96436368488,27.712661837540132,7967.086426589725,226554725520977.78,849137641.4081786,0,0.019796769428721866,1,0.29289099155940596,0.24842773126419637,823209.1131177892,0.2609460974279601,0,6446854.311313091,82464.40270819956,0
1,10.600000000000001,76381.70802770182,27.69989636736645,7966.9968809916045,246766476892893.8,886205846.5608066,0,0.01965604533473702,1,0.22499039168837798,0.24675129857949119,826122.8139208567,0.2628083886336798,0,6446714.973920255,83248.81854794451,0
1,10.700000000000001,76252.46293002367,27.68713734861066,7966.905580580871,268546188664080.22,924487465.1330816,0,0.019517319753906148,1,0.11772987247982465,0.2450969443812977,829025.0790097283,0.2646703168977695,0,6446575.552292195,84033.21005790612,0
1,10.8,76123.22914678417,27.67438477938842,7966.812525639723,291996271761078.25,964006991.651214,0,0.01938055049469996,1,0.11219020857759818,0.24346505232486762,831916.0150626962,0.26653187868677175,0,6446436.04651,84817.57706462243,0
1,10.9,75994.00675404537,27.661638657811583,7966.717716453721,317224454667859.6,1004788972.9868057,0,0.019245696544872064,1,0.14028252971033833,0.24185594663901616,834795.7268282295,0.26839307046974503,0,6446296.456654779,85601.91939468023,0
1,11,75864.79582781438,27.648898981989916,7966.6211533118,344343975695918.56,1046857997.5912399,0,0.01911271803055992,1,0.18051574605337256,0.24026989724229636,837664.3171721271,0.2702538887180387,0,6446156.782807663,86386.23687471566,0
1,11.100000000000001,75735.59644403402,27.636165750030106,7966.522836506244,373473777864446.8,1090238684.662134,0,0.018981576177049903,1,0.22339896552623675,0.23870712447955933,840521.8871237559,0.27211432990543893,0,6446017.025049803,87170.52933141396,0
1,11.200000000000001,75606.40867858753,27.623438960036346,7966.422766332706,404738706222758.4,1134955673.2517645,0,0.018852233271167813,1,0.26370354715602295,0.23716780350243138,843368.53592057,0.27397439050811956,0,6445877.183462362,87954.79659150982,0
1,11.3,75477.23260728829,27.61071861010935,7966.320943090196,438269707432730.1,1181033611.3195927,0,0.018724652625188597,1,0.24031252534566644,0.2356520683151226,846204.3610515712,0.27583406700480406,0,6445737.258126533,88739.03848178852,0
1,11.4,75348.06830590125,27.598004698348415,7966.217367081083,474204031358532.5,1228497144.6530404,0,0.018598798542239087,1,0.1718076852980773,0.23416001549617976,849029.4582987466,0.2776933558764705,0,6445597.249123512,89523.25482908518,0
1,11.5,75218.91585011128,27.585297222848446,7966.112038611089,512685434583743.94,1277370905.832655,0,0.01847463628304146,1,0.06990181145963345,0.23269170763603542,851843.9217784131,0.2795522536068243,0,6445457.156534528,90307.44546028548,0
1,11.600000000000001,75089.77531555388,27.57259618170288,7966.00495798928,553864385538774.8,1327679503.0955272,0,0.01835213203404594,1,0.10753882770486257,0.23124717648292153,854647.8439799452,0.28141075668186866,0,6445316.980440822,91091.61020232606,0
1,11.700000000000001,74960.64677779842,27.55614975418508,7965.896125528081,652780689561795.5,1441369008.5860088,0,0.018098344840695835,1,0.20854521554209668,0.2298264258388158,860583.9342243096,0.2853490909376598,0,6445176.7209697,91875.74879118075,0
1,11.8,74831.53035709355,27.531166974975697,7965.78358750612,930668348259716.8,1721032226.0976565,0,0.017563422156659875,1,0.33606364037421704,0.22842964807672345,873553.8597460608,0.29403155514688517,0,6445036.378399606,92659.86066429921,0
1,11.9,74702.42632039543,27.50620291843862,7965.662887457541,1308072855941394.8,2040363272.1645114,0,0.01705925949914955,1,0.22125113702115226,0.22705750438747652,886327.9145009426,0.3027120745014983,0,6444895.953114097,93443.94505171971,0
1,12,74573.3350364808,27.48125760338342,7965.5340269234275,1814027748438677.3,2402777151.7076883,0,0.01658327912695007,1,0.15377076225084588,0.22571062435733272,898914.1833504089,0.3113905709953928,0,6444755.445496804,94228.00118373317,0
1,12.100000000000001,74444.2568738265,27.456331048505426,7965.39700751837,2484073865400774.5,2811731092.3669124,0,0.01613318349653017,1,0.08008156522607754,0.22438961183395778,911320.1853080421,0.3200669666809056,0,6444614.855931421,95012.02829088937,0
1,12.200000000000001,74315.19220060483,27.431423272385867,7965.251830930396,3361232560055281,3270700757.073752,0,0.015706918197768018,1,0.12487870445735373,0.2230950509019291,923552.9271136279,0.3287411836706982,0,6444474.184801703,95796.02560400292,0
1,12.3,74186.14138467703,27.406534293491784,7965.098498920931,4497024801638650.5,3783155320.05114,0,0.015302640621424248,1,0.16204399873149392,0.22182751203820353,935618.9504644431,0.3374131441397606,0,6444333.432491465,96579.99235416067,0
1,12.4,74057.10479359142,27.38166413017668,7964.937013324727,5952519277185778,4352531629.726336,0,0.014918693350257582,1,0.24874301770349333,0.2205875581639944,947524.3737973145,0.34608277032710005,0,6444192.599384579,97363.92777272739,0
1,12.5,73928.08279458713,27.35681280068232,7964.767376049811,7799389264784722,4982207701.430848,0,0.014553581463332263,1,0.25335528615368436,0.21937575055391267,959274.9293703542,0.35474998453705103,0,6444051.685864961,98147.83109135245,0
1,12.600000000000001,73799.0757545717,27.331980323135593,7964.589589077432,10120954944334448,5675475801.169411,0,0.014205953098095133,1,0.24042099257827357,0.2181926541680087,970875.9962775097,0.363414709142337,0,6443910.69231657,98931.70154197646,0
1,12.700000000000001,73670.08404012956,27.30716671555112,7964.403654461982,13013185072500054,6435515397.095255,0,0.013874582737549733,1,0.21586162183607965,0.21703884265696927,982332.6299234218,0.3720768665850608,0,6443769.619123419,99715.53835683786,0
1,12.8,73541.10801752657,27.28237199583321,7964.209574330955,16585629720731692,7265366268.28173,0,0.013558356786902924,1,0.1087079504941315,0.21591490266251945,993649.5884141197,0.3807363793779456,0,6443628.466669541,100499.34076847864,0
1,12.9,73412.14805267937,27.257596181771117,7964.007350884861,20962254207540180,8167902072.215129,0,0.013256261081874719,1,0.10728296210880618,0.21482143754595961,1004831.3562517083,0.38939317010794916,0,6443487.235339014,101283.10800975125,0
1,13,73283.20451118331,27.2328392910453,7963.796986397163,26282143528843924,9145804672.264715,0,0.012967370033650373,1,0.178028519681717,0.213759070548998,1015882.1656545482,0.3980471614359307,0,6443345.9255159395,102066.83931382532,0
1,13.100000000000001,73154.27775828261,27.208101341222932,7963.57848321422,32700046714744096,10201539537.651894,1,0.012690837165407727,1,0.18234499159990866,0.22896583823765465,1026806.0157964365,0.4066982761002014,0,6443204.537584449,102850.53391419377,0
2,13.200000000000001,73025.36815888621,27.183382349761878,7963.351843755204,36894785835325430,10836125529.188274,1,0.01242588683685461,1,0.18672523124561863,0.24516547629058652,1037606.6901997619,0.4153464369169958,0.20071286397934787,6443063.071928688,103634.19104467881,0
2,13.3,72896.4760775473,27.1586823340079,7963.117070512041,45861141102482584,12081308068.16745,1,0.012171806986188983,1,0.191174280038305,0.2624033624549392,1048287.7725007919,0.4239915667833905,0.20071286397934787,6442921.5288148,104417.80991812769,-0.0011909984943036253
2,13.4,72767.60176011827,27.134001290283443,7962.874166334669,56290897353405070,13384760868.797596,1,0.011927942527129646,1,0.19569771699829033,0.280726450431973,1058852.6706195625,0.43263359666955237,0.20071286397934787,6442779.908506542,105201.38974728249,-0.004788211697700221
2,13.5,72638.7454496799,27.10933921353076,7962.62313385863,68476179385173944,14762546922.556702,1,0.011693689968662484,1,0.20030158148596366,0.3001836007852096,1069304.619629976,0.4412724577606915,0.20071286397934787,6442638.211383309,105984.92976609552,-0.010840062619591934
2,13.600000000000001,72509.90750490315,27.08469612008019,7962.363975784356,82673719193289230,16220912001.196667,1,0.011468492636409882,1,0.20499229936578608,0.3208255543287704,1079646.68421251,0.4499080735270063,0.20071286397934787,6442496.437824495,106768.4292088728,-0.01939494912198211
2,13.700000000000001,72381.0882840883,27.060072026155666,7962.096694884415,99140529841163230,17763034051.325542,1,0.01125183602801065,1,0.20977661449489582,0.34270501540138293,1089881.7792476064,0.4585403675262502,0.20071286397934787,6442354.588209499,107551.88731027894,-0.030501243351298345
2,13.8,72252.28814517055,27.03546694787675,7961.821294003442,118142510898190820,19390750971.478603,1,0.01104324389382763,1,0.2146615235785225,0.36587673794703063,1100012.6797412357,0.46716926340486636,0.20071286397934787,6442212.662917722,108335.30330534515,-0.04420729117099229
2,13.9,72123.50744572468,27.010880901260393,7961.53777605804,139956337914805230,21105119506.373196,1,0.010842274746769147,1,0.2196542201041703,0.390397614400545,1110042.0299230784,0.47579468489917937,0.20071286397934787,6442070.662328556,109118.67642947444,-0.060561411594882625
2,14,71994.7465429455,26.986313902218363,7961.246144036706,164868984063112860,22906620005.051434,1,0.010648518747359163,1,0.22476203990890753,0.41632676737633745,1119972.3516018917,0.48441655583821536,0.20071286397934787,6441928.586821386,109902.00591844808,-0.07961189622128086
2,14.100000000000001,71866.00579365529,26.96176596655953,7960.946400999743,193176167918363650,24795239288.639034,1,0.010461594917888456,1,0.22999240883016447,0.44372564415837057,1129806.0518471247,0.4930348001446975,0.20071286397934787,6441786.436775583,110685.291008432,-0.10140700866791803
2,14.200000000000001,71737.28555429261,26.937237109988803,7960.638550079176,225180205834229400,26770509475.949493,1,0.010281148645725309,1,0.23535279726387817,0.472658113989364,1139545.430065197,0.5016493418372925,0.20071286397934787,6441644.212570493,111468.53093598367,-0.12599498400770226
2,14.3,71608.5861809086,26.912727348107413,7960.322594478663,261187481904238700,28831531332.65982,1,0.010106849441399878,1,0.24085067191641277,0.5031905681571327,1149192.6845259273,0.5102601050323542,0.20071286397934787,6441501.914585455,112251.72493805752,-0.15342402820525353
2,14.4,71479.90802918095,26.888236696416346,7959.998537473398,301505654797883000,30976993273.64824,1,0.00993838892165156,0,0.2464934601710829,0.5353920228758539,1158749.9183895753,0.5188670139444683,0.20071286397934787,6441359.543199772,113034.87225201144,-0.18374231755431253
2,14.5,71351.25145438127,26.863765170311442,7959.666382410041,346440687673347700,33205190528.977837,1,0.009775478991456315,0,0.2522885113215605,0.5693342249599567,1168219.1452850306,0.527469992890131,0.20071286397934787,6441217.098792716,113817.97211561364,-0.2169979981160215
2,14.600000000000001,71222.61681139097,26.839312785087127,7959.326132706595,396293777001943900,35514046326.19321,1,0.009617850202617295,0,0.25824306203740266,0.6050917602882322,1177602.294472689,0.5360689662881584,0.20071286397934787,6441074.581743531,114601.02376704809,-0.2532391851580163
2,14.700000000000001,71094.00445469376,26.814879555936038,7958.977791852334,451358252131781200,37901135729.605995,1,0.009465250269147603,0,0.26436420674955413,0.6427421650556601,1186901.2156340408,0.5446638586616668,0.20071286397934787,6440931.992431421,115384.02644492126,-0.29251396259446194
2,14.8,70965.41473837197,26.790465497949246,7958.621363407692,511916515322689400,40363712205.12136,1,0.009317442722276229,0,0.27065887098117464,0.6823660398103438,1196117.683318617,0.5532545946397893,0.20071286397934787,6440789.331235546,116166.97938826836,-0.33487038242696543
2,14.9,70836.84801609442,26.766070626115038,7958.256851004181,578237088519537700,42898736654.18654,1,0.009174205689980603,0,0.27713378492233953,0.7240471662728565,1205253.4010786428,0.5618410989599606,0.20071286397934787,6440646.598535022,116949.88183655952,-0.3803564641863982
2,15,70708.30464112852,26.74169495532196,7957.884258344272,650571828396927000,45502908490.9885,1,0.009035330787834072,0,0.2837954690283098,0.7678726269351881,1214310.0053154768,0.5704232964685593,0.20071286397934787,6440503.794708913,117732.73302970598,-0.4290201943756512
2,15.100000000000001,70579.7849663198,26.7173385003561,7957.503589201306,729153365520851000,48172698269.54401,1,0.008900622109442103,0,0.29065020933103597,0.8139329274363967,1223289.068865874,0.5790011121237468,0.20071286397934787,6440360.920136228,118515.53220806581,-0.48090952591330993
2,15.200000000000001,70451.28934409935,26.693001275903296,7957.114847419395,814192815246253400,50904381305.47141,1,0.008769895306249626,0,0.2977040493964938,0.862322121711957,1232192.1043452213,0.587574470996418,0.20071286397934787,6440217.975195923,119298.27861245141,-0.536072377578373
2,15.3,70322.81812647916,26.668683296549236,7956.718036913306,905877800517877000,53694071775.892265,1,0.008642976747584501,0,0.3049627730543248,0.9131379399137103,1241020.5672701378,0.5961432982719618,0.20071286397934787,6440074.960266886,120080.97148413418,-0.5945566334558022
2,15.4,70194.37166504562,26.644384576779146,7956.313161668356,1004370817346731300,56537756790.59647,1,0.008519702752901568,0,0.31243190184491393,0.9664819190972112,1249775.8589773786,0.604707519252142,0.20071286397934787,6439931.875727941,120863.61006485166,-0.6564101423831934
2,15.5,70065.95031095203,26.620105130977397,7955.900225740314,1109807964340168400,59431329966.89941,1,0.008399918889089837,0,0.3201166845342278,1.0224595366731761,1258459.329354958,0.6132670593570385,0.20071286397934787,6439788.721957845,121646.19359681335,-0.7216807173983688
2,15.600000000000001,69937.55441492889,26.595844973430214,7955.479233255287,1222298049038380300,62370624108.76663,1,0.008283479326516354,0,0.32802209925345405,1.0811803466196364,1267072.279398788,0.6218218441257934,0.20071286397934787,6439645.499335271,122428.72132270716,-0.7904161351880375
2,15.700000000000001,69809.1843272578,26.571604118321908,7955.050188409604,1341922074313771000,65351442627.51419,1,0.008170246248110493,0,0.3361528439128596,1.1427581184512985,1275615.9636117953,0.63037179921979,0.20071286397934787,6439502.208238825,123211.19248570519,-0.8626641355374203
2,15.8,69680.840397791,26.54738257973922,7954.613095469706,1468733100044427000,68369589407.37455,1,0.008060089306530223,0,0.3445133484571665,1.2073109789425243,1284091.592251928,0.6389168504227634,0.20071286397934787,6439358.849047021,123993.6063294702,-0.9384724207809968
2,15.9,69552.52297593188,26.52318037166881,7954.167958772047,1602756467600475100,71420896872.37857,1,0.007952885124837113,0,0.35310776939330946,1.2749615566002312,1292500.3334458915,0.6474569236435367,0.20071286397934787,6439215.4221382905,124775.96209816138,-1.0178886552542274
2,16,69424.2324106386,26.49899750799868,7953.714782722955,1743990367336254200,74501252050.36195,1,0.007848516836715348,0,0.36193999726828313,1.3458371288829336,1300843.3151743596,0.6559919449171818,0.20071286397934787,6439071.927890973,125558.25903644043,-1.1009604647463873
2,16.1,69295.96905041672,26.474834002517767,7953.253571798517,1892406723805111800,77606620488.59012,1,0.0077468736626017404,0,0.3710136610960361,1.4200697721620341,1309121.6271402263,0.6645218404069287,0.20071286397934787,6438928.366683319,126340.49638947847,-1.187735435954577
2,16.2,69167.7332433248,26.450689868917834,7952.784330544485,2047952368811409700,80733067923.43723,1,0.0076478505185149925,0,0.3803321412617847,1.4977965144213812,1317336.32252668,0.6730465364051967,0.20071286397934787,6438784.738893473,127122.67340296111,-1.27826111593865
2,16.3,69039.52533695474,26.426565120790826,7952.307063576128,2210550467220865800,83876779617.60017,1,0.007551347654650161,0,0.38989856810189827,1.5791594906910165,1325488.4196553286,0.681565959336306,0.20071286397934787,6438641.044899482,127904.78932309496,-1.3725850115773723
2,16.400000000000002,68911.34567844588,26.40245977163222,7951.821775578126,2380102159060667400,87034077344.74826,1,0.0074572703211715765,0,0.3997158416635651,1.6643061012109348,1333578.903547592,0.6900800357569312,0.20071286397934787,6438497.2850792855,128686.84339661371,-1.4707545890257165
2,16.5,68783.19461446442,26.378373834838268,7951.328471304447,2556488378878999600,90201434015.45795,1,0.007365528458797673,0,0.40978663345975863,1.7533891723205803,1341608.7274003346,0.6985886923588689,0.20071286397934787,6438353.459810712,129468.83487078421,-1.57281727317326
2,16.6,68655.07249121554,26.354307323708955,7950.827155578209,2739571812433620000,93375485965.44687,1,0.0072760364121046035,0,0.42011340230650124,1.8465671200697131,1349578.8139773135,0.7070918559696034,0.20071286397934787,6438209.569471476,130250.76299341249,-1.678820447103749
2,16.7,68526.97965442762,26.330260251446067,7950.317833291566,2929198951304285700,96553042959.5075,1,0.007188712663585249,0,0.4306984040587887,1.944004116546182,1357490.056925924,0.7155894535547495,0.20071286397934787,6438065.614439167,131032.62701284952,-1.7888114515558187
2,16.8,68398.9164493503,26.306232631153716,7949.80050940557,3125202206276800000,99731095973.8835,1,0.007103479586759061,0,0.4415436976557334,2.0458702589160382,1365343.3220215528,0.7240814122195464,0.20071286397934787,6437921.595091262,131814.42617799758,-1.9028375843849274
2,16.900000000000002,68270.88322076015,26.282224475840156,7949.275188950054,3327402043079067000,102906822856.52513,1,0.0070202632167551664,0,0.45265115766274805,2.1523417411713384,1373139.4483447007,0.7325676592098536,0.20071286397934787,6437777.511805109,132596.15973831635,-2.0209461000265083
2,17,68142.880312955,26.25823579841764,7948.741877023496,3535609105573496300,106077591966.08183,1,0.006938993036931118,0,0.4640224910685134,2.2636010285808825,1380879.2493963558,0.7410481219138836,0.20071286397934787,6437633.364957919,133377.8269438283,-2.1431842089602093
2,17.1,68014.90806973353,26.23426661169966,7948.200578792886,3749626294508250000,109240963906.95113,1,0.006859601780232424,0,0.4756592420705188,2.379837034839042,1388563.5141558321,0.749522727864931,0.20071286397934787,6437489.154926775,134159.4270451251,-2.269599077175512
2,17.2,67886.96683441289,26.210316928404843,7947.6512994935865,3969250773455134000,112394691492.56683,1,0.006782025244150107,0,0.4875628040018755,2.5012453019077387,1396193.0080814506,0.7579914047415356,0.20071286397934787,6437344.882088623,134940.9592933739,-2.4002378256385244
2,17.3,67759.05694982223,26.18638676115666,7947.094044429204,4194275877683819000,115536718084.77925,1,0.006706202118166042,0,0.4997344278907053,2.628028182546535,1403768.4740614144,0.7664540803692625,0.20071286397934787,6437200.546820261,135722.42294032255,-2.5351475297599815
2,17.400000000000002,67631.17875828315,26.162476122480825,7946.528818971452,4424492904760222000,118665174451.88837,1,0.006632073822720151,0,0.5121752348509686,2.7603950255257095,1411290.6333173183,0.7749106827233524,0.20071286397934787,6437056.149498346,136503.81723830587,-2.674375218864548
2,17.5,67503.3326016264,26.13858502480901,7945.955628560008,4659692769880094000,121778374297.57811,1,0.006559584358839486,0,0.5248862282038643,2.8985623635170983,1418760.1862601917,0.7833611399289259,0.20071286397934787,6436911.690499379,137285.1414402517,-2.8179678756614375
2,17.6,67375.51882117148,26.114713480476134,7945.374478702382,4899667513181234000,124874808619.70578,1,0.006488680167574218,0,0.5378682909546197,3.0427541036573773,1426177.813306364,0.7918053802636873,0.20071286397934787,6436767.170199715,138066.39479968682,-2.9659724357162927
2,17.7,67247.73775773775,26.09086150172304,7944.785374973761,5144211650845183000,127953139067.11316,1,0.006419309998539415,0,0.5511222064143263,3.193201720778384,1433544.1756514409,0.8002433321584912,0.20071286397934787,6436622.588975546,138847.57657074236,-3.118435786924247
2,17.8,67119.98975163233,26.067029100695258,7944.188323016884,5393123362067896000,131012190418.09341,1,0.006351424786852874,0,0.5646486665889724,3.3501444532989737,1440859.916008136,0.8086749241994691,0.20071286397934787,6436477.947202899,139628.68600816026,-3.2754047689845947
2,17.900000000000002,66992.27514264267,26.04321628944251,7943.5833285418885,5646205513993014000,134050942385.3013,1,0.006284977537864358,0,0.5784482680018252,3.513829501772813,1448125.6593084247,0.817100085129836,0.20071286397934787,6436333.245257641,140409.72236729908,-3.4369261728764844
2,18,66864.5942700468,26.019423079921182,7942.970397326156,5903266521055274000,137068520836.19388,1,0.0062199232191133035,0,0.592521531368014,3.684512230086433,1455342.0133713193,0.8255187438505028,0.20071286397934787,6436188.48351547,141190.6849041392,-3.603046740336099
2,18.1,66736.94747260213,25.995649483993294,7942.349535214181,6164121046706339000,140064188621.46924,1,0.006156218658972343,0,0.6068689014037107,3.8624563693017473,1462509.569540524,0.833930829422124,0.20071286397934787,6436043.662351904,141971.5728752896,-3.7738131633352565
2,18.2,66609.33508853521,25.97189551342547,7941.720748117419,6428590551933757000,143037336121.44666,1,0.006093822451509674,0,0.6214907564874549,4.047934224137183,1469628.9032923772,0.8423362710670694,0.20071286397934787,6435898.782142287,142752.38553799302,-3.9492720835612265
2,18.3,66481.75745554734,25.948161179890686,7941.084042014127,6696503698243479000,145987471629.10806,1,0.006032694867136703,0,0.636387414097819,4.241226882081452,1476700.5748148947,0.8507349981703313,0.20071286397934787,6435753.843261782,143533.12215013182,-4.129470091897973
2,18.400000000000002,66354.2149108136,25.924446494968834,7940.439422949217,6967696616625360000,148914211703.5663,1,0.005972797768624255,0,0.6515591347429402,4.442624425133909,1483725.129560799,0.8591269402808649,0.20071286397934787,6435608.846085368,144313.78197023444,-4.314453727908984
2,18.5,66226.70779097266,25.900751470145824,7939.7868970341115,7242013053541704000,151817271596.3746,1,0.005914094532113497,0,0.6670061264076145,4.652426144165369,1490703.0987761302,0.8675120271135435,0.20071286397934787,6435463.790987832,145094.36425747993,-4.504269479321093
2,18.6,66099.23643212486,25.87707611681398,7939.12647044658,7519304404219762000,154696455825.71185,1,0.005856549972786324,0,0.682728552301644,4.870940755893126,1497635.0000047607,0.8758901885505431,0.20071286397934787,6435318.678343772,145874.86827170508,-4.698963781510227
2,18.7,65971.80116983317,25.85342044627292,7938.458149430579,7799429647747630000,157551649002.1965,1,0.005800130274875188,0,0.698726538735714,5.098486622463877,1504521.337570429,0.8842613546425381,0.20071286397934787,6435173.508527582,146655.29327340916,-4.89858301698813
2,18.8,65844.40233910736,25.829784469727723,7937.781940296113,8082255196225890000,160382806971.2021,1,0.00574480292571131,0,0.7150001688268798,5.335391973638122,1511362.6030386111,0.8926254556110116,0.20071286397934787,6435028.281913465,147435.63852376002,-5.103173514890815
2,18.900000000000002,65717.04027442075,25.806168198292422,7937.097849419055,8367654669663236000,163189948321.27112,1,0.00569053665356276,0,0.7315494932137633,5.58199513156954,1518159.2756565034,0.9009824218483735,0.20071286397934787,6434882.998875412,148215.90328460006,-5.312781550468451
2,19,65589.71530969348,25.782571642987975,7936.405883241006,8655508610240184000,165973146320.08734,1,0.005637301368983431,0,0.7483745335248675,5.838644738172771,1524911.8227759765,0.9093321839203217,0.20071286397934787,6434737.659787211,148996.08681845164,-5.527453344576564
2,19.1,65462.42777828686,25.758994814742007,7935.706048269112,8945704148077252000,168732521317.98444,1,0.005585068109461862,0,0.7654752861877874,6.105699985072887,1531620.7002578757,0.9176746725674402,0.20071286397934787,6434592.265022429,149776.18838852277,-5.747235063168843
2,19.200000000000003,65335.17801300436,25.735437724389786,7934.998351075927,9238134627970950000,171468233630.2259,1,0.005533808987153449,0,0.7828517205828306,6.3835308461298315,1538286.3528589394,0.9260098187063647,0.20071286397934787,6434446.814954424,150556.20725871265,-5.972172816791342
2,19.3,65207.96634609345,25.7119003826752,7934.2827982992285,9532699208979624000,174180476931.55576,1,0.005483497139495349,0,0.8005037847312279,6.672518312530943,1544909.2146024555,0.9343375534308697,0.20071286397934787,6434301.309956337,151336.1426936178,-6.2023126600783804
2,19.400000000000002,65080.79310924187,25.688382800250867,7933.559396641862,9829302446120833000,176869472170.6524,1,0.005434106682517735,0,0.8184314070296872,6.973054630444625,1551489.7091338865,0.9426578080133292,0.20071286397934787,6434155.750401082,152115.99395853718,-6.437700591249741
2,19.5,64953.65863356367,25.664884987676533,7932.82815287157,10127853863445916000,179535462013.2569,1,0.005385612666679468,0,0.8366345022105504,7.285543541228154,1558028.2500624477,0.9509705139068496,0.20071286397934787,6434010.136661345,152895.7603194782,-6.678382551609508
2,19.6,64826.563249603845,25.641406955420607,7932.089073820834,10428267522891290000,182178705781.32043,1,0.005337991035081051,0,0.8551129697219888,7.610400524182485,1564525.241287791,0.9592756027461544,0.20071286397934787,6433864.469109579,153675.44104316205,-6.924404425046396
2,19.700000000000003,64699.50728733465,25.617948713860184,7931.342166386696,10730461601341366000,184799474930.54797,1,0.005291218583897088,0,0.8738666943036956,7.948053041846878,1570981.0773139508,0.9675730063490237,0.20071286397934787,6433718.748118007,154455.0353970293,-7.1758120375356995
2,19.8,64572.4910761537,25.594510273281465,7930.587437530579,11034357974594738000,187398048989.32153,1,0.005245272924895562,0,0.8928955539142979,8.298940787826046,1577396.143550639,0.9758626567175903,0.20071286397934787,6433572.974058604,155234.542649246,-7.432651156642841
2,19.900000000000002,64445.51494486909,25.571091643878038,7929.824894278139,11339881819158491000,189974711994.9188,1,0.005200132449911412,0,0.9121994063580019,8.663515937142458,1583770.8166033232,0.9841444860405184,0.20071286397934787,6433427.147303118,156013.96206870844,-7.694967491028234
2,20,64318.579221725464,25.547692835755843,7929.054543719075,11646961231521315000,192529749367.74686,1,0.005155776297175256,0,0.9317781135518354,9.042243399106342,1590105.4645496984,0.9924184266924239,0.20071286397934787,6433281.268223036,156793.29292504938,-7.962806689954155
2,20.1,64191.684234362096,25.524313858926977,7928.276393006957,11955526869546050000,195063445213.0233,1,0.005112184319348115,0,0.9516315242292419,9.435601072695853,1596400.447209,1.0006844112378301,0.20071286397934787,6433135.337189604,157572.53448864297,-8.236214342792701
2,20.200000000000003,64064.83030983899,25.50095472331464,7927.490449359048,12265511617766740000,197576080019.00797,1,0.005069337053207691,0,0.9717594825370915,9.844080104439762,1602656.116397337,1.0089423724305808,0.20071286397934787,6432989.3545738105,158351.6860306109,-8.515235978535921
2,20.3,63938.01777462475,25.47761543875193,7926.696720056148,12576850278956400000,200067928730.07828,1,0.005027215690852552,0,0.9921618270558349,10.268185148795,1608872.8161752515,1.0171922432157945,0.20071286397934787,6432843.320746386,159130.74682282726,-8.799917065307081
2,20.400000000000002,63811.246954585426,25.454296014980546,7925.895212442373,12889479291338530000,202539259152.87616,1,0.004985802052348953,0,1.0128383907100542,10.708434631011208,1615050.8830857982,1.0254339567317399,0.20071286397934787,6432697.236077808,159909.71613792476,-9.090303009873931
2,20.5,63684.51817499846,25.430996461653898,7925.085933925023,13203336472648292000,204990330673.18384,1,0.004945078559744412,0,1.0337890075200993,11.165361012474484,1621190.6463823917,1.033667446310042,0.20071286397934787,6432551.100938277,160688.59324929927,-9.386439157163238
2,20.6,63557.83176053036,25.407716788334028,7924.268891974365,13518360791376894000,207421393257.6178,1,0.004905028212349711,0,1.0550135048324567,11.639511058522322,1627292.4282499796,1.0418926454782895,0.20071286397934787,6432404.915697732,161467.37743111583,-9.68837078977731
2,20.700000000000003,63431.18803524785,25.384457004494184,7923.444094123477,13834492163690177000,209832686703.5594,1,0.004865634563239282,0,1.0765117121800876,12.13144610872173,1633356.5440163205,1.050109487960407,0.20071286397934787,6432258.68072584,162246.06795831444,-9.996143127512251
2,20.8,63304.5873226095,25.36121711951804,7922.611547968042,14151671275715465000,212224440113.8629,1,0.00482688169688432,0,1.0982834552279275,12.641742349602406,1639383.3023564694,1.0583179076783173,0.20071286397934787,6432112.39639199,163024.6641066144,-10.309801326877253
2,20.900000000000002,63178.02994546294,25.33799714269997,7921.77126116618,14469839430357778000,214596871571.6774,1,0.0047887542078629925,0,1.1203285637640963,13.17099108983677,1645373.0054895428,1.066517838753232,0.20071286397934787,6431966.0630652895,163803.16515252079,-10.629390480616472
2,21,63051.516226037405,25.31479708324447,7920.923241438257,14788938416597830000,216950187984.57324,1,0.004751237180584662,0,1.1426468635212075,13.719799037858566,1651325.9493685872,1.0747092155072342,0.20071286397934787,6431819.6811145665,164581.57037332922,-10.954955617231894
2,21.1,62925.04648595117,25.291616950268054,7920.0674965667,15108910400876431000,219284585082.27203,1,0.004714316169977909,0,1.1652381773631308,14.2887885819117,1657242.4238628773,1.0828919724638726,0.20071286397934787,6431673.250908365,165359.87904713128,-11.286541700508259
2,21.200000000000003,62798.62104620412,25.268456752798613,7919.204034395796,15429697836615258000,221600247528.46188,1,0.004677977183080826,0,1.188102332039333,14.878598072520845,1663122.7129344568,1.0910660443497264,0.20071286397934787,6431526.77281493,166138.09045282003,-11.624193629039622
2,21.3,62672.240227168426,25.24531649977467,7918.332862831526,15751243394770827000,223897349159.43243,1,0.004642206661488428,0,1.2112391573113703,15.4898821073753,1668967.0948085627,1.0992313660961035,0.20071286397934787,6431380.247202223,166916.20387009534,-11.967956235757692
2,21.400000000000002,62545.90434859414,25.22219620004683,7917.45398984135,16073489909212785000,226176053297.41113,1,0.004606991464615636,0,1.2346484866542327,16.12331181861753,1674775.842137285,1.1073878728397197,0.20071286397934787,6431233.674437894,167694.2185794689,-12.317874287461706
2,21.5,62419.613729593344,25.199095862375952,7916.567423454041,16396380336629287000,228436513132.05136,1,0.004572318853722062,0,1.2583301429433107,16.77957516252769,1680549.2221586294,1.115535499924815,0.20071286397934787,6431087.054889306,168472.1338622697,-12.673992484350276
2,21.6,62293.36868866533,25.176015495437742,7915.673171759459,16719857730971050000,230678872166.29843,1,0.004538176476675189,0,1.2822839644304649,17.45937721159538,1686287.4968480084,1.1236741829025167,0.20071286397934787,6430940.388923511,169249.9490006495,-13.036355459555113
2,21.700000000000003,62167.16954365652,25.152955107817043,7914.771242908395,17043865229393727000,232903264702.41653,1,0.004504552353384382,0,1.3065097834815405,18.163440448969837,1691990.9230678002,1.131803857534549,0.20071286397934787,6430793.676907248,170027.66327758777,-13.405007778676094
2,21.8,62041.016611783765,25.129914708012116,7913.861645112342,17368346048810375000,235109816360.45203,1,0.00447143486190502,0,1.3310074391133497,18.892505065279583,1697659.7527086586,1.1399244597927078,0.20071286397934787,6430646.91920695,170805.27597689707,-13.779993939318457
2,21.900000000000002,61914.910209622234,25.106894304433403,7912.944386643324,17693243489685813000,237298644605.40637,1,0.004438812725151737,0,1.3557767680979385,19.647329257812633,1703294.2328278052,1.148035925860692,0.20071286397934787,6430500.116188733,171582.78638322814,-14.161358370631701
2,22,61788.85065310355,25.08389390540376,7912.019475833675,18018500949630476000,239469859300.52945,1,0.004406674998201399,0,1.3808176121113425,20.42868953204816,1708894.6057821554,1.1561381921352356,0.20071286397934787,6430353.2682183925,172360.1937820753,-14.549145432850262
2,22.1,61662.8382575158,25.06091351915915,7911.086921075864,18344061942680855000,241623563258.96747,1,0.004375011056153423,0,1.4061298206259438,21.237381005530494,1714461.1093569433,1.1642311952271192,0.20071286397934787,6430206.375661399,173137.4974597813,-14.943399416835947
2,22.200000000000003,61536.87333748955,25.03795315384703,7910.146730822282,18669870121527890000,243759852776.94476,1,0.004343810582515196,0,1.431713236439965,22.074217714076205,1719993.9768907463,1.172314871963091,0.20071286397934787,6430059.4388829,173914.69670354298,-15.344164543622393
2,22.3,61410.956207011826,25.015012817529094,7909.198913585035,18995869308271825000,245878818186.62506,1,0.004313063558096453,0,1.4575677050031026,22.940032920305097,1725493.4373950525,1.1803891593859293,0.20071286397934787,6429912.4582477175,174691.7908014158,-15.75148496396103
2,22.400000000000002,61285.08717941679,24.992092518180517,7908.243477935761,19322003524050215000,247980544366.4124,1,0.004282760250374551,0,1.4836930816263163,23.83567942448562,1730959.7156710622,1.1884539947560446,0.20071286397934787,6429765.434120332,175468.77904231945,-16.165404757869254
2,22.5,61159.26656737365,24.969192263688523,7907.280432505402,19648217023837210000,250065111252.13245,1,0.004252891203312326,0,1.5100892170463251,24.762029877685407,1736393.0324228143,1.1965093155532522,0.20071286397934787,6429618.366864893,176245.66071604256,-16.58596793418008
2,22.6,61033.49468289781,24.946312061854854,7906.309785984025,19974454331249005000,252132594317.2404,1,0.004223447227612292,0,1.5367559740007108,25.71997709721729,1741793.6043655854,1.2045550594770011,0.20071286397934787,6429471.256845202,177022.43511324844,-17.01321843009421
2,22.700000000000003,60907.77183733415,24.933873877276636,7905.331547120606,25996906895373308000,287642046470.53326,1,0.00383015819346868,0,1.5636932080725217,26.710434384371375,1828355.5628438182,1.327912748524087,0.20071286397934787,6429324.1069971565,177799.09650015435,-17.447521244469318
3,22.8,60782.10077389609,24.924865619090724,7904.2374000244035,34016935654946963000,329032748150.1188,1,0.0034057704587691887,0,1.5909007848600465,27.735566446638337,1938121.443001401,1.492968522910634,0.20071286397934787,6429176.92375975,178575.6323013822,-17.88967842061235
3,22.900000000000002,60656.487544772215,24.91537501745902,7902.988172709917,43130520276729240000,370496303267.1996,1,0.003066188187772304,0,1.618378569494513,28.79813316637953,2041659.6212921795,1.6577915896938533,0.20071286397934787,6429029.714498281,179352.02813530123,-18.340607074447476
3,23,60530.93907154165,24.90540336998373,7901.584078575792,52411199925380920000,408416784638.3752,1,0.0027883144870522333,0,1.646126429031602,29.901080903572428,2139835.3916129237,1.8223536058604168,0.20071286397934787,6428882.486568209,180128.26964236613,-18.801222468899855
3,23.1,60405.46225949563,24.894952055502923,7900.025357651014,61717986552537400000,443197605448.91003,1,0.0025567416943877434,0,1.6741442333840364,31.047550850834124,2233319.077510794,1.986626347948701,0.20071286397934787,6428735.247313641,180904.34248745145,-19.272437805396464
3,23.200000000000003,60280.06399620511,24.88402253352895,7898.312276483063,70948049906795010000,475183948513.51373,1,0.0023607974334533995,0,1.7024318611104954,32.24088837686972,2322642.058991768,2.1505817247108467,0.20071286397934787,6428588.004065816,181680.23236217408,-19.75516401644231
3,23.3,60154.751150088385,24.87261634365106,7896.445128014191,80038616798857870000,504709312286.39606,1,0.002192855273070355,0,1.7309891842021026,33.48465335067978,2408233.6892538937,2.3141917896715585,0.20071286397934787,6428440.764141625,182455.92498720472,-20.250309559379524
3,23.400000000000002,60029.530569018796,24.860735104904332,7894.424231445878,88954871681591570000,532079343905.27673,1,0.0020473204392433895,0,1.7598160812847796,34.782631437919335,2490446.509359234,2.4774287535211297,0.20071286397934787,6428293.5348421,183231.40611456684,-20.75878021143599
3,23.5,59904.409078896046,24.84838051510215,7892.249932091654,97680109976047960000,557563840035.7263,1,0.001919995524398304,0,1.7889124361872357,36.138846359870385,2569573.9971938767,2.640264996433615,0.20071286397934787,6428146.323450945,184006.66152992178,-21.281478866167806
3,23.6,59779.39348227065,24.835554350136647,7889.922601218365,106208768354561820000,581395568038.8771,1,0.0018076698641544184,0,1.8182781342465653,37.557573104573024,2645863.3858728497,2.8026730801832986,0.20071286397934787,6427999.137233056,184781.6770548401,-21.819305331400205
3,23.700000000000003,59654.49055694509,24.82225846324417,7887.442635876041,114541770375805160000,603772705572.9464,1,0.0017078456730739348,0,1.847913061178582,39.0433520787567,2719525.1283356887,2.964625760150498,0.20071286397934787,6427851.983433063,185556.4385490561,-22.37315612876721
3,23.8,59529.70705461595,24.80849478423932,7884.810458716474,122683541155188440000,624862816543.8281,1,0.001618550594802184,0,1.8778171059756683,40.60100418832542,2790740.0215436458,3.126095997123443,0.20071286397934787,6427704.869273876,186330.93191270772,-22.94392429495359
3,23.900000000000002,59405.04969951138,24.794265318715993,7882.026517800741,130640158483190270000,644807202401.2388,1,0.0015382064444776967,0,1.9079901593295878,42.235646834278924,2859664.660638713,3.287056968947336,0.20071286397934787,6427557.801955246,187105.14308855726,-23.532499184735332
3,24,59280.52518704068,24.779572147217053,7879.091286395771,138418248144685060000,663725043654.9607,1,0.0014655354262064198,0,1.9384321165089098,43.95271081009787,2926435.6776914005,3.4474820819900622,0.20071286397934787,6427410.788652336,187879.05806419576,-24.139766275918593
3,24.1,59156.140182465315,24.76441742437317,7876.005262760115,146024351996396670000,681717078837.8147,1,0.001399491909946944,0,1.9691428759020706,45.75795808578596,2991173.0802926053,3.60734498240397,0.20071286397934787,6427263.8365143025,188652.66287422698,-24.766606976271095
3,24.200000000000003,59031.90131957829,24.748803378011516,7872.768969919183,153464588601121670000,698868748238.5918,1,0.0013392119939815792,0,2.0001223361736358,47.65750046294578,3053982.9129668125,3.7666195671928584,0.20071286397934787,6427116.9526628945,189425.94360243177,-25.413898432540613
3,24.3,58907.81519939937,24.732732308234844,7869.38295543004,160744490321849420000,715252819617.0338,1,0.0012839756687954723,0,2.0313703941584706,49.657819084470354,3114959.401913172,3.925279995066536,0.20071286397934787,6426970.144191075,190198.8863839113,-26.08251334165194
3,24.400000000000002,58783.88838889543,24.716206586472392,7865.84779113604,167868943828342730000,730931552231.0405,1,0.0012331780561151337,0,2.062886959235559,51.765784781659036,3174186.7004767563,4.083300697063342,0.20071286397934787,6426823.418161632,190971.47740720958,-26.77331976417391
3,24.5,58660.12741969619,24.699228654501855,7862.164072911457,174842188977901500000,745958467540.8241,1,0.0011863072812086878,0,2.0946719368260807,53.98867924081497,3231740.322494152,4.240656386972231,0.20071286397934787,6426676.781605831,191743.7029164122,-27.487180940141684
3,24.6,58536.53878684528,24.681801023444958,7858.332420396335,181667848823363000000,760379793571.3617,1,0.0011429272596955853,0,2.1267252333603395,56.33421697065508,3287688.329008569,4.397322071495216,0.20071286397934787,6426530.2415220775,192515.5492132228,-28.224955107322575
3,24.700000000000003,58413.12894756533,24.66392627273652,7854.353476721786,188348974642670530000,774235642807.6632,1,0.001102664170895876,0,2.1590467639342323,58.81056805115942,3342092.3182277447,4.55327306017147,0.20071286397934787,6426383.804874576,193287.00265901422,-28.987495322006623
3,24.8,58289.90432002582,24.645607049067326,7850.227908225978,194888096687849960000,787560974440.1066,1,0.0010651957283273855,0,2.1916364370897665,61.426381643809336,3395008.257099314,4.708484975071253,0.20071286397934787,6426237.478592041,194058.0496768564,-29.77564928240579
3,24.900000000000002,58166.87128215376,24.62684606530314,7845.956404160989,201287275502824000000,800386382927.4077,1,0.0010302425950250963,0,2.224494163331145,64.1908102425121,3446487.1843131045,4.862933760201469,0.20071286397934787,6426091.269566401,194828.67675351675,-30.59025915473783
3,25,58044.03617044818,24.607646099379355,7841.539676390856,207548151091759220000,812738746847.2339,1,0.0009975614595934274,0,2.2576198639914424,67.11353464388344,3496575.8081582566,5.016595690668084,0.20071286397934787,6425945.184651513,195598.8704414357,-31.432161402073437
3,25.1,57921.40527879819,24.588009993171763,7836.978459080982,213671988671164250000,824641765315.0889,1,0.000966939409879264,0,2.2910134541971336,70.20478961496187,3545317.0177657753,5.169447381589812,0.20071286397934787,6425799.230661931,196368.61736067446,-32.30218661601981
3,25.200000000000003,57798.98485736083,24.56794065134692,7832.27350837921,219659720523661800000,836116403672.7579,1,0.0009381893291528293,0,2.3246748584630024,73.47539023585833,3592750.322501698,5.321465796685566,0.20071286397934787,6425653.414371657,197137.9042008346,-33.20115935131172
3,25.3,57676.78111142479,24.547441040189668,7827.4256020887815,225511983929853150000,847181265731.7067,1,0.0009111461043562668,0,2.358603996431091,76.93675889430222,3638912.2314387662,5.472628256626343,0.20071286397934787,6425507.742512935,197906.71772295027,-34.129897963380785
3,25.400000000000002,57554.80020030588,24.52651418641086,7822.43553933349,231229155367264030000,857852906290.1498,1,0.0008856634840875596,0,2.392800791533523,80.60095290853212,3683836.5825187746,5.622912447087953,0.20071286397934787,6425362.221775052,198675.04476135023,-35.089214448966494
3,25.5,57433.04823626578,24.50516317593547,7817.30414021523,236811381274483230000,868146094858.5985,1,0.0008616114600334726,0,2.4272651709856508,84.48069275449615,3727554.8292634804,5.772296426511243,0.20071286397934787,6425216.858803177,199442.87222549066,-36.07991428983544
3,25.6,57311.531283458695,24.4833911526726,7812.032245464296,242258605702933900000,878074039308.622,1,0.0008388740728619315,0,2.4619970631104975,88.58939087287231,3770096.291475784,5.920758633560406,0.20071286397934787,6425071.660197194,200210.18710175756,-37.102796299668306
3,25.700000000000003,57190.255356873386,24.461201317266564,7806.620716082631,247570595189571500000,887648576452.3197,1,0.0008173475644093027,0,2.496996396553987,92.94118103099615,3811488.3752616635,6.068277894317575,0.20071286397934787,6424926.632510584,200976.97645523841,-38.158652474173415
3,25.8,57069.22642133385,24.438596925832783,7801.070432980343,252746961145764450000,896880335163.734,1,0.000796938814042416,0,2.5322631016629837,97.55094821438931,3851756.766758853,6.214833429129331,0.20071286397934787,6424781.782249312,201743.22743146203,-39.24826784448156
3,25.900000000000002,56948.450390492566,24.41558128867671,7795.382296605787,257787180052883830000,905778876619.6031,1,0.0007775640094721739,0,2.567797111633845,102.43435902222001,3890925.6032802104,6.360404859187476,0.20071286397934787,6424637.115870746,202508.92725810624,-40.372420333876185
3,26,56827.933125865646,24.392157768998583,7789.557226569443,262690611704591650000,914352815347.0137,1,0.0007591475120133771,0,2.6035983572788033,107.60789254069492,3929017.624936599,6.504972212778119,0.20071286397934787,6424492.639782592,203274.06324667405,-41.53188061790853
3,26.1,56707.68043588009,24.36832978158383,7783.596161261935,267456515730835730000,922609924130.7041,1,0.0007416208838900082,0,2.6396667755762806,113.08887166808098,3966054.3093499793,6.648515931235493,0.20071286397934787,6424348.360341853,204038.6227941354,-42.72741198794353
3,26.200000000000003,56587.698074948974,24.344100791480773,7777.500057466466,272084066593157020000,930557225257.9983,1,0.0007249220512181712,0,2.67600230512728,118.89549486478626,4002055.991648516,6.791016874578358,0.20071286397934787,6424204.28385382,204802.59338453662,-43.95977021818352
3,26.3,56467.99174256902,24.319474312666078,7771.269889965925,276572367240462830000,938201070185.8187,1,0.0007089945810881856,0,2.7126048858792036,125.04686830169061,4037041.9716134244,6.932456326834849,0.20071286397934787,6424060.416571068,205565.96259057533,-45.22970343620822
3,26.400000000000002,56348.56708244514,24.29445390669941,7764.906651145012,280920461577233040000,945547209335.255,1,0.0006937870550036428,0,2.7494744551874355,131.56303837970987,4071030.609568871,7.072816001048878,0.20071286397934787,6423916.764692508,206328.718075141,-46.53795199707155
3,26.5,56229.42968163919,24.26904318136795,7758.411350587669,285127345890380700000,952600853456.9125,1,0.0006792525240188302,0,2.7866109545119833,138.46502459340059,4104039.412380089,7.212078043970979,0.20071286397934787,6423773.334362427,207090.84759282143,-47.885248360991284
3,26.6,56110.58506973926,24.24324578932146,7751.785014670065,289191979364685220000,959366727777.8065,1,0.0006653480334101664,0,2.8240143266536157,145.7748527112681,4136085.110733203,7.3502250404379215,0.20071286397934787,6423630.131669574,207852.3389913734,-49.27231697466229
3,26.700000000000003,55992.03871805128,24.2170654266991,7745.028686149488,293113293803776670000,965849119952.4109,1,0.0006520342067447216,0,2.8616845156346518,153.51558824532572,4167183.728707175,7.487240017438756,0.20071286397934787,6423487.162646273,208613.1802131579,-50.699874156225526
3,26.8,55873.796038832515,24.190505831749668,7738.1434237494095,296890202655899100000,972051922675.1666,1,0.0006392748808652351,0,2.89962146972376,161.7113701823705,4197350.6465058355,7.623106447842859,0.20071286397934787,6423344.433267544,209373.3592965408,-52.16862798392022
3,26.900000000000002,55755.862384522334,24.163570783444282,7731.130301741054,300521609447990030000,977978671707.5151,1,0.00062703678466068,0,2.9378251333848096,170.3874449493863,4226600.6571255075,7.757808253847172,0.20071286397934787,6423201.949450268,210132.86437725567,-53.67927818844026
3,27,55638.24304702785,24.13626410008491,7723.990409521705,304006415706084150000,983632579938.493,1,0.0006152892556203981,0,2.976295449835083,179.57020058546374,4254948.017599195,7.891329810070603,0.20071286397934787,6423059.717052371,210891.68368973202,-55.232516049020994
3,27.1,55520.943257013336,24.108589637907453,7716.724851190118,307343528442696700000,989016568026.7794,1,0.000604003989081813,0,3.015032372759172,189.28720109263222,4282406.495413225,8.023655946361508,0.20071286397934787,6422917.741872021,211649.80556838543,-56.829024293270265
3,27.200000000000003,55403.968183221295,24.08055128968156,7709.334745119283,310531867277993640000,994133292086.6486,1,0.0005931548158577355,0,3.054035852466897,199.56722093803597,4308989.410592526,8.15477195028463,0.20071286397934787,6422776.029646873,212407.21844887247,-58.469477000764506
3,27.3,55287.322931827046,24.052152983308023,7701.821223526854,313570371256651500000,998985168820.3151,1,0.0005827175045655364,0,3.093305840877713,210.44027967995208,4334709.673898694,8.284663569286964,0.20071286397934787,6422634.586053324,213163.91086930732,-60.15453951041777
3,27.400000000000002,55171.01254580822,24.02339868041402,7694.185432043534,316458005414289340000,1003574398442.8724,1,0.0005726695855135142,0,3.1328422891498233,221.9376766902413,4359579.821538626,8.4133170125682,0.20071286397934787,6422493.416705799,213919.87147144234,-61.884868331639076
3,27.5,55055.04200434126,23.994292374947502,7686.428529279706,319193767140039600000,1007902985698.2186,1,0.0005629901934516311,0,3.172645149425276,234.0920259459449,4383612.04672531,8.540718952642866,0.20071286397934787,6422352.527156068,214675.08900181056,-63.66111105928051
3,27.6,54939.41622223798,23.96483809177211,7678.551686390582,321776692373784900000,1011972759221.4976,1,0.0005536599268715777,0,3.2127143796448174,246.93729086289204,4406818.2283927165,8.666856526580665,0.20071286397934787,6422211.922892574,215429.5523128312,-65.48390629238536
3,27.700000000000003,54824.14004938211,23.935039885261965,7670.5560866401975,324205861675109800000,1015785389476.101,1,0.0005446607218561488,0,3.253049930547159,260.50881914435496,4429209.957349311,8.791717336978028,0.20071286397934787,6422071.609339812,216183.25036387736,-67.3538835567352
3,27.8,54709.21827021986,23.904901837899256,7662.4429249644645,326480406186456500000,1019342405449.3003,1,0.0005359757387564225,0,3.293651761498608,274.84337761799713,4450798.560094331,8.915289452596587,0.20071286397934787,6421931.591857703,216936.17222230686,-69.27166323119823
3,27.900000000000002,54594.65560324956,23.874428058873352,7654.213407533649,328599513516918500000,1022645210279.3309,1,0.000527589260196353,0,3.3345198293326392,289.9791870345844,4471595.120529765,9.037561408740695,0.20071286397934787,6421791.875741025,217688.30706445442,-71.23785647787253
3,28,54480.45670056157,23.843622682684252,7645.868751314476,330562433554237550000,1025695095942.5533,1,0.0005194865991090228,0,3.37565409595485,305.95595680218514,4491610.499744195,9.158522207313844,0.20071286397934787,6421652.466218846,218439.6441765872,-73.25306517602183
3,28.1,54366.62614738196,23.812489867749342,7637.410183632175,332368484223578340000,1028493257134.3496,1,0.0005116540156688858,0,3.4170545152575946,322.8149196298635,4510855.354055339,9.278161316615844,0.20071286397934787,6421513.368454004,219190.17295582173,-75.31788185979221
3,28.200000000000003,54253.16846166551,23.78103379501607,7628.838941732702,334017057185916600000,1031040804427.0935,1,0.0005040786421349604,0,3.458721051641341,340.59886605517175,4529340.151451784,9.396468670828359,0.20071286397934787,6421374.587542591,219939.88291100392,-77.43288965970262
3,28.3,54140.088093684986,23.749258666579294,7620.156272345461,335507623483835600000,1033338776803.3175,1,0.0004967484147363695,0,3.500653664276473,359.3521788300725,4547075.186589009,9.513434669258853,0.20071286397934787,6421236.128513488,220688.76366355148,-79.5986622478936
3,28.400000000000002,54027.38942568097,23.71716870430649,7611.36343124672,336839739118687800000,1035388153618.0479,1,0.0004896520118461775,0,3.542852315827346,379.12086714026987,4564070.594445511,9.629050175268244,0.20071286397934787,6421097.9963279,221436.80494825775,-81.81576378711793
3,28.5,53915.07677149773,23.684768148468734,7602.461682824026,338013050555422100000,1037189866057.3477,1,0.00048277879777204006,0,3.5853169670212153,399.9526006332966,4580336.3627741765,9.74330651497872,0.20071286397934787,6420960.195878939,222183.99661405938,-84.08474888345916
3,28.6,53803.15437627584,23.652061256380904,7593.452299641833,339027300129265750000,1038744808120.8313,1,0.00047611877158134535,0,3.6280475828852965,421.8967432310946,4595882.3434300795,9.856195475679701,0.20071286397934787,6420822.731991219,222930.328624766,-86.40616254275388
3,28.700000000000003,53691.62641616259,23.619052301050385,7584.336562008624,339882331342664100000,1040053847173.3542,1,0.00046966252044031446,0,3.6710441279389054,445.00438670323524,4610718.262678888,9.967709303985277,0.20071286397934787,6420685.6094204895,223675.79105975266,-88.78054013069703
3,28.8,53580.49699803721,23.585745569834717,7575.115757545747,340578094018623960000,1041117834072.9392,1,0.00046340117700911267,0,3.7143065673696505,469.32838397735304,4624853.730570468,10.077840703751582,0.20071286397934787,6420548.832853271,224420.37411461474,-91.2084073366051
3,28.900000000000002,53469.770159263164,23.552145363109528,7565.791180758216,341114649290663260000,1041937612900.0555,1,0.00045732638048817393,0,3.757834869807694,494.9233821638152,4638298.249450444,10.186582833744792,0.20071286397934787,6420412.406906544,225164.06810178695,-93.69028014081202
3,29,53359.449867472984,23.518255992947488,7556.364132607695,341492174391017900000,1042514030281.6669,1,0.0004514302409561238,0,3.801628997897253,521.8458552721123,4651061.221677732,10.29392930505861,0.20071286397934787,6420276.336127455,225906.86345112475,-96.22666478566731
3,29.1,53249.5400203811,23.484081781808772,7546.835920087885,341710967210388950000,1042847944318.172,1,0.000445705306679091,0,3.8456889204258053,550.1541365969354,4663151.956612792,10.399874178292732,0.20071286397934787,6420140.624993034,226648.75071044933,-98.81805775010564
3,29.200000000000003,53140.044445604086,23.449627061242996,7537.207855802578,341771450589035000000,1042940233097.716,1,0.00044014453410550435,0,3.890014611000851,579.9084507523999,4674579.676940101,10.504411960522846,0.20071286397934787,6420005.277909943,227389.72054605614,-101.46494572775579
3,29.3,53030.96690050792,23.414896170603757,7527.481257546541,341674176308519040000,1042791802793.8387,1,0.00043474126029343247,0,3.9346060314643627,611.170945333392,4685353.524372196,10.607537602044244,0.20071286397934787,6419870.299214273,228129.76374318748,-104.16780560855454
3,29.400000000000002,52922.311072107404,23.379893455777562,7517.657447889449,341419828743100560000,1042403595323.5686,1,0.00042948917754466833,0,3.979463152630724,644.0057221835295,4695482.564777328,10.709246492865375,0.20071286397934787,6419735.6931713205,228868.87120646937,-106.92710446382955
3,29.5,52814.08057694137,23.344623267924653,7507.7377537631155,341009228139860900000,1041776595555.2751,1,0.0004243823100386976,0,4.02458594332407,678.478868249777,4704975.792795559,10.809534459048733,0.20071286397934787,6419601.463975436,229607.0339603126,-109.74329953481116
3,29.6,52706.27896101866,23.309089962235948,7497.723506052154,340443333487752800000,1040911838038.6608,1,0.0004194149922892813,0,4.069974374909771,714.6584860042933,4713842.135958895,10.908397758791825,0.20071286397934787,6419467.615749852,230344.24314927775,-112.61683822453236
3,29.700000000000003,52598.909699737094,23.273297896702793,7487.6160391882895,339723244949212300000,1039810413246.2833,1,0.0004145818492556165,0,4.115628420060513,752.6147234146616,4722090.458378738,11.005833078370912,0.20071286397934787,6419334.15254657,231080.49003840677,-115.54815809308279
3,29.8,52491.97619788069,23.237251430904305,7477.41669074852,338850205816172000000,1038473473294.3005,1,0.0004098777779662457,0,4.161548053433725,792.4198034442128,4729729.564008062,11.101837527829051,0.20071286397934787,6419201.078346257,231815.7660135182,-118.53768685616176
3,29.900000000000002,52385.48178959638,23.200954924808702,7467.126801057275,337825603969191000000,1036902237132.0519,1,0.00040529793051901275,0,4.207733246813468,834.1480530647418,4736768.199535679,11.196408636531856,0.20071286397934787,6419068.39705816,232550.0625814693,-121.58584238689751
3,30,52279.429738408886,23.164412737591565,7456.747712792774,336650972813749650000,1035097995178.9742,1,0.0004008376983407545,0,4.254183967918653,877.8759317645,4743215.056926979,11.289544348527878,0.20071286397934787,6418936.112520062,233283.37137038354,-124.69303272087807
3,30.1,52173.82323726732,23.12762922647114,7446.280770597726,335327991672213000000,1033062113390.0225,1,0.00039649269759890743,0,4.300900195747992,923.682059534944,4749078.775640222,11.381243017727991,0.20071286397934787,6418804.228498224,234015.68412984375,-127.85965606434884
3,30.200000000000003,52068.66540857777,23.09060874555932,7435.727320694547,333858485619910300000,1030796036741.7942,1,0.0003922587556660645,0,4.347881903168673,971.647244320328,4754367.944554873,11.471503402963766,0.20071286397934787,6418672.748687397,234746.99273105367,-131.08610080553333
3,30.3,51963.959304306656,23.053355644731987,7425.088710505216,332244424751404000000,1028301292123.6428,1,0.00038813189855316444,0,4.395129064246937,1021.8545089148331,4759091.103614344,11.560324662831947,0.20071286397934787,6418541.67671082,235477.289166965,-134.37274552901846
3,30.400000000000002,51859.70790606644,23.015874268515837,7414.366288275981,330487922875893800000,1025579490633.5826,1,0.0003841083392280627,0,4.442641652002073,1074.389117292541,4763256.745226836,11.647706350435433,0.20071286397934787,6418411.016120257,236206.56555237246,-137.7199590331579
3,30.5,51755.91412523668,22.97816895499375,7403.561402706958,328591235638800600000,1022632329271.6385,1,0.00038018446674952596,0,4.490419645691689,1129.3386003561795,4766873.315430998,11.733648407964827,0.20071286397934787,6418280.770396044,236934.8141239771,-141.12810035044424
3,30.6,51652.58080310095,22.94024403472869,7392.675402586867,326556758080043940000,1019461592039.9813,1,0.00037635683615031007,0,4.538463018770392,1186.7927810911915,4769949.214850186,11.818151161150135,0.20071286397934787,6418150.942947171,237662.02724041717,-144.59751877078887
3,30.700000000000003,51549.710711013526,22.902103829706792,7381.709636432942,324387021635903160000,1016069150449.6187,1,0.00037262215901027134,0,4.586771751413199,1246.8437991122964,4772492.799449165,11.901215313572965,0.20071286397934787,6418021.537111368,238388.19738226873,-148.12855386766427
3,30.8,51447.306550564244,22.86375265229859,7370.665452136164,322084690607179500000,1012456963454.2462,1,0.00036897729466412273,0,4.635345822904508,1309.5861345903506,4774512.3811168615,11.982841940881976,0.20071286397934787,6417892.556155228,239113.31715201426,-151.72153552704512
3,30.900000000000002,51345.37095378805,22.825194804240766,7359.544196611962,319652558112139100000,1008627076821.8345,1,0.00036541924199614504,0,4.684185203168887,1375.1166315479304,4776016.228079443,12.063032484864687,0.20071286397934787,6417764.0032743495,239837.3792739817,-155.37678397909875
3,31,51243.90648338478,22.786434575637124,7348.347215456427,317093541554584100000,1004581621969.9043,1,0.00036194513177550665,0,4.733289877922444,1443.5345205126941,4777012.56516565,12.141788747421549,0.20071286397934787,6417635.881593462,240560.37659425344,-159.09460983256753
3,31.1,51142.915632924065,22.747476243978145,7337.07585260823,314410677638768360000,1000322814289.8862,1,0.0003585522194902541,0,4.782659821513531,1514.9414405182097,4777509.573943131,12.21911288447728,0.20071286397934787,6417508.194166639,241282.30208054575,-162.8753141117786
3,31.200000000000003,51042.400827139616,22.708324073183313,7325.731450016209,311607116967041430000,995852950990.1597,1,0.00035523787864592685,0,4.832295016350418,1589.4414604425538,4777515.392714225,12.295007399716575,0.20071286397934787,6417380.943977459,242003.14882205924,-166.7191882962341
3,31.3,50942.36442216113,22.66898231266065,7314.31534731286,308686118262065660000,991174408494.9355,1,0.0003519995944892162,0,4.8821954370018705,1667.14109967562,4777038.116416986,12.369475138323764,0.20071286397934787,6417254.133939239,242722.910029301,-170.62651436271463
3,31.400000000000002,50842.80870582815,22.629455196389085,7302.828881493686,305651042255094100000,986289639434.2006,1,0.00034883495813005377,0,4.932361064581834,1748.1493481066896,4776085.796409457,12.442519280567955,0.20071286397934787,6417127.766895249,243441.57903387837,-174.59756482983792
3,31.5,50743.735897970386,22.589746942019524,7291.273386602584,302505345287951350000,981201169268.859,1,0.00034574166102940894,0,4.982791883357125,1832.5776854244396,4774666.440172892,12.514143335371088,0.20071286397934787,6417001.845618962,244159.14928826544,-178.63260280501777
3,31.6,50645.14815074112,22.54986174999793,7279.650193423249,299252572674859400000,975911592592.4691,1,0.0003427174898291364,0,5.033487873842094,1920.540099722181,4772788.010923989,12.58435113376664,0.20071286397934787,6416876.372814326,244875.61436554312,-182.7318820337601
3,31.700000000000003,50547.04754894506,22.509803802708365,7267.960629176713,295896351873097500000,970423569155.6626,1,0.000339760321497645,0,5.084449012834033,2012.1531054017241,4770458.427157605,12.653146822321267,0.20071286397934787,6416751.35111604,245590.96795911161,-186.89564695123164
3,31.8,50449.43611040246,22.46957726363781,7256.206017225082,292440385512383350000,964739819661.4762,1,0.00033686811877033546,0,5.135675281643876,2107.535760369875,4767685.562119064,12.720534856478226,0.20071286397934787,6416626.783089855,246305.20388237777,-191.12413273604847
3,31.900000000000002,50352.3157862965,22.42918627656061,7244.387676781485,288888444331356880000,958863121378.5409,1,0.00033403892586262565,0,5.187166663310815,2206.809682522172,4764477.243224695,12.786519993887355,0.20071286397934787,6416502.67123288,247018.31606841687,-195.4175653662185
3,32,50255.68846156355,22.388634964745076,7232.506922626311,285244360069579280000,952796303620.7258,1,0.00033127086443842063,0,5.238923142631978,2310.0990655090536,4760841.251425082,12.85110728766093,0.20071286397934787,6416379.0179739185,247730.29856960895,-199.77616167717636
3,32.1,50159.555955283344,22.34792743018054,7220.565064829753,281512018361473430000,946542243140.6227,1,0.00032856212981527796,0,5.290944699152592,2417.5306937802507,4756785.320526578,12.91430207960848,0.20071286397934787,6416255.825673814,248441.14555725144,-204.2001294218523
3,32.2,50063.92002109345,22.307067752825958,7208.5634084807125,277695351677704670000,940103859485.1747,1,0.00032591098739087615,0,5.343231315560352,2529.2339569037554,4752317.13647222,12.976109993429331,0.20071286397934787,6416133.096625804,249150.8513211477,-208.68966733271282
3,32.300000000000004,49968.78234760277,22.266059989878993,7196.503253422092,273798332356706170000,933484110359.9578,1,0.00032331576927521473,0,5.395782976240107,2645.3408631563198,4747444.336592818,13.036536927895733,0.20071286397934787,6416010.8330558995,249859.41026917187,-213.24496518570842
3,32.4,49874.14455883298,22.224908175066734,7184.3858939924685,269824965765351540000,926685987045.5172,1,0.0003207748711156255,0,5.448599664570399,2765.9860523829598,4742174.508827684,13.095589049999933,0.20071286397934787,6415889.03712327,250566.81692681147,-217.86620386607348
3,32.5,49780.00821466185,22.183616317957107,7172.212618774224,265779283627597960000,919712509912.3197,1,0.00031828674910117636,0,5.501681366967852,2891.306808123537,4736515.190925285,13.153272788099134,0.20071286397934787,6415767.710920648,251273.0659366874,-222.5535554359116
3,32.6,49686.374811285175,22.142188403291506,7159.984710348079,261665337552731500000,912566724072.321,1,0.0003158499171351856,0,5.555028065311846,3021.4430690050094,4730473.869624971,13.209594825044613,0.20071286397934787,6415646.856474742,251978.15205805228,-227.30718320350587
3,32.7,49593.245781685226,22.100628390338205,7147.7034450540905,257487192795518300000,905251695210.1328,1,0.0003134629441646506,0,5.608639741781493,3156.537439398484,4724057.979826583,13.264562091313161,0.20071286397934787,6415526.475746671,252682.07016626775,-232.1272417942969
3,32.800000000000004,49500.6224961197,22.058940212266975,7135.370092759096,253248922274513520000,897770505630.4385,1,0.00031112445165687794,0,5.662516382343531,3296.7351993407383,4717274.903749129,13.318181758130464,0.20071286397934787,6415406.570632388,253384.81525226097,-237.01387722346587
3,32.9,49408.50626260508,22.017127775543976,7122.985916630614,248954600872894040000,890126250559.1935,1,0.0003088331112133071,0,5.7166579738384735,3442.1843137203823,4710131.97008737,13.370461230618982,0.20071286397934787,6415287.142963153,254086.3824219611,-241.96722697005853
3,33,49316.89832743071,21.975194959347977,7110.552172917143,244608300041892530000,882322034732.9724,1,0.0003065876423127866,0,5.771064500032155,3593.03544072935,4702636.453162603,13.42140814093553,0.20071286397934787,6415168.194505982,254786.76689571634,-246.987420052597
3,33.1,49225.79987566359,21.933145615006595,7098.070110734947,240214082724918800000,874360969311.7454,1,0.00030438681017524186,0,5.825735948434949,3749.441939580891,4694795.572078731,13.471030341446246,0.20071286397934787,6415049.726964127,255485.96400769165,-252.07457710611195
3,33.2,49135.21203167923,21.890983565453556,7085.540971861209,235775998617177650000,866246169149.1682,1,0.00030222942373914284,0,5.880672301976806,3911.5598774957325,4686616.489879627,13.519335897904726,0.20071286397934787,6414931.741977567,256183.96920524834,-257.2288104605424
3,33.300000000000004,49045.13585969806,21.848712604706197,7072.9659905336075,231298079771600260000,857980750451.9667,1,0.0003001143337453005,0,5.935873547918561,4079.5480359585404,4678106.312714603,13.566333082659677,0.20071286397934787,6414814.241123496,256880.7780483055,-262.45022422044235
3,33.4,48955.57236431632,21.80633649736267,7060.346393256257,226784336562935500000,849567828866.8002,1,0.00029804043092027707,0,5.991339673094621,4253.567916247268,4669272.089016381,13.612030367907504,0.20071286397934787,6414697.225916834,257576.38620868413,-267.73891434592974
3,33.5,48866.52249106858,21.763858978119952,7047.683398611973,222238754014504880000,841010518024.655,1,0.0002960066442542646,0,6.04707066747977,4433.783744238453,4660120.808687068,13.656436418954117,0.20071286397934787,6414580.69781074,258270.78946943447,-273.09496873483164
3,33.6,48777.98712698091,21.72128375131129,7034.978217080881,217665288494720000000,832311928582.8159,1,0.0002940119393668536,0,6.103066509436349,4620.362474491927,4650659.402301861,13.699560087533134,0.20071286397934787,6414464.658197146,258963.98372414696,-278.51846730595565
3,33.7,48689.96710114088,21.678614490463495,7022.232050865278,213794222644937200000,824877605372.4766,1,0.0002920553169560773,0,6.159327195562295,4813.473793618852,4640894.740327542,13.741410405156122,0.20071286397934787,6414349.108407271,259655.96497624723,-284.0094820834385
3,33.800000000000004,48602.463185262866,21.635854837873467,7009.44609372074,210317557268963070000,818143143389.1146,1,0.0002901358113253669,0,6.215852705381037,5013.2901229373965,4630833.632361453,13.781996576520866,0.20071286397934787,6414234.04971219,260346.729338276,-289.5680772821128
3,33.9,48515.47609428689,21.593008404204966,6996.621530793414,206789866334986140000,811252702915.9292,1,0.0002882524889847124,0,6.27264303182767,5219.986620420779,4620482.826385812,13.821327972940967,0.20071286397934787,6414119.4833233645,261036.27303115427,-295.1943093938376
3,34,48429.006486952305,21.550078768103365,6983.7595384634815,203214574020268850000,804209050184.1449,1,0.0002864044473204802,0,6.32969815836604,5433.741181942782,4609849.008049178,13.859414125860932,0.20071286397934787,6414005.410393206,261724.59238343433,-300.88822727473445
3,34.1,48343.05496639758,21.507069475830058,6970.861284194693,199595113169451840000,797014977086.534,1,0.0002845908133310514,0,6.387018077011356,5654.734441826196,4598938.799967334,13.896264720406363,0.20071286397934787,6413891.832015643,262411.6838305367,-306.64987223328023
3,34.2,48257.62208075728,21.463984040915275,6957.927926389982,195934921554621500000,789673300152.4071,1,0.00028281074242393156,0,6.444602775089645,5883.149772700088,4587758.761049889,13.931889589002031,0.20071286397934787,6413778.749226696,263097.5439139745,-312.4792781191969
3,34.300000000000004,48172.70832377765,21.420825943829772,6944.960614253029,192237438362117240000,782186859898.4733,1,0.0002810634172713145,0,6.502452241571885,6119.173284672022,4576315.385849899,13.966298705038403,0.20071286397934787,6413666.163005046,263782.16928056424,-318.37647141308895
3,34.4,48088.314135411754,21.377598631673926,6931.960487655811,188506100912860500000,774558520588.2051,1,0.0002793480467200347,0,6.560566462832951,6362.993823821831,4564615.10394418,13.999502176629147,0.20071286397934787,6413554.074272632,264465.5566816255,-324.3414713167739
3,34.5,48004.43990245089,21.33430551788588,6918.928677011977,185155633943833500000,767644241183.7485,1,0.0002776638647540432,0,6.618945430232584,6614.802970023727,4552664.27933543,14.031510240404037,0.20071286397934787,6413442.483895233,265147.7029721681,-330.3742898442578
3,34.6,47921.08595913835,21.290949981966715,6905.8663031560645,182311813232676600000,761726273888.6215,1,0.00027601012950543663,0,6.677589129329588,6874.795034103974,4540469.209886064,14.062333255394574,0.20071286397934787,6413331.392683077,265828.60511006886,-336.47493191330483
3,34.7,47838.252587799914,21.247535369223485,6892.774477228442,179418089938394680000,755656887293.5652,1,0.0002743861223120738,0,6.7364975525763375,7143.167054341551,4528036.1267785365,14.091981696979367,0.20071286397934787,6413220.801391422,266508.26015523646,-342.6433954375444
3,34.800000000000004,47755.940019460395,21.20406499052894,6879.654300565951,176477374751763730000,749438582910.0961,1,0.00027279114681866127,0,6.795670691970064,7420.118792319565,4515371.194007761,14.120466150922294,0.20071286397934787,6413110.710721177,267186.66526876716,-348.8796714190743
3,34.9,47674.14843448438,21.160542122098942,6866.506864598138,173492600587884920000,743073903033.6575,1,0.0002712245281197079,0,6.855108531419948,7705.852728135441,4502480.507899785,14.147797307466899,0.20071286397934787,6413001.121319519,267863.817712091,-355.1837440415105
3,35,47592.87796322256,21.116970005286564,6853.333250749004,170466719272112000000,736565430400.7216,1,0.00026968561194175885,0,6.914811061971381,8000.5740549781785,4489370.096660149,14.173985955507552,0.20071286397934787,6412892.033780488,268539.7148461076,-361.55559076343275
3,35.1,47512.12868662551,21.073351846391525,6840.134530344258,167402698344549800000,729915788118.3386,1,0.0002681737638621181,0,6.974778276120565,8304.490673081185,4476045.919958283,14.199042976877113,0.20071286397934787,6412783.448645621,269214.3541303136,-367.9951824121837
3,35.2,47431.90063690487,21.02969081648722,6826.911764523912,164303517986911520000,723127639885.8893,1,0.00026668836856363724,0,7.035010163872412,8617.813183059478,4462513.868535271,14.22297934067261,0.20071286397934787,6412675.366404567,269887.7331219229,-374.5024832779708
3,35.300000000000004,47352.1937981667,20.98599005126265,6813.6660041602045,161172168073364540000,716203690526.9729,1,0.00026522882912229887,0,7.095506717473591,8940.75487864023,4448779.763847153,14.245806097695406,0.20071286397934787,6412567.78749572,270559.8494749773,-381.0774512082319
3,35.4,47273.00810706429,20.942252650880533,6800.398289780756,158011685203787020000,709146776289.6888,1,0.000263794566326766,0,7.156267923029013,9273.531738795868,4434849.357736334,14.267534374960249,0.20071286397934787,6412460.712306842,271230.7009394509,-387.7200377022184
3,35.5,47194.34345343802,20.898481679850118,6787.109651496841,160505687945312240000,714721331549.5397,1,0.00026238501802767263,0,7.217293775187826,9616.362419289122,4420728.33213602,14.288175370306089,0.20071286397934787,6412354.141175695,271900.28536034684,-394.4301880057496
3,35.6,47116.19968096912,20.85468016691554,6773.801108936749,169521503012427100000,734520510978.6526,1,0.00026099963851562035,0,7.278584260328613,9969.468243639614,4406422.298803597,14.307740347083518,0.20071286397934787,6412248.074390671,272568.6006767882,-401.20784120610256
3,35.7,47038.576587827876,20.810851104958655,6760.473671184142,178275058537237350000,753245983181.0864,1,0.00025963789792608647,0,7.340139374171812,10333.073193521734,4391936.799085769,14.326240628938853,0.20071286397934787,6412142.512191436,273235.6449211024,-408.05293032699433
3,35.800000000000004,46961.47392732091,20.76699745091613,6747.128336721258,186724474508791970000,770889541070.3677,1,0.0002582992816699731,0,7.401959105605944,10707.403898603752,4377277.3037144225,14.34368759469081,0.20071286397934787,6412037.454769559,273901.4162178996,-414.9653824236092
3,35.9,46884.89140854962,20.723122125711146,6733.766093376977,194829639818138300000,787442850750.4486,1,0.00025698328988873147,0,7.464043444268219,11092.689625838248,4362449.212631393,14.36009267328926,0.20071286397934787,6411932.902269152,274565.9127831465,-421.9451186776456
3,36,46808.828697052784,20.679228014198234,6720.387918279574,202552953625719770000,802898822062.3629,1,0.00025568943693238125,0,7.526392385585577,11489.162268214015,4347457.854845673,14.37546733888235,0.20071286397934787,6411828.854787507,275229.13292323455,-428.9920544923306
3,36.1,46733.285415460356,20.635317965122148,6706.994777814133,209859996293539950000,817252694184.7948,1,0.000254417250859762,0,7.589005916771116,11897.056332979886,4332308.488318844,14.389823105966656,0.20071286397934787,6411725.312375748,275891.0750340448,-436.1060995873748
3,36.2,46658.26114415657,20.591394791090185,6693.587627584495,216720093109813020000,830502836048.3837,1,0.0002531662729598959,0,7.6518840349398545,12316.608929350848,4317006.299878688,14.403171524622735,0.20071286397934787,6411622.275039451,276551.7376000071,-443.28715809382373
3,36.300000000000004,46583.75542190857,20.547461268556333,6680.16741237969,223106754146770650000,842651289102.8457,1,0.00025193605729271904,0,7.715026730383153,12748.05975570709,4301556.405166855,14.415524175877996,0.20071286397934787,6411519.742739309,277211.1191931572,-450.5351286487755
3,36.4,46509.767746532336,20.503520137819258,6666.735066144697,228997987219496140000,853704091995.4873,1,0.00025072617024942697,0,7.77843399415188,13191.651086296597,4285963.848609769,14.426892667128705,0.20071286397934787,6411417.715391757,277869.2184721894,-457.84990448992835
3,36.5,46436.29757554643,20.459574103032335,6653.291511955536,234376489202084680000,863671428622.1494,1,0.0002495361901306908,0,7.842105819630908,13647.627757452114,4270233.603419635,14.437288627668886,0.20071286397934787,6411316.192869618,278526.03418150725,-465.2313735499239
3,36.6,46363.3443268016,20.41562583222479,6639.837661998519,239229725503678400000,872567637567.9312,1,0.0002483657067417074,0,7.906042194589765,14116.237153333226,4254370.571626445,14.446723704336478,0.20071286397934787,6411215.175002747,279181.5651502706,-472.67941855045314
3,36.7,46290.90737914946,20.371677957336072,6626.37441755362,243549909878119070000,880411115708.7776,1,0.00024721432100429904,0,7.9702431140729475,14597.72919120454,4238379.584131791,14.45520955721815,0.20071286397934787,6411114.6615786655,279835.8102914417,-480.19391709609647
3,36.800000000000004,46218.98607306369,20.32773307425994,6612.902668981846,247333897360408000000,887224142495.9052,1,0.0002460816445838955,0,8.03470857462627,15092.356306260874,4222265.40079589,14.462757855493022,0.20071286397934787,6411014.652343201,280488.76860082813,-487.7747417678607
3,36.9,46147.57971130218,20.28379374290124,6599.423295716533,250583002948016700000,893032645732.2568,1,0.00024496729953209576,0,8.099438566522474,15600.373436010439,4206032.710545103,14.469380273333154,0.20071286397934787,6410915.147001133,281140.43915612536,-495.42176021639125
3,37,46076.68755954504,20.239862487242707,6585.937166258482,253302757988129600000,897865924689.0073,1,0.00024387091794307405,0,8.164433083083003,16122.038004227143,4189686.1315083606,14.47508848592099,0.20071286397934787,6410816.1452168245,281790.82111595786,-503.1348352548251
3,37.1,46006.30884702876,20.195941795422236,6572.445138174818,255502615501798900000,901756342591.5703,1,0.0002427921416235144,0,8.22969211624638,16657.609904482968,4173230.211178978,14.479894165564227,0.20071286397934787,6410717.646614862,282439.91371891863,-510.91382495125384
3,37.2,45936.44276719261,20.152034119820897,6558.948058101517,257195614576545230000,904738997003.4128,1,0.00024173062177569853,0,8.295215655995223,17207.351483271606,4156669.426599253,14.48380897789356,0.20071286397934787,6410619.65078068,283087.7162826091,-518.7585827207796
3,37.300000000000004,45867.08847829979,20.10814187716012,6545.446761749491,258398013473705300000,906851374958.1469,1,0.00024068601869258865,0,8.361003702195367,17771.527522734414,4140008.1845721034,14.486844578176584,0.20071286397934787,6410522.157261194,283734.22820267855,-526.6689574171285
3,37.4,45798.24510406982,20.064267448609,6531.942073914135,259128900022064200000,908132997507.7906,1,0.00023965800146491252,0,8.427056246612677,18350.405222999783,4123250.8218942974,14.489012607714187,0.20071286397934787,6410425.165565448,284379.448951864,-534.6447934237974
3,37.5,45729.91173432674,20.020413179901574,6518.434808488242,259409787562329960000,908625057937.5186,1,0.0002386462476997798,0,8.493373280838215,18944.25418414708,4106401.605610103,14.490324690315116,0.20071286397934787,6410328.675165224,285023.37807902915,-542.6859307447154
3,37.6,45662.087425605394,19.976581381461916,6504.925768478257,259264203905585120000,908370056913.1091,1,0.00023765044324947006,0,8.559954799551225,19553.34638780616,4089464.733292274,14.490792428900054,0.20071286397934787,6410232.685495671,285666.01520820596,-550.7922050943871
3,37.7,45594.771201781,19.93277432853891,6491.415746023688,266159875395113000000,920370781285.9523,1,0.0002366702819508984,0,8.626800795387128,20177.956178403605,4072444.3333410714,14.490427402175523,0.20071286397934787,6410137.195955931,286307.3600376359,-558.9634479875053
3,37.800000000000004,45527.962054682896,19.88899426134906,6477.905522419656,273864813247756600000,933597432980.0012,1,0.0002357054653747212,0,8.693911266061955,20818.36024406668,4055344.4653058597,14.489241161412247,0.20071286397934787,6410042.205909758,286947.41233881284,-567.1994868280015
3,37.9,45461.6589447204,19.845243385228116,6464.39586814246,281190026788071900000,946000763901.5612,1,0.00023475570258406556,0,8.761286200088376,21474.83759719602,4038169.1202250025,14.48724522730218,0.20071286397934787,6409947.7146861395,287586.1719555273,-575.5001449975209
3,38,45395.860801490955,19.80152387079021,6450.887542878102,288109794438567330000,957570022854.6569,1,0.0002338207099020405,0,8.828925589138164,22147.66955471804,4020922.2209871993,14.484451086920016,0.20071286397934787,6409853.721579899,288223.6388029129,-583.8652419432972
3,38.1,45330.56652438082,19.75783785409447,6437.381295553649,294601243029608500000,968297516598.9539,1,0.0002329002106877982,0,8.89682943325265,22837.13971802791,4003607.6227121805,14.480870190778909,0.20071286397934787,6409760.225852316,288859.8128664947,-592.2945932654076
3,38.2,45265.77498317789,19.71418743681967,6423.87786437137,300644589107152160000,978178755791.4143,1,0.00023199393512105527,0,8.964997728265505,23543.53395263409,3986229.113147777,14.476513949962321,0.20071286397934787,6409667.226731728,289494.69420123927,-600.7880108033927
3,38.300000000000004,45201.48501866311,19.67057468644543,6410.377976845566,306223321527535100000,987212536930.3936,1,0.00023110161999424574,0,9.033430463935408,24267.140367515087,3968790.4130867673,14.471393733360637,0.20071286397934787,6409574.723414144,290128.28293060843,-609.3453027222201
3,38.400000000000006,45137.69544322137,19.627001636441065,6396.88234984198,311324326075145060000,995400968266.2817,1,0.000230223008512552,0,9.102127638516176,25008.249294199235,3951295.176797881,14.465520864975666,0.20071286397934787,6409482.71506383,290760.57924561464,-617.9662735975786
3,38.5,45074.405041416176,19.583470286460066,6383.391689619755,315937953609851540000,1002749446529.9313,1,0.00022935785010071543,0,9.171089241844728,25767.1532655782,3933746.992477021,14.45890662134058,0.20071286397934787,6409391.200813922,291391.5834038802,-626.6507245004784
3,38.6,45011.61257059127,19.53998260254194,6369.906691875803,320058033967437100000,1009266590418.2445,1,0.00022850590021720763,0,9.24031526960816,26544.146994464696,3916149.38271042,14.451562228999252,0.20071286397934787,6409300.179767005,292021.2957286993,-635.3984530811573
3,38.7,44949.31676144339,19.503096963119905,6356.428041791531,323681838347501240000,1014964135809.9312,1,0.00021980792773042607,0,9.309805720304105,27339.52735190503,3967587.154836688,14.95991039282337,0.20071286397934787,6409209.66151694,292649.6936036236,-644.2103795066904
3,38.800000000000004,44887.5257796878,19.46617953403248,6342.471418709712,326809993729639000000,1019856797439.5945,1,0.00021022158081646883,0,9.379560582011427,28153.842679207737,4030376.8393590315,15.57348519630109,0.20071286397934787,6409119.668267974,293276.7267338228,-653.0887673546351
3,38.900000000000006,44826.25911487918,19.427418770419926,6327.937980064439,329446353244761700000,1023962101079.5537,1,0.00020150791225939305,0,9.449579857550097,28987.710235409926,4088361.94392131,16.172546138051704,0.20071286397934787,6409030.223985829,293902.3407432751,-662.0360559589808
3,39,44765.53780996334,19.386853096409403,6312.84133497362,331597827045488460000,1027300190194.3867,1,0.00019355642815475913,0,9.519863537916398,29841.760804400426,4141708.8818256212,16.75668953581362,0.20071286397934787,6408941.351942181,294526.4825233006,-671.0545967431071
3,39.1,44705.38225192297,19.34452225509621,6297.195471826288,333274178657331250000,1029893610879.4368,1,0.00018627453595139698,0,9.590411620624467,30716.638376936688,4190574.106586911,17.32554612691016,0.20071286397934787,6408853.074697361,295149.10026642727,-680.1466513098177
3,39.2,44645.8121568216,19.300467212677162,6281.014725965725,334487792077464670000,1031767078714.1052,1,0.00017958406071639425,0,9.661224098154102,31612.999832414484,4235106.030971735,17.87878121986758,0.20071286397934787,6408765.414084903,295770.1434973833,-689.3143897720128
3,39.300000000000004,44586.846556565724,19.25473006157887,6264.313747230969,335253415288883840000,1032947231360.9856,1,0.00017341854449556376,0,9.732300966050504,32531.514620382593,4275446.554400993,18.416094709522078,0.20071286397934787,6408678.3911978705,296389.56310120586,-698.5598893231269
3,39.400000000000006,44528.50378733501,19.207353922984332,6247.107467484888,335587885837981250000,1033462370482.5487,1,0.00016772113081449405,0,9.803642220638137,33472.86444178354,4311732.278700618,18.937220960666934,0.20071286397934787,6408592.026377015,297007.3113484651,-707.8851330454421
3,39.5,44470.80147972144,19.158382849140256,6229.411068252211,335509844272599330000,1033342196730.5957,1,0.00016244289156914498,0,9.875247856757683,34437.74292989423,4344095.473780017,19.441928564916978,0.20071286397934787,6408506.3392006885,297623.34191761597,-717.292008953426
3,39.6,44413.756550503895,19.10786172582698,6211.239948586565,335039440965298800000,1032617541261.9646,1,0.00015754149200640865,0,9.947117868054548,35426.85533093542,4372664.841422085,19.93001997725332,0.20071286397934787,6408421.348476547,298237.6099144994,-726.7823092683067
3,39.7,44357.38519608881,19.055836175346144,6192.60969327935,334198041801933260000,1031320097429.6919,1,0.00015298011669075495,0,10.01925225307418,36440.91818431782,4397566.115080631,20.401331038062764,0.20071286397934787,6408337.07223496,298850.0718890222,-736.3577299192576
3,39.800000000000004,44301.70288753603,19.002352460377278,6173.536041518026,333007937652202500000,1029482155819.6885,1,0.00014872659880746033,0,10.091651004907568,37480.65900249357,4418922.5260128705,20.855730388086737,0.20071286397934787,6408253.52772415,299460.6858490571,-746.0198702657382
3,39.900000000000006,44246.72436718084,18.94745738902543,6154.034856094238,338746766843660860000,1038314956601.3173,1,0.00014475270926780624,0,10.164314120788246,38546.81595038573,4436855.16005055,21.29311878303728,0.20071286397934787,6408170.731406958,300069.41127161053,-755.7702330348184
3,40,44192.463646770455,18.891198221373255,6134.122093255963,344694389698388900000,1047390518049.3439,1,0.00014103357241212518,0,10.237241593272868,39640.137524374804,4451483.224837693,21.713428315880773,0.20071286397934787,6408088.698959254,300676.2091113156,-765.6102244666273
3,40.1,44138.934007110074,18.833622577821355,6113.813773290264,350247604854724500000,1055793824881.7959,1,0.00013754718276914944,0,10.31043342259099,40761.38223082884,4462924.243681292,22.1166215541584,0.20071286397934787,6408007.445269885,301281.04180631303,-775.5411546604644
3,40.2,44086.14799912553,18.774778349489264,6093.125951916451,355396466662775400000,1063525931080.2677,1,0.00013427400304942628,0,10.38388960550743,41911.31826417426,4471294.189415621,22.502690600748977,0.20071286397934787,6407926.984442145,301883.8732815918,-785.564238113568
3,40.300000000000004,44034.1174463341,18.71471361091774,6072.07469256136,360133468807143000000,1070590222218.5605,1,0.00013119662787795122,0,10.457610134753926,43090.72318451568,4476707.569315371,22.8716560856468,0.20071286397934787,6407847.329796708,302484.6689498662,-795.6805944440721
3,40.400000000000006,43982.85344864521,18.653476535298775,6050.676039581551,364453559628655300000,1076992375414.2568,1,0.00012829950105581477,0,10.531595007279515,44300.383594825784,4479277.470335235,23.22356609703746,0.20071286397934787,6407768.493875929,303083.3957100705,-805.8912492892695
3,40.5,43932.36638741568,18.591115312435807,6028.945992489293,368354125295189700000,1082740294646.0442,1,0.00012556867666574194,0,10.605844218695573,45541.09481774001,4479115.5724525545,23.558495059838005,0.20071286397934787,6407690.488449471,303680.0219435602,-816.1971353699696
3,40.6,43882.665931718424,18.527678069610253,6006.900481231616,371834942564399050000,1087844023868.5549,1,0.00012299161629042953,0,10.680357764702073,46813.66057200536,4476332.136627493,23.876542569388153,0.20071286397934787,6407613.324521211,304274.51750811026,-826.599093711464
3,40.7,43833.76104577072,18.463212795510003,5984.555342564504,374898103348744300000,1092315640410.4957,1,0.00012055701613182385,0,10.755135641628904,48118.892648647525,4471035.972893382,24.177832187939206,0.20071286397934787,6407537.012337324,304866.853729805,-837.0978750114103
3,40.800000000000004,43785.65999743156,18.397767267356272,5961.926297557033,377547913595117760000,1096169131040.0087,1,0.00011825465900975143,0,10.830177847454964,49457.61058693557,4463334.393273188,24.462510211721906,0.20071286397934787,6407461.561395486,305457.0033929196,-847.6941411447946
3,40.900000000000006,43738.37036771327,18.33138898133999,5939.028930253105,379790769246094800000,1099420253005.7433,1,0.00011607528716110791,0,10.905484380733947,50830.64135023871,4453333.1534670135,24.730744415751108,0.20071286397934787,6407386.980455136,306044.94072789146,-858.3884667960492
3,41,43691.89906123839,18.264125086458762,5915.878667511546,381635012330530700000,1102086382417.6094,1,0.00011401049250698725,0,10.981055231876466,52238.81900188461,4441136.386661955,24.982722783367123,0.20071286397934787,6407313.277548718,306630.64139748533,-869.181341208371
3,41.1,43646.25231759343,18.196022321823254,5892.490760038882,383090770400900550000,1104186352316.1702,1,0.00011205262165258305,0,11.056890397500506,53682.98438114302,4426846.532279867,25.21865222698718,0.20071286397934787,6407240.459993817,307214.0824812549,-880.0731700403052
3,41.2,43601.435723450966,18.12712695749005,5868.8802646230115,384169782622297400000,1105740282736.0322,1,0.00011019469336024027,0,11.132989879217515,55163.98477947287,4410564.26210198,25.438757306955115,0.20071286397934787,6407168.534406137,307795.24245840556,-891.064277319742
3,41.300000000000004,43557.454225478694,18.057484738843804,5845.062027569476,384885215923681000000,1106769405136.769,1,0.00010843032662921531,0,11.209353673110746,56682.67361718367,4392388.405698035,25.6432789535873,0.20071286397934787,6407097.506713268,308374.1011891643,-902.154907485575
3,41.400000000000006,43514.31214391254,17.98714083454939,5821.050669337302,385251474576581900000,1107295883504.77,1,0.00010675367782304781,0,11.285981771730423,58239.910120674846,4372415.876879257,25.832473198495034,0.20071286397934787,6407027.382169116,308950.6398947581,-913.345227507443
3,41.5,43472.013186722994,17.91613978807139,5796.860570365672,385284006492225000000,1107342634391.1643,1,0.00010515938554370131,0,11.362874176204661,59836.55900042762,4350741.602556789,26.006609920348538,0.20071286397934787,6406958.1653689705,309524.84113610757,-924.6353290741718
3,41.6,43430.56046434678,17.844525472738813,5772.505858077833,384999109388626800000,1106933148083.1025,1,0.00010364252216256493,0,11.440030877165341,61473.490129934384,4327458.455102512,26.165971609450544,0.20071286397934787,6406889.860265146,310096.6887913371,-936.0252308417621
3,41.7,43389.95650490001,17.77234105032442,5748.000395044524,384413739784085900000,1106091313012.0618,1,0.00010219855108831123,0,11.517451877167586,63151.5782257596,4302657.189136112,26.310852155611148,0.20071286397934787,6406822.470183092,310666.1680322026,-947.5148807320411
3,41.800000000000004,43350.20326979272,17.699628933093816,5723.357768285064,383545327515728150000,1104841245362.791,1,0.00010082328899411837,0,11.595137175364682,64871.702528933965,4276426.383465052,26.441555663366454,0.20071286397934787,6406755.997837956,311233.2652995378,-959.1041582733819
3,41.900000000000006,43311.302169737406,17.626430749260184,5698.59127968034,382411598164236040000,1103207125652.593,1,0.00009951287234720033,0,11.673086761084242,66634.74648789022,4248852.388682708,26.558395297526662,0.20071286397934787,6406690.445351507,311797.96827781416,-970.7928769752059
3,42,43273.25408103224,17.55278731178126,5673.713937469287,381748304333672940000,1102249952720.32,1,0.00009826372767770614,0,11.751300633658838,68441.5974431539,4220019.280869395,26.66169216267034,0.20071286397934787,6406625.814269347,312360.26586891164,-982.580786728329
3,42.1,43236.0593621023,17.4787385904141,5648.73844879688,386501061603206700000,1109090221072.6135,1,0.00009707254510967797,0,11.82977879160708,70293.14631400655,4190008.821636274,26.751774218886833,0.20071286397934787,6406562.105578401,312920.1481651911,-994.4675762235561
3,42.2,43199.71787023824,17.40432368693979,5623.677213279672,390946104425951200000,1115449660193.8447,1,0.0000959362547438386,0,11.908521232092726,72190.28728734129,4158900.424677158,26.828975236108736,0.20071286397934787,6406499.319724584,313477.6064219587,-1006.4528753812945
3,42.300000000000004,43164.2289784709,17.329580813462403,5598.542317552582,395083687522683700000,1121336812376.7092,1,0.00009485200553978301,0,11.987527952460074,74133.91750893208,4126771.1288985116,26.89363378903021,0.20071286397934787,6406437.456630615,314032.6330294088,-1018.5362577853314
3,42.400000000000006,43129.59159255121,17.25454727367704,5573.345530758863,398915393648319600000,1126761315834.0625,1,0.00009381714639487186,0,12.066798947185191,76124.93677733772,4093695.578096189,26.946092294005304,0.20071286397934787,6406376.515713925,314585.2214841278,-1030.7172431143076
3,42.5,43095.80416796822,17.179259446999986,5548.098300943804,402444062636997740000,1131733816191.0718,1,0.00009282920915724471,0,12.146334216322623,78164.24724066065,4059746.0071038576,26.986696089323388,0.20071286397934787,6406316.4959046,315135.36636023986,-1042.9952995647986
3,42.6,43062.8647269737,17.103752775445912,5522.811752311467,405673710331708440000,1136265871701.453,1,0.00009188589334651604,0,12.226133757380097,80252.75309637847,4024992.234256067,27.015792559654948,0.20071286397934787,6406257.395663334,315683.0632802708,-1055.3698462603081
3,42.7,43030.77087557316,17.028061753134576,5497.496683302974,408609439270288560000,1140369853899.903,1,0.00009098505238525318,0,12.306197566370724,82391.36029446177,3989501.6599674677,27.03373030526118,0.20071286397934787,6406199.212999336,316228.3088858026,-1067.840255640864
3,42.800000000000004,42999.51982044522,16.952219918306678,5472.163565454335,411257343037750200000,1144058845370.0754,1,0.00009012468116985066,0,12.386525640781471,84580.97624398884,3953339.2711895155,27.04085835629212,0.20071286397934787,6406141.94548815,316771.1008079888,-1080.405855828296
3,42.900000000000006,42969.108385744505,16.876259847727233,5446.822542991485,413624406057234330000,1147346536068.0442,1,0.00008930290483104666,0,12.467117979518973,86822.50952346032,3916567.651478559,27.0375254323157,0.20071286397934787,6406085.590289363,317311.4376379963,-1093.065932962652
3,43,42939.5330297621,16.80021315335208,5421.483433120076,415718400600786500000,1150247119643.1206,1,0.00008851796855356532,0,12.54797457734634,89116.8695950124,3879246.9963732315,27.024079246850704,0.20071286397934787,6406030.14416415,317849.3188974356,-1105.8197335055784
3,43.1,42910.78986140899,16.724110481133646,5396.155726967808,417547782645765900000,1152775190999.9844,1,0.00008776822834022812,0,12.629095436061135,91464.96652271869,3841435.1337664984,27.000865856554046,0.20071286397934787,6405975.6034926465,318384.7450088387,-1118.6664665068738
3,43.2,42882.87465650402,16.647981511841,5370.848591137332,419121588095598850000,1154945646241.9521,1,0.00008705214262018065,0,12.710480551101833,93867.71069516352,3803187.548935929,26.968229054412017,0.20071286397934787,6405921.964291101,318917.71726623876,-1131.6053058307568
3,43.300000000000004,42855.782873827964,16.571854963772125,5345.570869828498,420449330754646840000,1156773586020.847,1,0.00008636826461237156,0,12.792129918865186,96326.01255246055,3764557.4138997644,26.926509806290095,0.20071286397934787,6405869.222228783,319448.23780590494,-1144.6353923387628
3,43.400000000000006,42829.50967091601,16.495758597236613,5320.331087489206,421540903264730300000,1158274223146.8599,1,0.00008571523536612102,0,12.874043536326663,98840.78231788159,3725595.6207561125,26.87604572997293,0.20071286397934787,6405817.372644632,319976.30957727745,-1157.7558360264927
3,43.5,42804.04991959967,16.41971922068561,5295.137451955004,422406482083022000000,1159462795226.0505,1,0.00008509177741061418,0,12.95622140338946,101412.92973425079,3686350.8186419285,26.817170615406113,0.20071286397934787,6405766.410563617,320501.9363141508,-1170.9657181117802
3,43.6,42779.398221217096,16.343762698376686,5269.997858038766,423056437387928140000,1160354482924.2285,1,0.00008449668895072091,0,13.038663515026457,104043.36380524939,3646869.4540025704,26.750213985472822,0.20071286397934787,6405716.3307128,321025.12250614364,-1184.2640930721427
3,43.7,42755.54892156646,16.267913959449885,5244.91989153242,423501248645787700000,1160964334344.459,1,0.00008392883855725242,0,13.121369869785266,106732.99254176533,3607195.8137843055,26.675500695344684,0.20071286397934787,6405667.127537048,321545.87337049475,-1197.6499906296713
3,43.800000000000004,42732.496125468984,16.192197008313332,5219.910833584515,423751426394658440000,1161307195862.3232,1,0.00008338716030067099,0,13.20434046684357,109482.72271341237,3567372.0712824394,26.593350569983887,0.20071286397934787,6405618.79521445,322064.1948242202,-1211.122417681815
3,43.900000000000006,42710.23371105455,16.116634936217686,5194.977665417859,423817440670017400000,1161397649678.7869,1,0.00008287064928848804,0,13.28757530344495,112293.45960533127,3527438.3342573554,26.504078077430542,0.20071286397934787,6405571.327671341,322580.0934566617,-1224.6803601767601
3,44,42688.75534365699,16.04124993392315,5170.1270733535985,423709656305259600000,1161249958177.9048,1,0.00008237835756575038,0,13.371074378974187,115166.10678037562,3487432.6950621125,26.407992037194965,0.20071286397934787,6405524.718596982,323093.5765024568,-1238.3227849323712
3,44.1,42668.05448936671,15.966063305351847,5145.365454108859,423438275246544800000,1160878015131.971,1,0.00008190939034591139,0,13.454837688530265,118101.56584677339,3447391.2824542555,26.305395361823994,0.20071286397934787,6405478.961457872,323604.65181495575,-1252.0486413978956
3,44.2,42648.12442820985,15.891095482129561,5120.698920336788,423013285876146800000,1160295303672.26,1,0.00008146290254107341,0,13.538865232243188,121100.73623134429,3407348.3148199087,26.196584830289954,0.20071286397934787,6405434.049511661,324113.32784010866,-1265.8568633578516
3,44.300000000000004,42628.95826696046,15.816366038921624,5096.133306379149,422444419218446700000,1159514860844.5483,1,0.00008103809556460787,0,13.623157003847469,124164.51495834233,3367336.154534287,26.081850891565605,0.20071286397934787,6405389.975820698,324619.61359084275,-1279.746370577732
3,44.400000000000006,42610.5489515746,15.74189370947371,5071.6741742031445,421741111837896300000,1158549248535.6218,1,0.00008063421438152231,0,13.707713007754506,127293.79643398177,3327385.3632074287,25.961477496884797,0.20071286397934787,6405346.733265158,325123.51862194884,-1293.716070391354
3,44.5,42592.88927922305,15.667696403273306,5047.326819495582,423329957070811960000,1160729525684.0796,1,0.0000802505447841599,0,13.792533239360182,130489.47223669424,3287524.757584569,25.835741959279538,0.20071286397934787,6405304.314555806,325625.0530054921,-1307.7648592298567
3,44.6,42575.97190997563,15.593791222745365,5023.096277888733,426594439386586740000,1165196377096.4922,1,0.00007988641087465974,0,13.877617696008896,133752.43091315444,3247781.465851885,25.704914838465772,0.20071286397934787,6405262.712246338,326124.22730675986,-1321.8916240925219
3,44.7,42559.789378064685,15.520194480911359,4998.987331294188,429660021012062200000,1169375534122.5596,1,0.00007954117273478961,0,13.962966375240681,137083.55778010102,3208180.984172311,25.569259850067183,0.20071286397934787,6405221.918745334,326621.0525607594,-1336.0952439597463
3,44.800000000000004,42544.33410279453,15.446921719432305,4975.004514321792,432530584224192400000,1173275336557.8088,1,0.00007921422426853486,0,14.048579277865874,140483.73473197033,3168747.233227779,25.42903379721092,0.20071286397934787,6405181.926327811,327115.5402492725,-1350.3745911486246
3,44.900000000000006,42529.59839904029,15.37398772697206,4951.1521207627375,435210256171683800000,1176904141807.583,1,0.00007890499120167772,0,14.134456397408249,143953.84005434974,3129502.6146159885,25.284486523434587,0.20071286397934787,6405142.72714638,327607.70227847726,-1364.728532611748
3,45,42515.57448739,15.301406557811234,4927.434210116791,437703369833309860000,1180270291442.3936,1,0.00007861292922634714,0,14.220597738170417,147494.74824324952,3090468.0669158217,25.135860885116845,0.20071286397934787,6405104.313241999,328097.55095713894,-1379.155931179921
3,45.1,42502.254503885284,15.229191550655013,4903.854614145347,440014426809940900000,1183382080215.7913,1,0.00007833752227764406,0,14.307003295059342,151107.32983018155,3051663.1212932956,24.983392742365808,0.20071286397934787,6405066.676554348,328585.0989753776,-1393.6556467496132
3,45.2,42489.63050940726,15.157355347574205,4880.416943432994,442148062174772900000,1186247727654.2517,1,0.00007807828093246468,0,14.39367306919717,154792.4512130265,3013105.9564951696,24.827310966727374,0.20071286397934787,6405029.808931809,329070.3593840113,-1408.2265374160563
3,45.300000000000004,42477.69449868426,15.08590991302883,4857.12459394182,444109011548282950000,1188875352275.8828,1,0.00007783474092015947,0,14.480607053925858,158550.97449266107,2974813.45312081,24.667837464599,0.20071286397934787,6404993.702141067,329553.34557447815,-1422.8674605529768
3,45.400000000000006,42466.43840894196,15.014866552923579,4833.9807535437285,445902080520551500000,1191272948460.9475,1,0.0000776064617364581,0,14.567805250452675,162383.75731531065,2936801.24705758,24.5051872149918,0.20071286397934787,6404958.347876312,330034.0712593359,-1437.5772738400262
3,45.5,42455.85412817076,14.94423593365177,4810.988408517289,447532116484151300000,1193448365941.8608,1,0.00007739302535195182,0,14.655267654310842,166291.6527205841,2899083.7819955666,24.339568320633767,0.20071286397934787,6404923.737768101,330512.5504533368,-1452.354836239041
3,45.6,42445.93350306805,14.874028101081196,4788.150349996637,449003982911910100000,1195409291864.8562,1,0.00007719403500882037,0,14.742994266845727,170275.50899514183,2861674.360916783,24.171182070925152,0.20071286397934787,6404889.863391828,330988.797455076,-1467.1990089203134
3,45.7,42436.66834662575,14.804252499446257,4765.4691803612795,450322536079363540000,1197163235350.8262,1,0.00007700911409834494,0,14.830985089238885,174336.1695319406,2824585.1965001184,24.000223015882636,0.20071286397934787,6404856.7162758475,331462.8268292082,-1482.1086561401023
3,45.800000000000004,42428.05044537131,14.734917990110366,4742.947319556532,451492604196020900000,1198717514454.852,1,0.00007683790511311755,0,14.919240115645772,178474.4726949925,2787827.460377885,23.82687905000893,0.20071286397934787,6404824.28790925,331934.65338922845,-1497.082646070658
3,45.900000000000006,42420.071566285565,14.666032870164631,4720.587011335225,452518968875456270000,1200079245396.2424,1,0.00007668006866866996,0,15.007759346789667,182691.25168957125,2751411.3311844943,23.651331504988693,0.20071286397934787,6404792.569749273,332404.2921808121,-1512.1198515840508
3,46,42412.72346339561,14.597604890834246,4698.390329412481,453406348879386900000,1201255333953.343,1,0.00007653528258921484,0,15.09654277622991,186987.3344377916,2715346.04135669,23.473755250326217,0.20071286397934787,6404761.553228406,332871.758465705,-1527.2191509911447
3,46.1,42405.997884051874,14.52964127566535,4676.359183526035,454159386018337600000,1202252468861.1501,1,0.00007640324105284615,0,15.185590406658038,191363.5434594844,2679639.9226486976,23.29431880102032,0.20071286397934787,6404731.229761123,333337.06770615844,-1542.379428737043
3,46.2,42399.88657487836,14.462148738469809,4654.4953253955555,454782633109759850000,1203077117085.686,1,0.00007628365379153366,0,15.274902238766098,195820.69575828483,2644300.4503407907,23.11318443154678,0.20071286397934787,6404701.590750345,333800.23554990144,-1557.5995760543803
3,46.300000000000004,42394.38128746394,14.395133501001482,4632.80035457502,455280543865563400000,1203735520820.5122,1,0.00007617624534315035,0,15.364478268944763,200359.60271284718,2609334.2860994833,22.930508294995256,0.20071286397934787,6404672.627593559,334261.2778156396,-1572.8784915758106
3,46.400000000000006,42389.47378372494,14.3286013103512,4611.275724193331,455657464576200540000,1204233696052.445,1,0.00007608075435038808,0,15.454318495233982,204981.06997309614,2574747.3195026177,22.746440547087644,0.20071286397934787,6404644.331688642,334720.2104790737,-1588.21508190707
3,46.5,42385.155841005035,14.262557456038612,4589.922746578583,455917627464923150000,1204577432558.5427,1,0.00007599693290438015,0,15.544422916263194,209685.89736142103,2540544.708200708,22.561125474031158,0.20071286397934787,6404616.694439386,335177.04965942685,-1603.6082621619746
3,46.6,42381.419256892055,14.197006786788462,4568.742598762387,456065145573675300000,1204772295185.3335,1,0.00007592454592941569,0,15.63479153203685,214474.87877871667,2506730.9167219936,22.374701623728136,0.20071286397934787,6404589.70726075,335631.81160647166,-1619.0569564607151
3,46.7,42378.25585377589,14.131953726977246,4547.736327861122,456104009043872300000,1204823626267.32,1,0.0000758633706062494,0,15.725424340419227,219348.8021151718,2473309.753918184,22.18730193964279,0.20071286397934787,6404563.361583818,336084.51268804685,-1634.5600983927989
3,46.800000000000004,42375.65748314001,14.067402292740407,4526.904856331593,456038082662240300000,1204736549053.509,1,0.00007581319583111698,0,15.816321338979808,224308.44916570385,2440284.409062934,21.999053896852324,0.20071286397934787,6404537.648860505,336535.1693780528,-1650.1166314459783
3,46.900000000000006,42373.61602962017,14.003356107729012,4506.248987099082,455871104545574800000,1204515972017.1357,1,0.00007577382170856337,0,15.907482527681955,229354.59554993725,2407657.486605943,21.81007963961646,0.20071286397934787,6404512.560567992,336983.79824491404,-1665.7255094024842
3,47,42372.12341481261,13.939818418510342,4485.7694085563435,455606685832329900000,1204166593916.636,1,0.00007574505907538722,0,15.99890790583683,234488.0106366199,2375431.0396056743,21.620496120131847,0.20071286397934787,6404488.088212914,337430.4159405002,-1681.3856967038723
3,47.1,42371.171600840986,13.876792109606066,4465.466699432444,455248311272403800000,1203692909506.9104,1,0.00007572672905369975,0,16.090597472404173,239709.45747237225,2343606.6018577674,21.430415238015865,0.20071286397934787,6404464.223335301,337875.0391894935,-1697.0961687857628
3,47.2,42370.75259372033,13.814279718161126,4445.341333530772,454799340594423860000,1203099215783.4097,1,0.0000757186626318076,0,16.182551224547232,245019.69271466174,2312185.2187305847,21.239943979945174,0.20071286397934787,6404440.957512304,338317.68477918976,-1712.855912383735
3,47.300000000000004,42370.85844650399,13.752283448241805,4425.393684336063,454263010550855500000,1202389618668.3018,1,0.00007572070027076907,0,16.27476916270332,250419.46656889474,2281167.476738113,21.04918455919997,0.20071286397934787,6404418.282361675,338758.36954972515,-1728.6639258116115
3,47.400000000000006,42371.481262208894,13.690805184761572,4405.624029490524,453642437539531800000,1201568040044.2578,1,0.00007573269153478707,0,16.367251284835802,255909.52272951725,2250553.531878937,20.858234554837665,0.20071286397934787,6404396.189545028,339197.11038471374,-1744.5192192133386
3,47.5,42372.613196548074,13.629846507032122,4386.032555139429,452940620706132660000,1200638225047.5022,1,0.00007575449474436858,0,16.45999758988028,261490.59832501638,2220343.136761934,20.667187050069053,0.20071286397934787,6404374.670770917,339633.92420228804,-1760.4208147896497
3,47.6,42374.24646048434,13.569408701939018,4366.619360146919,452160445453366800000,1199603749557.9187,1,0.00007578597665100816,0,16.553008075924378,267163.42386671295,2190535.6665456975,20.476130769523827,0.20071286397934787,6404353.717797681,340068.8279465286,-1776.3677470006612
3,47.7,42376.37332257908,13.509492776745534,4347.384460183052,451304687267466100000,1198468027801.8594,1,0.0000758270121314849,0,16.646282744025807,272928.7232012377,2161130.143731273,20.285150215329768,0.20071286397934787,6404333.322436121,340501.83857927343,-1792.3590627455244
3,47.800000000000004,42378.986111187376,13.450099471522854,4328.327791683214,450376015793282000000,1197234320008.459,1,0.00007587748390144851,0,16.739821590906363,278787.2134665814,2132125.2618264286,20.0943258015444,0.20071286397934787,6404313.476551981,340932.9730722943,-1808.3938215202288
3,47.900000000000006,42382.07721646968,13.3912292712122,4309.449215681442,449376999097151600000,1195905740068.4749,1,0.00007593728224649918,0,16.83362461901504,284739.60505161306,2103519.4079238977,19.90373398693081,0.20071286397934787,6404294.172068245,341362.2483998311,-1824.4710955546157
3,48,42385.63909224514,13.332882417320475,4290.748521519219,448310108052414460000,1194485263136.7007,1,0.00007600630477010546,0,16.92769182581523,290786.60155895713,2075310.6842205955,19.713447405800324,0.20071286397934787,6404275.400967283,341789.6815314709,-1840.5899699296358
3,48.1,42389.66425769869,13.275058919253006,4272.225430431549,447177720796427500000,1192975733135.2646,1,0.00007608445615753386,0,17.02202320892763,296928.899771125,2047496.9285093234,19.52353499673653,0.20071286397934787,6404257.155292816,342215.28942536324,-1856.7495426758499
3,48.2,42394.145298929885,13.217758565289076,4253.87959901229,445982127210243600000,1191379870115.9917,1,0.0000761716479545641,0,17.11661876858328,303167.18961979507,2020075.7336810285,19.334062129156727,0.20071286397934787,6404239.42715173,342639.08902175893,-1872.9489248541388
3,48.300000000000004,42399.07487036474,13.160980933204002,4235.710622560791,444725533371925300000,1189700277437.527,1,0.00007626779836047936,0,17.211478502579013,309502.1541581369,1993044.4662666416,19.145090727512613,0.20071286397934787,6404222.20871574,343061.097236864,-1889.1872406195614
3,48.400000000000006,42404.44569603726,13.10472540054312,4217.71803831205,443410065954021400000,1187939448736.8865,1,0.00007637283203459773,0,17.30660241045195,315934.4695360776,1966400.2840516209,18.956679393026263,0.20071286397934787,6404205.492222919,343481.3309569957,-1905.4636272692624
3,48.5,42410.25057073869,13.048991154553958,4199.9013285526835,442037776518231600000,1186099774649.689,1,0.00007648667991550133,0,17.40199049481844,322464.80497840757,1940140.1527982382,18.76888352291345,0.20071286397934787,6404189.269979076,343899.80703303387,-1921.7772352753022
3,48.6,42416.482361038215,12.993777201782729,4182.259923625097,440610645684425700000,1184183549263.5898,1,0.00007660927905228356,0,17.4976427483859,329093.8227656275,1914260.8621087375,18.58175542703035,0.20071286397934787,6404173.534359027,344316.5422751544,-1938.1272283032579
3,48.7,42423.134006212465,12.939082377339272,4164.793204822233,439130587140139000000,1182192976272.7915,1,0.0000767405724478449,0,17.593559177128796,335822.1782174357,1888759.0404537907,18.395344441732476,0.20071286397934787,6404158.2778076995,344731.5534478372,-1954.5127832173962
3,48.800000000000004,42430.198519015685,12.884905353842319,4147.500507175561,437599451470074000000,1180130174817.6501,1,0.00007688050891224357,0,17.689739776009375,342650.51967876125,1863631.169416567,18.209697041253193,0.20071286397934787,6404143.492841177,345144.85726513853,-1970.9330900732068
3,48.900000000000006,42437.66898640711,12.831244650043821,4130.381122138598,436019029778337040000,1177997184982.5662,1,0.00007702904292778456,0,17.78618454754848,349579.488508246,1838873.5971560446,18.024856946033122,0.20071286397934787,6404129.172047576,345556.47038621735,-1987.3873520980421
3,49,42445.538570124656,12.77809863914779,4113.434300168827,434391057090090040000,1175795972942.453,1,0.00007718613452309109,0,17.88289348676937,356609.719069083,1814482.5511492693,17.84086522853207,0.20071286397934787,6404115.30808786,345966.4094111085,-2003.874785660588
3,49.1,42453.80050719902,12.72546555682427,4096.659253210404,432717215511460900000,1173528435735.9968,1,0.00007735174915748733,0,17.97986659549506,363741.83872211934,1790454.1502206742,17.657760416083377,0.20071286397934787,6404101.893696514,346374.6908767315,-2020.3946202298553
3,49.2,42462.4481103532,12.673343508929882,4080.055157080377,430999137135217600000,1171196405654.1267,1,0.00007752585761410752,0,18.077103873539148,370976.4678211339,1766784.4159025264,17.475578591067265,0.20071286397934787,6404088.921682153,346781.3312531279,-2036.9460983243582
3,49.300000000000004,42471.474768339656,12.62173047893905,4063.6211537609884,429238406681584000000,1168801654233.269,1,0.00007770843590231213,0,18.17460531800058,378314.2197102016,1743469.2831439546,17.294353488183905,0.20071286397934787,6404076.384928015,347186.3469399187,-2053.528475452113
3,49.400000000000006,42480.873946172185,12.570624335096351,4047.356353600733,427436563861035500000,1166345895838.2327,1,0.00007789946516812466,0,18.27237092864089,385755.70072305837,1720504.610407696,17.114116589053435,0.20071286397934787,6404064.276392382,347589.75426297175,-2070.141020042069
3,49.5,42490.63918530382,12.520022837294254,4031.259837426715,425595105455933950000,1163830790831.9314,1,0.0000780989316133215,0,18.370400706754634,393301.5101843836,1697886.1891709021,16.934897213943934,0.20071286397934787,6404052.589108911,347991.5694712735,-2086.7830133675566
3,49.6,42500.7641037181,12.469923643686178,4015.3306585709825,423715487111622600000,1161257948319.562,1,0.00007830682642215057,0,18.468694654356316,400952.24041291646,1675609.7528650465,16.756722610817246,0.20071286397934787,6404041.3161868965,348391.8087339954,-2103.4537494623028
3,49.7,42511.24239596445,12.420324317040283,3999.567844813338,421799124835240200000,1158628928464.1792,1,0.00007852314569596227,0,18.5672527636837,408708.4767263279,1653670.9852744387,16.57961804159848,0.20071286397934787,6404030.450811447,348790.4881377482,-2120.152535029558
3,49.800000000000004,42522.06783311814,12.37122233084314,3983.970400243274,419847396200587500000,1155945244369.7583,1,0.00007874789039503849,0,18.66607503675329,416570.79744776804,1632065.5284235997,16.4036068658062,0.20071286397934787,6404019.986243593,349187.623684016,-2136.8786893448278
3,49.900000000000006,42533.234262687154,12.322615075159097,3968.53730704347,417861641257432250000,1153208363526.9993,1,0.00007898106628778773,0,18.765161471320187,424539.77391401527,1610788.9899732657,16.22871062149572,0.20071286397934787,6404009.915820341,349583.2312867645,-2153.631544152709
3,50,42544.73560845852,12.27449986225343,3953.2675271973835,415843163149758500000,1150419708824.7175,1,0.00007922268390688887,0,18.86451206675568,432615.97048515064,1589836.950150763,16.054949103603644,0.20071286397934787,6404000.232954643,349977.32677021413,-2170.4104435582817
3,50.1,42556.5658702841,12.226873931986557,3938.1600041233783,413793228445794000000,1147580659126.6665,1,0.00007947275851213448,0,18.964126828442993,440799.9445556873,1569204.9682378266,15.882340439750495,0.20071286397934787,6403990.931135328,350369.92586677277,-2187.214743913505
3,50.2,42568.719123834744,12.179734456984749,3923.213664237767,411713067183426630000,1144692549414.024,1,0.00007973131006036103,0,19.064005752181206,449092.24656708376,1548888.588632031,15.710901163437,0.20071286397934787,6403982.003926983,350761.04421512195,-2204.0438136990315
3,50.300000000000004,42581.18952030316,12.13307854759594,3908.42741844922,409603872642284800000,1141756670503.8386,1,0.00007999836318186119,0,19.164148836682205,457493.42002157285,1528883.3465076867,15.540646284781737,0.20071286397934787,6403973.444969752,351150.69735844893,-2220.897033401837
3,50.400000000000006,42593.97128604539,12.086903256638209,3893.8001635868354,407466800846795830000,1138774268343.613,1,0.00008027394716287161,0,19.26455608115028,466004.0014972411,1509184.7730988045,15.371589358903599,0.20071286397934787,6403965.247979113,351538.9007428182,-2237.7737953890473
3,50.5,42607.05872219894,12.041205583945375,3879.330783764094,405302969817378200000,1135746542899.6628,1,0.00008055809593478745,0,19.365227485592207,474624.52066429285,1489788.4006159976,15.203742551851313,0.20071286397934787,6403957.406745596,351925.6697156786,-2254.6735037783237
3,50.6,42620.44620425068,11.995982480718286,3865.0181516809844,403113458575487200000,1132674646640.701,1,0.0000808508480693875,0,19.466163051405786,483355.500302438,1470689.766822024,15.037116704258793,0.20071286397934787,6403949.915134471,352311.01952449844,-2271.5955743051404
3,50.7,42634.12818159163,11.95123085368617,3850.8611298664455,400899305922362900000,1129559682637.5728,1,0.00008115224678075379,0,19.567362777921012,492197.4563193418,1451884.4192767106,14.871721392637388,0.20071286397934787,6403942.7670853725,352694.965315523,-2288.5394341872857
3,50.800000000000004,42648.09917699732,11.90694756908846,3836.858571863336,398661509004081950000,1126402702289.877,1,0.00008146233993243742,0,19.668826663832366,501150.89777007943,1433367.919281158,14.707564988622579,0.20071286397934787,6403935.956611918,353077.5221326503,-2305.5045219868884
3,50.900000000000006,42662.353786130436,11.863129456477202,3823.0093233578423,396401021683547400000,1123204702701.4487,1,0.00008178118005190667,0,19.770554707059844,510216.3268775373,1415135.84551849,14.544654715843858,0.20071286397934787,6403929.477801266,353458.70491641917,-2322.490287470257
3,51,42676.88667696528,11.819773312352941,3809.312223255575,394118752735686400000,1119966623720.6326,1,0.00008210882434999296,0,19.872546909786337,519394.23905370664,1397183.797427463,14.382996704893918,0.20071286397934787,6403923.324813648,353838.5285031038,-2339.496191465817
3,51.1,42691.69258921873,11.776875903634501,3795.76610470611,391815563888773900000,1116689344670.802,1,0.00008244533474715267,0,19.974803269225294,528685.1229218165,1379507.3983072543,14.22259604611685,0.20071286397934787,6403917.491881876,354217.007623912,-2356.521705720388
3,51.2,42706.76633374393,11.734433970971619,3782.3697960780423,389492267734372840000,1113373680796.2842,1,0.0000827907779055407,0,20.077323788991077,538089.4603392542,1362102.2981769317,14.063456840458278,0.20071286397934787,6403911.973310816,354594.1569042806,-2373.5663127540624
3,51.300000000000004,42722.10279189795,11.692444231905363,3769.1221218863548,387149625529299570000,1110020379450.4912,1,0.0000831452252671168,0,20.180108464971156,547607.7264212243,1344964.1764012987,13.90558224839471,0.20071286397934787,6403906.763476843,354969.9908632641,-2390.6295057139046
3,51.400000000000006,42737.696914908476,11.650903383880511,3756.0219036739168,384788344914438500000,1106630116055.5056,1,0.00008350875309836302,0,20.283157296610746,557240.3895650967,1328088.7440917424,13.74897453690778,0.20071286397934787,6403901.85682726,355344.52391301264,-2407.7107882266932
3,51.5,42753.54372319486,11.609808107118157,3743.067960848937,382409077578449550000,1103203489867.4912,1,0.0000838814425405958,0,20.386470283958637,566987.9114753994,1311471.7463033833,13.59363512474041,0.20071286397934787,6403897.247879702,355717.7703583343,-2424.8096742509083
3,51.6,42769.63830568828,11.569155067350964,3730.2591114799793,380012416893005700000,1099741019580.8962,1,0.00008426337966692693,0,20.490047426595797,576850.7471894096,1295108.9640320789,13.43956462582101,0.20071286397934787,6403892.931221521,356089.7443963389,-2441.92568792816
3,51.7,42785.97581914067,11.528940918427038,3717.594173050261,377598895550186260000,1096243138810.8202,1,0.00008465465554569553,0,20.593888723835136,586829.3451033004,1278996.2160249692,13.286762890957682,0.20071286397934787,6403888.901509153,356460.46011615754,-2459.0583634342365
3,51.800000000000004,42802.551487405784,11.489162304788525,3705.0719631728816,375168983230329650000,1092710191490.3228,1,0.00008505536631003178,0,20.697994175815644,596924.1469988022,1263129.3604186825,13.135229047926082,0.20071286397934787,6403885.153467456,356829.93149873667,-2476.2072448299377
3,51.900000000000006,42819.3606007183,11.449815863828023,3692.691300268441,372723084331942100000,1089142427224.9897,1,0.00008546561323424867,0,20.80236378558697,607135.5880703382,1247504.2962107828,12.984961539908282,0.20071286397934787,6403881.681889051,357198.1724167003,-2493.3718859118635
3,52,42836.39851495717,11.410898228128572,3680.4510042066318,370261535796382900000,1085539996649.6022,1,0.00008588550281682829,0,20.906997551792337,617464.0969525941,1232116.964577102,12.835958162394101,0.20071286397934787,6403878.4816336315,357565.1966342795,-2510.551850063295
3,52.1,42853.6606509015,11.372406027591232,3668.349896913231,367784605057679950000,1081902946829.2191,1,0.00008631514687031783,0,21.01189547125384,627910.0957484877,1216963.3500428775,12.688216098568615,0.20071286397934787,6403875.5476272805,357931.01780730404,-2527.746710105318
3,52.2,42871.142493478954,11.334335891454733,3656.386802943916,365292488151023500000,1078231216752.589,1,0.00008675466261827073,0,21.117057543368126,638474.0000574999,1202039.4815167387,12.54173195324092,0.20071286397934787,6403872.874861752,358295.6494832534,-2544.956048148304
3,52.300000000000004,42888.839591003954,11.296684450211691,3644.560550026278,362785308012320700000,1074524632965.1085,1,0.00008720417279931319,0,21.22248377325568,649156.2190043335,1187341.4331965998,12.396501785377787,0.20071286397934787,6403870.458393752,358659.10510136484,-2562.1794554438893
3,52.400000000000006,42906.747554400004,11.259448337425757,3632.86996957132,360263113000753700000,1070782905388.9188,1,0.00008766380577835619,0,21.32817415608335,659957.1552678684,1172865.3253564797,12.252521139313629,0.20071286397934787,6403868.293344231,359021.39799279475,-2579.4165322375516
3,52.5,42924.86205645464,11.22262419145103,3621.3138971557078,357725875677129500000,1067005623380.0225,1,0.0000881336956663856,0,21.434128689532063,670877.2051103787,1158607.3250135677,12.109785074512276,0.20071286397934787,6403866.374897634,359382.54138083116,-2596.666887621892
3,52.6,42943.178831009194,11.186208657063412,3609.8911729761185,355173491868048160000,1063192252069.2775,1,0.00008861398244653401,0,21.540347381317503,681916.7584069812,1144563.6464999013,11.968288194285057,0.20071286397934787,6403864.698301156,359742.5483811527,-2613.9301393907213
3,52.7,42961.69367219508,11.150198387000827,3598.6006422766636,352605780048068500000,1059342129038.3883,1,0.00008910481210952385,0,21.646830226213005,693076.198675291,1130730.5519259756,11.828024673106373,0.20071286397934787,6403863.258864021,360101.4320021352,-2631.2059138940426
3,52.800000000000004,42980.40243366081,11.114590043419573,3587.441155750704,350022481066305000000,1055454461374.5348,1,0.00008960633679732546,0,21.75357722156597,704355.903105248,1117104.351552787,11.688988282779334,0.20071286397934787,6403862.051956708,360459.20514519967,-2648.4938458940096
3,52.900000000000006,42999.301027770154,11.079380299271321,3576.4115699181375,347423258247791640000,1051528323154.1565,1,0.00009011871495476036,0,21.860588371178558,715756.2425890941,1103681.4040816918,11.551172417563446,0.20071286397934787,6403861.073010201,360815.880605201,-2665.7935784219408
3,53,43018.38542482443,11.044565839600965,3565.5107474791316,344807697892364300000,1047562653396.1356,1,0.00009064211149075144,0,21.967863674529124,727277.5817514721,1090458.1168588516,11.414570118119633,0.20071286397934787,6403860.317515236,361171.47107085516,-2683.1047626364593
3,53.1,43037.65165227186,11.010143362770869,3554.73755764541,342175310195727100000,1043556254528.494,1,0.00009117669794855982,0,22.07540312705029,738920.2789796223,1077430.9460062066,11.27917409444786,0.20071286397934787,6403859.781021546,361525.98912520235,-2700.4270576828226
3,53.2,43057.095793938264,10.97610958161268,3544.0908764500386,339525530612601500000,1039507791406.5872,1,0.00009172265268629965,0,22.18320673257412,750684.686453652,1064596.3964784443,11.144976747738742,0.20071286397934787,6403859.459137079,361879.4472461037,-2717.760130553505
3,53.300000000000004,43076.713989217766,10.942461224513295,3533.5695870367203,336857721680307400000,1035415790919.4393,1,0.00009228016106640113,0,22.291274496153797,762571.1501768577,1051951.0220611254,11.01197019139196,0.20071286397934787,6403859.347527256,362231.85780676984,-2735.10365595008
3,53.400000000000006,43096.50243230816,10.909195036432898,3523.172579929403,334171175315990600000,1031278642214.0363,1,0.0000928494156567802,0,22.399606411869502,774580.0100060756,1039491.4253005148,10.880146270946542,0.20071286397934787,6403859.4419142,362583.2330763199,-2752.457316146463
3,53.5,43116.45737142861,10.87630777986171,3512.898753283186,331465115599409200000,1027094597566.3744,1,0.00009343061644242599,0,22.508202477219584,786711.5996820413,1027214.2573799716,10.749496583177717,0.20071286397934787,6403859.738075979,362933.585220368,-2769.8208008535526
3,53.6,43136.57510804199,10.843796235716775,3502.74701311734,328738702046750440000,1022861773919.1299,1,0.0000940239710484895,0,22.617062693144856,798966.2468597379,1015116.2179432949,10.620012494318676,0.20071286397934787,6403860.231845833,363282.926301636,-2787.1938070853025
3,53.7,43156.85199607257,10.81165720418193,3492.716273531252,325991033380650750000,1018578155106.2915,1,0.00009462969497509821,0,22.72618706352302,811344.273138715,1003194.0548704426,10.491685157473857,0.20071286397934787,6403860.9191114195,363631.26828059094,-2804.576039026278
3,53.800000000000004,43177.284441135824,10.77988750549242,3482.805456904023,323221151793191850000,1014241594773.0383,1,0.00009524801184492448,0,22.835575587961976,823845.9940933585,991444.5640065421,10.36450552920053,0.20071286397934787,6403861.7958140625,363978.6230161059,-2821.9672079007196
3,53.900000000000006,43197.86889978405,10.74848398066666,3473.0134940785592,320428047696848200000,1009849819997.1973,1,0.00009587915366421927,0,22.945228262558096,836471.7193030961,979864.5888472121,10.238464385281226,0.20071286397934787,6403862.857947994,364325.00226614135,-2839.3670318431396
3,54,43218.6018787371,10.717443492189007,3463.3393245308534,317610664953501600000,1005400435611.9247,1,0.00009652336109700021,0,23.055145090455664,849221.7523825201,968451.0201883087,10.11355233582047,0.20071286397934787,6403864.1015595915,364670.41768844664,-2856.7752357704767
3,54.1,43239.4799341131,10.686762924644984,3453.7818965251226,314767906566535640000,1000890929222.1075,1,0.00009718088375347039,0,23.165326069288376,862096.3910114144,957200.7957406996,9.989759839645357,0.20071286397934787,6403865.522746645,365014.8808412807,-2874.1915512558435
3,54.2,43260.49967069924,10.656439185308862,3444.3401672554596,311898640816818500000,996318676901.1631,1,0.00009785198049464334,0,23.27577119788127,875095.9269646672,946110.899706687,9.867077217908898,0.20071286397934787,6403867.117657596,365358.4031841485,-2891.615716403863
3,54.300000000000004,43281.65774117969,10.626469204690423,3435.0131029747226,309001707818987600000,991680949548.7662,1,0.0000985369197513323,0,23.38648048435984,888220.6461420602,935178.3623338453,9.745494667196786,0.20071286397934787,6403868.882490804,365700.9960785547,-2909.0474757276356
3,54.400000000000006,43302.95084540639,10.596849937037904,3425.7996791111477,306075926469884440000,986974919883.5188,1,0.00009923597986099073,0,23.497453919990026,901470.8285979154,924400.2594352564,9.625002271883352,0.20071286397934787,6403870.81349382,366042.67078877124,-2926.486580027324
3,54.5,43324.37572967447,10.567578360801402,3416.698880373376,303120101756624040000,982197670038.3193,1,0.00009994944942210211,0,23.60869150795744,914846.7485705911,913773.7118846215,9.505590015890297,0.20071286397934787,6403872.906962632,366383.43848261744,-2943.932786270387
3,54.6,43345.929185969755,10.53865147906035,3407.7097008444734,300133032388966900000,977346199722.3269,1,0.00010067762766592611,0,23.720193249315468,928348.6745118133,903295.8850934502,9.38724779397667,0.20071286397934787,6403875.159240951,366723.31023225404,-2961.3858574734554
3,54.7,43367.60805125721,10.510066319912745,3398.8311440653497,297113518716075970000,972417434906.6476,1,0.00010142082484884866,0,23.831959141662086,941976.8691158312,892963.9884616331,9.269965422362528,0.20071286397934787,6403877.5667194985,367062.2970149876,-2978.845562585871
3,54.800000000000004,43389.40920677595,10.481819936830155,3390.062223108245,294060370883919380000,967408236985.1764,1,0.00010217936266529546,0,23.943989188770395,955731.5893483846,882775.274808832,9.153732648822837,0.20071286397934787,6403880.125835267,367400.4097140844,-2996.3116763748703
3,54.900000000000006,43411.32957730256,10.45390940898194,3381.401960640739,290972417189246630000,962315412361.9398,1,0.00010295357468097754,0,24.056283386956682,969613.0864754766,872727.0397941954,9.038539162393224,0.20071286397934787,6403882.83307083,367737.6591195947,-3013.7839793124376
3,55,43433.36613047402,10.426331841525265,3372.849388980675,287848512580456150000,957135722407.4716,1,0.00010374380679082216,0,24.168841737981985,983621.6060919387,862816.6213121309,8.924374602421164,0.20071286397934787,6403885.684953627,368074.0559291844,-3031.262257463815
3,55.1,43455.515876076184,10.399084365867735,3364.4035501425983,284687547257681150000,951865893730.3003,1,0.00010455041769962208,0,24.281664240176983,997757.3881497788,853041.3988800981,8.811228567280953,0.20071286397934787,6403888.678055269,368409.6107489746,-3048.746302377665
3,55.2,43477.77586536575,10.372164139900189,3356.0634958760315,281488455318407350000,946502628699.8308,1,0.00010537377942914954,0,24.394750895345645,1012020.6669863075,843398.7930094542,8.699090622558304,0.20071286397934787,6403891.808990841,368744.3340943871,-3066.2359109778918
3,55.300000000000004,43500.14319037646,10.345568348203809,3347.828287696075,278250223399284670000,941042616164.086,1,0.0001062142778514416,0,24.508101704678797,1026411.67135203,833886.2645681818,8.58795030887837,0.20071286397934787,6403895.074418223,369078.2363909959,-3083.730885457109
3,55.400000000000006,43522.614983256906,10.319294202230264,3339.696996906684,274971899261610260000,935482542300.424,1,0.00010707231325156127,0,24.621716665712036,1040930.6244382992,824501.3141295635,8.47779714924836,0.20071286397934787,6403898.471037412,369411.32797538384,-3101.2310331717435
3,55.5,43545.18841560278,10.29333894045823,3331.668704617054,271652600267833080000,929819101536.7911,1,0.00010794830092016657,0,24.73559578029984,1055577.7439047205,815241.4813135567,8.368620656048366,0.20071286397934787,6403901.995589838,369743.61909600324,-3118.736166538786
3,55.6,43567.86069778819,10.267699828527176,3323.7425017514643,268291521701500600000,924049007489.2761,1,0.00010884267177782114,0,24.84973904745704,1070353.2419063048,806104.3441211593,8.2604103376722,0.20071286397934787,6403905.644857713,370075.1199140397,-3136.2461029341516
3,55.7,43590.62907832768,10.242374159347873,3315.9174890528902,264887944878729500000,918169003853.8381,1,0.00010975587303422199,0,24.96414647110472,1085257.3251203592,797087.5182580157,8.153155704738458,0.20071286397934787,6403909.415663356,370405.84050427936,-3153.7606645926603
3,55.800000000000004,43613.49084321689,10.217359253193644,3308.1927770808147,261441245008330260000,912175875204.8608,1,0.00011068836888238188,0,25.07881804686587,1100290.194773115,788188.6564558923,8.046846276046514,0.20071286397934787,6403913.304868561,370735.7908559783,-3171.2796785096316
3,55.900000000000006,43636.44331531692,10.192652457769762,3300.567486203433,257950898753798640000,906066457645.7549,1,0.0001116406412325785,0,25.193753775944582,1115452.0466660806,779405.4477831181,7.9414715840949865,0.20071286397934787,6403917.309373934,371064.98087373324,-3188.8029763440527
3,56,43659.48385370895,10.168251148266222,3293.0407465847193,254416491458806380000,899837649270.4614,1,0.00011261319048550558,0,25.308953660846953,1130743.0712021221,770735.6169556245,7.837021180399674,0.20071286397934787,6403921.426118263,371393.4203783532,-3206.330394323337
3,56.1,43682.60985307861,10.144152727391337,3285.611698166486,251277968447981060000,894270154176.0226,1,0.00011360653634958312,0,25.424417699156248,1146163.4534112618,762176.9236403357,7.733484640444719,0.20071286397934787,6403925.652077894,371721.11910773267,-3223.8617731496447
3,56.2,43705.8187431097,10.120354625388435,3278.279490645813,249147939862305540000,890471821015.5947,1,0.0001146212187043905,0,25.54014588992752,1161713.3729761895,753727.1617545702,7.630851568343113,0.20071286397934787,6403929.984266096,372048.0867177233,-3241.3969579077534
3,56.300000000000004,43729.10798787512,10.096854300037206,3271.0432834481194,246995206176989280000,886616466110.7467,1,0.0001156577985126504,0,25.65613823658979,1177393.0042574902,745384.1587637025,7.529111601255058,0.20071286397934787,6403934.41973245,372374.33278300706,-3258.9357979744636
3,56.400000000000006,43752.47508523241,10.07364923663997,3263.9022456960893,244818059958172900000,882700264204.1633,1,0.00011671685878423342,0,25.772394738153892,1193202.5163185722,737145.7749763783,7.4282544135535735,0.20071286397934787,6403938.955562239,372699.8667979661,-3276.478146929521
3,56.5,43775.91756624356,10.050736947992785,3256.855556174696,242614823944720800000,878719364360.0826,1,0.00011779900559650116,0,25.88891539645356,1209142.0729503068,729009.9028348232,7.328269720692241,0.20071286397934787,6403943.58887585,373024.69817755406,-3294.0238624680474
3,56.6,43799.432994593866,10.028114974343522,3249.9024032926027,240383859298166150000,874669901634.455,1,0.00011890486917358354,0,26.00570020918851,1225211.8326953636,720974.4662042314,7.229147282860766,0.20071286397934787,6403948.316828182,373348.83625816315,-3311.572806314457
3,56.7,43823.01896601729,10.005780883337255,3243.0419850401454,238123573720095200000,870548008634.2091,1,0.00012003510502888073,0,26.12274917764301,1241411.9488722468,713037.4196603704,7.130876908416765,0.20071286397934787,6403953.1366080465,373672.29029849084,-3329.124844137836
3,56.800000000000004,43846.67310771998,9.983732269950035,3236.2735089441,235832429396326480000,866349826904.7867,1,0.00012119039517465598,0,26.24006230085241,1257742.569599029,705196.7477767898,7.033448457128233,0.20071286397934787,6403958.045437602,373995.069480403,-3346.679845468781
3,56.900000000000006,43870.393077839166,9.961966756409845,3229.5961920194068,233508950731647160000,862071518093.4596,1,0.00012237144940516073,0,26.357639581350636,1274203.8378167758,697450.4644063791,6.936851843129346,0.20071286397934787,6403963.040571773,374317.18290979485,-3364.2376836176645
3,57,43894.176564878784,9.94048199210851,3223.009260718136,231151731838014880000,857709274834.6599,1,0.000123579006655465,0,26.47548101556697,1290795.8913126667,689796.611965854,6.841077037768585,0.20071286397934787,6403968.119297691,374638.63961744885,-3381.798235594323
3,57.1,43918.0212871721,9.919275653502462,3216.5119508757834,228759443744261670000,853259331313.0878,1,0.0001248138364438155,0,26.593586606693968,1307518.8627428033,682233.2607158903,6.746114072212993,0.20071286397934787,6403973.2789341295,374959.44855988864,-3399.3613820291353
3,57.2,43941.92499234434,9.898345444004393,3210.103507655123,226330841296126940000,848717973461.8812,1,0.00012607674040205515,0,26.71195635463655,1324372.8796547083,674758.5080407868,6.651953039895317,0.20071286397934787,6403978.516830959,375279.61862022954,-3416.927007095483
3,57.300000000000004,43965.88545678649,9.877689093865852,3203.783185487775,223864769719531900000,844081548760.5951,1,0.00012736855390097805,0,26.830590261332826,1341358.0645095138,667370.4777259587,6.558584098780313,0.20071286397934787,6403983.830368601,375599.15860902495,-3434.4949984335685
3,57.400000000000006,43989.90048512723,9.857304360051911,3197.550248013656,221360170822774520000,839346475602.7146,1,0.00012869014777676816,0,26.949488325148867,1358474.534703835,660067.3192349868,6.465997473495033,0.20071286397934787,6403989.216957493,375918.0772651089,-3452.065247075574
3,57.5,44013.96790973563,9.83718902610674,3191.4039680184173,218816088816995530000,834509252209.0079,1,0.00013004243016771525,0,27.068650544596753,1375722.4025913328,652847.2069813447,6.374183457238999,0.20071286397934787,6403994.67403756,376236.38325643353,-3469.6376473721393
3,57.6,44038.08559019491,9.817340902013807,3185.343627369116,216231675737375000000,829566465068.4933,1,0.00013142634846598716,0,27.188076923573295,1393101.7755039604,645708.339603131,6.283132413649291,0.20071286397934787,6404000.199077686,376554.0851809023,-3487.2120969201433
3,57.7,44062.25141281728,9.797757824047318,3179.3685169481314,213606196452109250000,824514796897.0676,1,0.00013284289139703026,0,27.307767459927067,1410612.755772897,638648.939230445,6.192834778431058,0.20071286397934787,6404005.789575214,376871.19156719843,-3504.788496491771
3,57.800000000000004,44086.46329015121,9.778437654618058,3173.4779365855484,210939033248814240000,819351034108.3344,1,0.00013429309123344,0,27.42772216041115,1428255.4407491684,631667.2507520278,6.103281060896572,0.20071286397934787,6404011.443055416,377187.71087560756,-3522.3667499648345
3,57.900000000000006,44110.71916048974,9.759378282113572,3167.6711949901187,208229689992582820000,814072073799.4807,1,0.00013577802615401453,0,27.547941014374505,1446029.9228239516,624761.5410795417,6.014461845394986,0.20071286397934787,6404017.157071018,377503.65149883594,-3539.946764254345
3,58,44135.01698740572,9.740577620731692,3161.947609678869,205477795853363740000,808674930261.3121,1,0.00013729882276081016,0,27.668424032949947,1463936.2894485674,617930.098405267,5.926367792567025,0.20071286397934787,6404022.929201673,377819.0217628226,-3557.5284492453047
3,58.1,44159.35475926008,9.722033610310588,3156.306506905538,202683108604091900000,803156741028.5568,1,0.00013885665876312806,0,27.789171206172657,1481974.6231541587,611171.2314604284,5.838989640579253,0.20071286397934787,6404028.757053511,378133.82992754626,-3575.111717726707
3,58.2,44183.73048876971,9.703744216151353,3150.7472215878665,199845517493382900000,797514772491.0428,1,0.0001404527658471638,0,27.910182540226533,1500145.0015710562,604483.2687611633,5.752318206105826,0.20071286397934787,6404034.638258629,378448.08418782614,-3592.6964853267173
3,58.300000000000004,44208.14221251849,9.68570742883936,3145.269097233961,196965045702239130000,791746425097.4862,1,0.00014208843273853146,0,28.03145803831155,1518447.497447833,597864.5578581268,5.666344385381866,0.20071286397934787,6404040.570474622,378761.7926741172,-3610.2826704490194
3,58.400000000000006,44232.58799052425,9.667921264058906,3139.8714858676763,194041852394503830000,785849238184.563,1,0.00014376500848070425,0,28.152997694142666,1536882.1786700478,591313.4645728642,5.58105915502501,0.20071286397934787,6404046.551384134,379074.9634532998,-3627.870194210319
3,58.5,44257.06590579916,9.650383762404825,3134.553747953233,191076234375411400000,779820894473.7155,1,0.00014548390594285385,0,28.27480151315653,1555449.1082786776,584828.3722291163,5.496453572801481,0.20071286397934787,6404052.578694372,379387.6045294618,-3645.4589803789554
3,58.6,44281.57406390272,9.63309298919124,3129.3152523191097,188068627374063520000,773659224282.1593,1,0.00014724660557591655,0,28.396869490990692,1574148.3444882426,578407.680878278,5.412518778342496,0.20071286397934787,6404058.650136672,379699.72384467616,-3663.0489553146404
3,58.7,44306.11059251893,9.61604703425623,3124.155376081275,185019606968126370000,767362209500.9813,1,0.0001490546594399227,0,28.51920163447269,1592979.940704624,572049.8065135428,5.329245993730253,0.20071286397934787,6404064.763466033,380011.3292797709,-3680.640047909276
3,58.800000000000004,44330.67364102416,9.599244011764341,3119.0735045658716,181929889169921280000,760927987396.9199,1,0.00015090969552311302,0,28.641797940095998,1611943.9455425728,565753.1802764876,5.24662652404804,0.20071286397934787,6404070.916460691,380322.4286550938,-3698.2321895288437
3,58.900000000000006,44355.26138008293,9.582682060005318,3114.0690312313786,178800330695049670000,754354854300.9037,1,0.00015281342238067125,0,28.764658409005257,1631040.40284292,559516.2476496103,5.164651757798621,0.20071286397934787,6404077.1069216775,380633.0297312692,-3715.8253139563512
3,59,44379.87200122792,9.566359341191568,3109.1413575903907,175631928933827840000,747641269247.6307,1,0.00015476763411744718,0,28.887783041253943,1650269.3516894788,553337.4676398877,5.083313167311945,0.20071286397934787,6404083.332672386,380943.14020994975,-3733.419357335803
3,59.1,44404.50371645484,9.550274041252965,3104.28989313102,172425821646929950000,740785857636.3488,1,0.0001567742157472752,0,29.011171838699234,1669630.8264256488,547215.3119475906,5.002602309063452,0.20071286397934787,6404089.5915581575,381252.7677345602,-3751.0142581171954
3,59.2,44429.15475782938,9.534424369629356,3099.5140552379885,169183286404655350000,733787414982.9749,1,0.0001588351489622418,0,29.134824798501477,1689124.856670719,541148.2641192854,4.922510823914233,0.20071286397934787,6404095.881445859,381561.9198910355,-3768.6099570025062
3,59.300000000000004,44453.82337709237,9.518808559061794,3094.813269113517,165905739788752300000,726644910837.3469,1,0.00016095251834769258,0,29.258741922525946,1708751.4673358789,535134.8186854862,4.843030437313595,0.20071286397934787,6404102.2002234645,381870.6042085515,-3786.2063968926527
3,59.400000000000006,44478.50784526393,9.50342486538243,3090.1869676979986,162594736372462780000,719357492937.6222,1,0.00016312851808371272,0,29.382923212929732,1728510.6786399283,529173.4802810759,4.764152959464057,0.20071286397934787,6404108.545799671,382178.82816024986,-3803.8035228354297
3,59.5,44503.20645228587,9.488271567301533,3085.634591590548,159251967491867870000,711924491673.865,1,0.00016536545918163372,0,29.507368666742266,1748402.5061246995,523262.762740995,4.685870285349753,0.20071286397934787,6404114.91610348,382486.5991639541,-3821.4012819743753
3,59.6,44527.91750662215,9.47334696619572,3081.1555889695082,155879259817777950000,704345424930.501,1,0.00016766577729848057,0,29.632078287365484,1768426.9606701871,517401.18818077113,4.608174394840878,0.20071286397934787,6404121.309083812,382793.924582881,-3838.999623498567
3,59.7,44552.63933490217,9.458649385893192,3076.7494155128597,152478573732561260000,696620003372.8154,1,0.00017003204119208387,0,29.757052075388966,1788584.0485093915,511587.28604737954,4.53105735265472,0.20071286397934787,6404127.7227091165,383100.8117263439,-3856.5984985933305
3,59.800000000000004,44577.37028155662,9.444177172458902,3072.4155343186812,149052001510712840000,688748136236.398,1,0.00017246696187393488,0,29.882290031376844,1808873.7712428756,505819.59214536654,4.45451130830809,0.20071286397934787,6404134.154966994,383407.2678504495,-3874.1978603918346
3,59.900000000000006,44602.10870845895,9.429928693978963,3068.1534158256427,145601765296476520000,680729937672.0824,1,0.00017497340252918827,0,30.007792153251522,1829296.1258530405,500096.647633706,4.37852849602903,0.20071286397934787,6404140.603863815,383713.30015878746,-3891.797663927565
3,60,44626.852994568646,9.415902340344667,3063.962537733588,142130214864112500000,672565733686.859,1,0.00017755438927944257,0,30.133558442204624,1849851.1047181208,494416.9979911135,4.303101234640019,0.20071286397934787,6404147.067424355,384018.9158031129,-3909.3978660876505
3,60.1,44651.60153559502,9.402096523035366,3059.842384924229,138639825139794700000,664256069710.661,1,0.00018021312287501908,0,30.25958890377186,1870538.6956259022,488779.1919439652,4.228221927366943,0.20071286397934787,6404153.543691417,384324.12188402255,-3926.998425567036
3,60.2,44676.35274363682,9.388509674902503,3055.792449382022,135133193456167470000,655801718803.8853,1,0.00018295299140670305,0,30.385883532983502,1891358.8817871648,483181.78036002745,4.153883061690914,0.20071286397934787,6404160.03072549,384628.92545162333,-3944.5993028234857
3,60.300000000000004,44701.10504687112,9.375140249951258,3051.812230115173,131613036502883880000,647203690504.1722,1,0.00018577758415062678,0,30.51244233127163,1912311.6418488575,477623.3150934112,4.080077209056216,0.20071286397934787,6404166.526604377,384933.3335061941,-3962.200460033381
3,60.400000000000006,44725.856889198534,9.361986723124627,3047.9012330769333,128082186928364670000,638463240291.4061,1,0.0001886907066547881,0,30.639265299195795,1933396.949907,472102.3477905057,4.006797024674989,0.20071286397934787,6404173.029422854,385237.3529988404,-3979.801861048327
3,60.5,44750.60672993306,9.349047590085496,3044.0589710870668,124543589541374900000,629581879630.9877,1,0.00019169639720989523,0,30.766352435967733,1954614.7755193235,466617.42863929254,3.934035247204032,0.20071286397934787,6404179.537292327,385540.9908321426,-3997.4034713525307
3,60.6,44775.353043473326,9.336321367000101,3040.28496375363,121000297053186440000,620561386530.2938,1,0.00019479894484696826,0,30.893703744296676,1975965.0837176477,461167.1050665995,3.8617846984574635,0.20071286397934787,6404186.048340483,385844.253860796,-4015.0052580209394
3,60.7,44800.09431898501,9.323806590321352,3036.5787373950166,117455465297070000000,611403816523.6595,1,0.00019800290903325033,0,31.021319224811233,1997447.835019997,455749.9203734759,3.7900382830805435,0.20071286397934787,6404192.560710961,386147.14889224514,-4032.6071896781377
3,60.800000000000004,44824.8290600935,9.311501816572228,3032.939824962306,113912347855636170000,602111513971.87,1,0.00020131314125621048,0,31.149198876761414,2019062.985442466,450364.41230291675,3.718788988189108,0.20071286397934787,6404199.072563034,386449.682687311,-4050.209236457962
3,60.900000000000006,44849.55578458123,9.299405622129603,3029.3677659619593,110374290026527180000,592687123543.8297,1,0.00020473480870941552,0,31.277342704867916,2040810.4865108284,445009.1115342468,3.648029882990233,0.20071286397934787,6404205.582071261,386751.86196080974,-4067.8113699638507
3,61,44874.27302407473,9.287516603009294,3025.8621063788664,106844722054687210000,583133601719.1464,1,0.00020827342032078504,0,31.40575070495152,2062690.2852718988,439682.54009926174,3.57775411842293,0.20071286397934787,6404212.087425185,387053.6933821668,-4085.4135632298817
3,61.1,44898.97932375595,9.275833374650638,3022.4223985997332,103327151563151930000,573454228131.7649,1,0.00021193485540314393,0,31.534422878388867,2084702.3243046505,434383.20970690396,3.507954926733547,0.20071286397934787,6404218.586829014,387355.1835760222,-4103.015790682518
3,61.2,44923.67324206885,9.26435457170218,3019.0482013368583,99825155119064530000,563652616554.1067,1,0.00021572539523603544,0,31.66335922444419,2106846.5417310894,429109.61997204955,3.4386256210599186,0.20071286397934787,6404225.078501308,387656.33912282984,-4120.618028103008
3,61.300000000000004,44948.35335043259,9.253078847807929,3015.7390795523092,96342368879424590000,553732725303.6477,1,0.00021965175793649326,0,31.792559747147077,2129122.8712268914,423860.2565369154,3.3697595949974137,0.20071286397934787,6404231.560674671,387957.1665594494,-4138.220252590469
3,61.400000000000006,44973.01823295001,9.242004875394807,3012.4946043825103,92882478273141330000,543698866843.6471,1,0.0002237211370235176,0,31.92202444656133,2151531.242031805,418633.58907593554,3.301350322175793,0.20071286397934787,6404238.0315954555,388257.67237973225,-4155.822442525605
3,61.5,44997.66648613475,9.231131345460092,3009.3143530632115,89449206689610700000,533555716340.2178,1,0.0002279412441449189,0,32.05175332114256,2174071.578959826,413428.06916833454,3.2333913557899603,0.20071286397934787,6404244.489523462,388557.8630350991,-4173.4245775350655
3,61.6,45022.29671864025,9.221820760882725,3006.1979088549115,86046242413493760000,523308134210.4651,1,0.00022865041249715628,0,32.181746377158234,2196743.8024091376,411505.32291279704,3.216690095347468,0.20071286397934787,6404250.933382253,388857.7425299933,-4191.026638293884
3,61.7,45046.90805462096,9.212700046989173,3003.097131035152,82677282943813660000,512961332040.8955,1,0.00022898399845504197,0,32.31200360616904,2219548.062710649,409934.35533229285,3.205381291646833,0.20071286397934787,6404257.362821768,389157.3121877747,-4208.628606016907
3,61.800000000000004,45071.50018146075,9.20361078107004,3000.006955968304,79346023685590910000,502520883125.75464,1,0.0002293182976893588,0,32.44252501163054,2242484.5338044106,408372.20707969024,3.1941248567458227,0.20071286397934787,6404263.777561986,389456.57307418535,-4226.2304621144385
3,61.900000000000006,45096.07284111064,9.194552816326073,2996.9273355406585,76056148701040540000,491992741490.42896,1,0.0002296533086600766,0,32.57331059556457,2265553.389008102,406818.816928147,3.1829205163110537,0.20071286397934787,6404270.1773244925,389755.5262501008,-4243.832188175801
3,62,45120.625777076,9.185526006749502,2993.858221893354,72976841447173450000,481930110895.6244,1,0.00022998902981391766,0,32.7043603593469,2288754.8010198334,405274.12415764283,3.171767997717167,0.20071286397934787,6404276.561832464,390054.17277155473,-4261.433765967773
3,62.1,45145.15873440076,9.176530207118844,2990.7995674207746,71237989871154500000,476153914176.70935,1,0.00023032545958410675,0,32.835674302272615,2312088.9419209394,403738.0685503331,3.1606670300368114,0.20071286397934787,6404282.930810656,390352.51368976326,-4279.035177433045
3,62.2,45169.67145965528,9.167565272993796,2987.7513247689662,69470799724971440000,470210886350.0621,1,0.00023066259639017032,0,32.96725242699152,2335555.9831787543,402210.5903859056,3.149617344029999,0.20071286397934787,6404289.283985395,390650.55005115,-4296.636404688687
3,62.300000000000004,45194.163700925186,9.158631060710183,2984.7134468340573,67677361069888240000,464101784742.45734,1,0.0002310004386377469,0,33.099094732833564,2359156.0956493826,400691.63043697603,3.1386186721333633,0.20071286397934787,6404295.621084562,390948.2828973702,-4314.237430024634
3,62.400000000000006,45218.63520780392,9.149727427375009,2981.6858867606966,65859974874151860000,457827958889.9304,1,0.0002313389847184477,0,33.23120122124556,2382889.449580458,399181.12996448524,3.127670748448795,0.20071286397934787,6404301.941837589,391245.71326533525,-4331.8382359021725
3,62.5,45243.085731377825,9.14085423086138,2978.668597940489,64021141259407490000,451391354113.24115,1,0.00023167823300961342,0,33.36357189006775,2406756.21461389,397679.03071323055,3.1167733087335368,0.20071286397934787,6404308.245975452,391542.8421872363,-4349.438804952456
3,62.6,45267.51502422523,9.132011329803733,2975.661534010451,62163544843284095000,444794508245.68677,1,0.00023201818187426347,0,33.49620674404678,2430756.5597885977,396185.2749072797,3.1059260903877517,0.20071286397934787,6404314.533230644,391839.67069056863,-4367.03911997502
3,62.7,45291.92284038756,9.123198583592615,2972.664648851475,60290037870427750000,438040543224.13806,1,0.00023235882966065566,0,33.629105781791274,2454890.65354324,394699.805245763,3.0951288324473842,0.20071286397934787,6404320.803337184,392136.1997981556,-4384.63916393632
3,62.800000000000004,45316.3089353824,9.114415852370186,2969.6778965868016,58403621679385870000,431133152840.30945,1,0.00023270017470242773,0,33.762269001120224,2479158.663718926,393222.56489821273,3.0843812755692817,0.20071286397934787,6404327.056030594,392432.43052817177,-4402.2389199682675
3,62.900000000000006,45340.67306617182,9.105662997025036,2966.7012315805046,56507426940702745000,424076587623.4885,1,0.00023304221531811494,0,33.895696406314016,2503560.757561921,391753.4975004782,3.0736831620247114,0.20071286397934787,6404333.291047897,392728.36389416724,-4419.838371366797
3,63,45365.01499116793,9.096939879187598,2963.734608435975,54604693014547825000,416875637566.70233,1,0.00023338494981118657,0,34.02938800151377,2528097.1017263434,390292.54715024127,3.063034235686012,0.20071286397934787,6404339.508127594,393024.0009050901,-4437.437501590433
3,63.1,45389.33447020687,9.088246361225155,2960.777981994437,52698746710296930000,409535613206.92926,1,0.0002337283764696372,0,34.163343781698934,2552767.862276841,388839.65840295685,3.0524342420192268,0.20071286397934787,6404345.707009674,393319.34256531054,-4455.036294258871
3,63.2,45413.63126455806,9.079582306237356,2957.831307333447,50792980681181880000,402062325414.70294,1,0.00023407249356607494,0,34.29756374969214,2577573.2046912704,387394.7762674117,3.0418829280702218,0.20071286397934787,6404351.88743559,393614.3898746434,-4472.634733151571
3,63.300000000000004,45437.90513690282,9.070947578051335,2954.89453976542,48890831650271715000,394462064127.9008,1,0.0002344172993573758,0,34.432047904822696,2602513.293863354,385957.8462016937,3.031380042456582,0.20071286397934787,6404358.049148251,393909.1438283716,-4490.232802206368
3,63.400000000000006,45462.15585132316,9.062342041217017,2951.9676348361622,46995758638597700000,386741576178.48895,1,0.00023476279208448065,0,34.56679624636589,2627588.294105336,384528.81410908204,3.0209253353576955,0.20071286397934787,6404364.191892019,394203.6054172685,-4507.8304855180895
3,63.5,45486.38317329995,9.053765561002585,2949.0505483234133,45111221347286240000,378908042293.9541,1,0.00023510896997232372,0,34.70180877565513,2652798.369150622,383107.6263338724,3.0105185585031773,0.20071286397934787,6404370.315412688,394497.7756276209,-4525.427767337177
3,63.6,45510.5868696915,9.045218003389667,2946.1432362353908,43240658833260970000,370969053310.2765,1,0.000235455831229481,0,34.83708549687564,2678143.6821564087,381694.2296574665,3.000159465164967,0.20071286397934787,6404376.419457483,394791.6554412517,-4543.02463206834
3,63.7,45534.766708733514,9.036699235068914,2943.2456548093555,41387468608803990000,362932585598.52637,1,0.00023580337404812367,0,34.97262640919461,2703624.395706308,380288.5712942608,2.989847810145564,0.20071286397934787,6404382.503775051,395085.2458355419,-4560.6210642691985
3,63.800000000000004,45558.92246002983,9.028209123435435,2940.357760510176,39554986287857800000,354806975678.89734,1,0.00023615159660383733,0,35.108431512098306,2729240.6718129558,378890.59888767824,2.9795833497680535,0.20071286397934787,6404388.568115446,395378.5477834535,-4578.217048648957
3,63.900000000000006,45583.05389453471,9.019747536584147,2937.479510028911,37746465894367470000,346600893965.9,1,0.00023650049705531957,0,35.24450080828307,2754992.6719206125,377500.2605063435,2.9693658418677353,0.20071286397934787,6404394.612230126,395671.56225355127,-4595.812570067073
3,64,45607.16078455374,9.011314343305438,2934.610860281393,35965060937649414000,338323317543.7645,1,0.00023685007354434464,0,35.3808342963063,2780880.5569077544,376117.50464007683,2.959195045780407,0.20071286397934787,6404400.6358719375,395964.29021002474,-4613.40761353195
3,64.10000000000001,45631.242903726175,9.002909413080586,2931.751768406829,34213806344179270000,329983501795.58923,1,0.00023720032419545823,0,35.517431975516665,2806904.4870896535,374742.28019614844,2.949070722334144,0.20071286397934787,6404406.638795115,396256.73261271056,-4631.002164199631
3,64.2,45655.30002702307,8.99453261607741,2928.9021917664,32495601310742594000,321590950577.492,1,0.00023755124711590024,0,35.65429385076244,2833064.6222209474,373374.5364953838,2.9389926338382293,0.20071286397934787,6404412.620755257,396548.8904171134,-4648.59620737251
3,64.3,45679.33193072677,8.986183823145733,2926.0620879418852,30813193106578866000,313155384404.05554,1,0.00023790284039525595,0,35.79141992125416,2859361.121498201,372014.2232685286,2.9289605440755846,0.20071286397934787,6404418.581509332,396840.76457442855,-4666.189728498056
3,64.4,45703.33839243371,8.977862905813161,2923.2314147342795,29169161797673075000,304686705745.412,1,0.0002382551021054445,0,35.92881018778859,2885794.1435624566,370661.290652378,2.9189742182910097,0.20071286397934787,6404424.520815664,397132.35603156296,-4683.782713167538
3,64.5,45727.31919104047,8.969569736280672,2920.410130162427,27565905792181040000,296194959975.64215,1,0.00023860803030046325,0,36.066464651550234,2912363.846501774,369315.6891861404,2.909033423182538,0.20071286397934787,6404430.438433924,397423.6657311563,-4701.375147114767
3,64.60000000000001,45751.27410673443,8.961304187418305,2917.598192461667,26005628011958200000,287690289699.6664,1,0.0002389616230161977,0,36.20438331556958,2939070.3878537603,367977.36980778596,2.899137926892053,0.20071286397934787,6404436.334125118,397714.6946116034,-4718.967016214859
3,64.7,45775.2029209882,8.95306613276092,2914.7955600824816,24490322391039377000,279182879103.6766,1,0.00023931587827028626,0,36.342566173428665,2965913.9246080937,366646.2838503859,2.8892874989952504,0.20071286397934787,6404442.207651587,398005.4436070737,-4736.558306482987
3,64.8,45799.105416546576,8.944855446503869,2912.002191689152,23021760306700370000,270682883656.73532,1,0.00023967079406187364,0,36.48101323207356,2992894.613209034,365322.38303857617,2.8794819104930403,0.20071286397934787,6404448.058776983,398295.91364753357,-4754.149004073158
3,64.9,45822.98137741536,8.936672003498757,2909.2180461584358,21601476502348382000,262200339117.71582,1,0.00024002636837139001,0,36.619724488931965,3020012.6095579206,364005.61948503804,2.869720933802696,0.20071286397934787,6404453.88726628,398586.10565876693,-4771.739095277001
3,65,45846.830588866025,8.928515679249424,2906.4430825782356,20230754119447953000,253745042722.4726,1,0.00024038259916056513,0,36.75869994367437,3047268.0690156706,362695.94568683,2.860004342746192,0.20071286397934787,6404459.692885749,398876.0205623952,-4789.328566522555
3,65.10000000000001,45870.65283741243,8.920386349907584,2903.677260246294,18910608690423490000,245326399239.93918,1,0.0002407394843720264,0,36.89793960143042,3074661.1464052554,361393.31452207913,2.85033191254367,0.20071286397934787,6404465.475402953,399165.659275899,-4806.91740437308
3,65.2,45894.44791080151,8.912283892268636,2900.9205386688764,17641771424594629000,236953226099.60855,1,0.0002410970219291012,0,37.037443459933336,3102191.996014177,360097.67924654,2.840703419804402,0.20071286397934787,6404471.234586747,399455.0227126378,-4824.505595525868
3,65.3,45918.2155980207,8.90420818376783,2898.172877559485,16424672884292016000,228633515920.13156,1,0.00024145520973587226,0,37.1772115206463,3129860.771596931,358808.993490009,2.8311186425148978,0.20071286397934787,6404476.970207263,399744.11178187106,-4842.093126811069
3,65.4,45941.9556892775,8.896159102475973,2895.4342368375637,15259429168441913000,220374162256.59555,1,0.00024181404567681213,0,37.31724378492025,3157667.6263774587,357527.2112530814,2.8215773600320255,0.20071286397934787,6404482.682035901,400032.9273887781,-4859.679985190525
3,65.5,45965.66797599103,8.8881365270954,2892.7045766272204,14145833859902110000,212180665422.61697,1,0.00024217352761659856,0,37.457540254163256,3185612.7130515934,356252.28690381016,2.8120793530740515,0.20071286397934787,6404488.369845321,400321.4704344778,-4877.266157756617
3,65.60000000000001,45989.35225078743,8.880140336955975,2889.983857255955,13083359987870611000,204056849009.09198,1,0.00024253365339998434,0,37.59810092987511,3213696.1837894944,354984.1751743544,2.802624403711085,0.20071286397934787,6404494.033409442,400609.74181604956,-4894.851631731118
3,65.7,46013.00830749143,8.872170412011114,2887.2720392533965,12071176738777737000,196004632042.02478,1,0.00024289442085161133,0,37.73892580706709,3241918.190238074,353722.83115770394,2.793212295356247,0.20071286397934787,6404499.672503424,400897.7424265525,-4912.436394464053
3,65.8,46036.63594111707,8.864226632833773,2884.569083350046,11108185216285673000,188023913071.86472,1,0.00024325582777580846,0,37.88001489273502,3270278.883523412,352468.2103044476,2.783842812757078,0.20071286397934787,6404505.286903663,401185.4731550454,-4930.020433432575
3,65.9,46060.23494786024,8.856308880612541,2881.8749504760367,10193075893711213000,180112626523.11603,1,0.0002436178719564176,0,38.02136818471495,3298778.414253166,351220.2684195548,2.7745157419866913,0.20071286397934787,6404510.87638779,401472.93488660647,-4947.603736239858
3,66,46083.80512508936,8.848417037147671,2879.1896017598847,9324407449814161000,172267024299.36606,1,0.0002439805511565899,0,38.16298568386705,3327416.9325189656,349978.96165920515,2.765230870435279,0.20071286397934787,6404516.440734654,401760.1285023529,-4965.186290613975
3,66.10000000000001,46107.346271339804,8.840550984847246,2876.5129985272683,8500702720241794000,164482214650.832,1,0.0002443438631186382,0,38.30486739558081,3356194.5878988057,348744.2465276158,2.755987986801084,0.20071286397934787,6404521.979724312,402047.05487945996,-4982.768084406803
3,66.2,46130.858186300844,8.832710606723232,2873.8451022998015,7720553210447434000,156752956509.32483,1,0.0002447078055637739,0,38.44701331713845,3385111.5294594225,347516.07987397775,2.7467868810827025,0.20071286397934787,6404527.493138035,402333.7148911808,-5000.3491055929435
3,66.3,46154.34067081474,8.824895786387746,2871.18587479382,6982719972283557000,149074665484.7718,1,0.0002450723761920297,0,38.58942344799308,3414167.9057586677,346294.4188892918,2.7376273445693493,0.20071286397934787,6404532.980758293,402620.1094068656,-5017.929342268633
3,66.4,46177.79352686927,8.817106408049243,2868.5352779191744,6286216682379200000,141444545322.12228,1,0.00024543757268208203,0,38.73209778863681,3443363.864847868,345079.2211033068,2.7285091698323227,0.20071286397934787,6404538.442368738,402906.23929197993,-5035.508782650676
3,66.5,46201.21655758098,8.809342356508605,2865.893273778034,5630361276839220000,133862725091.06487,1,0.0002458033926909263,0,38.875036344758335,3472699.5542741804,343870.4443815928,2.719432150718169,0.20071286397934787,6404543.877754211,403192.1054081247,-5053.087415075384
3,66.60000000000001,46224.609567193314,8.801603517155467,2863.259824663697,5014785781675486000,126333265907.87802,1,0.0002461698338537834,0,39.018239111441545,3502175.1210829327,342668.04692247877,2.7103960823392903,0.20071286397934787,6404549.286700731,403477.70861305436,-5070.665227997519
3,66.7,46247.97236107569,8.793889775964566,2860.6348930594017,4439399650109166600,118864906280.07964,1,0.00024653689378402113,0,39.16170609285279,3531790.7118199626,341471.9872540095,2.7014007610644795,0.20071286397934787,6404554.668995478,403763.04976069607,-5088.242209989255
3,66.8,46271.304745703936,8.786201019491886,2858.018441637161,3904308966324545500,111471442096.95534,1,0.00024690457007278275,0,39.30543728980844,3561546.4725339417,340282.22423114156,2.692445984512746,0.20071286397934787,6404560.024426795,404048.129701168,-5105.818349739142
3,66.9,46294.60652865656,8.778537134871002,2855.410433256589,3409700893124236300,104171680965.94028,1,0.0002472728602888622,0,39.44943270154383,3591442.5487786946,339098.71703278815,2.6835315515444393,0.20071286397934787,6404565.35278418,404332.94928079797,-5123.393636051076
3,67,46317.87751861382,8.770898009809537,2852.8108309637437,2955708285201794000,96988962802.88966,1,0.00024764176197862386,0,39.59369233076083,3621479.085615506,337921.42515886755,2.674657262251981,0.20071286397934787,6404570.653858275,404617.5093421416,-5140.968057843281
3,67.10000000000001,46341.11752534285,8.763283532585408,2850.219597989975,2542272353177505000,89950289997.28151,1,0.00024801127266570026,0,39.73821617825295,3651656.227615423,336750.3084275314,2.6658229179530544,0.20071286397934787,6404575.927440859,404901.81072400144,-5158.54160414731
3,67.2,46364.32635969389,8.755693592043288,2847.6366977507837,2169021142042057000,83085152846.75262,1,0.00024838138985086697,0,39.88300424331699,3681974.118861545,335585.32697230065,2.6570283211819348,0.20071286397934787,6404581.173324849,405185.8542614443,-5176.114264107031
3,67.3,46387.50383359287,8.748128077590993,2845.062093844678,1835178569858695400,76424163720.8137,1,0.000248752111011856,0,40.02805652454653,3712432.9029513085,334426.4412392671,2.6482732756815173,0.20071286397934787,6404586.3913042825,405469.6407858197,-5193.686026977641
3,67.4,46410.64976003673,8.740586879195995,2842.495750052053,1539513636435995100,69997624323.35477,1,0.0002491234336032153,0,40.173373031082036,3743032.722998759,333273.6119842978,2.6395575863949405,0.20071286397934787,6404591.581174307,405753.1711247776,-5211.25688212468
3,67.5,46433.76395307295,8.733069887381665,2839.9376303340637,1280333283038916000,63834145360.156944,1,0.0002494953550559114,0,40.318953754529815,3773773.7216368206,332126.8002704333,2.6308810594599543,0.20071286397934787,6404596.742731191,406036.4461022868,-5228.82681902306
3,67.60000000000001,46456.846227816306,8.725576993224129,2837.38769883151,1055516439506604200,57959420078.11703,1,0.000249867872777531,0,40.464798699719616,3804656.0410195515,330985.9674649134,2.6222435021970067,0.20071286397934787,6404601.875772306,406319.4665386522,-5246.395827256095
3,67.7,46479.89640042279,8.718108088348497,2834.8459198637356,862582000263347300,52395226995.102,1,0.00025024098415179304,0,40.610907867335776,3835679.822824391,329851.07523669273,2.6136447231046978,0.20071286397934787,6404606.980096108,406602.23325053236,-5263.963896514536
3,67.8,46502.91428808123,8.710663064925386,2832.312257927523,698780414866222500,47158707389.51121,1,0.0002506146865383437,0,40.757281259563605,3866845.2082544053,328722.08555378974,2.6050845318522535,0.20071286397934787,6404612.055502156,406884.7470509579,-5281.531016595626
3,67.9,46525.89970902633,8.70324181566778,2829.7866776960077,561197428700666900,42261933935.713745,1,0.0002509889772728981,0,40.90391887703453,3898152.3380405167,327598.960680436,2.596562739268455,0.20071286397934787,6404617.101791079,407167.0087493479,-5299.097177402155
3,68,46548.85248250794,8.695844233827248,2827.2691440175836,446859066371992770,37711761400.61744,1,0.0002513638536666721,0,41.05082072255445,3929601.352443728,326481.66317471565,2.5880791573380186,0.20071286397934787,6404622.118764593,407449.01915152796,-5316.662368941522
3,68.10000000000001,46571.77242880128,8.688470213190831,2824.7596219148363,352828771971584450,33509930499.626568,1,0.00025173931300647893,0,41.19798679058712,3961192.391257339,325370.15588579903,2.5796335991911246,0.20071286397934787,6404627.106225484,407730.7790597471,-5334.226581324815
3,68.2,46594.65936920233,8.681119648077672,2822.258076583461,276290162785393470,29653382642.214897,1,0.0002521153525545841,0,41.345417083882985,3992925.5938091557,324264.40195135446,2.5712258790955076,0.20071286397934787,6404632.063977591,408012.2892726952,-5351.789804765878
3,68.3,46617.51312599797,8.673792433335365,2819.764473391209,214611594632635170,26134736232.430737,1,0.0002524919695481466,0,41.49311160945327,4024801.0989636867,323164.3647952594,2.5628558124528515,0.20071286397934787,6404636.9918258125,408293.55058551976,-5369.35202958041
3,68.4,46640.33352248091,8.66648846433694,2817.278777876829,165391263345254940,22942873619.854607,1,0.00025286916119939115,0,41.64107036385263,4056819.045124338,322070.0081248567,2.5545232157877087,0.20071286397934787,6404641.889576099,408574.563789843,-5386.913246185056
3,68.5,46663.120382939465,8.659207636977499,2814.8009557490104,126483609652308910,20063590541.552223,1,0.00025324692469537024,0,41.789293347778916,4088979.570235596,320981.29592850344,2.5462279067406928,0.20071286397934787,6404646.757035443,408855.32967377856,-5404.473445096509
3,68.60000000000001,46685.873532646336,8.651949847670886,2812.33097288535,96009231906312640,17480265641.398346,1,0.00025362525719770795,0,41.937780561254584,4121282.8117852,319898.1924731574,2.5379697040619247,0.20071286397934787,6404651.594011874,409135.84902194847,-5422.032616930619
3,68.7,46708.59279785678,8.64471499334651,2809.8687953313115,72351341172039310,15174515149.300724,1,0.0002540041558424981,0,42.08653200965624,4153728.9068063153,318820.662301886,2.5297484276029323,0.20071286397934787,6404656.400314447,409416.1226154992,-5439.5907524015165
3,68.8,46731.27800579276,8.637502971445945,2807.4143892991965,54142096810945600,13126805975.56503,1,0.00025438361773996867,0,42.23554768906935,4186317.9918796867,317748.67023154744,2.5215638983109585,0.20071286397934787,6404661.175753246,409696.1512321194,-5457.147842320734
3,68.9,46753.92898465227,8.63031367991999,2804.9677211671246,40242061695255550,11317008492.9845,1,0.00025476363997456594,0,42.384827603521195,4219050.203135794,316682.1813502321,2.5134159382191377,0.20071286397934787,6404665.920139372,409975.93564605515,-5474.703877596336
3,69,46776.54556358885,8.623147017225248,2802.5287574780164,29715649228067532,9724877560.632147,0,0.0002551442196045402,0,2.2879304556716336,2.9991278593498563,315621.16101503966,2.505304370441674,0.20071286397934787,6404670.633284939,410255.47662812687,-5492.258849232063
4,69.10000000000001,46799.12757271901,8.616002882321176,2800.097464938585,0.0000000062799950417650314,0.004470655249764813,0,0.0002555253536619992,0,0.988061878484022,1.5273553444647008,314565.5748495874,2.497229019164449,0.20071286397934787,6404675.315003059,410534.7749457454,-5509.812748326474
4,69.2,46821.67484309338,8.608881174666607,2797.6738104183364,0.000000006279995002047766,0.004470655235627683,0,0.0002559070391523495,0,0.8553150494109393,1.0895315958146883,313515.38874192093,2.4891897096416984,0.20071286397934787,6404679.965107843,410813.8313629286,-5527.365566072104
4,69.3,46844.18720671255,8.601781794216945,2795.257760948571,0.000000006279995036706062,0.004470655247964102,0,0.0002562892730544905,0,0.694649967129213,0.9219447634865873,312470.56884198,2.481186268185324,0.20071286397934787,6404684.583414406,411092.64664031647,-5544.917293754625
4,69.4,46866.664496520534,8.594704641421075,2792.8492837213958,0.0000000062799952391478635,0.00447065532002208,0,0.000256672052320634,0,0.7058103871946051,0.8535150619040843,311431.08155932254,2.4732185221579934,0.20071286397934787,6404689.169738839,411371.2215351883,-5562.467922752006
4,69.5,46889.10654638242,8.587649617218032,2790.448346088746,0.000000006279995737084696,0.004470655497259787,0,0.00025705537387585157,0,0.6103417286925853,0.8186865707882389,310396.89356103487,2.4652862999688927,0.20071286397934787,6404693.72389822,411649.55680147756,-5580.017444533706
4,69.60000000000001,46911.51319109276,8.580616623034166,2788.054915561403,0.000000006279996827447576,0.004470655885368059,0,0.000257439234618145,0,0.4894315332066044,0.7907341578928178,309367.9717693428,2.4573894310644406,0.20071286397934787,6404698.2457106,411927.65318978834,-5597.565850659831
4,69.7,46933.88426636346,8.573605560779997,2785.6689598080297,0.000000006279999009367016,0.0044706566620093865,0,0.00025782363141816706,0,0.35035186725496853,0.7610313480164029,308344.28335945966,2.4495277459224676,0.20071286397934787,6404702.734994992,412205.5114474104,-5615.113132780341
4,69.8,46956.21960881259,8.566616332847154,2783.290446654209,0.000000006280054737053181,0.004470676497904132,0,0.00025820856111895735,0,0.361751540195894,0.7285309564771167,307325.79575744533,2.4417010760462636,0.20071286397934787,6404707.191571382,412483.1323183355,-5632.659282634239
4,69.9,46978.51905597467,8.559648842105577,2780.9193440814797,0.000000006280325428424138,0.004470772847423415,0,0.0002585940205360454,0,0.39750794947948015,0.6945316598384831,306312.47663786425,2.4339092539551745,0.20071286397934787,6404711.615260708,412760.5165432724,-5650.204292048771
4,70,47000.78244627826,8.55270299190034,2778.555620226396,0.000000006280853099658029,0.004470960660037675,0,0.0002589800064569945,0,0.6567451099205099,0.6605575047126224,305304.29392180435,2.426152113180606,0.20071286397934787,6404716.005884863,413037.66485966265,-5667.74815293864
4,70.10000000000001,47023.00961905345,8.545778686048862,2776.1992433795785,0.000000006281784001434361,0.004471291974187963,0,0.0002593665156414574,0,0.930630249603258,0.6277310127854883,304301.2157746065,2.4184294882571833,0.20071286397934787,6404720.363266681,413314.57800169534,-5685.290857305213
4,70.2,47045.200414511375,8.538875828837783,2773.8501819847797,0.000000006283269027493806,0.004471820454052882,0,0.0002597535448207488,0,1.35874979718487,0.5967194515368353,303303.2106039044,2.4107412147185325,0.20071286397934787,6404724.687229939,413591.2567003231,-5702.832397235748
4,70.3,47067.35467375256,8.531994325020223,2771.508404637946,0.000000006285541731291825,0.004472629125815375,0,0.0002601410906979181,0,0.7207154613834474,0.5678435699701447,302310.2470573855,2.403087129088405,0.20071286397934787,6404728.977599341,413867.7016832762,-5720.372764902622
4,70.4,47089.472238749266,8.525134079812744,2769.1738800863013,0.00000000628885020426329,0.004473806082909722,0,0.0002605291499473696,0,0.4754384586923327,0.5411968201783867,301322.2940208439,2.3954670688760964,0.20071286397934787,6404733.234200537,414143.91367507906,-5737.9119525625665
4,70.5,47111.55295236036,8.518294998892761,2766.8465772274217,0.000000006296071939298727,0.00447637406998852,0,0.0002609177192150507,0,0.07434469669234393,0.5167365988827288,300339.3206159181,2.387880872566637,0.20071286397934787,6404737.456860079,414419.8933970637,-5755.449952555901
4,70.60000000000001,47133.59665829223,8.5114769883952,2764.5264651083266,0.000000006304984435125185,0.0044795412476243066,0,0.0002613067951176944,0,0.20257071434526663,0.49434665739521577,299361.2961983985,2.3803283796197636,0.20071286397934787,6404741.645405453,414695.6415673858,-5772.986757305786
4,70.7,47155.60320112761,8.504679954910165,2762.2135129245676,0.000000006315969801858843,0.004483441969965616,0,0.000261696374243254,0,0.47218135543894624,0.47387523292862943,298388.1903558634,2.372809430457951,0.20071286397934787,6404745.79966505,414971.15890103875,-5790.522359317478
4,70.8,47177.572426300496,8.497903805479835,2759.907690019332,0.000000006329470630786317,0.004488231247985248,0,0.00026208645315038963,0,0.4304436927969843,0.45515825298902957,297419.9729058858,2.3653238664632266,0.20071286397934787,6404749.919468166,415246.44610986876,-5808.056751177582
4,70.9,47199.504180092365,8.491148447595707,2757.6089658825476,0.0000000063485299530331135,0.004494983656745866,0,0.0002624770283683296,0,0.3532099466395862,0.438032300824054,296456.61389403837,2.3578715299705792,0.20071286397934787,6404754.004645006,415521.50390258955,-5825.589925553322
4,71,47221.39830963593,8.484413789195923,2755.317310149987,0.000000006371065080451327,0.004502954423099431,0,0.0002628680963968657,0,0.19957338688910933,0.42234150741371157,295498.0835918436,2.3504522642601913,0.20071286397934787,6404758.055026662,415796.3329847963,-5843.121875191813
4,71.10000000000001,47243.254662895575,8.47769973866234,2753.0326926023945,0.0000000064001960384750785,0.00451323730126803,0,0.0002632596537059339,0,0.17960693584117227,0.4079411083183879,294544.35249498056,2.343065913553502,0.20071286397934787,6404762.070445123,416070.93405898067,-5860.652592919334
4,71.2,47265.07308867853,8.471006204817998,2750.7550831646013,0.000000006433864429576429,0.004525092729044914,0,0.0002636516967357431,0,0.08075341948837246,0.3946987190067122,293595.39132119616,2.335712323004355,0.20071286397934787,6404766.050733262,416345.3078245451,-5878.1820716406155
4,71.3,47286.85343661811,8.464333096924257,2748.4844519046555,0.000000006475204781410633,0.00453960728631358,0,0.0002640442218964048,0,0.2830396823525262,0.3824945757510209,292651.17100851977,2.328391338694685,0.20071286397934787,6404769.995724829,416619.4549778169,-5895.710304338126
4,71.4,47308.595557168126,8.45768032467808,2746.2207690329606,0.000000006522136261048012,0.004556028839447222,0,0.00026443722556776213,0,0.44470105143750654,0.3712210214395193,291711.6627133822,2.3211028076284705,0.20071286397934787,6404773.905254453,416893.37621206243,-5913.23728407137
4,71.5,47330.2993016066,8.451047798209489,2743.964004901412,0.000000006577772519154134,0.004575419887803886,0,0.0002648307040993869,0,0.7005476912339728,0.36078166352009955,290776.83780866076,2.3138465777242248,0.20071286397934787,6404777.779157631,417167.07221750147,-5930.763003976186
4,71.60000000000001,47351.96452202182,8.44443542807875,2741.7141300025405,0.00000000664257689544725,0.004597903221453516,0,0.0002652246538102578,0,0.3674069078703709,0.3510905138571797,289846.6678819164,2.3066224978103755,0.20071286397934787,6404781.617270725,417440.54368132114,-5948.2874572640585
4,71.7,47373.59107131045,8.437843125273792,2739.471114968668,0.000000006711587221077715,0.0046217255222760914,0,0.00026561907098865737,0,0.1936966855000509,0.34207103027703134,288921.1247335316,2.2994304176187508,0.20071286397934787,6404785.419430955,417713.7912876897,-5965.810637221424
4,71.8,47395.17880317662,8.43127080120764,2737.2349305710627,0.000000006790359116490968,0.004648768311755033,0,0.00026601395189208604,0,0.11286988504506977,0.3336551613973304,288000.1803748543,2.292270187777981,0.20071286397934787,6404789.185476403,417986.81571777083,-5983.332537208998
4,71.9,47416.72757212166,8.42471836771572,2735.0055477191017,0.000000006878977815153017,0.004679004737961523,0,0.0002664092927470079,0,0.1931104654884755,0.3257825432747074,287083.80702645273,2.2851416598084056,0.20071286397934787,6404792.9152459875,418259.6176497368,-6000.853150661082
4,72,47438.237233434804,8.418185737053195,2732.7829374594367,0.000000006971944938074492,0.004710516233530372,0,0.0002668050897486107,0,0.2803654732370016,0.3183996802273484,286171.977116377,2.278044686116876,0.20071286397934787,6404796.608579483,418532.1977587829,-6018.372471084913
