d_temp,t,altitude,plasma_freq,gnss_denied,nav_err,mach,speed,ne_peak,heat_flux
#units,K,s,m,rad/s,-,m,-,m/s,m^-3,W/m2
0,0.1,90000,1593.2929449498824,0,1.6355275824786042,28.06162717827291,7691.6920095646055,797.6423514553105,375255.2534115586
0,0.2,89874.4881680021,1931.1852087460463,0,1.198215747200378,28.06198174033224,7691.789195025068,1171.8304846486985,379477.71204571053
0,0.30000000000000004,89748.97270242777,2335.2725135705073,0,0.8735244235537124,28.062331504182417,7691.885065296401,1713.531427904257,383747.6096178364
0,0.4,89623.45366491377,2818.112851556719,0,1.141118007750671,28.06267636052735,7691.9795904205475,2495.3628195202377,388065.47162393376
0,0.5,89497.93111845758,3394.621876093614,0,1.370578282992547,28.063016197604373,7692.072739763359,3620.7600949164885,392431.82906993723
0,0.6000000000000001,89372.40512745734,4082.5082830204433,0,0.32264083526782944,28.063350901128928,7692.16448199944,5236.861497843493,396847.21851770725
0,0.7000000000000001,89246.87575771753,4902.788743422969,0,0.7003906298040579,28.063680354237864,7692.254785096599,7552.71852226412,401312.1821322262
0,0.8,89121.34307650384,5880.396834841242,0,0.8745611698110434,28.06400443743158,7692.343616299997,10865.01197273407,405827.2677270294
0,0.9,88995.8071525665,7044.929164102242,0,0.9025651968091265,28.064323028514803,7692.430942115908,15594.45495720474,410393.12643310026
0,1,88870.26805618219,8432.327391832427,0,1.1739764184800634,28.064636002414478,7692.516728261809,22341.47586527471,415013.0791793963
0,1.1,88744.72585919313,10083.599234341369,0,1.4524710045546612,28.064943227755045,7692.600938727658,31948.324884736852,419684.8981451226
0,1.2000000000000002,88619.18063505925,12048.087560515292,0,1.8705096863336992,28.06524457371748,7692.683537655962,45609.27504280303,424409.15530509606
0,1.3,88493.63245887216,14384.254869441202,0,1.028971739452792,28.065539906531264,7692.76448838022,65011.72326862824,429186.428527809
0,1.4000000000000001,88368.08140738308,17161.354330945425,0,0.5896846388518432,28.065829089408222,7692.843753406794,92537.98860944962,434017.30162135314
0,1.5,88242.52755904105,20461.406315904787,0,0.20950002362413156,28.066111982474883,7692.921294396366,131549.10509210805,438902.36437875923
0,1.6,88116.97099403851,24381.53653581109,0,0.13545887433023038,28.06638844270329,7692.997072144972,186783.74644994317,443842.21262283175
0,1.7000000000000002,87991.41179434396,29036.641443054767,0,0.36907036781205255,28.066658323840343,7693.071046564639,264916.9232114316,448837.3464460613
0,1.8,87865.85004375037,34561.295163271105,0,0.5521894687354268,28.066921476474267,7693.143176701597,375315.8944653252,453887.07117087394
0,1.9000000000000001,87740.28582788724,41117.663057493264,0,0.2172683478516973,28.06717774962171,7693.213421171311,531219.2271007355,458993.3716655191
0,2,87614.7192342747,48896.322487225516,0,0.2306536260481905,28.06742698700815,7693.281737138935,751223.7897160244,464156.86775780027
0,2.1,87489.15035238396,58122.83364100264,0,0.3044975930312118,28.067669028838502,7693.348080804634,1061476.777241283,469378.1855182186
0,2.2,87363.57927366346,69064.15271121025,0,0.2604249544253307,28.06790371171834,7693.412407381998,1498726.2545751173,474657.9573035976
0,2.3000000000000003,87238.00609159842,82036.22439927777,0,0.47130938950030754,28.0681308685735,7693.474671075997,2114600.193754145,479996.82179890084
0,2.4000000000000004,87112.4309017472,97412.97087695428,0,0.6411641972206037,28.068350328567853,7693.534825060449,2981607.801068402,485395.4240595461
0,2.5,86986.85380179714,115638.02962718932,0,0.8832643200757473,28.06856191701931,7693.592821454993,4201634.83457031,490854.7227390094
0,2.6,86861.27489160653,137245.5803312175,0,0.5102718965084928,28.06876545485633,7693.6486111761205,5918527.566772572,496377.73221980507
0,2.7,86735.69427328091,162848.64781669405,0,0.2475632029195274,28.068960755422548,7693.702143061321,8332690.526989295,501962.51985639246
0,2.8000000000000003,86610.11205122992,193182.19839270663,0,0.1875395684356245,28.06914763177299,7693.753365868977,11726033.940389568,507609.7576894593
0,2.9000000000000004,86484.52833217662,229116.19263528305,0,0.2043217706898394,28.069325892755124,7693.80222720418,16494095.562480675,513320.1243457244
0,3,86358.94322522916,271680.3703292582,0,0.2254518929509555,28.069495342914976,7693.848673492996,23191746.754428647,519094.3050751596
0,3.1,86233.35684191715,322093.56073552,0,0.4056034723593826,28.069655782401377,7693.892649956218,32597254.55873257,524932.9917890333
0,3.2,86107.76929625962,381798.32701912965,0,0.20923153656545848,28.069807006867936,7693.934100582502,45802056.803720824,530836.8830957029
0,3.3000000000000003,85982.18070481997,451925.94148371776,0,0.16810948315629345,28.067357783815044,7693.972968100952,64172872.831992775,536753.3130227214
0,3.4000000000000004,85856.5911862012,530745.85607987,0,0.10003603819149712,28.04924208559104,7694.009217780844,88509556.15568341,542408.9050392197
0,3.5,85731.00085771456,623211.6167454947,0,0.1799966346166886,28.031140595070443,7694.042938052654,122036015.39170885,548123.5845333522
0,3.6,85605.40983581915,731673.911175753,0,0.1683952059292504,28.01305310616816,7694.074075219299,168210103.80498722,553897.9465125055
0,3.7,85479.81823939178,858885.5990774347,0,0.3329040289686161,27.99497940953038,7694.102574454243,231786202.86906606,559732.5911914275
0,3.8000000000000003,85354.2261897996,1008069.4864126656,0,0.5758429969766976,27.976919292469223,7694.128379778031,319299234.3938541,565628.1240098648
0,3.9000000000000004,85228.63381093368,1182997.1583105181,0,0.2872828152265027,27.95887253889043,7694.1514340343665,439728223.9876527,571585.155651127
0,4,85103.04122927506,1388080.5701491353,0,0.1431828614998889,27.940838929224178,7694.1716788656995,605405398.4173772,577604.3020581364
0,4.1000000000000005,84977.44857394416,1628009.7320427939,0,0.09942003578305644,27.922818240351937,7694.189054688327,832781238.2194809,583674.7753762391
0,4.2,84851.85597662441,1906612.3528908412,0,0.19683557060771445,27.90481026559867,7694.20350620502,1142198916.570615,589755.6975809128
0,4.3,84726.26357102953,2232537.420533488,0,0.265475171795944,27.886814868851726,7694.214997372962,1566081765.6257172,595899.2756536776
0,4.4,84600.67149305437,2613734.8037364786,0,0.38710937677667245,27.868831820274114,7694.223466103499,2146544916.8926258,602106.1265171104
0,4.5,84475.079881398,3059462.664820284,0,0.276314457497874,27.850860886307125,7694.228849018783,2941082821.5273347,608376.8721832416
0,4.6000000000000005,84349.48887762241,3580494.9020284545,0,0.24600922742219278,27.832901829594135,7694.231081425413,4028126106.564969,614712.1397619429
0,4.7,84223.89862622134,4189359.5277726795,0,0.1883410911070792,27.81495440890444,7694.2300972875955,5514576991.93378,621112.5614675403
0,4.800000000000001,84098.30927466322,4900612.183163207,0,0.1574628680390302,27.797018379051483,7694.225829199722,7546014053.086041,627578.7746254201
0,4.9,83972.72097347118,5729837.966944756,0,0.05224063140145363,27.77912084986006,7694.218208358447,10315769286.815958,634097.6963597842
0,5,83847.13387610298,6691984.983148463,0,0.1815831254370631,27.761332634719196,7694.207171771995,14071061279.273792,640633.4414760218
0,5.1000000000000005,83721.54813841637,7813325.618378939,0,0.39769482261211114,27.743554849231757,7694.192674683792,19181774737.80213,647235.6063662017
0,5.2,83595.9639188489,9119558.133606412,0,0.4646760495071231,27.72578723683254,7694.174645343423,26131511515.954464,653904.8293878381
0,5.300000000000001,83470.38137908839,10640366.042864893,0,0.26930292874556455,27.708029536713738,7694.153010529395,35573785002.01106,660641.7537984421
0,5.4,83344.80068411957,12409999.419536123,0,0.20093990278246723,27.690281483737103,7694.1276955195535,48390539195.28106,667447.027752211
0,5.5,83219.22200230975,14467933.76667735,0,0.19466474793654112,27.672542808349917,7694.098624060937,65770321193.00254,674321.3042929681
0,5.6000000000000005,83093.6455054665,16859615.553636212,0,0.14866755838673493,27.654813236495198,7694.065718339039,89312505621.77359,681265.2413468569
0,5.7,82968.07136891037,19631864.180145573,0,0.3342007541531363,27.6371241860499,7694.02889894651,121098850440.71866,688261.8613489233
0,5.800000000000001,82842.49977132306,22829866.08511391,0,0.2322738785974306,27.61953647678709,7693.98809494915,163765971907.267,695276.8465907351
0,5.9,82716.93089409824,26534668.621850163,0,0.13462706952259373,27.60195684769465,7693.943254300229,221230130516.16153,702362.0707165389
0,6,82591.36492163036,30823309.4667745,0,0.16981133460398612,27.584385011783393,7693.894294293403,298521401714.1566,709518.1904611596
0,6.1000000000000005,82465.8020420475,35783851.706630886,0,0.11516654131502616,27.566820677244813,7693.841130549331,402338052780.48157,716745.8671580141
0,6.2,82340.24244728126,41516834.19646071,0,0.2057583583890322,27.549263547355952,7693.78367698262,541583467104.3496,724045.7667191902
0,6.300000000000001,82214.68633315247,48136891.48392053,0,0.27792257624044603,27.531713320384565,7693.721845768161,728069808406.4352,731418.5596124885
0,6.4,82089.13389943633,55774559.925269425,0,0.3983771954164431,27.514169689489517,7693.655547306845,977438054773.2324,738864.9208373849
0,6.5,81963.58534996212,64551850.8758319,0,0.5076875632088854,27.496632342624004,7693.5846901906325,1309285436909.256,746364.1057118406
0,6.6000000000000005,81838.04089236725,74581337.77715473,0,0.3082669081981372,27.47910100990144,7693.509194469288,1747741815835.8086,753884.8228032731
0,6.7,81712.50073742121,86104699.39896008,0,0.14641297942421244,27.4615754888003,7693.428998775079,2329542557106.558,761479.6639670228
0,6.800000000000001,81586.96509937197,99331785.72570658,0,0.019940726405211714,27.4440554572378,7693.344007968328,3100226505533.678,769149.300927221
0,6.9,81461.43419674691,114499671.94220962,0,0.13172718955759413,27.426540587685263,7693.254125011837,4119318987034.1587,776894.4095759821
0,7,81335.90825244877,131875827.27042672,0,0.23961317381064143,27.40903054706545,7693.159250934118,5464461028114.027,784715.6699330943
0,7.1000000000000005,81210.38749385346,151761598.8239173,0,0.16052383582913382,27.391524996648048,7693.059284791982,7236702603482.894,792613.7661028542
0,7.2,81084.87215287797,174496034.17807826,0,0.19516807331954797,27.374023591939086,7692.954123632421,9567270674372.266,800589.3862299463
0,7.300000000000001,80959.36246607825,200401682.1896316,0,0.18558168457969962,27.356565515862197,7692.843662453851,12618846699971.076,808618.3720463596
0,7.4,80833.8586743651,229808531.5630058,0,0.16140690309653197,27.339193294845256,7692.727810889698,16593929257550.055,816673.3615869809
0,7.5,80708.36102225911,263292296.56248486,0,0.1434313119982752,27.321824025442538,7692.606496025196,21781773828737.445,824806.4306145546
0,7.6000000000000005,80582.86975831352,301377236.4826079,0,0.1886377865677458,27.30445734626286,7692.479608601634,28538939539917.48,833018.2618963353
0,7.7,80457.38513600826,344648564.95501775,0,0.3077835426310438,27.287092889770207,7692.34703721288,37322427920137.41,841309.5417835983
0,7.800000000000001,80331.90741384402,393758589.18733364,0,0.41381147364561244,27.269730282168783,7692.2086682646595,48716605483893.2,849680.9601485097
0,7.9,80206.43685542326,449433333.14630425,0,0.2361839908002267,27.252369143284188,7692.064385933119,63466931005802.58,858133.2103185013
0,8,80080.9737295853,512479662.68545675,0,0.10265981710954504,27.23500908644957,7691.914072122645,82522088334790.73,866666.9890035457
0,8.1,79955.51831046585,583602080.0288876,0,0.08078239632435404,27.217692559183245,7691.757606422985,107016465000146,875253.8427585392
0,8.200000000000001,79830.07087714504,663540928.5580919,0,0.15642753910068807,27.200454170219437,7691.594887313196,138341465281968.5,883869.4688268863
0,8.3,79704.63171281293,753676162.0170197,0,0.26269238192162264,27.183215570752402,7691.425829916634,178478742480457.9,892567.1155859273
0,8.4,79579.20110531896,855191755.0464121,0,0.24056969611753246,27.165976355063663,7691.250309055623,229796785478889.25,901347.4710071792
0,8.5,79453.77934813779,969392205.5573393,0,0.24991103689037128,27.148736110523856,7691.068197130437,295267730381647.3,910211.2258755527
0,8.6,79328.36674048565,1097712410.5510921,0,0.26132697558342505,27.131494417468353,7690.879364074427,378611749646250.56,919159.0736971683
0,8.700000000000001,79202.96358743496,1241728000.6212456,0,0.21558634282110117,27.11425084907034,7690.683677308396,484473345017891.2,928191.7106031764
0,8.8,79077.5702000102,1403166094.3385925,0,0.1899204195071561,27.09700497120917,7690.481001694202,618635877228661,937309.8352506491
0,8.9,78952.18689531833,1583255237.4129052,0,0.09895333117897384,27.07975634234103,7690.271199487622,787623754075832.5,946480.6316875025
0,9,78826.8139960533,1783365308.896525,0,0.2602017264922579,27.062504606317898,7690.054156726567,999303865575361.9,955682.774712882
0,9.1,78701.45182958338,2006641165.7699752,0,0.2718171710362505,27.045249463347627,7689.829775082784,1265191815544769.3,964970.8140499976
0,9.200000000000001,78576.10072862078,2255459075.490428,0,0.1336546600841901,27.027990457722073,7689.597911493835,1598405045219190,974345.4355556796
0,9.3,78450.76103230752,2532396417.863133,0,0.2101853271752726,27.010727126008888,7689.358420175415,2015024449127481.5,983807.3269059052
0,9.4,78325.43308633287,2840242642.506141,0,0.19778228988899474,26.9934589969149,7689.111152572233,2534707360184069,993357.1774708248
0,9.5,78200.11724305525,3182009863.3940673,0,0.27355733712432506,26.976185591147722,7688.855957308111,3181412491446008,1002995.6781845022
0,9.600000000000001,78074.81386163272,3560942882.1281924,0,0.2963439517253219,26.958906421276097,7688.592680135287,3984253420296729.5,1012723.5214088546
0,9.700000000000001,77949.52330814954,3979298854.9340367,0,0.3034260753041148,26.94166864648944,7688.32116388294,4975423496482097,1022504.0521174988
0,9.8,77824.2459550174,4439765738.788582,0,0.3390967622913288,26.92449463214133,7688.041280261696,6193512948036420,1032318.7260214578
0,9.9,77698.98217996862,4947895698.718765,0,0.3307685714900685,26.90731331852615,7687.752915468831,7692331843747929,1042223.0627460987
0,10,77573.73236685991,5507849315.816948,0,0.2910420050911475,26.89012419434321,7687.455906391494,9531934283214932,1052217.7372226226
0,10.100000000000001,77448.4969068626,6124043914.164101,0,0.25408305999696124,26.872926739676675,7687.150086869218,11784021642490386,1062303.424949793
0,10.200000000000001,77323.2761985967,6801153863.80148,0,0.12676073202362378,26.855720425848553,7686.835287640519,14533899042018734,1072480.8018292254
0,10.3,77198.07064827997,7544108017.465105,0,0.18362964662267584,26.838504715271267,7686.511336288702,17882685347189842,1082750.5439935334
0,10.4,77072.88066985458,8358083823.499832,0,0.1545161449319538,26.82127906129501,7686.178057186889,21949790713358920,1093113.3276302672
0,10.5,76947.70668513328,9244972599.851439,0,0.30302936705999767,26.804042908055248,7685.835271442223,26855187913414790,1103529.1292706889
0,10.600000000000001,76822.54912309349,10207929901.0286,1,0.3143348044321082,26.786795820960155,7685.482834353533,32741026927443284,1113981.316562165
0,10.700000000000001,76697.4084187597,11257134264.417788,1,0.32567239647452795,26.769537415261965,7685.120615051259,39817375506991800,1124526.752841356
0,10.8,76572.2850141339,12398445825.639122,1,0.33704363671829585,26.752267117662495,7684.748428026707,48300478854723180,1135166.0913264123
0,10.9,76447.17935952172,13637871675.950382,1,0.3484504144513501,26.734984345313507,7684.366084372488,58439990718675190,1145899.9842511746
0,11,76322.09191369638,14981531639.469305,1,0.3598949481645734,26.717688505661652,7683.973391724927,70522771349723660,1156729.0826531327
0,11.100000000000001,76197.02314403001,16435617908.534883,1,0.3713797343565019,26.700378996287082,7683.570154205732,84876802740579950,1167654.0361573796
0,11.200000000000001,76071.9735266678,18006348298.001972,1,0.38290750356962777,26.683055204745173,7683.156172362861,101875143122068300,1178675.4927496798
0,11.3,75946.94354667515,19694721489.68663,1,0.39448118261336157,26.66576561387444,7682.731243110577,121875560571352690,1189749.7431730705
0,11.4,75821.9336971892,21503655292.9748,1,0.40610386378585006,26.648527029054545,7682.295203818319,145291938485850500,1200860.2575518466
0,11.5,75696.94447814394,23445502366.01682,1,0.41777877854998613,26.631272326851214,7681.8479066467025,172717373264695600,1212067.2938014932
0,11.600000000000001,75571.9763973616,25525863285.99201,1,0.4295092749661907,26.614000865672413,7681.389141270641,204728270047156670,1223371.4698422938
0,11.700000000000001,75447.02997206524,27750045253.68362,1,0.4412987978640666,26.596711993381767,7680.918693594261,241960420340227070,1234773.4007129006
0,11.8,75322.1057290379,30122983583.84366,1,0.45315087214233457,26.579405047132145,7680.436345689506,285110301370463420,1246273.6983075512
0,11.9,75197.20420479309,32649160177.348392,1,0.46506908815737696,26.56207935319849,7679.941875734005,334935335683190340,1257872.9711043115
0,12,75072.32594575826,35332520398.74225,1,0.4770570884596941,26.544734226810068,7679.435057948149,392252911344570000,1269571.8238838287
0,12.100000000000001,74947.47150843032,38168227856.85948,1,0.48911855654008407,26.5274171095486,7678.915662531471,457742177611945150,1281325.1399289588
0,12.200000000000001,74822.64145844337,41154240033.281364,1,0.5012572067452669,26.510145382617587,7678.3835047035745,532164759200303600,1293114.9045122059
0,12.3,74697.83636911772,44302972808.182495,1,0.5134767749101653,26.49285220793428,7677.838417137208,616712395004675300,1305004.09327452
0,12.4,74573.05682267528,47615410399.16751,1,0.5257810104836651,26.475536868565527,7677.280162036121,712380466680804600,1316993.2732398296
0,12.5,74448.30341193639,51091655434.1055,1,0.5381736692207428,26.458198635996446,7676.708497440985,820194566897922700,1329083.0062659355
0,12.600000000000001,74323.57674050331,54730882947.34784,1,0.5506585064980698,26.440836769957816,7676.123177164661,941199846892702700,1341273.8487215387
0,12.700000000000001,74198.87742295302,58531308934.487434,1,0.5632392714480308,26.42345051825278,7675.52395072679,1076448883417691100,1353566.3511531728
0,12.8,74074.20608500764,62490176009.0679,1,0.5759197012035057,26.406039116578924,7674.910563287732,1226988337313778700,1365961.0579451984
0,12.9,73949.56336374953,66588627240.17175,1,0.5887035166077617,26.38860178835391,7674.282755581802,1393211538080315000,1378412.4857148794
0,13,73824.94990657363,70812964826.60155,1,0.6015944167161182,26.37113792757367,7673.640317155319,1575587384807692300,1390898.0792440749
0,13.100000000000001,73700.36636951845,75179216062.53983,1,0.6145960757141841,26.353647012769827,7672.983061519496,1775875535572879600,1403485.4831060616
0,13.200000000000001,73575.81341856997,79681175452.31976,1,0.6277121383448035,26.33612824487216,7672.3107206777795,1994933407801669600,1416175.1946919993
0,13.3,73451.29173164163,84311936871.923,1,0.6409462169998646,26.318580812192998,7671.62302206431,2233546876166165800,1428967.70350762
0,13.4,73326.80199874658,89064006142.70349,1,0.6543018884071117,26.30100389024719,7670.9196884767,2492420937943505000,1441863.4907870432
0,13.5,73202.34492221475,93929432725.43538,1,0.6677826901125191,26.283396641576015,7670.2004380082335,2772173054594358000,1454863.029091758
0,13.600000000000001,73077.92121690791,98899957584.79315,1,0.6813921192252627,26.265758215569257,7669.4649839795065,3073329676664492000,1467966.7818994033
0,13.700000000000001,72953.53161040414,103953294176.68597,1,0.6951336286837568,26.248129495848644,7668.713034869541,3395419601050746000,1481127.7717695842
0,13.8,72829.17684186623,109070738849.61314,1,0.7090106256778803,26.230537842554348,7667.944353450635,3737949666491802600,1494312.848673799
0,13.9,72704.8576598959,114267101021.11111,1,0.7230264702283585,26.212912623865158,7667.1587415305,4102601719305095700,1507601.313773996
0,14,72580.57482395787,119534694693.93184,1,0.7371844721249745,26.19525295244849,7666.35589850881,4489571497643011000,1520993.5716787963
0,14.100000000000001,72456.32910684962,124866324732.78168,1,0.7514878909815289,26.177557927329435,7665.5355188133835,4899001777416714000,1534490.0159369768
0,14.200000000000001,72332.12129489891,130255419490.61597,1,0.7659399329059215,26.159826633711706,7664.6972918318315,5330998283513954000,1548091.028579697
0,14.3,72207.95218818448,135696141687.61964,1,0.7805437512408328,26.142058142800476,7663.840901842819,5785647068059162000,1561796.979649067
0,14.4,72083.82260076422,141183472784.1363,1,0.795302443979821,26.124251511625012,7662.966027946914,6263032416795614000,1575608.226714672
0,14.5,71959.73336089496,146666932008.35535,1,0.8102190534313894,26.10490154135249,7662.072343997134,6758982995992682000,1589388.1756050398
0,14.600000000000001,71835.68530704174,152091079270.7082,1,0.8252965657743606,26.08239106887705,7661.159702592257,7268159049473804000,1602984.4334831354
0,14.700000000000001,71711.67927904148,157549125340.51178,1,0.8405379104047281,26.059856302275985,7660.228163280445,7799179787282859000,1616680.1039945039
0,14.8,71587.71612209082,163039604434.9168,1,0.8559459580035552,26.037296315975247,7659.277404151717,8352243840286702000,1630475.4404345148
0,14.9,71463.7966955863,168561746614.74863,1,0.8715235225536687,26.014710171788515,7658.307098270783,8927605362327130000,1644370.6821235209
0,15,71339.92187332734,174115393516.69254,1,0.8872733584458006,25.99209691877309,7657.316913615466,9525576657512737000,1658366.0539178941
0,15.100000000000001,71216.09254375007,179700897552.4221,1,0.9031981623660467,25.96945559309035,7656.306513014979,10146527376808782000,1672461.7657070316
0,15.200000000000001,71092.30961013399,185319009925.779,1,0.9193005711767809,25.946785217862065,7655.275554088144,10790880460556016000,1686658.0119030268
0,15.3,70968.57399083395,190946587688.73264,1,0.9355831646797358,25.923808878490725,7654.22368918157,11456204102115613000,1700886.9084600748
0,15.4,70844.88661724795,196536881561.27774,1,0.9520484635755437,25.899994015027016,7653.150663609942,12136824180981262000,1715014.1094470199
0,15.5,70721.24842725974,202161503387.13724,1,0.9686989298556223,25.87615244638205,7652.056416007048,12841443819237951000,1729238.1815020621
0,15.600000000000001,70597.66036741063,207821583351.62973,1,0.9855369686413199,25.852283182519383,7650.940595977809,13570574623528399000,1743559.228185227
0,15.700000000000001,70474.12339961808,213518123969.066,1,1.0025649262994512,25.828385220783762,7649.80284792403,14324729470298507000,1757977.3357198634
0,15.8,70350.63850140292,219251933253.23297,1,1.0197850926993368,25.804457545780604,7648.642810988122,15104411253523149000,1772492.5724559627
0,15.9,70227.20666609425,225023573479.52563,1,1.037199700583898,25.78049912925255,7647.460118996992,15910102344578185000,1787104.9883261686
0,16,70103.82890307438,230833325733.6947,1,1.054810927123983,25.75650892996342,7646.254400406178,16742255154711777000,1801814.6142867676
0,16.1,69980.50623798743,236671867027.97507,1,1.0726208928053749,25.732502777778045,7645.025278244251,17599900498666887000,1816592.1845556365
0,16.2,69857.23971194774,242498016709.0261,1,1.0906316633427497,25.7085525441249,7643.772415435964,18477079226821170000,1831309.3985864692
0,16.3,69734.03037610184,248360334005.50137,1,1.1088452498775625,25.684567894391094,7642.495671204106,19381233300921504000,1846121.0572589498
0,16.400000000000002,69610.87929270044,254257924835.9478,1,1.1272636116663168,25.660547762265264,7641.194661674171,20312619586093363000,1861027.098527367
0,16.5,69487.78754074313,260189638944.95847,1,1.1458886532991917,25.63649106844261,7639.868997544796,21271442192599486000,1876027.4391569651
0,16.6,69364.75621622056,266154095814.65912,1,1.1647222283556782,25.61239672052538,7638.518284037423,22257851812707586000,1891121.974134003
0,16.7,69241.78643232957,272149713389.06384,1,1.183766140066683,25.588263612920983,7637.14212084653,23271946052562727000,1906310.576069689
0,16.8,69118.87931970973,278174737935.60565,1,1.203022139649122,25.564090626745266,7635.7401020904235,24313770558619720000,1921593.0945918763
0,16.900000000000002,68996.03602667805,284225224523.5027,1,1.2224919302285646,25.539880016597294,7634.311816262676,25382954739494117000,1936963.0446177355
0,17,68873.25771921407,290239304128.4375,1,1.2421771664732741,25.515728616820752,7632.856856672982,26468503482485240000,1952235.7794641606
0,17.1,68750.545573893,296276058511.7275,1,1.2620794536275188,25.491534590088683,7631.375120405842,27581003015000527000,1967599.0781712963
0,17.2,68627.9007781269,302333390503.40784,1,1.2822003533166872,25.46729679395893,7629.866189511512,28720312948686830000,1983052.6855899252
0,17.3,68505.32453744952,308409161892.8689,1,1.3025413782064517,25.443014072833716,7628.329640460216,29886253864734355000,1998596.3213076764
0,17.400000000000002,68382.81807576586,314501211089.53577,1,1.3231040002133583,25.418685257888164,7626.765044100648,31078609761320686000,2014229.6790159722
0,17.5,68260.38263557013,320607368256.2512,1,1.343889643554076,25.394309166996845,7625.171965619431,32297130420631200000,2029952.4258728735
0,17.6,68138.01947817672,326725468090.74207,1,1.3648996922712238,25.369884604665504,7623.549964501598,33541533668180170000,2045764.20185582
0,17.7,68015.72988396045,332853360485.2211,1,1.3861354874595775,25.34541036196761,7621.898594492139,34811507512220942000,2061664.6191048708
0,17.8,67893.5151525801,338947292587.0563,1,1.4075983309349762,25.32106440545831,7620.217403558685,36097845133791990000,2077473.5943653097
0,17.900000000000002,67771.37659585383,345040349997.1446,1,1.4292894819252222,25.29669306477617,7618.506256500874,37407329942628600000,2093341.2387123385
0,18,67649.31553667318,351136659657.22906,1,1.4512101635561396,25.272268763999268,7616.764748228347,38740862535772630000,2109293.451122467
0,18.1,67527.33331632242,357234251115.07623,1,1.4733615595069478,25.24779027289123,7614.992421095261,40098037940363970000,2125329.725835271
0,18.2,67405.4312957814,363331197978.94415,1,1.495744818120088,25.223256348098502,7613.1888117849985,41478431050592320000,2141449.526977348
0,18.3,67283.61085595284,369425620700.3187,1,1.5183610504790876,25.19866573311545,7611.353451282203,42881598113753440000,2157652.287898164
0,18.400000000000002,67161.87339789048,375515688659.50543,1,1.5412113319266167,25.174017158254188,7609.485864846322,44307078138223270000,2173937.4104994345
0,18.5,67040.22034302447,381599621667.6266,1,1.564296704314219,25.149309340618657,7607.585571986702,45754394229872630000,2190304.264558817
0,18.6,66918.65313338488,387620317747.93304,1,1.5876181762761308,25.124540984083445,7605.65208643937,47209565719298030000,2206607.643757734
0,18.7,66797.173225509,393603962696.4091,1,1.6111767255059926,25.09971169540568,7603.685193965073,48678351594804945000,2222917.6464635185
0,18.8,66675.7820872888,399576361455.1387,1,1.634973296947381,25.07482063570479,7601.684544679969,50166813307531534000,2239304.601312886
0,18.900000000000002,66554.48120425642,405535996605.0898,1,1.6590088046342215,25.049866505849792,7599.649647848759,51674437524043590000,2255767.74959006
0,19,66433.27208288293,411481399044.6671,1,1.6832841321847403,25.024847994097495,7597.580007137436,53200700957411540000,2272306.2983080465
0,19.1,66312.15625079349,417411147406.577,1,1.7078001386756179,24.99976377610334,7595.475120601546,54745071243417350000,2288919.4195417934
0,19.200000000000003,66191.13525697496,423323867227.2589,1,1.732557649836933,24.974612514937196,7593.334480676509,56307007744586910000,2305606.2497590357
0,19.3,66070.2106720144,429218229860.15173,1,1.7575574670764924,24.949392861110137,7591.157574170098,57885962271909040000,2322365.889143403
0,19.400000000000002,65949.38408828992,435073774029.4735,1,1.7828003643412282,24.92418631857694,7588.943882257099,59476136444015550000,2339107.380284978
0,19.5,65828.65711598471,440881849612.9671,1,1.8082870910733013,24.89902355070723,7586.693065507591,61074705137662760000,2355793.061751047
0,19.6,65708.03137725499,446667971041.869,1,1.8340183707679651,24.873788893177043,7584.404859788224,62688310108607860000,2372546.141619531
0,19.700000000000003,65587.50851035584,452431008251.51953,1,1.8599949039915846,24.84848098238739,7582.078742713373,64316390580702560000,2389365.5819696654
0,19.8,65467.09017560352,458169867748.13965,1,1.886217369519386,24.823098442948925,7579.714186507199,65958380909465305000,2406250.3066468104
0,19.900000000000002,65346.77805557009,463883490684.29376,1,1.9126864185107242,24.797639887747522,7577.310658012013,67613710845537616000,2423199.2006203746
0,20,65226.57385529857,469570850795.7391,1,1.9394026856141455,24.772103918020484,7574.867618699278,69281805714903785000,2440211.10933873
0,20.1,65106.4793024743,475230952236.19385,1,1.9663667779493972,24.746489123434284,7572.384524683352,70962086523175240000,2457284.8380921166
0,20.200000000000003,64986.49614764191,480854137856.99243,1,1.9935792895533924,24.72079408217708,7569.860826738029,72651344211553820000,2474393.864652974
0,20.3,64866.62616312131,486379708685.6992,1,2.021040789801664,24.69501754210873,7567.296025852751,74330633719628090000,2491361.353344125
0,20.400000000000002,64746.871133074164,491875471885.118,1,2.0487518295571645,24.669159510214335,7564.690007943227,76019896086607680000,2508384.4408915117
0,20.5,64627.23285465129,497340556719.88055,1,2.076712939347193,24.643218570960087,7562.042222272292,77718550342673000000,2525461.7875330434
0,20.6,64507.71314797923,502774109033.36487,1,2.1049246356903124,24.617193298369685,7559.352113097809,79426010535682440000,2542592.0118154865
0,20.700000000000003,64388.313856327906,508175289023.98,1,2.1333874143533818,24.59108225615461,7556.619119705164,81141685472643550000,2559773.6900127493
0,20.8,64269.03684628941,513543268992.0943,1,2.162101754940043,24.564883997855315,7553.842676443012,82864978406272760000,2577005.3555475925
0,20.900000000000002,64149.88400794845,518877231047.19336,1,2.1910681236364997,24.53859706699062,7551.022212762343,84595286663250770000,2594285.498420432
0,21,64030.85725503042,524176364818.9896,1,2.220286964043064,24.51221999721377,7548.1571532590015,86332001228423860000,2611612.5646486063
0,21.1,63911.95852509048,529407255413.241,1,2.2497587111600845,24.485891230358686,7545.2469177197145,88063657084004450000,2628812.6325192307
0,21.200000000000003,63793.18977040425,534590572584.8642,1,2.279483781342161,24.459518933762734,7542.291328542741,89796525015936650000,2645994.006018997
0,21.3,63674.55295461696,539737047449.04926,1,2.3094625813674954,24.433052983939966,7539.289952051563,91533779879226500000,2663215.1724159396
0,21.400000000000002,63556.050061784685,544845901731.6169,1,2.3396954954873412,24.406491917014414,7536.242209351197,93274797742789230000,2680474.428690086
0,21.5,63437.683099725284,549916353546.801,1,2.3701829010188202,24.379834260690124,7533.147517188567,95018946064703320000,2697770.0269808904
0,21.6,63319.45410013478,554947615424.8759,1,2.4009251614674683,24.353078534463545,7530.005288016817,96765583133173060000,2715100.1741214567
0,21.700000000000003,63201.36511872802,559938892381.4655,1,2.4319226278120576,24.326223249850248,7526.8149300635305,98514057490206030000,2732463.0311802924
0,21.8,63083.41823535692,564889380019.0349,1,2.46317563667605,24.299266910619906,7523.575847402981,100263707336663960000,2749856.7130194595
0,21.900000000000002,62965.61555413343,569777449027.0804,1,2.494684516634072,24.272208013043382,7520.2874400324745,102006407316872450000,2767211.48993956
0,22,62847.959199672565,574572786601.467,1,2.526449582637612,24.245045597018198,7516.949274911379,103730636882125140000,2784427.3016653717
0,22.1,62730.45130760223,579325279010.4249,1,2.558471137841711,24.217779510069743,7513.561168857801,105453718368071470000,2801666.0597919836
0,22.200000000000003,62613.0940281935,584034084545.974,1,2.590749477525535,24.190408270550105,7510.122525856464,107174958977671840000,2818925.730696112
0,22.3,62495.88953572046,588698343208.9873,1,2.623284884064673,24.162930390898023,7506.632746371204,108893652736684110000,2836204.2344717463
0,22.400000000000002,62378.84002856072,593317175419.8015,1,2.656077631335735,24.13534437793731,7503.091227441209,110609079980763020000,2853499.4446139107
0,22.5,62261.94772925973,597889680772.297,1,2.689127986034763,24.107648733182536,7499.497362781682,112320506849091200000,2870809.187727315
0,22.6,62145.21488461085,602414936842.3091,1,2.722436198661278,24.079841953159505,7495.850542889041,114027184790676770000,2888131.243251139
0,22.700000000000003,62028.64376572333,606891998052.7865,1,2.75600251876538,24.05192252973668,7492.150155150698,115728350086488540000,2905463.343206031
0,22.8,61912.2366680773,611278554000.9583,1,2.7898271826171364,24.023956591802904,7488.395583959535,117407342402389300000,2922622.738959091
0,22.900000000000002,61795.9959005462,615601896113.6979,1,2.823910418700252,23.995898207569283,7484.586699608034,119073970841938080000,2939727.059426705
0,23,61679.92378153652,619874617534.1193,1,2.8582524488387646,23.967724289127524,7480.723054721162,120732625645340110000,2956832.6674198993
0,23.1,61564.02264971193,624095694801.8412,1,2.892853490549688,23.939433356506036,7476.804041997692,122382497663397890000,2973937.155108281
0,23.200000000000003,61448.29486756772,628264077133.9756,1,2.927713742390915,23.911023927297652,7472.829051831234,124022761062807470000,2991038.0683596362
0,23.3,61332.74282146897,632378685866.7147,1,2.9628334100198415,23.88249451705652,7468.797472445648,125652573086450500000,3008132.9066546476
0,23.400000000000002,61217.36892164126,636438413951.8417,1,2.9982126816967445,23.853843639701992,7464.708690035367,127271073847800270000,3025219.1230364367
0,23.5,61102.175602188334,640442125509.733,1,3.0338517421572875,23.82506980793958,7460.562088910624,128877386162100680000,3042294.1240817197
0,23.6,60987.16532107256,644384825689.177,1,3.0697507731730207,23.79619102777516,7456.357051647703,130469064587341940000,3059328.2867987296
0,23.700000000000003,60872.34055835474,648238901413.4037,1,3.105909944861101,23.76734111279557,7452.093037078849,132034406831361650000,3076130.100286545
0,23.8,60757.70380202681,652034113503.2766,1,3.142329426145449,23.738365094047698,7447.770053581702,133584963129237240000,3092911.2572115785
0,23.900000000000002,60643.257549361326,655769240809.9135,1,3.1790093737301452,23.7092615257247,7443.387496344223,135119809086350920000,3109669.0394292944
0,24,60529.00432068668,659443032814.6007,1,3.2159499480432854,23.68002896336293,7438.94475962445,136638003386721730000,3126400.684701881
0,24.1,60414.94665931072,663054209709.0803,1,3.253151292211215,23.650665964319707,7434.441236921566,138138587958975220000,3143103.3868815256
0,24.200000000000003,60301.08713148255,666601462528.9095,1,3.290613552937882,23.621171088269737,7429.876321152001,139620588192663420000,3159774.2961183786
0,24.3,60187.428326292895,670083453353.1185,1,3.328336870482844,23.591542897707143,7425.249404830616,141083013212074230000,3176410.519113534
0,24.400000000000002,60073.972855605185,673498815568.2181,1,3.3663213791551123,23.56177995846522,7420.5598802569675,142524856208427990000,3193009.119400086
0,24.5,59960.72335396521,676823381038.026,1,3.4045672059762415,23.53188084024724,7415.807139706714,143935408644770480000,3209481.557790945
0,24.6,59847.68247255124,680035931116.6189,1,3.4430744784474276,23.50184495558191,7410.990840254899,145305033613842450000,3225748.3373226426
0,24.700000000000003,59734.852867625654,683178234794.1958,1,3.481843315114409,23.471672494746354,7406.110884564255,146650984407997860000,3241967.4145279606
0,24.8,59622.23720601015,686248843532.33,1,3.5208738338166126,23.441362087996048,7401.166683330171,147972220204250400000,3258135.7558920737
0,24.900000000000002,59509.83817600366,689246283000.1857,1,3.5601661451969453,23.410912371881643,7396.157648150584,149267687388833250000,3274250.288749362
0,25,59397.65848724451,692169053922.3738,1,3.599720359008169,23.38032198982258,7391.083191736506,150536320348340650000,3290307.901800263
0,25.1,59285.70087054279,695015632976.1306,1,3.639536579618221,23.34958959268993,7385.942728127488,151777042323203900000,3306305.4456722853
0,25.200000000000003,59173.96807771828,697784473744.4917,1,3.679614905610668,23.31871383940282,7380.735672911971,152988766327009380000,3322239.733518516
0,25.3,59062.462881410494,700474007731.3107,1,3.719955436697444,23.287693397534355,7375.46144345256,154170396134792230000,3338107.541661382
0,25.400000000000002,58951.188074891455,703063157815.4492,1,3.7605582634111117,23.256562765268008,7370.119459116176,155312217281252500000,3353798.580440782
0,25.5,58840.14646392502,705545371765.881,1,3.8014234765263626,23.225331363993238,7364.709496080721,156410834660351800000,3369278.9911910775
0,25.6,58729.34085615631,707944344815.388,1,3.842551167291351,23.193953423113975,7359.231444212949,157476289290966630000,3384682.4521075753
0,25.700000000000003,58618.77406846546,710258466374.3939,1,3.8839414149966833,23.162427693558595,7353.6847473221305,158507485835832430000,3400005.679943864
0,25.8,58508.44893677905,712486110104.9232,1,3.9255943021312163,23.13075293812887,7348.068852245707,159503325941090160000,3415245.360349126
0,25.900000000000002,58398.36831582058,714625635385.3092,1,3.9675099062800214,23.098927932149785,7342.383209095025,160462709655138600000,3430398.1487594596
0,26,58288.53507883567,716675388820.8746,1,4.009688303164333,23.0669514641276,7336.62727150548,161384536909132070000,3445460.671335945
0,26.1,58178.95211731177,718633705797.9137,1,4.052129566441326,23.034822336418355,7330.800496890966,162267709057116140000,3460429.5259455806
0,26.200000000000003,58069.62234070152,720498912083.4991,1,4.094833762854386,23.0025393659076,7324.902346702569,163111130475961060000,3475301.2831833307
0,26.3,57960.54867610894,722254097085.0502,1,4.1378009614471765,22.970129825391925,7318.932286691454,163906798356454180000,3489982.7040877617
0,26.400000000000002,57851.73406088073,723886457889.5337,1,4.181031227144052,22.937614909279034,7312.890105437057,164648524526841200000,3504401.2873377115
0,26.5,57743.18142954819,725421679832.9181,1,4.224524624208827,22.904944979792045,7306.775851103513,165347639878754700000,3518712.1873159893
0,26.6,57634.893720229156,726858103427.4948,1,4.2682812108464185,22.872118960508065,7300.589020936424,166003105262580240000,3532911.9669398423
0,26.700000000000003,57526.873886676505,728194068247.4897,1,4.312301046846609,22.839135792904504,7294.329117568059,166613893305326340000,3546997.169333477
0,26.8,57419.1248979168,729427914831.3219,1,4.356584186127357,22.805994437060374,7287.995649289806,167178990317921170000,3560964.319094483
0,26.900000000000002,57311.64973787032,730557986600.5018,1,4.40113068425119,22.77269387236355,7281.588130327975,167697398236478700000,3574809.9236048786
0,27,57204.45140495431,731582631791.9669,1,4.445940592714998,22.739233098223924,7275.10608112283,168168136593522260000,3588530.474386593
0,27.1,57097.53291168064,732500205403.5024,1,4.491013963306563,22.70561113479334,7268.549028610706,168590244516311860000,3602122.448498375
0,27.200000000000003,56990.897284235805,733305764640.3232,1,4.53635084264348,22.671833466761203,7261.916506509096,168961259036679800000,3615561.186794287
0,27.3,56884.54756027926,733965919528.2734,1,4.581951278326954,22.637961628682035,7255.208135639146,169265609045490170000,3628637.7420797776
0,27.400000000000002,56778.486769313924,734515283419.5515,1,4.627815310775727,22.6039282252736,7248.4243302407685,169519090062729480000,3641575.405420151
0,27.5,56672.7179336939,734952293400.739,1,4.673942988507378,22.569732406222215,7241.564662480474,169720865502795700000,3654370.707784461
0,27.6,56567.244087005965,735275402854.5911,1,4.720334350364865,22.535373345300375,7234.628712400993,169870128172080660000,3667020.1746565904
0,27.700000000000003,56462.06827360671,735483083479.5498,1,4.766989436832588,22.500850241084905,7227.616068207751,169966102324168260000,3679520.327634899
0,27.8,56357.193548126146,735573827283.3213,1,4.8139082863646365,22.4661623176749,7220.526326557127,170008045701114040000,3691867.6860745316
0,27.900000000000002,56252.62297495827,735546148552.5088,1,4.861090938196492,22.43130882541162,7213.35909284638,169995251558023820000,3704058.768766996
0,28,56148.35962774884,735398585795.1057,1,4.908537425758356,22.39628904160082,7206.113981504992,169927050665709000000,3716090.09565439
0,28.1,56044.40658886731,735129703656.4867,1,4.9562477838923416,22.361102271235712,7198.790616287304,169802813287926000000,3727958.1895801057
0,28.200000000000003,55940.76694885362,734720869941.9575,1,5.004222043335916,22.325788902540634,7191.388630566179,169613998142294820000,3739532.1724133478
0,28.3,55837.44379443023,734175800535.8419,1,5.052460239713943,22.290339170943646,7183.908186791165,169362427480758800000,3750840.897551569
0,28.400000000000002,55734.44019914605,733506463770.0076,1,5.100962402920524,22.254722857303648,7176.349338487125,169053758018020570000,3761976.816386983
0,28.5,55631.75923399348,732711576179.5431,1,5.1497285595535685,22.218939416783225,7168.711763551244,168687555594154870000,3772936.5745225986
0,28.6,55529.40397532936,731789888987.3585,1,5.198758742290551,22.182988335345527,7160.995150539951,168263434081196000000,3783716.8305182457
0,28.700000000000003,55427.37750427518,730740189842.9465,1,5.248052975433817,22.146869130440678,7153.199198953681,167781057084980660000,3794314.2577767586
0,28.8,55325.68290611636,729561304508.8844,1,5.297611284412665,22.110581351689913,7145.323619521234,167240139583377150000,3804725.5464539058
0,28.900000000000002,55224.32326968014,728252098495.7211,1,5.347433695426515,22.0741245815645,7137.368134483559,166640449497581000000,3814947.4053950813
0,29,55123.30168669671,726811478647.681,1,5.3975202324915434,22.03749843605933,7129.332477876687,165981809194047280000,3824976.5640968364
0,29.1,55022.62125115376,725238394679.833,1,5.447870916393385,22.000702565361614,7121.216395813586,165264096913883630000,3834809.7746888376
0,29.200000000000003,54922.28505865205,723492567956.25,1,5.498485772770651,21.963736654515017,7113.019646764669,164469392147104660000,3844251.2114209807
0,29.3,54822.29618726671,721601948191.9526,1,5.549364823392419,21.92660302346794,7104.7428447944685,163610937441517170000,3853435.387885947
0,29.400000000000002,54722.65769129805,719577309124.3333,1,5.600508085306389,21.889302215716032,7096.386031908766,162694120659174260000,3862415.5592840053
0,29.5,54623.372618782334,717417821544.238,1,5.651915580325028,21.851834057607896,7087.949019480252,161719079506276880000,3871188.69560293
0,29.6,54524.444016140886,715122705373.1776,1,5.703587325508177,21.814198412120355,7079.4316320970365,160686012410645480000,3879751.79994991
0,29.700000000000003,54425.87492748443,712691230989.7302,1,5.755523341756878,21.776395179447064,7070.8337078198165,159595179445243300000,3888101.910547067
0,29.8,54327.66839391831,710122720507.7687,1,5.8077236434570985,21.738424297578334,7062.155098436124,158446903158141400000,3896236.1027322845
0,29.900000000000002,54229.82745281141,707416549015.5162,1,5.860188248832669,21.700285742866928,7053.395669711352,157241569310303300000,3904151.490971923
0,30,54132.355137087405,704572145781.0966,1,5.912917176033592,21.661979530586162,7044.5553016363465,155979627521101660000,3911845.230870323
0,30.1,54035.2544744825,701588995434.0894,1,5.965910437930051,21.62350571547285,7035.633888671229,154661591823218400000,3919314.5211865795
0,30.200000000000003,53938.52848680597,698460356330.0181,1,6.019168050176548,21.584945910916733,7026.631339985264,153285283447324840000,3926411.6558532245
0,30.3,53842.18017440569,695189524923.6305,1,6.07269002374279,21.546266591016725,7017.548260094742,151853000635347200000,3933197.130068366
0,30.400000000000002,53746.21250679903,691780200940.818,1,6.126476376519894,21.507422289827815,7008.384987770639,150367228551799540000,3939752.0081634824
0,30.5,53650.628436491825,688232115252.5763,1,6.180527118946247,21.46841324815873,6999.141489091603,148828740949012600000,3946073.7800089642
0,30.6,53555.43090667855,684545059008.8774,1,6.234842263064753,21.429239747913034,6989.817745451492,147238376163508220000,3952159.9883264247
0,30.700000000000003,53460.62285046931,680718884868.8938,1,6.289421818127262,21.389902112517724,6980.413753763665,145597037152460050000,3958008.2305860054
0,30.8,53366.20719012711,676753508264.7058,1,6.3442658015747035,21.350400707337034,6970.929526659695,143905691447255780000,3963616.160885281
0,30.900000000000002,53272.18683628924,672648908711.9916,1,6.399374216947155,21.31073594006797,6961.365092682292,142165371026803400000,3968981.491813761
0,31,53178.56468719244,668405131181.9026,1,6.454747080724681,21.270908261119036,6951.720496472151,140377172113233720000,3974101.996296115
0,31.1,53085.34362788126,664022287549.5421,1,6.510384398343777,21.230918163969225,6941.995798948489,138542254892817550000,3978975.509416894
0,31.200000000000003,52992.52652942762,659497519105.9633,1,6.566286180038187,21.1907661855097,6932.191077482998,136660583671172450000,3983583.5529027362
0,31.3,52900.116246354766,654799773647.6439,1,6.6224524368461015,21.15045315772458,6922.306508397913,134720591248687600000,3987754.2468310394
0,31.400000000000002,52808.1155955242,649965027701.6733,1,6.67888317402903,21.109982585653235,6912.343146597319,132738503719510130000,3991674.1223227787
0,31.5,52716.52735701203,644993700948.0593,1,6.735578402917962,21.069355154737437,6902.301128205795,130715739906814690000,3995341.365917409
0,31.6,52625.35429351404,639886287999.6909,1,6.792538128592051,21.028571593960905,6892.180606079936,128653778761094100000,3998754.234158681
0,31.700000000000003,52534.59914954845,634643360684.8204,1,6.849762360979163,20.987632676062347,6881.981749936439,126554158676345720000,4001911.055164665
0,31.8,52444.26465067826,629265570499.5961,1,6.907251103248586,20.946539217728898,6871.704746472304,124418476732904590000,4004810.230155623
0,31.900000000000002,52354.35350271687,623753651251.8665,1,6.96500436279171,20.905292079765577,6861.349799477023,122248387868015280000,4007450.234945847
0,32,52264.86839093175,618108421911.2196,1,7.023022147366403,20.863892167241815,6850.9171299365025,120045603971993320000,4009829.62139431
0,32.1,52175.81197926123,612330789681.8534,1,7.081304459005717,20.822340429616148,6840.4069761284945,117811892907781340000,4011947.018808453
0,32.2,52087.18690951541,606421753313.5613,1,7.13985130831793,20.780637860835498,6829.819593709412,115549077450467070000,4013801.1353059015
0,32.300000000000004,51998.995800585486,600383139335.1312,1,7.198662697878041,20.738829835256524,6819.155255792269,113259310571217260000,4015397.0883733076
0,32.4,51911.24124839157,594278514139.4086,1,7.257738630602521,20.700694092870123,6808.4142187640855,110967805263196910000,4017274.3488705875
0,32.5,51823.92588857468,592199760191.1147,1,7.317079114355404,20.662364539023006,6797.593810477547,110192844318278940000,4018877.172737283
0,32.6,51737.05239510257,597096972130.1298,1,7.376684152089464,20.62384227730689,6786.694339232572,112022865279272240000,4020204.3736611684
0,32.7,51650.62341613695,601941223555.3132,1,7.43655374757934,20.585128463028774,6775.716132170679,113847923118355780000,4021254.854310381
0,32.800000000000004,51564.641573195346,606732812594.9625,1,7.496687906183761,20.546224303268858,6764.659535328385,115667647838295520000,4022027.607593382
0,32.9,51479.109460307285,611472018801.9846,1,7.557086627637905,20.507131056907834,6753.524913680009,117481671143085900000,4022521.7178585804
0,33,51394.02964319009,616159102330.2595,1,7.617749920915291,20.467850034624743,6742.312651169689,119289625747086260000,4022736.362025985
0,33.1,51309.40465840604,620794303317.1104,1,7.678677784709657,20.42838259886251,6731.023150732465,121091144759800890000,4022670.8106578663
0,33.2,51225.23701255582,625377841475.5819,1,7.739870221592342,20.388730163764215,6719.6568343042645,122885861152368150000,4022324.4289537943
0,33.300000000000004,51141.52918144874,629909915849.8014,1,7.801327235672208,20.348894195076213,6708.214142820707,124673407291761150000,4021696.6776823937
0,33.4,51058.28360928688,634390704735.5267,1,7.863048830370911,20.308876210019832,6696.695536204521,126453414546933860000,4020787.1140395165
0,33.5,50975.50270786416,638820365720.6373,1,7.925035007000125,20.27016826361896,6685.101493341533,128225512952042640000,4019880.355992806
0,33.6,50893.18889095355,643199035861.6707,1,7.987285764315592,20.234781202797052,6673.430840682468,129989330935535080000,4019360.4041784485
0,33.7,50811.344657226466,647526831953.296,1,8.049801109902704,20.199151330408423,6661.680108768698,131744495100055470000,4018541.514806371
0,33.800000000000004,50729.9725541817,651803850950.5507,1,8.11258104214751,20.163280210448278,6649.849813405843,133490630079239400000,4017423.27253457
0,33.9,50649.075093586,656030170492.5515,1,8.175625564671103,20.127169471317128,6637.940491640389,135227358452861320000,4016005.3722906252
0,34,50568.654750566,660205849566.0203,1,8.238934674878443,20.090820805664745,6625.952701708233,136954300737778700000,4014287.62003971
0,34.1,50488.713962754235,664330929260.3439,1,8.302508376654616,20.054235970191495,6613.887022969156,138671075436673220000,4012269.9334482565
0,34.2,50409.25512939971,668405433608.0913,1,8.366346668886754,20.017416785407292,6601.744055827326,140377299143206350000,4009952.342464648
0,34.300000000000004,50330.2806105176,672429370470.0598,1,8.430449555179262,19.980365135347554,6589.524421637624,142072586687289030000,4007334.989796694
0,34.4,50251.79272604268,677084710320.5645,1,8.494817035317398,19.943082967246248,6577.228762597813,144046580332479480000,4004418.1312936656
0,34.5,50173.7937549958,682215683689.35,1,8.55944910718664,19.905572291165885,6564.857741626509,146238033238946410000,4001202.136229703
0,34.6,50096.28593466431,687307846942.5968,1,8.624345776364098,19.867835179584354,6552.41204222692,148429267229088600000,3997687.4874872314
0,34.7,50019.27145977784,692361372446.1049,1,8.68950703862004,19.829873766938817,6539.892368336422,150619984721160000000,3993874.7816447187
0,34.800000000000004,49942.75248174183,697376403817.7561,1,8.754932895600287,19.791690249126344,6527.299444161868,152809880547229930000,3989774.7892320673
0,34.9,49866.73110916931,702353055909.2157,1,8.820623348338016,19.753286687581262,6514.633949564301,154998641453810880000,3985381.4285478797
0,35,49791.20940757077,707291414862.5752,1,8.886578395813672,19.714665333610235,6501.896627024656,157185945645996340000,3980692.20264849
0,35.1,49716.1893972652,712191538257.2675,1,8.95279803941616,19.67582856400133,6489.088260407638,159371462383520000000,3975708.1574750557
0,35.2,49641.673052184284,717053455316.8804,1,9.019282275496195,19.636778814704073,6476.209653089403,161554851616898200000,3970430.451763939
0,35.300000000000004,49567.66229917575,721877167209.6976,1,9.086031105199018,19.5975185801186,6463.2616277231145,163735763680162970000,3964860.356517699
0,35.4,49494.15901728254,726662647419.4412,1,9.153044529554837,19.55805041234339,6450.24502599085,165913839031291700000,3958999.25438434
0,35.5,49421.16503707599,731409842179.8721,1,9.220322544638947,19.518376920381687,6437.160708341881,168088708038732700000,3952848.638925802
0,35.6,49348.682139993645,736118670991.1171,1,9.287865153763779,19.47850076930744,6424.009553717595,170259990823443500000,3946410.1137888706
0,35.7,49276.71205769293,740789027184.8029,1,9.355672354031423,19.438424679391247,6410.7924592632335,172427297142607900000,3939685.3917765897
0,35.800000000000004,49205.25647143461,745420778563.8907,1,9.42374414550146,19.39815142518681,6397.510340026611,174590226327942500000,3932676.2938176976
0,35.9,49134.31701147836,750013768086.9441,1,9.492080526953764,19.357683834578722,6384.164128644063,176748367265608730000,3925384.7478397572
0,36,49063.8952564979,754567814613.8722,1,9.560681497057516,19.317024787792203,6370.754775013869,178901298426450440000,3917812.7875455
0,36.1,48993.992733034305,759082713687.137,1,9.629547056280122,19.27617721636558,6357.283245957368,181048587935104100000,3909962.5234410106
0,36.2,48924.61091494933,763558238359.1954,1,9.698677200653044,19.235144102671228,6343.750525060971,183189793683560860000,3901835.9337649774
0,36.300000000000004,48855.75122286659,767994140062.4642,1,9.768071929926958,19.193928483845585,6330.157613972275,185324463487990500000,3893435.6597532635
0,36.4,48787.41502368823,772390149500.1421,1,9.837731244963466,19.152533438819116,6316.505528122545,187452135278814860000,3884764.1441283165
0,36.5,48719.603630169295,776745977568.3087,1,9.907655142850816,19.110962093367217,6302.795298392509,189572337329179100000,3875823.927854048
0,36.6,48652.31830047257,781061316307.0975,1,9.97784362125351,19.069217618909953,6289.027970716503,191684588520984840000,3866617.648363524
0,36.7,48585.56023774948,785335839857.0411,1,10.048296681475993,19.027303231280253,6275.204605676228,193788398636871780000,3857148.0377021856
0,36.800000000000004,48519.33058973774,789569205445.1101,1,10.119014315506789,18.985222189461712,6261.3262780844725,195883268690029250000,3847417.920591423
0,36.9,48453.63044840749,793761054373.3817,1,10.18999653314872,18.942977794297008,6247.394076559153,197968691278496630000,3837430.2124074167
0,37,48388.46084958408,797911013011.5697,1,10.261243322001159,18.900573387168354,6233.409103088124,200044150964208040000,3827187.9170954237
0,37.1,48323.82277266681,802018693797.7584,1,10.332754686208034,18.858012348650774,6219.372472585025,202109124678623200000,3816694.124993467
0,37.2,48259.71714029554,806083696246.3705,1,10.404530623122309,18.8152980971401,6205.285312436806,204163082154169730000,3805952.010604404
0,37.300000000000004,48196.14481810387,810105607938.6426,1,10.476571131274458,18.772434087456304,6191.14876204309,206205486368598460000,3794964.8302857797
0,37.4,48133.10661446676,814084005519.764,1,10.54887620483371,18.72942380942394,6176.963972348015,208235794013844280000,3783735.919882973
0,37.5,48070.60328028537,818018455686.6522,1,10.621445847811852,18.68627078643083,6162.7321053648875,210253455980814700000,3772268.692298559
0,37.6,48008.63550878875,821908516161.1057,1,10.694280055502896,18.64297857396651,6148.454333694155,212257917856756000000,3760566.635006212
0,37.7,47947.20393537078,825753736584.3843,1,10.767378826882819,18.601307655492402,6134.1318400351065,214248620401283960000,3749001.145961514
0,37.800000000000004,47886.30919396039,829553659420.739,1,10.840742157880094,18.559757192457823,6119.762978557075,216225000044907700000,3737256.7026543757
0,37.9,47825.951925338246,833307820955.5741,1,10.914370049234654,18.51804153369732,6105.348510422863,218186489454611760000,3725275.781341735
0,38,47766.13271967787,837015752327.0076,1,10.988262497325339,18.47616447639934,6090.889671817743,220132518135361270000,3713062.135273373
0,38.1,47706.85210714489,840676980585.3252,1,11.062419501672666,18.434129851485334,6076.387708489541,222062513064618820000,3700619.588015911
0,38.2,47648.110557803884,844291029718.2607,1,11.136841057991363,18.39194152193943,6061.843875210219,223975899326805870000,3687952.030593568
0,38.300000000000004,47589.90848155413,847857421657.2743,1,11.211527170653886,18.34960338112104,6047.259435232787,225872100754644930000,3675063.4185852907
0,38.400000000000006,47532.24622809328,851375677216.6477,1,11.286477831630561,18.307119351062088,6032.635659744045,227750540550701200000,3661957.7691823705
0,38.5,47475.12408691272,854845316991.5776,1,11.361693037181661,18.264493380750434,6017.973827313717,229610641901550000000,3648639.1582098906
0,38.6,47418.54228732176,858265862195.5072,1,11.437172791012792,18.221729444401323,6003.2752233405245,231451828572708340000,3635111.717116559
0,38.7,47362.50099848211,861636835445.3021,1,11.512917089346885,18.178831539719116,5988.541139495718,233273525487514030000,3621379.6299414374
0,38.800000000000004,47307.00032949727,864957761482.1091,1,11.588925925956982,18.1358036861495,5973.772873164611,235075159282029100000,3607447.1302512507
0,38.900000000000006,47252.04032951314,868228167850.3083,1,11.665199304456097,18.092649923125467,5958.971726886685,236856158846740100000,3593318.49806239
0,39,47197.620987846516,871447585530.266,1,11.741737216624067,18.049374308308064,5944.139007794782,238615955851610500000,3578998.056747965
0,39.1,47143.74223414343,874615549515.09,1,11.81853966357162,18.005980915823645,5929.276027053925,240353985247973100000,3564490.169933373
0,39.2,47090.40393856075,877731599358.9349,1,11.895606644555897,17.962473834499505,5914.384099300332,242069685761227650000,3549799.238385843
0,39.300000000000004,47037.60591197573,880795279679.4358,1,11.972938156345542,17.91885716609932,5899.46454208108,243762500363882330000,3534929.6969008977
0,39.400000000000006,46985.347906234674,883806140578.5043,1,12.050534197497507,17.876010211559386,5884.518675295034,245431876708046050000,3520086.001205679
0,39.5,46933.629647515714,886763737939.5933,1,12.128394764731862,17.835262045516192,5869.5461098620335,247077267492562800000,3505571.682300309
0,39.6,46882.450920143165,889667633838.3535,1,12.206519853514571,17.79435261927246,5854.543836267483,248698130895322970000,3490868.0485966024
0,39.7,46831.811531635,892517397083.0145,1,12.284909465528022,17.753286415197014,5839.513253041466,250293931081066200000,3475979.7760599256
0,39.800000000000004,46781.71122733969,895312603812.5048,1,12.363563598049252,17.712067936045983,5824.455761210648,251864138745419500000,3460911.5743846195
0,39.900000000000006,46732.14969073795,898052838095.304,1,12.442482245249895,17.67070170287528,5809.372763675544,253408231663242770000,3445668.1835401505
0,40,46683.12654374819,900737692480.0756,1,12.521665408771524,17.629192252956805,5794.265664590504,254925695213083160000,3430254.370333409
0,40.1,46634.64134706557,903366768510.4745,1,12.601113084692193,17.587544137697382,5779.135868746925,256416022883707220000,3414674.9249841454
0,40.2,46586.69360054657,905939677136.8373,1,12.68082527152535,17.545761920561436,5763.984780960288,257878716723517950000,3398934.6577152265
0,40.300000000000004,46539.28274358902,908456039082.5565,1,12.760801964587404,17.50385017500411,5748.813805461658,259313287764253500000,3383038.3953735726
0,40.400000000000006,46492.40815556422,910915485108.7012,1,12.841043164918942,17.461813482411294,5733.624345294106,260719256385784350000,3366990.9780723182
0,40.5,46446.06915625837,913317656222.6758,1,12.921548867918919,17.419656430052648,5718.417801714691,262096152646860770000,3350797.25586838
0,40.6,46400.265006352216,915662203804.9916,1,13.002319073356366,17.377383609046678,5703.195573602484,263443516566034350000,3334462.0854722904
0,40.7,46354.99490791559,917948789686.3278,1,13.083353779049988,17.334999612341907,5687.959056873181,264760898370252200000,3317990.3269994995
0,40.800000000000004,46310.25800492987,920177086156.877,1,13.164652982908763,17.292509032714698,5672.709643900817,266047858700049320000,3301386.840763526
0,40.900000000000006,46266.05338384118,922346775939.1829,1,13.246216678388373,17.24991646078517,5657.448722947032,267303968788644460000,3284656.4841138115
0,41,46222.38007412106,924457552108.5471,1,13.328044869663136,17.207226483055138,5642.177677598435,268528810605267350000,3267804.108326807
0,41.1,46179.237048851326,926509117981.6818,1,13.410137547617639,17.164443679968027,5626.897886212457,269721976974231270000,3250834.5555493943
0,41.2,46136.623225358315,928501186966.8325,1,13.492494715841868,17.121572623990073,5611.610721372141,270883071665511270000,3233752.6557922536
0,41.300000000000004,46094.53746582568,930433482394.9907,1,13.575116369061632,17.078617877720937,5596.317549350361,272011709467991900000,3216563.2239915184
0,41.400000000000006,46052.978577954695,932305737313.3247,1,13.6580025069845,17.035583992028684,5581.019729583782,273107516234227320000,3199271.0571260294
0,41.5,46011.94531564042,934117694276.0065,1,13.741153126249795,16.99247550421355,5565.718614156985,274170128917135360000,3181880.9313998055
0,41.6,45971.43637966085,935869105077.5922,1,13.824568223404885,16.949311720186962,5550.415547297159,275199195566457550000,3164462.799725422
0,41.7,45931.450430164114,937559730496.5884,1,13.908247798306741,16.906086253703638,5535.111231414506,276194375324519700000,3146980.3116856767
0,41.800000000000004,45891.986091941595,939189340036.4293,1,13.992191850680626,16.862796629214916,5519.806743840453,277155338413988050000,3129410.342006047
0,41.900000000000006,45853.04194297921,940757711678.5104,1,14.076400372682592,16.8194473613433,5504.5034191697,278081766126420160000,3111757.608338386
0,42,45814.61651025247,942264631614.2285,1,14.160873367309907,16.776042943279524,5489.202582428444,278973350792285450000,3094026.7959683356
0,42.1,45776.70827048365,943709893975.5164,1,14.245610828688049,16.732587845096024,5473.905548611182,279829795744037040000,3076222.555345514
0,42.2,45739.3156509446,945093300533.3909,1,14.330612758434551,16.689086512094477,5458.613622229834,280650815254301800000,3058349.4996855366
0,42.300000000000004,45702.43703024648,946414660389.2957,1,14.415879149378583,16.645543363193937,5443.328096875546,281436134463924930000,3040412.202657619
0,42.400000000000006,45666.07073916774,947673789634.8319,1,14.501410004478567,16.601962789355717,5428.05025479334,282185489285506500000,3022415.1961478773
0,42.5,45630.215061463416,948870510999.8146,1,14.587205317189035,16.558349152050976,5412.781366469857,282898626294374800000,3004362.9681115267
0,42.6,45594.868234730326,950004653467.6906,1,14.673265089274574,16.514706781765053,5397.522690234297,283575302594673670000,2986259.9604987595
0,42.7,45560.02845123783,951076051877.9679,1,14.759589314816687,16.471039976547402,5382.275471872856,284215285672419600000,2968110.567274181
0,42.800000000000004,45525.69385880418,952084546503.17,1,14.846177996168699,16.42735300060047,5367.040944256645,284818353228291800000,2949919.132513267
0,42.900000000000006,45491.86256165616,953029982614.1693,1,14.9330311268293,16.38365008291371,5351.8203269833475,285384292998658360000,2931689.948589297
0,43,45458.532621325925,953912210012.1023,1,15.020148707220564,16.33993541593842,5336.614826032619,285912902552056600000,2913427.254439609
0,43.1,45425.70205752645,954731082557.3783,1,15.107530736609402,16.296213154308944,5321.425633435394,286403989079658800000,2895135.23392339
0,43.2,45393.3688490456,955486457672.9467,1,15.195177207845907,16.252487413607106,5306.253926957099,286857369166379450000,2876818.0142625216
0,43.300000000000004,45361.53093467001,956694960782.1268,1,15.283088124593123,16.20876226916915,5291.100869794821,287583464765739960000,2858479.6645630174
0,43.400000000000006,45330.18621407263,958685807265.6128,1,15.37126348228779,16.165041754941317,5275.967610288542,288781611018241870000,2840124.1944301133
0,43.5,45299.33254873566,960613589801.6722,1,15.459703275751634,16.121329862377742,5260.855281646329,289944177258789930000,2821755.5526617765
0,43.6,45268.96776287537,962477852520.447,1,15.548407507966347,16.077630539383854,5245.765001683522,291070658564603800000,2803377.6260269377
0,43.7,45239.089644345455,964278146630.8888,1,15.63737617501221,16.033947689307336,5230.697872575949,292160559736435080000,2784994.23813215
0,43.800000000000004,45209.6959455898,966014030574.2845,1,15.72660927366771,15.99028516997034,5215.65498062698,293213395612998400000,2766609.1483618156
0,43.900000000000006,45180.78438455332,967685070162.2971,1,15.816106803225981,15.946646792751045,5200.637396048543,294228691373929370000,2748226.0509090154
0,44,45152.35264561605,969290838689.8662,1,15.905868762920562,15.903036321708518,5185.646172755868,295205982825081100000,2729848.573882916
0,44.1,45124.398380521685,970830917023.8259,1,15.995895148842884,15.859457472753336,5170.682348175949,296144816666320100000,2711480.2784972102
0,44.2,45096.919209318236,972304893671.5857,1,16.086185959051104,15.815913912862202,5155.746943069598,297044750744154540000,2693124.6583350613
0,44.300000000000004,45069.912721278146,973712364826.4285,1,16.176741191565938,15.772409259338998,5140.840961366968,297905354286814270000,2674785.1386950933
0,44.400000000000006,45043.37647583708,975052934389.1644,1,16.267560845781496,15.728947079118685,5125.965390016414,298726208121355960000,2656465.0760098
0,44.5,45017.3080035178,976326213968.1809,1,16.35864492036282,15.685530888116448,5111.121198846544,299506904873805100000,2638167.7573410375
0,44.6,44991.70480685681,977531822730.167,1,16.44999341077906,15.642164150620173,5096.309340441293,300247049073674160000,2619912.607145395
0,44.7,44966.56436454505,978669387129.4558,1,16.541606313224438,15.598849715417051,5081.530566607761,300946257179230340000,2601718.7411036836
0,44.800000000000004,44941.884138752706,979738540949.9974,1,16.633483632811373,15.55558980566199,5066.785425432888,301604157790225600000,2583554.6450274447
0,44.900000000000006,44917.66157249734,980738925298.5044,1,16.72562536183035,15.512387774601796,5052.074833173264,302220391826878000000,2565423.3820535657
0,45,44893.89408380352,981670188558.3792,1,16.818031502257956,15.469246921722007,5037.399688385716,302794612680734800000,2547327.944305276
0,45.1,44870.5790666081,982531986307.0409,1,16.910702049637337,15.42617049232174,5022.760871855845,303326486338834500000,2529271.2527547115
0,45.2,44847.71389167197,983323981205.385,1,17.003637002085565,15.383161677129014,5008.159246538671,303815691486421250000,2511256.157148112
0,45.300000000000004,44825.29590749554,984045842862.6125,1,17.096836362265858,15.340223611956322,4993.595657511207,304261919590146400000,2493285.4359923825
0,45.400000000000006,44803.32244120259,984697247677.2615,1,17.19030012119348,15.297359377398644,4979.070931936757,304664874962252700000,2475361.796607219
0,45.5,44781.79079945665,985277878663.5846,1,17.284028280954534,15.254571998567764,4964.585879040604,305024274811415360000,2457487.8752295966
0,45.6,44760.6982693309,985787425254.5283,1,17.37802083966426,15.211864444868851,4950.141290096955,305339849274889400000,2439666.237182279
0,45.7,44740.0421191873,986225583098.8463,1,17.47227779487287,15.169239629813681,4935.737938426793,305611341442901600000,2421899.3770947745
0,45.800000000000004,44719.81959956139,986592053841.2882,1,17.566799146664547,15.126700410870175,4921.376579406386,305838507368562360000,2404189.7191751273
0,45.900000000000006,44700.02794401348,986886544895.5425,1,17.661584893911677,15.084249589350573,4907.057950486241,306021116069426760000,2386539.6175374067
0,46,44680.66436999198,987108769211.852,1,17.75663503092908,15.0418899103337,4892.782771220179,306158949522057660000,2368951.356574935
0,46.1,44661.72607967816,987258445038.2257,1,17.851949557234903,14.999624062622898,4878.551743304263,306251802649098000000,2351427.1513824374
0,46.2,44643.210260820575,987335295677.8243,1,17.947528472360666,14.957454678738145,4864.365550625317,306299483300636800000,2333969.1482235203
0,46.300000000000004,44625.11408755742,987339049249.3411,1,18.043371775826945,14.915384334941566,4850.224859318739,306301812234296100000,2316579.4250419545
0,46.400000000000006,44607.43472125102,987269438444.065,1,18.13947946456659,14.873415551293457,4836.130317835301,306258623090325500000,2299259.992010519
0,46.5,44590.169311282225,987126200290.9338,1,18.23585153301786,14.83155079174227,4822.082557016722,306169762368922450000,2282012.79212414
0,46.6,44573.31499585416,986909075921.3707,1,18.33248798591497,14.789792464243469,4808.08219017964,306035089404889300000,2264839.701827052
0,46.7,44556.86890276894,986617810346.2094,1,18.42938881950187,14.748142920909341,4794.1298132077545,305854476347461660000,2247742.531678056
0,46.800000000000004,44540.8281502109,986252152238.489,1,18.526554031504382,14.706604458186142,4780.2260046517995,305627808141639500000,2230723.0270463955
0,46.900000000000006,44525.189847522415,985811853727.3444,1,18.623983621491305,14.665179317058776,4766.371325837096,305354982514441650000,2213782.868838678
0,47,44509.951095926575,985296670203.3518,1,18.721677584533158,14.623869683285719,4752.566320978422,305035909966480400000,2196923.6742620342
0,47.1,44495.10898930766,984706360141.2062,1,18.819635924131244,14.582677687654336,4738.81151730179,304670513772639700000,2180146.9976043166
0,47.2,44480.66061490588,984040684932.4763,1,18.91785863540381,14.541605406267209,4725.10742517303,304258729987501700000,2163454.3310518176
0,47.300000000000004,44466.603054055944,983299408740.5359,1,19.016345718620187,14.500654860848117,4711.454538232692,303800507463120700000,2146847.1055226326
0,47.400000000000006,44452.93338289391,982482298370.2662,1,19.115097170199046,14.45982801907281,4697.853333537142,303295807874645500000,2130326.691525575
0,47.5,44439.64867303893,981589123160.551,1,19.214112991665676,14.419126794923173,4684.304271705504,302744605758809960000,2113894.400041896
0,47.6,44426.74599228334,980619654893.3279,1,19.31339317571779,14.37855304906108,4670.8077970721615,302146888561469200000,2097551.483422953
0,47.7,44414.22240526043,979573667729.2814,1,19.412937724532085,14.338108589223548,4657.3643378445495,301502656700408270000,2081299.1363068533
0,47.800000000000004,44402.07497410197,978450938163.8014,1,19.51274663846497,14.297795170637363,4643.974306265995,300811923639450140000,2065138.4965507642
0,47.900000000000006,44390.30075907428,977251245005.3314,1,19.612819916531105,14.25761449645304,4630.638098783301,300074715975115340000,2049070.646178747
0,48,44378.896819227375,975974369381.6805,1,19.713157552652994,14.217568218194684,4617.3560962187985,299291073539157200000,2033096.612338778
0,48.1,44367.860213005915,974620094767.9332,1,19.813759551069907,14.177657936228812,4604.128663946671,298461049512919700000,2017217.3682748592
0,48.2,44357.18799883872,973188207040.4034,1,19.914625903789425,14.137885200249917,4590.956152073234,297584710556082300000,2001433.8343101903
0,48.300000000000004,44346.87723576464,971678494557.0593,1,20.015756616360125,14.098251509777487,4577.838895620884,296662136949841200000,1985746.8788320525
0,48.400000000000006,44336.924983982,970090748260.7799,1,20.117151682673512,14.058758314672458,4564.777214715599,295693422752054600000,1970157.3192928147
0,48.5,44327.328305440955,968424761811.4712,1,20.21881110201067,14.019407015662877,4551.771414777582,294678675967760960000,1954665.9232091515
0,48.6,44318.084264385514,966680331739.9547,1,20.32073487462828,13.980198964885396,4538.82178671496,293618018730424930000,1939273.4091711852
0,48.7,44309.189927896485,964857257630.0614,1,20.422922997139942,13.941135466437602,4525.928607120183,292511587497486020000,1923980.447853135
0,48.800000000000004,44300.642366425134,962955342320.6193,1,20.525375469875407,13.902217776941377,4513.092138468969,291359533254775280000,1908787.66302593
0,48.900000000000006,44292.438654312864,960974392134.9437,1,20.628092292844627,13.863447106116833,4500.312629321534,290162021734016120000,1893695.6325712074
0,49,44284.57587029133,958914217132.96,1,20.731073460531157,13.824824617366513,4487.590314525924,288919233640002160000,1878704.8894964026
0,49.1,44277.051097976044,956774631382.4454,1,20.83431897410385,13.7863514283681,4474.9254154232,287631364884872920000,1863815.9229481635
0,49.2,44269.86142634414,954555453254.4752,1,20.93782883469606,13.748028611675641,4462.318140054273,286298626832069800000,1849029.1792243596
0,49.300000000000004,44263.00395020004,952256505737.9639,1,21.041603036291068,13.70985719532837,4449.7686833682155,284921246546371350000,1834345.062783289
0,49.400000000000006,44256.47577064112,949877616772.5356,1,21.145641581430983,13.671838163465436,4437.277227431811,283499467049021640000,1819763.9372475748
0,49.5,44250.27399548516,947418619600.248,1,21.24994446540607,13.633972456948896,4424.843941640206,282033547577717030000,1805286.1264070054
0,49.6,44244.39573971182,944879353132.8896,1,21.354511689421066,13.596260973990272,4412.468982928418,280523763848922960000,1790911.915212554
0,49.7,44238.83812587336,942259662335.7396,1,21.45934325262543,13.558704570783481,4400.152495983568,278970408322475950000,1776641.550766831
0,49.800000000000004,44233.59828449786,939559398623.2993,1,21.564439153697954,13.52130406214171,4387.8946134576245,277373790465214580000,1762475.243307025
0,49.900000000000006,44228.6733545037,936778420269.8679,1,21.66979939254245,13.484060222136442,4375.695456180518,275734237014755600000,1748413.1671775847
0,50,44224.06048354786,933916592829.3582,1,21.775423963844048,13.446973784743607,4363.555133373488,274052092239497660000,1734455.4618014367
0,50.1,44219.75682843756,930973789566.2878,1,21.881312872127065,13.41004544448683,4351.473742862414,272327718195405850000,1720602.2326333015
0,50.2,44215.759555453435,927949891894.7649,1,21.987466110250907,13.37327585708843,4339.4513712911,270561494977104640000,1706853.5521130548
0,50.300000000000004,44212.06584071927,924844789824.5526,1,22.093883682714687,13.336665640117696,4327.488094334265,268753820962154050000,1693209.4606022192
0,50.400000000000006,44208.672870522365,921658382413.5682,1,22.20056558482701,13.300215373642988,4315.583976910158,266905113047548070000,1679669.9673146952
0,50.5,44205.577841658145,918390578225.3113,1,22.30751181597582,13.26392560088186,4303.739073392632,265015806876971470000,1666235.0512324779
0,50.6,44202.777961729094,915041295789.0652,1,22.414722375460265,13.227796828853746,4291.953427822583,263086357057001130000,1652904.6620142949
0,50.7,44200.27044945583,911610464064.3881,1,22.522197262007758,13.191829529030636,4280.22707411858,261117237362564070000,1639678.7208898074
0,50.800000000000004,44198.05253496207,908098022906.0612,1,22.62993647686402,13.156024137988062,4268.560036286627,259108940928889400000,1626557.1215437271
0,50.900000000000006,44196.1214600699,904503923531.0256,1,22.73794001685428,13.120381058053315,4256.952328628865,257061980430298870000,1613539.7309850918
0,51,44194.4744785605,900828128984.9907,1,22.84620788195476,13.084900657953844,4245.403955951201,254976888243978170000,1600626.3904067648
0,51.1,44193.10885644145,897070614609.5466,1,22.95474006832637,13.049583273462368,4233.914913769681,252854216598689000000,1587816.9160300472
0,51.2,44192.02187219728,893231368508.2117,1,23.06353657926027,13.01442920804014,4222.485188515552,250694537707017240000,1575111.099936925
0,51.300000000000004,44191.21081702784,889310392012.2324,1,23.172597412839917,12.979438733477583,4211.114757738898,248498443881126500000,1562508.7108891443
0,51.400000000000006,44190.6729950849,885307700145.0963,1,23.281922566499155,12.944612090531262,4199.803590310766,246266547630931670000,1550009.4951328428
0,51.5,44190.40572369471,881223322086.6517,1,23.391512039075117,12.909949489557878,4188.551646623716,243999481744714400000,1537613.177189945
0,51.6,44190.406333568506,877057301637.452,1,23.50136582992344,12.87545111114462,4177.358878790687,241697899352027300000,1525319.4606359117
0,51.7,44190.67216900643,872809697681.6615,1,23.611483940515445,12.84111710673539,4166.225230842127,239362473967482300000,1513128.0288631897
0,51.800000000000004,44191.20058809407,868480584652.4895,1,23.72186637030502,12.806947599252615,4155.150638921291,236993899517127800000,1501038.5458303294
0,51.900000000000006,44191.98896288313,864070052998.4158,1,23.832513112816816,12.772942683714968,4144.135031477676,234592890345945330000,1489050.6567976705
0,52,44193.03467957955,859578209653.0026,1,23.943424172726864,12.739102427849259,4133.178329458497,232160181207483600000,1477163.9890469892
0,52.1,44194.33513869811,855005178508.0696,1,24.05459954433896,12.705426872698885,4122.280446498155,229696527234969830000,1465378.152589501
0,52.2,44195.88775523193,850351100893.4777,1,24.166039229075512,12.671916033225553,4111.441289105667,227202703895098700000,1453692.740857055
0,52.300000000000004,44197.68995880056,845616136064.4504,1,24.27774322839623,12.638569898906319,4100.660756849958,224679506924394680000,1442107.3313803053
0,52.400000000000006,44199.73919379618,840800461697.778,1,24.389711537216385,12.605388434324688,4089.9387425430295,222127752248239720000,1430621.486452017
0,52.5,44202.03291951958,835904274400.4873,1,24.501944158311613,12.572371579755883,4079.2751324209,219548275883801150000,1419234.7537761463
0,52.6,44204.56861030124,830927790232.7908,1,24.614441088572253,12.539519251746684,4068.669806322334,216941933827076620000,1407946.6671034808
0,52.7,44207.34375563357,825871245247.4995,1,24.727202330185523,12.50683134368776,4058.1226378652655,214309601924416080000,1396756.746851084
0,52.800000000000004,44210.35586026963,820734896049.3717,1,24.84022787871281,12.474307726381461,4047.6334946209463,211652175729476040000,1385664.5007102136
0,52.900000000000006,44213.60244434606,815519020376.9514,1,24.95351773501333,12.441948248601024,4037.2022382857217,208970570345994800000,1374669.4242370469
0,53,44217.08104346786,810223917710.6719,1,25.067071900593437,12.409752737645292,4026.8287248504844,206265720257313000000,1363771.0014324577
0,53.1,44220.78920880426,804849909909.2734,1,25.180890369844874,12.37772099988547,4016.512804767699,203538579142574540000,1352968.7053061258
0,53.2,44224.72450718284,799397341879.8982,1,25.294973143656048,12.345852821304781,4006.254323116039,200790119681132800000,1342261.9984263936
0,53.300000000000004,44228.884521153755,793866582282.6691,1,25.409320224810198,12.314147968032731,3996.0531197626046,198021333344240000000,1331650.3334587014
0,53.400000000000006,44233.26684906613,788258024276.142,1,25.523931608335783,12.282606186871142,3985.9090295226783,195233230175817270000,1321133.1536886643
0,53.5,44237.869105144404,782572086304.7552,1,25.63880729767239,12.251227205812674,3975.821882317028,192426838561301400000,1310709.893531219
0,53.6,44242.688919533044,776809212933.4081,1,25.753947287992773,12.220010734553918,3965.7915033267627,189603204985457900000,1300379.9790288806
0,53.7,44247.723938363604,770969875730.7188,1,25.869351584056187,12.18895646499941,3955.8177131456973,186763393778130900000,1290142.8283342875
0,53.800000000000004,44252.97182379197,765054574206.5092,1,25.98502017886079,12.158064071759929,3945.90032793025,183908486848740200000,1279997.8521819746
0,53.900000000000006,44258.43025404867,759063836804.2861,1,26.100953072215397,12.127333212642261,3936.039159546839,181039583407854980000,1269944.454345703
0,54,44264.09692347329,752998221952.7201,1,26.217150266308952,12.09676352913234,3926.2340157168214,178157799675639000000,1259982.032084099
0,54.1,44269.969542543404,746858319177.5308,1,26.333611759363247,12.06635464687097,3916.4847001589287,175264268575588200000,1250109.9765738791
0,54.2,44276.04583790526,740644750277.2908,1,26.450337551802214,12.036106176121711,3906.791012729226,172360139412873050000,1240327.6733301843
0,54.300000000000004,44282.32355238311,734358170561.65,1,26.567327644543703,12.006017712232412,3897.1527495586056,169446577534147820000,1230634.5026162942
0,54.400000000000006,44288.80044502113,727999270156.4155,1,26.68458203392267,11.976088836086843,3887.5697031877744,166524763968407700000,1221029.8398381826
0,54.5,44295.47429106943,721568775372.4661,1,26.802100720415577,11.9463191145523,3878.041662699836,163595895044930470000,1211513.0559318154
0,54.6,44302.34288200829,715067450140.0911,1,26.919883701674323,11.916708100916923,3868.5684138503734,160661181986476850000,1202083.5177352855
0,54.7,44309.40402553324,708496097506.07,1,27.03793097928966,11.887255335321857,3859.1497391951134,157721850473954840000,1192740.5883525342
0,54.800000000000004,44316.65554557368,701855561192.6509,1,27.15624255424985,11.857960345183551,3849.7854182151345,154779140179640300000,1183483.6275028153
0,54.900000000000006,44324.09528227057,695146727213.5721,1,27.274818425076305,11.828822645611053,3840.475227439693,151834304264320120000,1174311.9918623227
0,55,44331.72109196987,688370525544.4329,1,27.393658588125923,11.799841739814626,3831.2189405666218,148888608834830270000,1165225.0353934418
0,55.1,44339.53084722161,681527931842.0809,1,27.51276304701777,11.771017119506421,3822.0163285803396,145943332357445340000,1156222.1096627116
0,55.2,44347.522436738014,674619969206.7426,1,27.632131800272468,11.742348265296247,3812.8671598675296,142999765022390220000,1147302.5641515476
0,55.300000000000004,44355.69376539532,667647709978.791,1,27.75176484421881,11.713834647076977,3803.771200330413,140059208054247850000,1138465.746552956
0,55.400000000000006,44364.04275419377,660612277564.2463,1,27.87166218329641,11.685475724405224,3794.7282134977418,137122972964294540000,1129711.0030615206
0,55.5,44372.56734023057,653514848276.9937,1,27.991823809887126,11.657270946873707,3785.7379606334466,134192380738579040000,1121037.6786522653
0,55.6,44381.26547667943,646356653189.876,1,28.112249731107283,11.629219754475926,3776.8002008430076,131268760957784100000,1112445.1173493394
0,55.7,44390.135132735595,639138979980.9911,1,28.232939945925782,11.601321577965663,3767.9146911775683,128353450842970800000,1103932.662487834
0,55.800000000000004,44399.17429358978,631863174765.5098,1,28.353894447002524,11.57357583920743,3759.081186735782,125447794223524230000,1095499.6569639633
0,55.900000000000006,44408.380960392766,624530643898.247,1,28.475113241966987,11.545981951520346,3750.299440763442,122553140422138120000,1087145.4434769205
0,56,44417.75315018743,617142855733.5962,1,28.596596323390067,11.51853932001697,3741.5692047509415,119670843052933370000,1078869.3647642927
0,56.1,44427.28889589291,609701342328.9293,1,28.718343693647824,11.491247341931784,3732.8902285285126,116802258729308880000,1070670.7638247667
0,56.2,44436.98624623008,602207701076.4005,1,28.84035535517774,11.464105406946452,3724.2622603593686,113948745678420200000,1062548.9841368385
0,56.300000000000004,44446.84326567687,594663596247.8733,1,28.96263130318117,11.437112897506244,3715.6850470306863,111111662259903900000,1054503.3698669209
0,56.400000000000006,44456.85803441517,587070760436.7408,1,29.08517154136544,11.41026918913022,3707.1583339425065,108292365386948560000,1046533.2660700199
0,56.5,44467.028648270294,579430995883.1217,1,29.207976068249696,11.383573650715112,3698.681865194566,105492208849687200000,1038638.0188830489
0,56.6,44477.35321865324,571746175664.5469,1,29.33104488105363,11.357025644832405,3690.2553836710886,102712541540117320000,1030816.9757102514
0,56.7,44487.82987249829,564018244738.9929,1,29.45437798151105,11.330624528019078,3681.8786311235535,99954705580413860000,1023069.4854014597
0,56.800000000000004,44498.45675219875,556249220824.1516,1,29.57797536946928,11.304369651062004,3673.551348251485,97220034356272040000,1015394.898423181
0,56.900000000000006,44509.232015534304,548441195099.6022,1,29.70183704216922,11.278260359276418,3665.27327478128,94509850458800880000,1007792.5670231337
0,57,44520.15383561887,540596332717.90283,1,29.825963003471447,11.252295992776814,3657.0441495430955,91825463539089360000,1000261.84538643
0,57.1,44531.22040081024,532716873112.1124,1,29.950353249861344,11.226475886743927,3648.8637105458542,89168168080912630000,992802.0897877048
0,57.2,44542.42991465144,524805130088.8144,1,30.075007782470955,11.200799371683598,3640.731695050345,86539241098338320000,985412.6587344023
0,57.300000000000004,44553.780595798045,516863491694.6566,1,30.199926598594917,11.17526577368045,3632.6478396405028,83939939765355320000,978092.9131047295
0,57.400000000000006,44565.27067793347,508894419848.575,1,30.32510969937973,11.149874414646293,3624.611880292865,81371498986705940000,970842.2162801692
0,57.5,44576.89840969723,500900449731.18646,1,30.45055708662106,11.12462461256182,3616.6235524442286,78835128919431510000,963659.9342710827
0,57.6,44588.66205460578,492884188924.17596,1,30.576268758327593,11.099515681712948,3608.6825910575553,76332012455600640000,956545.4358369402
0,57.7,44600.55989098176,484848316294.7078,1,30.702244712383994,11.074546932920954,3600.788730686142,73863302677821720000,949498.0926003016
0,57.800000000000004,44612.590211859904,476795580621.95044,1,30.828484953277098,11.049717673768344,3592.9417055360977,71430120300093570000,942517.2791568068
0,57.900000000000006,44624.75132490322,468728798960.45435,1,30.954989476262053,11.025027208818562,3585.1412495271384,69033551106071090000,935602.3731791038
0,58,44637.041552335955,460650854742.95764,1,31.081758284531805,11.00047483982923,3577.387096351726,66674643399355230000,928752.755514439
0,58.1,44649.45923084393,452564695619.0708,1,31.20879137489731,10.976059865961977,3569.6789795326117,64354405478578760000,921967.810279346
0,58.2,44662.00271149445,444473331033.7337,1,31.336088747790807,10.951781583985811,3562.01663247878,62073803152238625000,915246.92494814
0,58.300000000000004,44674.670359648764,436379829547.3637,1,31.463650404345618,10.92763928847573,3554.399788539829,59833757307433480000,908589.4904371174
0,58.400000000000006,44687.460554876365,428287315900.4387,1,31.591476343959165,10.903632272006126,3546.8281810588232,57635141546661750000,901994.9011840189
0,58.5,44700.37169086281,420198967828.52496,1,31.719566567084613,10.879759825339553,3539.301543423648,55478779907387245000,895462.5552234562
0,58.6,44713.402175323106,412118012632.5574,1,31.847921072490504,10.856021237610214,3531.8196091168734,53365444678267440000,888991.8542576113
0,58.7,44726.55042990763,404047723509.9307,1,31.97653986069535,10.832415796503083,3524.3821117641883,51295854325626585000,882582.2037232415
0,58.800000000000004,44739.81489011925,395991415653.21185,1,32.10542292968121,10.80894278842755,3516.9887851813914,49270671543476355000,876233.0128538957
0,58.900000000000006,44753.19400521647,387952442122.22974,1,32.23457028075235,10.785601498687278,3509.6393634200113,47290501439437980000,869943.6947390725
0,59,44766.68623811472,379934189493.69855,1,32.3639819138568,10.762391211645529,3502.333580811547,45355889867833030000,863713.666379696
0,59.1,44780.29006530717,371940073289.3603,1,32.493657828253994,10.739311210884868,3495.071172010365,43467321919782240000,857542.3487386768
0,59.2,44794.00397676043,363973533179.7042,1,32.62359802593732,10.716360779363916,3487.8518720352963,41625220578640134000,851429.1667894844
0,59.300000000000004,44807.82647582423,356038027947.4108,1,32.75380250620547,10.69353919956894,3480.675416309934,39829945545700340000,845373.5495604009
0,59.400000000000006,44821.756079143845,348137030180.5721,1,32.884271267077196,10.670845753661055,3473.5415407016726,38081792237977630000,839374.9301753101
0,59.5,44835.79131655209,340274020637.65356,1,33.01500430914836,10.64827972362043,3466.4499815595273,36380990954316694000,833432.7458924819
0,59.6,44849.93073098827,332452482184.7132,1,33.14600163044896,10.625840391384822,3459.400475750713,34727706198893320000,827546.438138648
0,59.7,44864.17287839204,324675893144.22394,1,33.27726323493374,10.603527038985604,3452.3927606960733,33122036141675864000,821715.4525415879
0,59.800000000000004,44878.51632760838,316947719806.95685,1,33.408789118610535,10.58133894867915,3445.42657440432,31564012183096980000,815939.2389591252
0,59.900000000000006,44892.959660307504,309271407738.83887,1,33.540579286169425,10.559275403073604,3438.5016555051543,30053598575264830000,810217.2515045562
0,60,44907.50147086289,301650371360.26904,1,33.67263373352441,10.53733568525421,3431.6177432812797,28590692035249123000,804548.9485717141
0,60.1,44922.140366283245,294087981087.4607,1,33.80495246481436,10.515519078901887,3424.7745776993106,27175121268967210000,798933.7928544355
0,60.2,44936.87496609148,286587547117.2783,1,33.937535475346635,10.493824868411224,3417.971899439642,25806646310594640000,793371.2513664947
0,60.300000000000004,44951.7039022455,279152298726.0283,1,34.07038276514785,10.472252339002521,3411.2094499252553,24484957575739210000,787860.795456799
0,60.400000000000006,44966.625819035806,271785357784.40717,1,34.20349433888843,10.450800776831736,3404.4869713495264,23209674534240993000,782401.9008235737
0,60.5,44981.639372982085,264489705120.12497,1,34.33687019325771,10.429469469097018,3397.804206703032,21980343936946856000,776994.0475263682
0,60.6,44996.743232750334,257268138456.29782,1,34.47051032695962,10.408257704140818,3391.160899799372,20796437586479403000,771636.7199947801
0,60.7,45011.93607904762,250123220674.93314,1,34.60441474141088,10.387164771549998,3384.5567953000696,19657349678948643000,766336.2284609253
0,60.800000000000004,45027.21660600975,243057219015.60867,1,34.738583436588314,10.366189605906559,3377.9915226436297,18562394057757780000,761086.9708515792
0,60.900000000000006,45042.58352147695,236072035352.22888,1,34.87301641386809,10.345331405854195,3371.464797746996,17510801613318885000,755886.5510116011
0,61,45058.03554539289,229169129866.12485,1,35.00771367334406,10.324589469724298,3364.9763694329877,16501718355134520000,750734.4730908087
0,61.1,45073.57140930835,222349442141.51987,1,35.142675214418546,10.303963097465761,3358.5259874634153,15534204827158624000,745630.2456187089
0,61.2,45089.18985627685,215613315554.79276,1,35.27790103784063,10.28345159072815,3352.1134025590377,14607237641457152000,740573.3815024156
0,61.300000000000004,45104.88964076154,209721839210.2448,1,35.41339113894509,10.263054252941506,3345.7383664187037,13819879438201844000,735563.3980224065
0,61.400000000000006,45120.669528548606,204112145630.0143,1,35.54914552439738,10.242770389393065,3339.400631737712,13090451772594377000,730599.8168264814
0,61.5,45136.52829663362,198550966401.09662,1,35.685164190398346,10.22259930730277,3333.0999522253987,12386852022335988000,725682.1639236175
0,61.6,45152.464733148925,193037363964.33777,1,35.82144713769193,10.202540315893991,3326.836082621977,11708457820111139000,720809.9696744258
0,61.7,45168.47763725836,187570009386.65186,1,35.95799436958066,10.182592726463445,3320.608778714642,11054617984474673000,715982.768781917
0,61.800000000000004,45184.56581905857,182147216679.44833,1,36.09480588418799,10.162755852448324,3314.417797352972,10424662838167620000,711200.1002806824
0,61.900000000000006,45200.72809949983,176767000120.23392,1,36.23188167765364,10.143029009489902,3308.262896463619,9817916230209920000,706461.5075239313
0,62,45216.96331028361,171427155417.88626,1,36.36922175267713,10.123411515496082,3302.143835064335,9233708844937232000,701766.5381705217
0,62.1,45233.270293768495,166125363970.6857,1,36.506826110753444,10.10390269070117,3296.0603732773316,8671392208021486000,697114.7441705044
0,62.2,45249.647902880795,160859317704.5028,1,36.64469474994535,10.084501857723119,3290.012272341989,8130352653336349000,692505.6817493769
0,62.300000000000004,45266.09500102792,155626860206.62906,1,36.78282767506415,10.065208341618478,3283.999294626948,7610024414956592000,687938.9113912726
0,62.400000000000006,45282.61046198942,150426138262.21896,1,36.92122487950629,10.046021469936376,3278.021203641586,7109900971662650000,683413.997822224
0,62.5,45299.193169849925,145255756622.04532,1,37.05988637000331,10.026940572768147,3272.077764046885,6629543807327788000,678930.5099905746
0,62.6,45315.8420188874,140114928025.74506,1,37.19881214270098,10.007964982797349,3266.1687416657383,6168587862721306000,674488.021048657
0,62.7,45332.55591349676,135003610270.83528,1,37.33800219907207,9.989094035345902,3260.293903492682,5726743137326513000,670086.1083320142
0,62.800000000000004,45349.33376809396,129922622490.69377,1,37.47745653790596,9.9703270684193,3254.4530177030747,5303792140134455000,665724.3533387457
0,62.900000000000006,45366.17450702377,124873733760.71422,1,37.617175161278084,9.951663422749766,3248.6458536617442,4899583165840486000,661402.3417080044
0,63,45383.077064475976,119859718607.05417,1,37.75715806666891,9.933102441837109,3242.8721819311154,4514019662463463400,657119.6631973914
0,63.1,45400.04038439505,114884375818.49649,1,37.897405252986964,9.914643471988137,3237.13177427882,4147046231615854000,652875.911660036
0,63.2,45417.06342039723,109952508999.81233,1,38.037916727596134,9.896285862353924,3231.4244036848245,3798632038228418000,648670.6850207171
0,63.300000000000004,45434.14513566252,105069869386.94463,1,38.178692487238756,9.878028964966713,3225.7498443480795,3468752581629568000,644503.5852525752
0,63.400000000000006,45451.28450288158,100243063412.20613,1,38.319732531457326,9.859872134772235,3220.107871692678,3157370880238954500,640374.218350796
0,63.5,45468.48050413933,95479429222.93277,1,38.46103685974547,9.84181472966381,3214.4982623736,2864419141075809000,636282.194308648
0,63.6,45485.732130843215,90786887723.77539,1,38.60260547090152,9.82385611051243,3208.9207942819753,2589781924879035000,632227.127091056
0,63.7,45503.03838363569,86173774661.39084,1,38.74443836846511,9.805995641196233,3203.3752465499424,2333281686539599000,628208.6346084394
0,63.800000000000004,45520.39827231038,81648660785.02045,1,38.88653555051762,9.788232688628257,3197.861399555087,2094667384338950700,624226.3386899905
0,63.900000000000006,45537.81081572082,77220167205.21097,1,39.028897019909046,9.770566622783122,3192.379034924468,1873606628811891200,620279.8650568861
0,64,45555.27504170127,72896782781.30713,1,39.171522774755815,9.752996816721673,3186.927935538255,1669681603676957700,616368.8432946346
0,64.10000000000001,45572.78998699132,68686689754.95501,1,39.314412818670725,9.735522646614072,3181.5078855329803,1482388756873868300,612492.9068249386
0,64.2,45590.35469713714,64597602991.86519,1,39.4575671450385,9.718143491762756,3176.1186703044264,1311142046963152400,608651.6928782652
0,64.3,45607.96822642721,60636627174.07235,1,39.60098576076754,9.700858734622319,3170.7600765101497,1155279352297022200,604844.8424646682
0,64.4,45625.62963778991,56810135178.97109,1,39.74466866399089,9.683667760820093,3165.4318920716582,1014071516418039300,601072.0003459874
0,64.5,45643.338002732955,53123669762.20268,1,39.88861585284477,9.666569959173344,3160.133906176241,886733417243966000,597332.815006053
0,64.60000000000001,45661.092401249334,49581869585.09431,1,40.03282732951086,9.649564721707014,3154.865909278482,772436409246786300,593626.9386221006
0,64.7,45678.89192174561,46188419647.1836,1,40.17730309555547,9.632651443669122,3149.6276931014404,670321493216319000,589954.0270350619
0,64.8,45696.73566095438,42946025328.727684,1,40.32204315179572,9.615829523545917,3144.4190506375417,579512610306304100,586313.7397203764
0,64.9,45714.62272386346,39856408542.33026,1,40.467047498485925,9.599098363075004,3139.2397761491493,499129527598123840,582705.7397579396
0,65,45732.552223634906,36920323943.9503,1,40.61231612779632,9.582457367257973,3134.0896651688545,428299872176367000,579129.6938023836
0,65.10000000000001,45750.52328153141,34137592763.40948,1,40.75784905187973,9.565905944371632,3128.968514499489,366169970854883700,575585.2720529273
0,65.2,45768.5350268241,31507151571.413128,1,40.90364626294059,9.54944350597915,3123.8761222138655,311914255121849100,572072.1482239142
0,65.3,45786.586596736684,29027113192.850765,1,41.04970776513287,9.533069466938386,3118.812287654236,264743089017782940,568589.9995137939
0,65.4,45804.67713635601,26694836984.896294,1,41.196033556086974,9.516783245411029,3113.7768114315263,223908966403804700,565138.50657543
0,65.5,45822.80579856597,24507005802.491226,1,41.34262363856369,9.50058426286957,3108.769495424294,188711099995785400,561717.3534854221
0,65.60000000000001,45840.97174396273,22459707153.579475,1,41.4894780121169,9.484471944104385,3103.790142777469,158498485783727580,558326.2277141386
0,65.7,45859.174140789546,20548516280.24208,1,41.63659668045842,9.468445717228951,3098.8385579008477,132671572460764140,554964.8200949928
0,65.8,45877.41216485575,18768579171.947025,1,41.78397963697187,9.452505013685016,3093.914546467376,110682696817503980,551632.8247943233
0,65.9,45895.68499947619,17114693806.136883,1,41.93162688659176,9.436649268245969,3089.017915411207,92035464037673500,548329.939280528
0,66,45913.991835388355,15581388205.631197,1,42.07953843218045,9.420877919020498,3084.1484729255562,76283258317902450,545055.8642940563
0,66.10000000000001,45932.33187067881,14162994189.773882,1,42.227714269910265,9.405190407455073,3079.306028460356,63027066338072420,541810.3038171174
0,66.2,45950.704310726374,12853715968.894587,1,42.37615439938365,9.389586178334822,3074.490392719707,51912786017496840,538592.9650427894
0,66.3,45969.1083681155,11647692981.854433,1,42.52485882414907,9.374064679785207,3069.7013776591566,42628177775581440,535403.558345333
0,66.4,45987.54326257389,10539056600.856342,1,42.67382754303454,9.358625363271772,3064.938796482777,34899597062434660,532241.7972496555
0,66.5,46006.0082209073,9521980212.878334,0,1.7884334410754856,9.343269397530651,3060.2024636400856,28488624977685190,529109.6915434807
0,66.60000000000001,46024.50247740932,8590723173.924202,0,1.4835890959317868,9.327997953384992,3055.492154502577,23188699262172908,526009.357633741
0,66.7,46043.025274770334,7739669478.773412,0,1.184341639375105,9.3128066798805,3050.807603246483,18821826603120640,522935.69408959197
0,66.8,46061.57586352248,6963359457.753556,0,0.8079838625061807,9.297695046402856,3046.1486295839773,15235424808472666,519888.4288323795
0,66.9,46080.15350094903,6256515999.597637,0,0.6320513824132525,9.282662525631322,3041.515054445023,12299347100999698,516867.29275463935
0,67,46098.75745102018,5614065496.2088785,0,0.30676756213868084,9.267708593534925,3036.9066999735255,9903116518718144,513872.0196906329
0,67.10000000000001,46117.386984332465,5031153937.447888,0,0.5202194221244846,9.2528327293679,3032.3233895233443,7953387640513962,510902.3463868738
0,67.2,46136.04137804359,4503158606.2911825,0,0.7957902763842514,9.238034415664876,3027.764947654183,6371642876171259,507958.0124729817
0,67.3,46154.71991580445,4025695832.72365,0,1.0526060829745831,9.22331313823571,3023.231200127354,5092122642865885,505038.76043277985
0,67.4,46173.421887706965,3594625261.2458987,0,1.2364210291260043,9.20866838615903,3018.721973901409,4059982699058136,502144.33557499177
0,67.5,46192.14659020025,3206051074.405711,0,1.4982158847808296,9.194099651776924,3014.237097127683,3229667492516443,499274.4860052053
0,67.60000000000001,46210.89332605526,2856320595.0814414,0,0.7737804740410523,9.179606430686787,3009.7763991456936,2563485359973386.5,496428.9625963349
0,67.7,46229.66140427813,2542020665.5913596,0,0.6301026808658193,9.165188221735251,3005.339710478466,2030369555122324.3,493607.51896101196
0,67.8,46248.450140067376,2259972173.39088,0,0.2984320068259861,9.150844527009559,3000.9268628277255,1604808154702646.5,490809.9114226608
0,67.9,46267.25885474775,2007223062.7274387,0,0.4654393388329012,9.136574851829707,2996.5376890690222,1265925696645138.5,488035.89898754586
0,68,46286.08687570505,1781040140.10544,0,0.3844812744496633,9.122378704740136,2992.172023246746,996699760386176,485285.2433169861
0,68.10000000000001,46304.933536334895,1578899949.931175,0,0.385416963201111,9.108255597500397,2987.8297005690574,783296454664077.6,482557.7086992758
0,68.2,46323.79817597754,1398478965.6240242,0,0.45818586777615317,9.094205045076128,2983.510557402732,614509803989104.1,479853.0620222783
0,68.3,46342.68013986386,1237643311.7116132,0,0.30406610788122895,9.080226565629152,2979.214431267924,481291218102276.2,477171.07274583355
0,68.4,46361.57877905574,1094438204.168626,0,0.24504315615012148,9.066319680507549,2974.9411608328583,376356506460295.8,474511.5128745735
0,68.5,46380.4934503939,967077269.780072,0,0.26613073803247494,9.052483914235031,2970.690585908442,293859198954246.7,471874.156930683
0,68.60000000000001,46399.42351643462,853931880.9268672,0,0.3931595047533036,9.038718794500564,2966.462547442812,229120207943256.56,469258.781927235
0,68.7,46418.36834539566,753520619.8501207,0,0.47003893322212914,9.025023852147278,2962.256887515819,178405081916085,466665.16734143905
0,68.8,46437.32731109671,664498966.2677537,0,0.6693871183989615,9.01139862116132,2958.0734493334353,138741235709248.45,464093.0950882674
0,68.9,46456.299792916514,585649284.1218746,0,0.3287941539157882,8.997842638659696,2953.912077222113,107768582970429.89,461542.3494937758
0,69,46475.28517572954,515871167.1880981,0,0.2002951102201677,8.984355444878826,2949.7726166230896,83617937143328.02,459012.7172692937
0,69.10000000000001,46494.28284985479,454172189.15695995,0,0.13387802209721095,8.970936583162285,2945.6549140866355,64812386474564.15,456503.9874854394
0,69.2,46513.29221099429,399659091.50048363,0,0.2724555720663117,8.957585599948773,2941.5588172662506,50187588972904.16,454015.9515466816
0,69.3,46532.31266019773,351529431.83119726,0,0.341716228212975,8.944302044758688,2937.4841749128123,38827580015559.62,451548.40316530806
0,69.4,46551.34360379167,309063706.411837,0,0.35365163697374874,8.931085470182117,2933.43083686869,30013245176394.75,449101.13833672437
0,69.5,46570.38445333764,271617952.8176615,0,0.31564554745622675,8.917935431865288,2929.3986540618052,23181091550791.285,446673.95531406836
0,69.60000000000001,46589.4346255837,238616832.36822402,0,0.26141230864459875,8.904851488497137,2925.3874784996533,17890360472518.438,444266.65458326426
0,69.7,46608.49354239926,209547186.6760534,0,0.262588002085909,8.891833201796496,2921.397163263308,13796871134040.07,441879.03883881465
0,69.8,46627.56063074246,183952058.37608844,0,0.26816520266432253,8.878880136497555,2917.4275625013615,10632276019619.879,439510.9129588142
0,69.9,46646.63532259967,161425162.67532012,0,0.16290938738213057,8.865991860336514,2913.4785314238643,8187652543798.19,437162.0839810628
0,70,46665.71705494076,141605793.659853,0,0.28818298325686165,8.853167944037308,2909.5499262962135,6300557564452.091,434832.3610788969
0,70.10000000000001,46684.80526966322,124174147.23819947,0,0.32970659009141834,8.84040796129773,2905.6416044330317,4844838573755.009,432521.55553761753
0,70.2,46703.89941355493,108847041.06014441,0,0.504741040835204,8.82771148877454,2901.753424192004,3722632751670.4126,430229.48073056113
0,70.3,46722.99893823359,95374010.6613627,0,0.4654737512789518,8.815078106069533,2897.8852449677106,2858097439116.865,427955.9520961162
0,70.4,46742.10330011416,83533760.37475273,0,0.2492041066470646,8.802507395714215,2894.0369271854292,2192507073737.9155,425700.78711412405
0,70.5,46761.211960352026,73130947.15062559,0,0.20055804860094878,8.78999894315545,2890.208332294922,1680425778986.3203,423463.80528323667
0,70.60000000000001,46780.32438478898,63993275.30539814,0,0.046195433157337255,8.777552336740898,2886.3993227642122,1286724637117.4346,421244.8280984035
0,70.7,46799.440043922514,55968880.32113292,0,0.08076674139785564,8.76516716770327,2882.609762073332,984260771864.2417,419043.6790279239
0,70.8,46818.558412857354,48923980.12321383,0,0.16087504396499824,8.752843030145318,2878.8395147080737,752073872062.4949,416860.1834912299
0,70.9,46837.67897125799,42740772.74175769,0,0.18223614549623976,8.740579521024706,2875.088446153728,573986500719.804,414694.1688368883
0,71,46856.80120329652,37315559.89323156,0,0.2909320197626131,8.728376240139003,2871.3564228888113,437518945349.8372,412545.4643209362
0,71.10000000000001,46875.92459762469,32557076.7779186,0,0.2660516728837476,8.716232790109487,2867.6433123787797,333048702709.8948,410413.9010847748
0,71.2,46895.04864731338,28385009.264541198,0,0.20576682507194596,8.704148776366397,2863.948983069751,253159960677.64392,408299.31213420356
0,71.3,46914.172849819064,24728680.597854465,0,0.28618678797184816,8.6921238071329,2860.273304382219,192140461370.16397,406201.5323179198
0,71.4,46933.296706939116,21525890.8049274,0,0.3401423607981849,8.680157493409466,2856.616146704755,145592567461.4366,404120.3983065543
0,71.5,46952.41972477455,18721893.066866882,0,0.476426792515455,8.66824944895792,2852.977381387724,110132743921.8649,402055.7485717336
0,71.60000000000001,46971.54141367506,16268492.4483411,0,0.4373422185390859,8.656399290286219,2849.356880736999,83159440560.1976,400007.42336583626
0,71.7,46990.66128820833,14123253.514133886,0,0.2522951170163619,8.644606636632094,2845.7545180076663,62673860782.89987,397975.26470132434
0,71.8,47009.77886711247,12248798.726902014,0,0.16144238945013875,8.633153179270694,2842.170167397749,47141558436.20623,395974.1309671239
0,71.9,47028.89367634524,10612203.10568811,0,0.09885489444061415,8.622023804074075,2838.6034384987156,35385720718.72957,394002.85442544916
0,72,47048.0052519124,9184464.38825994,0,0.12555916345726229,8.610947631315407,2835.0539584243897,26504804673.816856,392046.7714961495
0,72.10000000000001,47067.113136657514,7940031.0065096095,0,0.14215043368129837,8.599924308388136,2831.5216106227167,19808944522.688988,390105.7385630983
0,72.2,47086.21687726397,6856390.035377452,0,0.21820049347530382,8.588953485226295,2828.006279392941,14770934389.376791,388179.61356039246
0,72.3,47105.31602420285,5913705.897158847,0,0.30288294344919403,8.578034814288328,2824.507849879908,10988448658.440132,386268.2559551672
0,72.4,47124.41013171431,5094503.444922537,0,0.21753042208826792,8.567167950540416,2821.026208068366,8154937922.402178,384371.52672975464
0,72.5,47143.49875775445,4383389.79255196,0,0.17299368751783065,8.556352551440385,2817.5612407772933,6037221678.784707,382489.28836491035
0,72.60000000000001,47162.581463970244,3766809.941635802,0,0.20607742540530205,8.545588276921182,2814.1128356542263,4458249349.391463,380621.40482251515
0,72.7,47181.65781566221,3232831.876114109,0,0.29360443130963376,8.534874789374573,2810.680881169604,3283848994.8800154,378767.741528789
0,72.8,47200.72738175467,2770957.351845043,0,0.40789747294917256,8.524211753634768,2807.265266611131,2412551662.0046163,376928.16535749857
0,72.9,47219.78973475285,2371955.1047496763,0,0.3555511226119692,8.513598836962293,2803.8658820781557,1767786724.7272263,375102.54461367667
0,73,47238.844450712204,2027713.6380876615,0,0.21888290051015544,8.503035709027687,2800.482618476057,1291903822.6010334,373290.7490172264
0,73.10000000000001,47257.89110920951,1731111.1328704471,0,0.12992087019308224,8.492522041895212,2797.1153675106516,941600840.798756,371492.6496866765
0,73.2,47276.929293299094,1475900.3593929356,0,0.12005461753049337,8.482057510006875,2793.7640216826244,684433118.1979535,369708.119123466
0,73.3,47295.95858949423,1256606.756579015,0,0.13072037541421405,8.471641790166032,2790.428474281961,496153112.2949556,367937.03119581775
0,73.4,47314.97858771775,1068438.094349692,0,0.18762161394637888,8.461274561521613,2787.1086193824217,358687025.0741495,366179.26112352323
0,73.5,47333.988881286234,907204.348522473,0,0.21501500632676235,8.450955505551777,2783.8043518360087,258599205.02663258,364434.6854621121
0,73.60000000000001,47352.989066864364,769246.5990045472,0,0.29014736131665436,8.44068430604814,2780.5155672674728,185929417.44540682,362703.18208789424
0,73.7,47371.978744443506,651373.9187237892,0,0.22307229305961496,8.43046064909967,2777.2421620688283,133314586.33296314,360984.630182628
0,73.8,47390.95751730632,550807.3526496808,0,0.14494608513935076,8.420284223076843,2773.9840333938996,95327103.41107117,359278.91021867294
0,73.9,47409.92499199137,465130.1991343234,0,0.15362213301415684,8.410154718615859,2770.741079152875,67977629.19638164,357585.9039443189
0,74,47428.880778271705,392243.9020974716,0,0.20802424494582455,8.400071828602698,2767.513198006894,48342526.09044247,355905.4943689743
0,74.10000000000001,47447.82448911015,330328.9443813833,0,0.31303697396595687,8.390035248157615,2764.3002893626553,34285477.15176972,354237.5657490462
0,74.2,47466.75574065093,277810.2028427845,0,0.28067053619312615,8.380044674619084,2761.1022533670343,24250088.175006688,352582.0035731681
0,74.3,47485.674152174965,233326.28643635134,0,0.16931718661152922,8.370099807528426,2757.918990901742,17105834.93272162,350938.6945484186
0,74.4,47504.5793460682,195702.4301353251,0,0.1315677300432025,8.360200348614287,2754.7504035780016,12033982.511487864,349307.52658641746
0,74.5,47523.470947800204,163926.56363275897,0,0.15104156028264532,8.350346001776966,2751.5963937312413,8443365.872785525,347688.38878934167
0,74.60000000000001,47542.34858589433,137128.21301514318,0,0.18450366004004237,8.340536473073023,2748.456864415815,5908409.28568729,346081.1714363022
0,74.7,47561.21189188957,114559.92837191412,0,0.22070288420957013,8.330771470700013,2745.3317193997545,4123655.781428625,344485.7659700658
0,74.8,47580.06050033029,95580.96230405524,0,0.2490605125100452,8.321050704980907,2742.2208631595354,2870514.442227984,342902.0649833168
0,74.9,47598.89404872246,79642.95059388624,0,0.294507587910992,8.311373888349078,2739.124200874879,1993019.837732171,341329.96220582235
0,75,47617.7121775141,66277.37245683739,0,0.21648570112445173,8.301740735332979,2736.0416384235705,1380217.419286318,339769.35249121726
0,75.10000000000001,47636.51453006826,55084.589076202996,0,0.1463526222890097,8.292150962541035,2732.9730823763084,953404.4330249624,338220.1318041072
0,75.2,47655.30075262301,45724.280160569164,0,0.09387770329375839,8.282604288646775,2729.9184399915816,656917.2907357679,336682.19720761315
0,75.3,47674.07049428485,37907.11611299073,0,0.1639621492327707,8.273100434373546,2726.8776192105647,451500.7021296107,335155.44685033476
0,75.4,47692.82340699155,31387.52060079855,0,0.2453265324297161,8.263639122479773,2723.850528652047,309550.1084154282,333639.77995413844
0,75.5,47711.5591454776,25957.392575166734,0,0.34018488970741534,8.254220077744236,2720.837077607391,211708.87757436102,332135.0968020257
0,75.60000000000001,47730.277367264964,21440.67201463498,0,0.2430853713196289,8.244843026951052,2717.8371760355044,144442.0772794257,330641.2987256121
0,75.7,47748.97773263231,17688.64458447562,0,0.17410011295043892,8.235507698875061,2714.850734557853,98311.89118590618,329158.28809321637
0,75.8,47767.6599045787,14575.893453367138,0,0.07052507504574469,8.226213824267369,2711.877664453495,66755.53933164639,327685.96829820576
0,75.9,47786.32354880683,11996.815290867216,0,0.1281262344047118,8.216961135840684,2708.9178776541494,45221.90814263474,326224.2437470708
0,76,47804.96833370812,9862.6281955542,0,0.12275993758695529,8.207749368254687,2705.9712867392755,30563.441952660083,324773.0198476076
0,76.10000000000001,47823.593930313364,8098.806941637141,0,0.20767620178539362,8.198578258102016,2703.037804931202,20609.10024895792,323332.2029979657
0,76.2,47842.200012293644,6642.88842537292,0,0.24890248983318397,8.189447543893566,2700.1173460902664,13865.350580075172,321901.7005747697
0,76.3,47860.78625591844,5442.598120557357,0,0.1523984247810217,8.180356966044524,2697.2098247099957,9307.423463678959,320481.4209222931
0,76.4,47879.352340044454,4454.252937610523,0,0.1668202301206086,8.171306266860007,2694.3151559123035,6233.998437706345,319071.2733411049
0,76.5,47897.89794608019,3641.402729909266,0,0.14346247127667666,8.162295190521169,2691.433255442727,4166.336715009334,317671.1680773756
0,76.60000000000001,47916.42275796924,2973.676607379499,0,0.1257211549116488,8.153323483071082,2688.564039665684,2778.4616824295226,316281.01631191536
0,76.7,47934.9264621716,2425.805249633005,0,0.22541509604399385,8.144390892400745,2685.707425559758,1848.9654759800655,314900.73014938907
0,76.80000000000001,47953.40874762926,1976.7934608756427,0,0.3447045831369403,8.135497168235428,2682.8633307130253,1227.833647156515,313530.2226079888
0,76.9,47971.86930574663,1609.221618354826,0,0.21400948585296692,8.126642062120839,2680.0316733183904,813.6706587466142,312169.40760892205
0,77,47990.307830379345,1308.6564996348905,0,0.12829243787892564,8.117825327409276,2677.212372168965,538.1065419133042,310818.19996586815
0,77.10000000000001,48008.724017795175,1063.1551100629006,0,0.019415473470159258,8.109173276693367,2674.4053466534724,355.1486767404938,309481.5331257147
0,77.2,48027.1175676845,862.8486427270049,0,0.08280583071106118,8.100698690964066,2671.6104282799492,233.9301393363052,308159.76997175795
0,77.30000000000001,48045.488184246235,699.5931031282228,0,0.08735195665381457,8.092260281793406,2668.8274409354653,153.7828756435972,306847.1971071164
0,77.4,48063.83557511866,566.6765004719693,0,0.16780218255262933,8.083857816806905,2666.056307982917,100.89911230751287,305543.73505473306
0,77.5,48082.15945020877,458.574189125546,0,0.20698239322782697,8.07549106531211,2663.296953339934,66.07484492130587,304249.3051492016
0,77.60000000000001,48100.459521684796,370.7444609057991,0,0.12269851555704919,8.067159798285756,2660.5493014746426,43.18831708845809,302963.82952736045
0,77.7,48118.73550395109,299.4583350607199,0,0.1558752544445475,8.058863788361009,2657.8132774014607,28.176675488256414,301687.23111932614
0,77.80000000000001,48136.987113621086,241.657758469705,0,0.13785543234153377,8.050602809814817,2655.0888066769267,18.349254511175026,300419.43363968504
0,77.9,48155.21406950895,194.83806976637024,0,0.09395539466722994,8.042376638555318,2652.375815395544,11.92791610312275,299160.3615784279
0,78,48173.4160926044,156.950072685491,0,0.18973198340048184,8.034185052109333,2649.674230185658,7.739982544579712,297909.9401923168
0,78.10000000000001,48191.59290605504,126.31942613160953,0,0.2930485600871399,8.026027829609955,2646.983978205363,5.013687104914688,296668.09549621784
0,78.2,48209.74423514586,101.57939846231265,0,0.18966974670454123,8.017904751784224,2644.304987138437,3.242113482845177,295434.7542545916
0,78.30000000000001,48227.869807276875,81.61579078481115,0,0.14335212663668434,8.009815600940856,2641.637185190294,2.0929811874659774,294209.84397311707
0,78.4,48245.9693519501,65.52123620608907,0,0.08422519857225896,8.001760160958082,2638.9805010839755,1.3489041924485208,292993.292890253
0,78.5,48264.04260075372,52.55762943297874,0,0.1562827669394602,7.993738217271567,2636.334864056163,0.867937546167991,291785.02996894764
0,78.60000000000001,48282.0892873304,42.125079397281084,0,0.1538835638913471,7.9857495568624,2633.7002038532196,0.5575687228948965,290584.9848887437
0,78.7,48300.10914737452,33.7368087835727,0,0.15019739113763755,7.977793968245164,2631.076450727255,0.3576225850762642,289393.08803745196
0,78.80000000000001,48318.10191860143,26.997993727740777,0,0.17658923000890198,7.969871241456113,2628.4635354322263,0.22902343447844065,288209.2705034332
0,78.9,48336.06734073628,21.588844075433745,0,0.14476493255182424,7.961981168041396,2625.8613892200524,0.1464453944901481,287033.4640676205
0,79,48354.00515550282,17.250681426772243,0,0.09977463457023758,7.954123541045384,2623.2699438367677,0.0935038404661451,285865.601195645
0,79.10000000000001,48371.915106589906,13.774190813038489,0,0.06141856839758213,7.946298154999082,2620.689131518697,0.05961411881437866,284705.6150304482
0,79.2,48389.79693964869,10.990395251086696,0,0.06829362261882242,7.938504805908602,2618.118884988657,0.03795277726283132,283553.43938444386
0,79.30000000000001,48407.65040226374,8.763155600310075,0,0.10314900568474296,7.930743291243752,2615.5591374521896,0.024128925654407062,282409.00873223954
0,79.4,48425.47524394747,6.982430399226985,0,0.21906148906990852,7.923013409926656,2613.0098225938114,0.015318991303840455,281272.25820302864
0,79.5,48443.27121611405,5.559929266163592,0,0.0889788759910584,7.915314962320496,2610.4708745732996,0.009713046590219473,280143.12357344443
0,79.60000000000001,48461.03807207011,4.42423821639364,0,0.10113665757459547,7.907647750218314,2607.942228022,0.0061502666393044875,279021.5412602007
0,79.7,48478.77556699235,3.518321171974204,0,0.13669667823118395,7.9000115768319095,2605.423818039164,0.0038894473987956665,277907.44831305684
0,79.80000000000001,48496.48345791735,2.796143769591162,0,0.1996857332012379,7.892406246780795,2602.915580188306,0.0024566084114459423,276800.78240764997
0,79.9,48514.16150371451,2.2208658748701446,0,0.21528351629306489,7.884831566081256,2600.417450493598,0.0015497498420661718,275701.48183871864
0,80,48531.80946508609,1.7628723176230654,0,0.22352735829081158,7.877287342135458,2597.929365436274,0.0009764694380765595,274609.4855129238
0,80.10000000000001,48549.427104537375,1.3985467028185137,0,0.22778172972774094,7.869773383720668,2595.4512619510765,0.0006145693346352091,273524.7329422905
0,80.2,48567.014186368324,1.1089355221337833,0,0.2137695242523535,7.862289500978538,2592.983077422722,0.0003863932486714479,272447.164237349
0,80.30000000000001,48584.57047665678,0.8787751031949874,0,0.1846488570964343,7.854835505404451,2590.524749682388,0.00024264560395723147,271376.7201005118
0,80.4,48602.09574323986,0.6959740237546591,0,0.15034827413522653,7.847411209836974,2588.076217004234,0.0001521959163828903,270313.3418195521
0,80.5,48619.58975570835,0.5509276984057939,0,0.09882214305683416,7.840016428447365,2585.637418101941,0.00009536876395014434,269256.9712609562
0,80.60000000000001,48637.052285376936,0.4358790970005483,0,0.03016719517615559,7.832650976729183,2583.2082921252845,0.00005969652126601149,268207.55086375406
0,80.7,48654.48310528137,0.3446902534125191,0,0.11270140285347838,7.825314671487941,2580.788778656723,0.000037331457457524734,267165.02363297465
0,80.80000000000001,48671.881990161724,0.2725154928966108,0,0.226981274348396,7.81800733083086,2578.378817708018,0.000023334544843170367,266129.33313342015
0,80.9,48689.248716441914,0.21528059087447643,0,0.1855548989947412,7.810728774156694,2575.978349716878,0.00001456218997405354,265100.42348356993
0,81,48706.58306222595,0.17006047378764388,0,0.14561480822561124,7.803478822145625,2573.587315543627,0.000009087066542312211,264078.23934928665
0,81.10000000000001,48723.884807266295,0.13426883113576227,0,0.19036893242446584,7.796257296749244,2571.2056564679006,0.000005664575313906349,263062.7259380627
0,81.2,48741.15373297129,0.10588025710888117,0,0.17951876041722706,7.789064021180593,2568.8333141853595,0.000003522466839716388,262053.8289926844
0,81.30000000000001,48758.38962237351,0.08360775054614267,0,0.13017837157720136,7.781898819904298,2566.4702308044375,0.000002196392827677711,261051.4947856265
0,81.4,48775.59226012509,0.06592105279256709,0,0.1320969373911909,7.774761518626754,2564.1163488431034,0.000001365416693542132,260055.67011306385
0,81.5,48792.76143248007,0.051980540002835016,0,0.130488727007859,7.767651944286408,2561.7716112256576,0.0000008489820590340926,259066.30228917598
0,81.60000000000001,48809.896927290596,0.04095379630036705,0,0.17339654071211447,7.760569925044104,2559.4359612795456,0.0000005269935145232449,258083.33914029127
0,81.7,48826.99853397347,0.032244281760252215,0,0.17204767522846595,7.753515290273502,2557.109342732201,0.0000003266798548202519,257106.72899958232
0,81.80000000000001,48844.066043518484,0.025441195666338238,0,0.11008560589115338,7.746487870551566,2554.7916997079064,0.00000020337238190543442,256136.4207011572
0,81.9,48861.0992484577,0.019921008335182587,0,0.1318061245283758,7.739487497649127,2552.482976724682,0.0000001246922820689331,255172.36357484278
0,82,48878.09794287011,0.015697147038528918,0,0.1574827320847743,7.732514004521522,2550.183118691198,0.00000007742093140768735,254214.50744047467
0,82.10000000000001,48895.061922349036,0.012403013326916427,0,0.25382756480049057,7.725567225299307,2547.8920709037116,0.00000004833607253122462,253262.8026028421
0,82.2,48911.99098400865,0.00970644484361307,0,0.19348315879834635,7.718646995279025,2545.6097790430226,0.000000029603108776772426,252317.1998460777
0,82.30000000000001,48928.88492645323,0.007594892800355207,0,0.174146003260413,7.711753150914064,2543.3361891714585,0.000000018124257990547036,251377.6504287039
0,82.4,48945.743549778126,0.005987657587867531,0,0.175683336740764,7.704885529805572,2541.0712477298775,0.0000000112649910827341,250444.10607824475
0,82.5,48962.566655552015,0.004786693914298796,0,0.16372846767818267,7.6980439706934405,2538.8149015346967,0.000000007199266553289745,249516.51898618575
0,82.60000000000001,48979.35404680669,0.003683847704014217,0,0.141398207325956,7.691228313447379,2536.5670977749455,0.000000004264030219432173,248594.84180289044
0,82.7,48996.105528024025,0.0029162060050609844,0,0.1143947195170823,7.684438399058033,2534.327784009339,0.000000002672103886961258,247679.02763261378
0,82.80000000000001,49012.82090511918,0.0023199499460889637,0,0.1434033597110222,7.677674069628181,2532.0969081633743,0.0000000016911189991968553,246769.02630447134
0,82.9,49029.49998543784,0.0018984463077386937,0,0.176196794612135,7.670935168561576,2529.874418591608,0.0000000011324357640869828,245864.79446960858
0,83,49046.142577734776,0.0013811701639739491,0,0.1816437890525306,7.664221540216532,2527.6602639634125,0.000000000599392514864936,244966.287705017
0,83.10000000000001,49062.74849216733,0.0011948602229409151,0,0.13752887287547153,7.657533029977187,2525.4543932864763,0.0000000004485916094812228,244073.46088092733
0,83.2,49079.3175402889,0.0008691553954190801,0,0.13900555361293526,7.650869484305298,2523.2567559238873,0.0000000002373623318556897,243186.26929728198
0,83.30000000000001,49095.849535025656,0.0007518090179208729,0,0.1428671592629782,7.644230750731793,2521.0673015913453,0.00000000017759551767179386,242304.66867925925
0,83.4,49112.3442906728,0.0005468103993176793,0,0.24221822161996692,7.637616677848365,2518.885980354391,0.00000000009394863398271961,241428.61517256088
0,83.5,49128.80162288807,0.00047293827533443646,0,0.20391914399789604,7.631027115299121,2516.71274262565,0.00000000007027904728847075,240558.06533879085
0,83.60000000000001,49145.22134866472,0.0004090321873077358,0,0.19939983481330922,7.624461913772336,2514.5475391621167,0.00000000005256926538067352,239692.9761512074
0,83.7,49161.60328634083,0.0003537529981597513,0,0.21788942673828365,7.617920924992228,2512.390321062437,0.00000000003932033394094581,238833.3049899725
0,83.80000000000001,49177.9472555751,0.0000000000000000000000000000000000000000000016837087330615438,0,0.21373337694456002,7.611404001710837,2510.2410397642343,0.0000000000000000000000000000000000000000000000000000000000000000000000000000000000000000000008907398206082125,237979.0096379717
0,83.9,49194.25307734124,0.0000000000000000000000000000000000000000000004958677148184684,0,0.18216246427702024,7.6049109976999345,2508.0996470414384,0.00000000000000000000000000000000000000000000000000000000000000000000000000000000000000000000007725891501873173,237130.04827639746
0,84,49210.52057391126,0.00000000000000000000000000000000000000000000014556335757937557,0,0.16200219588512577,7.5984417677430205,2505.9660950016482,0.000000000000000000000000000000000000000000000000000000000000000000000000000000000000000000000006657651653559046,236286.37948055268
0,84.10000000000001,49226.74956884701,0.000000000000000000000000000000000000000000000042597027423288577,0,0.1934155444490266,7.591996167627364,2503.840336083505,0.0000000000000000000000000000000000000000000000000000000000000000000000000000000000000000000000005701321423517273,235447.96221558427
0,84.2,49242.93988700025,0.000000000000000000000000000000000000000000000012428011664336793,0,0.22045278442420935,7.585574054136129,2501.7223230540953,0.000000000000000000000000000000000000000000000000000000000000000000000000000000000000000000000000048531112092642856,234614.75583214647
0,84.30000000000001,49259.091354488395,0.000000000000000000000000000000000000000000000003615544060349999,0,0.2089224222860971,7.5791752850405345,2499.612009006368,0.00000000000000000000000000000000000000000000000000000000000000000000000000000000000000000000000000410737405685884,233786.72006246643
0,84.4,49275.20379869267,0.0000000000000000000000000000000000000000000000010489387062279134,0,0.1975783008765842,7.5727997190921,2497.509347356575,0.0000000000000000000000000000000000000000000000000000000000000000000000000000000000000000000000000003457141548685895,232963.81501613292
0,84.5,49291.27704824414,0.0000000000000000000000000000000000000000000000003035192752159604,0,0.1314681846204752,7.566447216014957,2495.414291841733,0.000000000000000000000000000000000000000000000000000000000000000000000000000000000000000000000000000028946062259200386,232146.00117611434
0,84.60000000000001,49307.31093301531,0.0000000000000000000000000000000000000000000000000876067650314747,0,0.10172471602923115,7.560117636498188,2493.3267965171026,0.0000000000000000000000000000000000000000000000000000000000000000000000000000000000000000000000000000024115275436927475,231333.23939474137
0,84.7,49323.30528410245,0.00000000000000000000000000000000000000000000000002522667697445033,0,0.19414970426245623,7.553810842188262,2491.2468157536887,0.00000000000000000000000000000000000000000000000000000000000000000000000000000000000000000000000000000019995719285669806,230525.4908898716
0,84.80000000000001,49339.25993383583,0.000000000000000000000000000000000000000000000000007247856503209556,0,0.257987618238086,7.547526695681498,2489.174304235758,0.000000000000000000000000000000000000000000000000000000000000000000000000000000000000000000000000000000016505782258126002,229722.71724070117
0,84.9,49355.17471574992,0.0000000000000000000000000000000000000000000000000020779862088607559,0,0.19516199679751844,7.541265060516631,2487.109216958385,0.0000000000000000000000000000000000000000000000000000000000000000000000000000000000000000000000000000000013567575929821843,228924.88038419935
0,85,49371.04946457874,0.00000000000000000000000000000000000000000000000000059458755879860916,0,0.11046289704009006,7.5350258011673885,2485.051509225005,0.00000000000000000000000000000000000000000000000000000000000000000000000000000000000000000000000000000000011108324919649697,228131.94261122457
20,0.1,90000,773.6045230719725,0,1.6355275727112177,26.671191689209767,7691.6920095646055,188.042033707231,355998.39141725877
20,0.2,89874.48803343903,938.8921638226786,0,1.1982119782333684,26.671549012988095,7691.795057995385,276.9799724044586,360004.994930968
20,0.30000000000000004,89748.97216123156,1136.9191634565973,0,0.8735281269064956,26.671902235801685,7691.896923750937,406.1403255560302,364056.649192079
20,0.4,89623.45243900921,1373.942895442999,0,1.141103791366867,26.67225126412866,7691.997579860533,593.1360277336818,368153.85460044764
20,0.5,89497.92892362457,1657.4011785979587,0,1.3706166335423313,26.6725960023354,7692.096998744438,863.1220778670084,372297.11685119977
20,0.6000000000000001,89372.40167318378,1996.1320131881162,0,0.32260631129477757,26.672936352629023,7692.195152200212,1251.9744281968917,376486.9469808706
20,0.7000000000000001,89246.87074707355,2400.6335416531633,0,0.700468077514127,26.67327221500884,7692.292011388705,1810.7924641783193,380723.8614138031
20,0.8,89121.33620598819,2883.371659161623,0,0.8746495261706191,26.67360348721669,7692.387546819735,2612.2707632659135,385008.38200859155
20,0.9,88995.7981119547,3459.1567320730187,0,0.9026113016550896,26.673930064686257,7692.481728337472,3759.7365903169552,389341.1289189856
20,1,88870.25652837753,4145.98381704847,0,1.174170938958009,26.674251840386823,7692.574525075383,5400.974714859054,393725.25469184876
20,1.1,88744.71152008045,4964.4150511030875,0,1.452715628437469,26.674568701894245,7692.665904611519,7743.781782851258,398158.64834958606
20,1.2000000000000002,88619.16315333173,5939.20494172662,0,1.870725167361824,26.674880537257593,7692.755834660409,11083.414159595972,402641.85500364006
20,1.3,88493.61149587482,7099.705338383864,0,1.0292324992191362,26.675187231998343,7692.844282207647,15837.899680369892,407175.4254458951
20,1.4000000000000001,88368.05661694426,8480.709924176099,0,0.5897008252018221,26.67548866905366,7692.931213493536,22598.590704028426,411759.91619562905
20,1.5,88242.49858730752,10123.452823962058,0,0.2100836976865119,26.6757847287183,7693.016593996343,32201.363815475677,416395.88954544504
20,1.6,88116.93747929763,12076.78947600459,0,0.13627286966655502,26.67607528858536,7693.100388415198,45826.84199539414,421083.91360745096
20,1.7000000000000002,87991.37336685229,14398.542704709147,0,0.36894861257873185,26.676360223485595,7693.182560652604,65140.93929353681,425824.46534149017
20,1.8,87865.80632554181,17156.473811140055,0,0.5527046170806101,26.67663940554464,7693.263073830934,92485.36231231755,430616.8895270367
20,1.9000000000000001,87740.23643260542,20432.24701122207,0,0.2171903642778639,26.676912705538975,7693.341890683482,131174.4341488363,435463.0720312205
20,2,87614.66376697551,24321.86756683457,0,0.23164349188083874,26.677179989715327,7693.418972637205,185870.63289519536,440363.6041684199
20,2.1,87489.08840933908,28938.983934544336,0,0.30548183631599635,26.677441121304554,7693.494280249318,263137.9556824527,445319.0832925918
20,2.2,87363.51044217683,34418.116248905724,0,0.26111147102429383,26.677695960454116,7693.567773187813,372212.6535809966,450330.1128420017
20,2.3000000000000003,87237.92994979117,40918.476257265,0,0.47282920063485095,26.67794436415904,7693.639410211556,526084.9097599647,455397.30238412716
20,2.4000000000000004,87112.34701835737,48628.48787943621,0,0.6428101606734776,26.6781861861913,7693.7091491499195,743016.5192355125,460521.2676593128
20,2.5,86986.76173596457,57771.690258875635,0,0.884593056065516,26.678421277027788,7693.776946882004,1048689.9045144173,465702.92411170644
20,2.6,86861.17419266235,68617.18354203372,0,0.5119640453745251,26.6786494833823,7693.842759201678,1479390.1236118153,470945.13182515366
20,2.7,86735.58448052034,81473.80433455939,0,0.24873215370691645,26.67887064547964,7693.906540031449,2085705.2309449476,476246.06321072875
20,2.8000000000000003,86609.99269368593,96711.73678339315,0,0.1903855231344492,26.67908460328939,7693.9682432202235,2938835.681057898,481606.36017833423
20,2.9000000000000004,86484.39892838895,114769.09593341575,0,0.20684312222587753,26.679291193175494,7694.027821577079,4138727.760959188,487026.67103948677
20,3,86358.80328300782,136164.40144253653,0,0.2264033095551379,26.679490247815682,7694.085226848026,5825646.143470485,492507.6505478801
20,3.1,86233.20585810952,161511.3436637274,0,0.4077003140529168,26.67968159611913,7694.140409692266,8196397.256629594,498049.95994050166
20,3.2,86107.60675649252,191536.26062222922,0,0.21064849460767981,26.679865063142383,7694.19331965794,11527070.45744911,503654.26697804406
20,3.3000000000000003,85982.00608324725,226805.63300120705,0,0.16460145618524222,26.67779398195439,7694.243905157323,16163098.222380273,509270.11116273096
20,3.4000000000000004,85856.40394530911,266451.7790249395,0,0.09572960924012756,26.662290578416616,7694.2921350988,22307668.77387324,514639.06672652863
20,3.5,85730.80044844653,312969.8017332812,0,0.17664428649300362,26.646797325481742,7694.338088845394,30776682.79550534,520064.2215393971
20,3.6,85605.19569765963,367545.2594439023,0,0.17044648378770544,26.631314051209955,7694.381718022762,42446177.92558151,525546.1450859734
20,3.7,85479.58980014455,431567.5604084045,0,0.33569660213538727,26.61584058078239,7694.422973237662,58521375.356769085,531085.4119544252
20,3.8000000000000003,85353.98286532238,506664.78051265725,0,0.5778043593032832,26.600376736439113,7694.46180405675,80660028.64373386,536682.6018601079
20,3.9000000000000004,85228.37500490062,594744.3210335317,0,0.289668965925888,26.584922337419798,7694.498158984921,111141830.82570516,542338.2996670721
20,4,85102.76633291692,698040.3470565784,0,0.14194718682555207,26.569477199900835,7694.531985443211,153100986.994215,548053.0954095988
20,4.1000000000000005,84977.1569657838,818921.9966774958,0,0.10180141716229896,26.554038351136803,7694.563229746261,210718182.73997274,553816.6188933193
20,4.2,84851.54702223279,959311.2166459416,0,0.19804084801089253,26.538595892475787,7694.591842128739,289158513.7270022,559590.3586742849
20,4.3,84725.93662281707,1123625.3366048145,0,0.2647923774827068,26.52316225839063,7694.617790030466,396697977.22547823,565423.7256472296
20,4.4,84600.32589005958,1315915.6247368474,0,0.3891381307735748,26.507737255879306,7694.64101750327,544092859.2027515,571317.3114147257
20,4.5,84474.7149490118,1540911.1998416842,0,0.2763872998669757,26.492320688660904,7694.661467435376,746057262.6576109,577271.7126115119
20,4.6000000000000005,84349.1039273059,1804129.6910915338,0,0.2411922884763365,26.47691235710863,7694.679081527527,1022709868.6315383,583287.530918838
20,4.7,84223.49295520969,2112005.157002009,0,0.18360597222425487,26.46151205818174,7694.69380026865,1401544487.3187065,589365.3730776769
20,4.800000000000001,84097.8821656853,2472035.75921736,0,0.15063105799520474,26.446119585356495,7694.705562911024,1920111445.6138742,595505.850900691
20,4.9,83972.27169443667,2892245.5437336876,0,0.05716703184066526,26.430757922433095,7694.714307444967,2628374590.975297,601696.3428050943
20,5,83846.66167982202,3380342.424094635,0,0.18737771824680446,26.415485410808788,7694.719977195671,3590362761.235029,607903.2197437705
20,5.1000000000000005,83721.05226235278,3950023.183527891,0,0.4010048779546064,26.400219945608647,7694.722531692782,4902484487.322478,614173.3486145757
20,5.2,83595.44358487986,4614702.543392993,0,0.46828825848256406,26.38496131006706,7694.721906262566,6691205429.616322,620507.3430100303
20,5.300000000000001,83469.83579317015,5389937.659122016,0,0.2717809755918353,26.369709283679583,7694.718034902659,9128184785.958,626905.8214247206
20,5.4,83344.22903598566,6293754.178229439,0,0.20675774406265043,26.354463642130426,7694.710850255226,12446191858.058687,633369.407257933
20,5.5,83218.62346511893,7347018.381506429,0,0.20062792660799453,26.339224157213128,7694.700283579623,16960521108.712908,639898.7288171288
20,5.6000000000000005,83093.01923547126,8573861.249387637,0,0.15329109192233284,26.32399059675474,7694.686264724497,23097758754.706985,646494.4193178358
20,5.7,82967.4165051151,9999179.410492845,0,0.3394219172290261,26.30878958768872,7694.668722099382,31415621836.428967,653140.033353053
20,5.800000000000001,82841.81543514226,11647246.140492521,0,0.2359746222884493,26.293670595644365,7694.647591922796,42624907142.04532,659803.6803758562
20,5.9,82716.21618910413,13561597.20423116,0,0.13149469237055206,26.278556692699897,7694.622827050951,57788127358.43307,666534.2702174041
20,6,82590.61893325113,15783899.262082277,0,0.16909735273255236,26.263447635072847,7694.594352908209,78279048815.2591,673332.4359439134
20,6.1000000000000005,82465.02383720968,18362025.763258304,0,0.1126018940019593,26.248343174736412,7694.562093406757,105939549971.28969,680198.8152953859
20,6.2,82339.43107403256,21350917.724840395,0,0.2104975368651478,26.233243059334182,7694.525970916616,143235290413.53967,687134.0506767363
20,6.300000000000001,82213.84082028084,24813552.410664923,0,0.28403273112492095,26.218147032096763,7694.485906235022,193461623130.63077,694138.7891454257
20,6.4,82088.25325609092,28822031.602588583,0,0.4031112510285278,26.203054831754994,7694.44181855527,261015392411.02533,701213.6823980467
20,6.5,81962.66856524535,33444062.445262555,0,0.511851622026437,26.187961845242665,7694.393625434962,351443075036.44995,708338.5421755539
20,6.6000000000000005,81837.08693496883,38743728.08589599,0,0.3121841709113664,26.17286193604805,7694.341255041536,471649909049.6068,715484.6793178783
20,6.7,81711.50855530147,44855265.77394187,0,0.14567899815499447,26.157765219788224,7694.284651681246,632184447517.507,722701.5298754271
20,6.800000000000001,81585.93361943308,51897095.49834015,0,0.018837334230843314,26.14267142163296,7694.223729531153,846258500367.8707,729989.7436400355
20,6.9,81460.3623244213,60003766.78382622,0,0.12872073076087998,26.127580261953174,7694.158401051674,1131290050927.7,737349.9747397033
20,7,81334.79487127252,69327958.79828118,0,0.24199029439244818,26.112491456229165,7694.088576953102,1510197566437.5007,744782.8816120002
20,7.1000000000000005,81209.23146502301,80042697.88444592,0,0.1600700171820867,26.0974047149572,7694.0141661615535,2013076947626.8032,752289.1269751766
20,7.2,81083.67231481243,92343811.76730831,0,0.18980980074372508,26.082319743553242,7693.935075784244,2679369033188.1123,759869.3777973595
20,7.300000000000001,80958.11763397232,106418482.29841429,0,0.18177063435439525,26.06727086067381,7693.851211074161,3558369644171.5205,767499.995970884
20,7.4,80832.56763974484,122462470.60321811,0,0.15665480706615376,26.052292193987803,7693.762490913069,4712191944751.205,775156.4345248279
20,7.5,80707.02255263925,140810880.76727876,0,0.1453977568470523,26.03731430275352,7693.668848991322,6230018967928.178,782887.4447114926
20,7.6000000000000005,80581.48259682395,161773706.88497126,0,0.19322728250707377,26.022336877279326,7693.570186700323,8223047766095.767,790693.6898709789
20,7.7,80455.9480009079,185699141.6264634,0,0.31110689535821207,26.007359602452674,7693.466403486677,10835194994375.174,798575.8372115459
20,7.800000000000001,80330.4189980356,212977748.92121717,0,0.41668777954027036,25.99238215763918,7693.357396815024,14252314716433.031,806534.557762546
20,7.9,80204.89582596347,244047016.11980975,0,0.23883687178136048,25.977404216577668,7693.243062130194,18713884426734.113,814570.5263256849
20,8,80079.37872716784,279396309.27867925,0,0.10018269935158212,25.962425447276953,7693.123292818724,24527781505819.133,822684.4214213153
20,8.1,79953.86794891953,319456342.62946624,0,0.07865807218161198,25.9474825487673,7692.997980169668,32065644203966.47,830848.224062078
20,8.200000000000001,79828.36374294013,364694808.5566801,0,0.15375224449106872,25.932601774547297,7692.867033178628,41790358930780.055,839040.8881248803
20,8.3,79702.86636465788,415950619.8127351,0,0.26367810404377306,25.917719093563168,7692.730374436257,54362633913336.75,847311.9940403826
20,8.4,79577.3760737367,473960995.6358634,0,0.23985398777302422,25.90283415679238,7692.587890900059,70583330224468.27,855662.213825345
20,8.5,79451.89313492179,539543976.2419472,0,0.2467715453153869,25.88794660910998,7692.439467331229,91468305861450.05,864092.2227340628
20,8.6,79326.41781814676,613605931.697073,0,0.25925764195663875,25.873056089177815,7692.284986253576,118303076158097.7,872602.6991868111
20,8.700000000000001,79200.95039863419,697149576.5895083,0,0.2131656498578615,25.85816222933093,7692.124327911738,152710491452592.56,881194.3246952075
20,8.8,79075.49115699623,791282494.5728307,0,0.18585514421275512,25.84326465546207,7691.957370228728,196734286655628.44,889867.7837839419
20,8.9,78950.04037933052,896808774.3225698,0,0.09608543052692846,25.82835828475009,7691.783988762704,252706630094068.1,898590.514177233
20,9,78824.59835677221,1014678860.8737057,0,0.2593445139513602,25.81344042976972,7691.604081541884,323499910068823.56,907345.0860135091
20,9.1,78699.16538468469,1146889237.6326046,0,0.27185597986406823,25.798517941058243,7691.41755857636,413294754826250.94,916181.938613216
20,9.200000000000001,78573.74176328816,1295013992.9168363,0,0.13218514812755586,25.783590425281893,7691.224290582869,526945695378457.9,925101.7465126519
20,9.3,78448.32779861521,1460775914.1164672,0,0.20661678182408727,25.768657482275533,7691.024145806243,670477391102639.3,934105.1866612993
20,9.4,78322.92380262539,1646057159.6625428,0,0.19451819563258108,25.75371870492128,7690.816989974276,851347300192690.3,943192.9383214145
20,9.5,78197.53009330854,1852910190.6931386,0,0.2705196208361086,25.73877367902383,7690.602686251892,1078762096574769.5,952365.682964185
20,9.600000000000001,78072.1469948059,2083568874.7771213,0,0.2951786572839306,25.723821983185545,7690.381095194536,1364057447845737.3,961624.1041602071
20,9.700000000000001,77946.77483752277,2339636406.763501,0,0.3014508640901548,25.70890568691797,7690.152074700844,1719941519061519,970931.4914537391
20,9.8,77821.41395755857,2623138502.90601,0,0.3363233290276368,25.69403939337285,7689.9155102240875,2162018387474267,980274.0442392927
20,9.9,77696.06469583046,2937857872.9131565,0,0.3285149747306213,25.67916513025904,7689.671297198103,2711930168888001.5,989702.6505896705
20,10,77570.72739884257,3286793466.64276,0,0.2888685109675804,25.664282454811644,7689.419288099882,3394390231901061,999217.9801268842
20,10.100000000000001,77445.40241971612,3673171884.2703114,0,0.25142016232503095,25.649390916632097,7689.15933263372,4239351644163267,1008820.7038375133
20,10.200000000000001,77320.09011831693,4100456006.777771,0,0.12440990484364238,25.63449005755651,7688.891277681958,5283007807002324,1018511.4939378632
20,10.3,77194.79086138867,4572352526.134236,0,0.18196541089591906,25.619579411522537,7688.6149672549855,6568955997541081,1028291.0237335584
20,10.4,77069.50502266828,5092818073.427,0,0.15316250106278637,25.604658504432088,7688.33024244047,8149543156592840,1038159.9674752658
20,10.5,76944.23298302758,5663574307.474763,0,0.30097041658801027,25.58972163477815,7688.0369413518265,10078552090750610,1048077.778036995
20,10.600000000000001,76818.97512977384,6287672853.292785,0,0.22727979411872956,25.574767166508906,7687.734935121368,12422151271963344,1058033.724533889
20,10.700000000000001,76693.731855697,6972521600.918049,0,0.11676498789007161,25.55980126926786,7687.424102931914,15275543655518868,1068079.3712467104
20,10.8,76568.50355997216,7722953297.497234,0,0.10951275461416896,25.54482344513196,7687.104276844121,18740611430430400,1078215.373724222
20,10.9,76443.29064929951,8544038042.761359,0,0.14114575743475008,25.529833187696592,7686.775285819968,22937352335738292,1088442.387567317
20,11,76318.09353804402,9441073365.286451,0,0.1831864145450772,25.51482998193401,7686.436955669402,28006554549825010,1098761.0682539754
20,11.100000000000001,76192.91264837608,10419570169.645103,1,0.19182951204307225,25.499813304049688,7686.089108996203,34112735460467140,1109172.070958119
20,11.200000000000001,76067.74841041211,11485234091.331192,1,0.20042654236320837,25.484782621336475,7685.731565143091,41447337899181130,1119676.050362269
20,11.3,75942.60126236081,12639964847.852415,1,0.20897995384955265,25.469782623311563,7685.364140136052,50200572646804456,1130228.0755135003
20,11.4,75817.47164967936,13887978582.563541,1,0.21749316835681343,25.454820880945086,7684.986689672416,60603124435261210,1140819.2483684395
20,11.5,75692.36002400331,15239581509.78515,1,0.22597039879544958,25.4398435626587,7684.59907637986,72973137818922670,1151503.5240949222
20,11.600000000000001,75567.2668442037,16700825431.99176,1,0.2344165113620751,25.424850109536894,7684.201109638631,87638071447316540,1162281.5324933403
20,11.700000000000001,75442.19257767685,18277779974.71148,1,0.24283692522252986,25.4098399532726,7683.792595382415,104969669307558860,1173153.901798651
20,11.8,75317.1377004981,19976480607.517628,1,0.25123751551311696,25.394812516016383,7683.37333604107,125387688108840940,1184121.2584589438
20,11.9,75192.10269757919,21802870507.37989,1,0.25962455054074446,25.379767210223832,7682.943130482586,149363433957206560,1195184.2269066127
20,12,75067.08806282748,23762736472.824085,1,0.2680046374430608,25.36470343850112,7682.50177395431,177422968974986200,1206343.4293221955
20,12.100000000000001,74942.09429929405,25854758113.142757,1,0.27638466297295516,25.349666206361082,7682.049058023414,210038011007563230,1217551.5961663448
20,12.200000000000001,74817.12191823404,28081604078.208008,1,0.2847717637556892,25.334662110915772,7681.5848193148695,247776870188563260,1228800.3877802892
20,12.3,74692.17143789679,30455497548.79763,1,0.2931732791309852,25.31963781377162,7681.108901278058,291439448749596350,1240145.3967493647
20,12.4,74567.24338473193,32980767233.35273,1,0.30159673132487674,25.304592688521108,7680.621088111798,341773548707321600,1251587.21371604
20,12.5,74442.33829482086,35661214108.1674,1,0.3100497903324983,25.289526098406743,7680.121160198423,399585010907299650,1263126.4257938673
20,12.600000000000001,74317.45671403874,38500031761.91413,1,0.31854024772923073,25.27443739616134,7679.6088940429,465735255349025500,1274763.6162936483
20,12.700000000000001,74192.59919824172,41499728958.27501,1,0.32707599544553984,25.259325923849147,7679.08406221126,541137286369163900,1286499.364439153
20,12.8,74067.76631342713,44662056592.87537,1,0.33566500125860166,25.244191012702096,7678.54643326833,626750045262610800,1298334.2450770906
20,12.9,73942.95863591786,47973735293.6521,1,0.3443152871004439,25.22902711837433,7677.995771714746,723142702421587000,1310219.3554081183
20,13,73818.17675128579,51429936105.47379,1,0.3530349152442491,25.21383283343105,7677.431892286748,831091629912273400,1322144.5673687784
20,13.100000000000001,73693.42125298455,55045864264.68559,1,0.36183196182526145,25.198613463201013,7676.854618951875,952064405625324500,1334168.6957427282
20,13.200000000000001,73568.69274368323,58819742677.45994,1,0.37071450059032857,25.1833683074708,7676.263708127127,1087084189430125300,1346292.2757708875
20,13.3,73443.9918368943,62748859778.21391,1,0.37969059089085055,25.168096654703085,7675.658912025691,1237167822963181800,1358515.8368118224
20,13.4,73319.31915716548,66829575174.57405,1,0.38876825719654007,25.152797781872646,7675.039978593096,1403312325508160000,1370839.9020069153
20,13.5,73194.67534025665,71057345420.30934,1,0.39795547066149306,25.13747095429907,7674.4066514426995,1586481078833369000,1383264.9879378946
20,13.600000000000001,73070.06103333645,75426771203.08746,1,0.40726013874816763,25.122115425479908,7673.758669790602,1787590234332066300,1395791.604273175
20,13.700000000000001,72945.47689517587,79916748859.46704,1,0.4166900928819753,25.10677251009177,7673.095768389915,2006746686255001900,1408367.3341563377
20,13.8,72820.92359489948,84514738170.6691,1,0.4262530652693292,25.091453451521723,7672.417740130623,2244304806763041500,1420976.0927812848
20,13.9,72696.40181026328,89232041335.44781,1,0.43595668493088324,25.076103616465815,7671.724394911721,2501834606496422400,1433685.7840982669
20,14,72571.91222916357,94060917206.20834,1,0.44580846284888026,25.060722224927552,7671.015459023471,2779939584000012000,1446496.8675420624
20,14.100000000000001,72447.45555164944,98993326354.01157,1,0.45581578070936457,25.04530848460687,7670.290654162468,3079135310329106400,1459409.7938904192
20,14.200000000000001,72323.03249012213,104021084250.51091,1,0.4659858778582241,25.029861590732352,7669.549697365857,3399849490423778300,1472425.0048652675
20,14.3,72198.64376954641,109136021510.96652,1,0.4763258482732083,25.014380725893517,7668.792300945046,3742425593455518000,1485542.9327225194
20,14.4,72074.2901276378,114330145944.78365,1,0.48684262823400365,24.9988650598693,7668.0181724189415,4107130049197249500,1498763.9998342765
20,14.5,71949.97231508512,119540658029.77882,1,0.4975429831012324,24.981675826597534,7667.227014446729,4490019459475987000,1511926.7741924552
20,14.600000000000001,71825.6910910327,124730772323.10822,1,0.5084335103776415,24.962027124503383,7666.418731143541,4888371032163174000,1524948.4756643302
20,14.700000000000001,71701.44721598085,129975006847.01736,1,0.519520630656273,24.94235459144104,7665.593334466974,5308069944002890000,1538067.865933369
20,14.8,71577.24145632423,135267915131.3521,1,0.5308105748058756,24.922657413298637,7664.750530649769,5749188280576426000,1551285.2708490023
20,14.9,71453.07459144015,140604780266.53574,1,0.5423093923054941,24.902934764412464,7663.890021255461,6211794945193684000,1564601.0049459825
20,15,71328.94741389249,145981664062.21762,1,0.5540229374434855,24.883185807427836,7663.011503117945,6695970918010064000,1578015.3710136618
20,15.100000000000001,71204.86072963476,151395428922.132,1,0.5659568731112747,24.8634096931593,7662.114668280758,7201823346648987000,1591528.659655713
20,15.200000000000001,71080.81535822246,156843731832.58865,1,0.5781166648220933,24.843605560451692,7661.199203936158,7729497713381787000,1605141.1488389287
20,15.3,70956.81213301327,162292298973.61484,1,0.5905075885724426,24.823435478160995,7660.26479236396,8275852918754030000,1618764.082628685
20,15.4,70832.85189858638,167710717318.70807,1,0.6031347160391215,24.802607604062988,7659.311232850132,8837686095822893000,1632317.4076955456
20,15.5,70708.93550555594,173159436379.68375,1,0.6160029259695792,24.781753480255357,7658.338434020495,9421266004047223000,1645966.6570976365
20,15.600000000000001,70585.0638133008,178638691351.7798,1,0.6291169070079524,24.760872233032277,7657.346075306194,10026930300666976000,1659712.027147065
20,15.700000000000001,70461.23769530654,184149109915.5385,1,0.6424811473938482,24.73996297700917,7656.333831272583,10655067050358237000,1673553.6998020345
20,15.8,70337.45803937409,189691606287.0135,1,0.6560999469796583,24.719024814998676,7655.301371562518,11306108975050312000,1687491.8421907702
20,15.9,70213.7257478321,195267274239.25507,1,0.6699774216826544,24.69805683788741,7654.248360839666,11980525470305438000,1701526.6061254707
20,16,70090.04173774738,200877283803.56662,1,0.6841174951873116,24.67705812451267,7653.174458731819,12678812917297201000,1715658.127606747
20,16.1,69966.40694113728,206506813853.69763,1,0.6985239243461291,24.656050625795118,7652.079319774265,13399411083923430000,1729838.4828847975
20,16.2,69842.82230356429,212129432293.7304,1,0.7132002744274958,24.63507187624803,7650.962664001813,14139003380502512000,1743985.3145144808
20,16.3,69719.28877991531,217788480980.68347,1,0.7281499436546395,24.614060109272184,7649.824330491511,14903447792571257000,1758226.5397858426
20,16.400000000000002,69595.80733602494,223484582227.20746,1,0.7433761656168113,24.593014379057003,7648.663967031662,15693220381817055000,1772562.2125107544
20,16.5,69472.37895315606,229218100195.6051,1,0.7588820069107318,24.571933727655473,7647.481216296566,16508771494662783000,1786992.368651712
20,16.6,69349.00462821405,234989117297.2832,1,0.7746703753197182,24.550817184873765,7646.275715793913,17350517741798660000,1801517.0257929312
20,16.7,69225.68537396938,240797423779.75336,1,0.7907440273403384,24.529663768163022,7645.047097812451,18218835366016942000,1816136.182600912
20,16.8,69102.42221927084,246642518913.6215,1,0.807105575162285,24.508472482510914,7643.794989369985,19114055079287206000,1830849.8182767362
20,16.900000000000002,68979.21620926727,252512890356.17273,1,0.8237574863025356,24.487256291766496,7642.519012161704,20034755417098162000,1845626.3619073369
20,17,68856.06840449478,258364736236.2491,1,0.8407020888610629,24.46606902390109,7641.218832225525,20974103821712620000,1860340.2751961027
20,17.1,68732.97987537924,264249327315.7049,1,0.8579415843664244,24.44484148734568,7639.894311088896,21940409030170640000,1875145.7786039119
20,17.2,68609.9517033752,270165218110.38123,1,0.8754780457660086,24.423572663306885,7638.545063987225,22933788905416806000,1890042.758047985
20,17.3,68486.98498669825,276110788729.8235,1,0.8933134192260703,24.40226152055868,7637.170700847943,23954311458698840000,1905031.0778429082
20,17.400000000000002,68364.0808405513,282084272910.8391,1,0.9114495411185689,24.380907015353184,7635.770826244399,25001996267583590000,1920110.5801240238
20,17.5,68241.2403973369,288083785236.1207,1,0.9298881407235089,24.359508091331453,7634.345039350394,26076816350246486000,1935281.0842638023
20,17.6,68118.46480688266,294107346728.68207,1,0.9486308411415649,24.338063679438267,7632.892933895403,27178700340603400000,1950542.386277763
20,17.7,67995.75523667317,300151215065.5228,1,0.9676791583610147,24.316578999445603,7631.4140981204755,28307215458352427000,1965887.4811995488
20,17.8,67873.11287181173,306167388452.8329,1,0.987034516160925,24.295222164779904,7629.908126183554,29453356797330887000,1981132.2924295056
20,17.900000000000002,67750.5389078185,312200840791.8429,1,1.006698249905459,24.273816956027733,7628.374920183617,30625633120397996000,1996464.445258529
20,18,67628.03455089591,318249478260.2191,1,1.0266716062604728,24.252362281338744,7626.814062377195,31823822216753590000,2011883.631310426
20,18.1,67505.60102532804,324311206144.81714,1,1.0469557490727173,24.230857036315793,7625.225129591328,33047670336519730000,2027389.5166700315
20,18.2,67383.23957370315,330383939975.9899,1,1.0675517672286576,24.209300103952124,7623.607693186789,34296894299401183000,2042981.7412710334
20,18.3,67260.95145713631,336465614780.88464,1,1.0884606726667547,24.187690354571604,7621.961319022333,35571183488418705000,2058659.9182761633
20,18.400000000000002,67138.73795549106,342554192702.30054,1,1.109683411253735,24.166026645772124,7620.285567420047,36870201732463280000,2074423.6334501472
20,18.5,67016.60036759917,348647669191.05994,1,1.1312208657001699,24.144307822372163,7618.579993131876,38193589079547990000,2090272.4445256374
20,18.6,66894.54001149163,354671283659.6333,1,1.1530738472880284,24.12251844221021,7616.844145307332,39524737335624070000,2106027.031004487
20,18.7,66772.55821718648,360684104027.1639,1,1.1752431181702245,24.100670442188452,7615.077893631269,40876240356714860000,2121835.082291792
20,18.8,66650.65632549394,366695759474.2406,1,1.197729380963562,24.078765071775944,7613.280838231139,42250194678140290000,2137724.051395072
20,18.900000000000002,66528.83569541853,372704485679.63226,1,1.2205332871817394,24.056801157310566,7611.4525232287,43646173868851536000,2153693.3793783765
20,19,66407.09770554025,378708564754.2712,1,1.2436554393133967,24.03477751275544,7609.592487265617,45063735911511340000,2169742.477131279
20,19.1,66285.44375421759,384706326532.0339,1,1.2670963920523592,24.0126929396738,7607.700263480703,46502424431825910000,2185870.7247331203
20,19.200000000000003,66163.87525981851,390696149410.55,1,1.2908566576768408,23.990546227212075,7605.775379488716,47961769862575400000,2202077.4708077786
20,19.3,66042.3936609216,396676460804.49115,1,1.3149367111667305,23.968336152083715,7603.817357360807,49441290544204490000,2218362.0318778004
20,19.400000000000002,65921.00041654799,402614297701.8611,1,1.3393369832455988,23.946175792528646,7601.8257136066795,50932538957647180000,2234589.4671167713
20,19.5,65799.69700040668,408522706190.608,1,1.3640578739057576,23.924011162867284,7599.800220942096,52438388795857390000,2250819.120918435
20,19.6,65678.48489769455,414417189829.81213,1,1.3890997478559897,23.901780028564186,7597.740535203439,53962549719112794000,2267121.842321677
20,19.700000000000003,65557.36561099626,420296404192.4195,1,1.414462935674744,23.87948114869695,7595.646168481401,55504511895024345000,2283496.821134337
20,19.8,65436.34066366311,426159050237.2541,1,1.440147745325011,23.85711327045202,7593.5166274841595,57063758192222410000,2299943.2130171005
20,19.900000000000002,65315.41159999836,432003873263.10126,1,1.4661544501293984,23.834675129143186,7591.351413531026,58639764864590275000,2316460.138851597
20,20,65194.57998547703,437829661654.87006,1,1.4924833020882975,23.81216544824046,7589.150022548195,60232002158474650000,2333046.6841009096
20,20.1,65073.84740694333,443635245447.5144,1,1.5191345202287965,23.78958293940229,7586.911945066684,61839934843749700000,2349701.8981714523
20,20.200000000000003,64953.21547281649,449388559612.0094,1,1.5461083149365984,23.766920658713698,7584.636666222533,63454286205974585000,2366341.0117233973
20,20.3,64832.685809324495,455070681015.9314,1,1.5734048641354637,23.744174620710552,7582.32384036831,65069077680068100000,2382912.772069745
20,20.400000000000002,64712.26005422324,460729502391.29614,1,1.601024334884614,23.721353313002968,7579.97322658861,66697412277322720000,2399547.7000230546
20,20.5,64591.93986068759,466364035664.0925,1,1.6289668698191362,23.698455436938765,7577.584307228792,68338751851070040000,2416244.7099020584
20,20.6,64471.72690367419,471973322503.66376,1,1.6572325943376927,23.67547968289844,7575.156559498296,69992554164561790000,2433002.678212155
20,20.700000000000003,64351.622880122624,477556432373.82263,1,1.6858216180399748,23.65242473037165,7572.689455484466,71658272981748960000,2449820.4430402042
20,20.8,64231.62950912863,483112460476.9945,1,1.714734040938942,23.629289248037715,7570.18246216909,73335358083276660000,2466696.8034551963
20,20.900000000000002,64111.74853213038,488640525611.4005,1,1.7439699421432793,23.60607189385531,7567.635041447646,75023255211350750000,2483630.5189088895
20,21,63991.981713092886,494136611384.53613,1,1.7735293959854235,23.58278266528839,7565.046650151415,76720425754563310000,2500605.380331179
20,21.1,63872.33083792962,499559079476.4152,1,1.8034124560742781,23.559566677517953,7562.416773290924,78413466267696790000,2517425.582654242
20,21.200000000000003,63752.797704000026,504951339078.4205,1,1.8336191702813747,23.53626557666247,7559.745328031026,80115398161370040000,2534296.8796335235
20,21.3,63633.38412073348,510312604694.6796,1,1.864149576156563,23.512878014885146,7557.031770373581,81825662444344340000,2551217.889732146
20,21.400000000000002,63514.09192016348,515642102479.41144,1,1.8950037044992858,23.489402634700276,7554.275551603879,83543695095590760000,2568187.190470477
20,21.5,63394.922957079485,520939068091.5153,1,1.926181566776163,23.465838069109036,7551.476118328445,85268926710783230000,2585203.3178916993
20,21.6,63275.879109210335,526202744520.81604,1,1.957683175938913,23.442182941748158,7548.632912516088,87000782097057800000,2602264.7660283414
20,21.700000000000003,63156.962277350016,531432379918.2537,1,1.9895085305316962,23.418435867040543,7545.745371542289,88738679826938540000,2619369.986385331
20,21.8,63038.174385525286,536627225430.47296,1,2.0216576343704697,23.394595450360384,7542.812928236982,90482031752512680000,2636517.3874236904
20,21.900000000000002,62919.517381128855,541736229951.79175,1,2.0541304752720193,23.370651352838873,7539.835010935854,92213116730206470000,2653553.157047421
20,22,62800.99322681967,546785360006.1382,1,2.0869270335141286,23.346608037833708,7536.811407708366,93940030067147340000,2670553.825833091
20,22.1,62682.603896480054,551797824087.9899,1,2.120047290904532,23.32246889794112,7533.7417230182855,95670249396750090000,2687589.594966673
20,22.200000000000003,62564.351383276284,556772880941.5402,1,2.153491216424388,23.298232543806954,7530.625386841563,97403168881152280000,2704658.7284520636
20,22.3,62446.2377036605,561709781215.1318,1,2.187258783325728,23.273897578487652,7527.461825114105,99138173158424660000,2721759.446574912
20,22.400000000000002,62328.26489748433,566607765755.2617,1,2.2213499554646723,23.24946259766611,7524.25045980092,100874636786506700000,2738889.925487597
20,22.5,62210.43502811156,571466063938.539,1,2.2557646920271135,23.22492618987779,7520.990708969123,102611923676000600000,2756048.2968069627
20,22.6,62092.750182532705,576283892031.8682,1,2.2905029522902365,23.200286936747755,7517.681986864874,104349386510150520000,2773232.6472250875
20,22.700000000000003,61975.21247145906,581048192618.5387,1,2.325564688858999,23.175559125413763,7514.323703994365,106081889872271500000,2790392.3640870093
20,22.8,61857.82402663212,585724712039.2372,1,2.3609498549237986,23.150784539723567,7510.9153913148375,107796344579493070000,2807390.764099413
20,22.900000000000002,61740.58699018229,590358766990.343,1,2.3966583943051973,23.125904305906005,7507.456925696522,109508788143470310000,2824407.2809887533
20,23,61623.50351722911,594949526474.7659,1,2.432690261470477,23.100917020216716,7503.947722440657,111218538890588640000,2841439.859689185
20,23.1,61506.57578630466,599496139102.8357,1,2.469045397510268,23.075821273766326,7500.387193671012,112924901364397030000,2858486.400376995
20,23.200000000000003,61389.80599943921,603997731989.8704,1,2.50572374514485,23.050615652815637,7496.774748434093,114627165846988280000,2875544.7582111
20,23.3,61273.1963822227,608453409695.8866,1,2.5427252437466175,23.025298739079485,7493.109792803676,116324607891125240000,2892612.743096551
20,23.400000000000002,61156.7491838634,612862253211.6807,1,2.5800498346872724,22.99986911004198,7489.391729989721,118016487866630240000,2909688.119468231
20,23.5,61040.46667722892,617223319000.8916,1,2.617697455470619,22.97432533928167,7485.6199604518015,119702050526747480000,2926768.606098417
20,23.6,60924.351158905774,621510811733.2877,1,2.655668046739189,22.9487693083549,7481.793882017015,121370828042468500000,2943698.842633222
20,23.700000000000003,60808.40493976604,625735712307.8938,1,2.69396154308218,22.92315213870001,7477.913309017159,123026543618007320000,2960546.2357633472
20,23.8,60692.63033967465,629910458317.425,1,2.7325778747758007,22.89741775372082,7473.9778716418305,124673622025056800000,2977390.065106764
20,23.900000000000002,60577.02969661541,634034028466.0946,1,2.771516983553052,22.871564753954893,7469.986976664547,126311261603609640000,2994227.9173095995
20,24,60461.60537170246,638105373768.274,1,2.8107788053646052,22.845591738163854,7465.940028914152,127938643876529980000,3011057.3346851296
20,24.1,60346.359749195166,642123417087.6749,1,2.8503632662424456,22.819497303719885,7461.836431412789,129554933345737520000,3027875.815187372
20,24.200000000000003,60231.29523647018,646087052735.0865,1,2.890270302166203,22.79328004699959,7457.675585518585,131159277326012890000,3044680.8124187095
20,24.3,60116.414264030755,649995146118.206,1,2.9304998497367536,22.76693856379474,7453.456891073053,132750805815784030000,3061469.735657244
20,24.400000000000002,60001.719285463914,653846533457.4037,1,2.9710518412335327,22.740471449729625,7449.17974655336,134328631412448950000,3078239.9499218776
20,24.5,59887.2127774274,657572281130.5039,1,3.0119262060614775,22.71386586032842,7444.843549229387,135863855542668150000,3094751.858410274
20,24.6,59772.89722395316,661238399180.1509,1,3.05312288070061,22.687133837395738,7440.44839095266,137383023668430300000,3111234.7616313575
20,24.700000000000003,59658.775115811266,664844696889.4828,1,3.094641798187905,22.660274228494092,7435.993694069388,138885643976110080000,3127689.558608178
20,24.8,59544.84896576684,668389915845.4604,1,3.1364828881799105,22.633285676381973,7431.4788698809425,140370781194036400000,3144113.5016040658
20,24.900000000000002,59431.121308738366,671872768592.5553,1,3.1786460883840197,22.606166826190506,7426.903329293614,141837483511548260000,3160503.8013793514
20,25,59317.59470172506,675291938910.3394,1,3.221131329821253,22.57891632589956,7422.26648299522,143284782872766530000,3176857.6274562874
20,25.1,59204.271723706275,678646082146.476,1,3.2639385498728664,22.55153282682321,7417.5677416365625,144711695325233630000,3193172.1084220074
20,25.200000000000003,59091.154975554906,681933825603.5757,1,3.3070676836619324,22.524014984109282,7412.806516017677,146117221424161910000,3209444.3322620103
20,25.3,58978.24707992375,685144432031.7756,1,3.3505186605713906,22.49637486139783,7407.982217279013,147496326592523320000,3225625.4724167283
20,25.400000000000002,58865.5506779179,688246970800.768,1,3.3942914208949064,22.46865404277447,7403.094400297466,148835165980178870000,3241565.3992992183
20,25.5,58753.06841528788,691279562831.6936,1,3.4383858967438727,22.440796771717164,7398.143087174207,150149667178580540000,3257453.192671896
20,25.6,58640.80294518452,694240759661.2515,1,3.4828020241169515,22.412801764519703,7393.127707736853,151438798365141660000,3273285.8522374495
20,25.700000000000003,58528.75694131851,697129088149.2533,1,3.527539740386146,22.384667744107634,7388.047693061137,152701515606061060000,3289060.341223885
20,25.8,58416.93309779838,699943051364.0881,1,3.5725989851737276,22.35639344058619,7382.902475679833,153936763684067400000,3304773.5869472795
20,25.900000000000002,58305.33412896283,702681129523.5188,1,3.6179796944734828,22.327977591799375,7377.691489796307,155143476990558700000,3320422.4814126333
20,26,58193.96276919544,705341780986.1895,1,3.663681807233209,22.29941894389877,7372.414171502649,156320580480642700000,3336003.881955557
20,26.1,58082.82177272346,707923443301.5092,1,3.7097052640645565,22.27071625192231,7367.0699590024215,157466990694880940000,3351514.611925565
20,26.200000000000003,57971.91391341761,710412768645.6619,1,3.7560500035225353,22.24188536146495,7361.658292837905,158576364203269130000,3366889.797718281
20,26.3,57861.24197996594,712785606552.3976,1,3.8027159623257534,22.212958656840105,7356.178822143515,159637449874461520000,3382005.447746717
20,26.400000000000002,57750.80876185559,715075527023.0007,1,3.849703085414515,22.183886319466044,7350.631610618406,160664811431177160000,3397040.194352475
20,26.5,57640.61705338862,717280930620.4812,1,3.8970113133186017,22.15466718649725,7345.016123940027,161657369965623020000,3411990.8130347873
20,26.6,57530.66966689844,719400203538.4739,1,3.944640585630826,22.12530010702244,7339.33183112239,162614044505382320000,3426854.0511229453
20,26.700000000000003,57420.96943246946,721431719092.7355,1,3.992590849135538,22.095783942678942,7333.578204757189,163533753455401500000,3441626.628698739
20,26.8,57311.51919766329,723373839252.4553,1,4.0408620481262725,22.066117568277768,7327.754721258942,164415416097176160000,3456305.2395570516
20,26.900000000000002,57202.3218272347,725224916210.9166,1,4.089454123277971,22.036299872437308,7321.860861114046,165257954143973440000,3470886.552208088
20,27,57093.380202827044,726983293998.1987,1,4.1383670219688655,22.006329758224407,7315.896109133761,166060293352213480000,3485367.2109237392
20,27.1,56984.69722265564,728641205653.8304,1,4.187600687010618,21.97621532330424,7309.859954710959,166818569997959330000,3499709.463958486
20,27.200000000000003,56876.27579845302,730166192243.1324,1,4.237155070548441,21.946002406507755,7303.752014870656,167517576025174050000,3513734.176002471
20,27.3,56768.1188382674,731594480860.9033,1,4.287030113451591,21.9156361090076,7297.572547325146,168173584103874950000,3527647.9640979916
20,27.400000000000002,56660.22924852371,732924435514.6566,1,4.337225768254172,21.885115437372242,7291.3210731967465,168785580349615730000,3541447.475349938
20,27.5,56552.609950187616,734154420703.0741,1,4.387741979851714,21.8544394157811,7284.997119237288,169352563664349760000,3555129.3400534936
20,27.6,56445.26387841068,735282803313.5491,1,4.438578700499057,21.82360708668568,7278.600218092699,169873547634320800000,3568690.1729611023
20,27.700000000000003,56338.193982122466,736307954531.531,1,4.489735880647697,21.792617511471995,7272.1299085705605,170347562457090600000,3582126.5745988376
20,27.8,56231.403223654255,737228251757.1897,1,4.541213465504658,21.761469771133008,7265.585735910461,170773656893030330000,3595435.132613638
20,27.900000000000002,56124.89457831532,738042080533.7458,1,4.5930114127612995,21.730162966942324,7258.967252057092,171150900240550760000,3608612.423168412
20,28,56018.67103396356,738747836482.3146,1,4.645129672310131,21.698696221133225,7252.274015935916,171478384329826100000,3621655.012375696
20,28.1,55912.73559058923,739315280295.2393,1,4.69756819316144,21.667120171542717,7245.5055937312,171741915981439860000,3634377.035438099
20,28.200000000000003,55807.09124432411,739766248337.7834,1,4.750326930746428,21.635395203996726,7238.6622602818925,171951498386335920000,3646918.70201142
20,28.3,55701.74098342657,740105472486.5471,1,4.803405841265525,21.60350994688909,7231.7437601704205,172109233277876570000,3659315.758720721
20,28.400000000000002,55596.68780304026,740331439344.5366,1,4.856804876531324,21.571463646303425,7224.749697337106,172214345106289800000,3671564.833792058
20,28.5,55491.93470801879,740442655001.6478,1,4.91052399306743,21.539255572415396,7217.679684032008,172266090498024900000,3683662.5542265787
20,28.6,55387.484712429345,740437646984.0015,1,4.964563146473875,21.506885020164493,7210.533341092719,172263760246795400000,3695605.5474180807
20,28.700000000000003,55283.34083903674,740314966175.5537,1,5.018922293030151,21.47435130992617,7203.310298223444,172206681283587600000,3707390.4428064236
20,28.8,55179.50611880049,740073188711.4058,1,5.073601391253497,21.44165378818717,7196.0101942751435,172094218621700200000,3719013.873558632
20,28.900000000000002,55075.98359033093,739710917839.9674,1,5.128600399435791,21.408791828218074,7188.632677526603,171925777271798730000,3730472.4782889984
20,29,54972.77629935462,739212146276.5607,1,5.183919272328016,21.375762685448837,7181.177405966203,171694003544064260000,3741697.234713573
20,29.1,54869.88729222957,738549813707.8555,1,5.239557972872424,21.342562792992048,7173.64431684285,171386466431244800000,3752567.4500994207
20,29.200000000000003,54767.319598640315,737764131379.3293,1,5.29551645794542,21.309199866977806,7166.033849256597,171022012494154800000,3763263.7869662736
20,29.3,54665.07623669412,736853866735.4496,1,5.35179469240142,21.27567343052006,7158.345707202766,170600253703217940000,3773783.0261486177
20,29.400000000000002,54563.16022875719,735817822632.952,1,5.4083926342981,21.2419830363088,7150.579605351772,170120850292087500000,3784121.9637628426
20,29.5,54461.5746008791,734654839041.907,1,5.465310243070464,21.208128267243353,7142.735269319207,169583512383298370000,3794277.413027155
20,29.6,54360.32238218468,733363794684.9012,1,5.522547486193929,21.17410873705958,7134.812435935255,168988001543880800000,3804246.2061086856
20,29.700000000000003,54259.40660424903,731943608617.6774,1,5.58010432097758,21.139924090951837,7126.810853513172,168334132269055480000,3814025.1959930216
20,29.8,54158.83030048851,730393241752.2527,1,5.637980710179672,21.10557400619252,7118.730282116598,167621773391144700000,3823611.258367333
20,29.900000000000002,54058.59650551062,728711698326.9526,1,5.696176623045541,21.071058192742925,7110.570493825531,166850849412497970000,3833001.2935286863
20,30,53958.70825446956,726891763863.4475,1,5.754692016847786,21.036426541756242,7102.331273000647,166018480660471450000,3842096.953646356
20,30.1,53859.168573250994,724930663264.8279,1,5.81352686097185,21.00170029825868,7094.012835806686,165123877739015200000,3850856.0044481754
20,30.200000000000003,53759.98046461772,722837082044.7024,1,5.872681122089799,20.966809737269553,7085.615595739349,164171507863713300000,3859411.36513676
20,30.3,53661.14691649843,720610231527.8451,1,5.932154765722615,20.93175473208606,7077.139388359215,163161536778590320000,3867760.1515551233
20,30.400000000000002,53562.67091424856,718249372116.2762,1,5.991947755330351,20.89653519097043,7068.584062311125,162094190145381920000,3875899.5141028855
20,30.5,53464.55543997325,715753814508.6283,1,6.052060062525391,20.861151057687877,7059.949479565197,160969754369610600000,3883826.6396391885
20,30.6,53366.80347182322,713122920876.8641,1,6.112491651885455,20.82560231203271,7051.235515654719,159788577336684280000,3891538.7533944305
20,30.700000000000003,53269.417983308434,710356106005.6973,1,6.173242488362817,20.78988897034635,7042.442059910632,158551069057991440000,3899033.1208787425
20,30.8,53172.401942578144,707452838403.9507,1,6.234312546671822,20.754011086021602,7033.569015692414,157257702228749650000,3906307.0497970697
20,30.900000000000002,53075.75831170473,704412641393.8043,1,6.295701791128131,20.717968749996192,7024.616300615051,155909012697894420000,3913357.891960347
20,31,52979.49004596099,701226063197.0332,1,6.357410191561355,20.681760616563224,7015.583846771887,154501620217609130000,3920138.8154786993
20,31.1,52883.60008855909,697868881564.3347,1,6.4194377191204355,20.645383540764932,7006.47180954378,153025781278624550000,3926528.8747818796
20,31.200000000000003,52788.09135309514,694374895102.3986,1,6.481784346096292,20.608845470917252,6997.280926825673,151497323515465700000,3932690.022554551
20,31.3,52692.966727172025,690743884549.5801,1,6.544450040413511,20.57214667440205,6988.011185512381,149917052889320850000,3938619.893988021
20,31.400000000000002,52598.22908832226,686975690018.2734,1,6.6074347769772155,20.53528745757293,6978.662587539663,148285838353659700000,3944316.1774941236
20,31.5,52503.88130325917,683070212186.7811,1,6.6707385269972965,20.49826816613881,6969.2351500724635,146604611826179210000,3949776.6164921112
20,31.6,52409.92622713465,679027413521.5098,1,6.734361258135828,20.461089185532728,6959.7289056875725,144874368078866000000,3954999.0111761927
20,31.700000000000003,52316.36670277361,674847319543.8256,1,6.798302944851513,20.423750941262405,6950.143902550454,143096164549406880000,3959981.2202686314
20,31.8,52223.20555992331,670530020154.8746,1,6.8625635621212995,20.3862538992457,6940.480204586014,141271121076440200000,3964721.162747528
20,31.900000000000002,52130.445614487864,666075671035.5793,1,6.92714308210136,20.348598566127446,6930.737891643081,139400419562457710000,3969216.8195541515
20,32,52038.08966776263,661484495135.6698,1,6.9920414796690205,20.31078548957856,6920.91705965234,137485303566331660000,3973466.2352741216
20,32.1,51946.14050566126,656798858867.1827,1,7.057258728661997,20.274977476132126,6911.017820777524,135544443252384780000,3977803.792154991
20,32.2,51854.60093468521,652004627773.9849,1,7.122794803872739,20.240508144835804,6901.0385948237235,133572881672396140000,3982124.6056764526
20,32.300000000000004,51763.4738073647,647071268861.827,1,7.1886496790714,20.20584212774485,6890.978300278689,131559184425938400000,3986187.056374712
20,32.4,51672.7619850263,641999233244.3376,1,7.254823327498455,20.170980022854728,6880.837075601674,129504827483272460000,3989989.2188698347
20,32.5,51582.46831106488,636789050876.4756,1,7.321315728480107,20.13592247616444,6870.615077030988,127411348947389920000,3993529.242062827
20,32.6,51492.5956100896,631441332836.1184,1,7.388126858486978,20.10067018198023,6860.312478724617,125280348242067470000,3996805.3508530213
20,32.7,51403.146687095985,625956773843.1094,1,7.455256695886324,20.065223883196808,6849.929472892259,123113485245545150000,3999815.8478081687
20,32.800000000000004,51314.12432662677,620336155029.7552,1,7.52270521213916,20.029584371553135,6839.466269918512,120912479366371000000,4002559.114793858
20,32.9,51225.53129192628,614580346970.9845,1,7.590472389652764,19.993752487862857,6828.923098477049,118679108554955880000,4005033.6145587163
20,33,51137.37032409944,608690312984.6068,1,7.658558202174635,19.957729122218883,6818.300205635462,116415208244628980000,4007237.8922706977
20,33.1,51049.644141275436,602667112711.1489,1,7.72696263034677,19.921515214172015,6807.597856950632,114122670214949140000,4009170.5770020774
20,33.2,50962.35543775838,598030968548.063,1,7.7956856526986344,19.887204304677624,6796.816336554391,112373598214152980000,4011267.335152441
20,33.300000000000004,50875.506934123114,602776154148.0376,1,7.864727245555139,19.85542025079505,6785.953553965076,114163970712168480000,4013657.563327754
20,33.4,50789.10144374799,607469135789.9065,1,7.934087388139327,19.823390067122435,6775.006652011761,115948563754184850000,4015758.2583893915
20,33.5,50703.141821331345,612110177897.2898,1,8.00376606078192,19.791114650337715,6763.9759371505515,117727017182485940000,4017567.972392625
20,33.6,50617.63089491986,616699527838.8234,1,8.073763244834304,19.758594958754028,6752.86173690252,119498972417739060000,4019085.355771062
20,33.7,50532.57146496419,621237415475.8412,1,8.144078914660053,19.725832012551315,6741.664399932845,121264071953146660000,4020309.1589109995
20,33.800000000000004,50447.96630337089,625724052924.6174,1,8.214713054776771,19.692826893971656,6730.384296117581,123021958933984250000,4021238.2336562127
20,33.9,50363.81815257389,630159634482.5156,1,8.285665644231067,19.6595807474776,6719.021816597765,124772276806871120000,4021871.534734661
20,34,50280.12972458918,634544336690.435,1,8.35693666724066,19.626094779873064,6707.577373820743,126514669031002830000,4022208.1211139457
20,34.1,50196.90370008536,638878318540.992,1,8.428526104258498,19.59237026038604,6696.051401568427,128248778857707770000,4022247.157274903
20,34.2,50114.14272746164,643161721755.1655,1,8.500433930362897,19.55840852071258,6684.444354972335,129974249149730960000,4021987.914403369
20,34.300000000000004,50031.84942193702,647394671156.2653,1,8.57266013383538,19.524210955021708,6672.756710515268,131690722253060340000,4021429.771496924
20,34.4,49950.02636461705,651577275107.5732,1,8.645204694391955,19.489779019920704,6660.988966019445,133397839909070180000,4020581.066221517
20,34.5,49868.676102716476,655709625997.0548,1,8.718067591115489,19.455114080263023,6649.141587948533,135095243201001050000,4019438.0003897646
20,34.6,49787.80114934873,660806530989.0444,1,8.791248813043632,19.42021761839903,6637.2150829229195,137203627000789190000,4017994.5747173224
20,34.7,49707.40398153849,666009782500.3591,1,8.864748339929752,19.385091276799734,6625.210012287158,139372841809458990000,4016250.6031880504
20,34.800000000000004,49627.487038639374,671174424737.0636,1,8.938566154063917,19.349736759946808,6613.126958579079,141542785280605370000,4014206.011987353
20,34.9,49548.05272145104,676300716582.0941,1,9.012702239652652,19.314155834095644,6600.9665254488145,143713191514892910000,4011860.8400759497
20,35,49469.10339137353,681388887116.7313,1,9.087156581108294,19.278350326996847,6588.7293375636145,145883787973211230000,4009215.239660331
20,35.1,49390.64136954583,686439135315.4645,1,9.161929158287764,19.242322127576138,6576.4160404984395,148054294809962150000,4006269.47657214
20,35.2,49312.6689360179,691451629898.4545,1,9.237019956144051,19.206073185572347,6564.027300612249,150224424280061480000,4003023.9305429654
20,35.300000000000004,49235.18832892459,696426509319.0624,1,9.312428963833876,19.169605511133664,6551.563804910005,152393880213262340000,3999479.0953818047
20,35.4,49158.201743667014,701363881840.6455,1,9.388156162720861,19.13292117437213,6539.026260890416,154562357538510670000,3995635.5790529763
20,35.5,49081.71133213211,706263825771.6317,1,9.464201536803557,19.096022304876275,6526.415396379369,156729541890799200000,3991494.103646286
20,35.6,49005.719201900996,711126389772.9485,1,9.540565070292761,19.05891109118234,6513.731959349208,158895109265397650000,3987055.505251493
20,35.7,48930.22741548531,715951593284.5092,1,9.617246750923687,19.021589780203914,6500.976717723813,161058725741840000000,3982320.40665663
20,35.800000000000004,48855.23798953183,720739427015.528,1,9.694246561578018,18.98406068283834,6488.150461294673,163220047254977740000,3977290.178546863
20,35.9,48780.75289408956,725489853543.4916,1,9.771564488844161,18.946326161388136,6475.253997421946,165378719434648260000,3971966.0244839825
20,36,48706.774051941,730202807963.5443,1,9.84920051782292,18.908388634064327,6462.288152573544,167534377489247630000,3966349.2333219275
20,36.1,48633.3033379009,734878198610.0922,1,9.927154639420056,18.87025057476222,6449.2537722484985,169686646144043480000,3960441.205726635
20,36.2,48560.342578138225,739515907835.3816,1,10.00542683513447,18.831914512288552,6436.151720712833,171835139628332000000,3954243.4534316873
20,36.300000000000004,48487.893549521454,744115792831.7249,1,10.084017093769946,18.793383029549457,6422.982880722028,173979461706057500000,3947757.598391479
20,36.4,48415.95797897596,748677686499.5543,1,10.16292539970272,18.7546587626998,6409.7481532302945,176119205751475400000,3940985.3718356146
20,36.5,48344.53754286375,753201398360.52,1,10.242151743791357,18.715744400254444,6396.448457086831,178253954870066100000,3933928.6132230703
20,36.6,48273.633866377175,757686715475.8105,1,10.321696109049226,18.67664268216215,6383.084728719313,180383282046282300000,3926589.269099517
20,36.7,48203.24852297455,762133403420.9905,1,10.401558481986752,18.637356398842712,6369.657921804816,182506750342434880000,3918969.391852129
20,36.800000000000004,48133.383033812046,766541207259.5122,1,10.481738855658275,18.59788839018831,6356.169006928509,184623913121588050000,3911071.1383749484
20,36.9,48064.03886721097,770909852535.877,1,10.562237209666108,18.55824154452962,6342.618971230306,186734314304213160000,3902896.768636679
20,37,47995.21743815206,775239046281.8307,1,10.643053540558515,18.518566344505686,6329.0088180398225,188837488655366160000,3894483.2595917135
20,37.1,47926.92011275422,779528477945.7058,1,10.724187827493726,18.48067239086931,6315.339321663854,190932962058204700000,3886256.563246844
20,37.2,47859.14827409759,783777820391.1975,1,10.805640065059812,18.442573454091818,6301.6082501084975,193020251844054120000,3877748.622535656
20,37.300000000000004,47791.9033161588,787986730992.4547,1,10.887410242353988,18.40427263250786,6287.816666058531,195098867193250100000,3868961.999259109
20,37.4,47725.186576485634,792154852825.2035,1,10.96949834141226,18.365773076787065,6273.965648525898,197168309607972400000,3859899.359400931
20,37.5,47658.99933573697,796281815852.064,1,11.051904355683895,18.327077988679616,6260.0562924205005,199228073407383180000,3850563.471200235
20,37.6,47593.342817226425,800367238110.8413,1,11.134628273985738,18.288190619726514,6246.089708109677,201277646248851900000,3840957.2031379216
20,37.7,47528.21818652097,804410726875.5897,1,11.217670083662709,18.24911426993381,6232.0670209667005,203316509659512540000,3831083.521826634
20,37.800000000000004,47463.62655104883,808411879755.0709,1,11.301029772219367,18.20985228641384,6217.989370908782,205344139559148360000,3820945.4898190335
20,37.9,47399.56895973813,812370285760.8989,1,11.38470733453093,18.17040806199389,6203.857911924996,207360006789247040000,3810546.263331796
20,38,47336.046402677894,816285526311.2615,1,11.46870275439951,18.130785033793895,6189.673811594573,209363577629676630000,3799889.0898908665
20,38.1,47273.05981082842,820157176184.1632,1,11.553016024650491,18.090986681773835,6175.438250596015,211354314308545870000,3788977.3058946617
20,38.2,47210.61005572975,823984804426.52,1,11.637647134884508,18.051016527253758,6161.152422207565,213331675507172100000,3777814.3341113236
20,38.300000000000004,47148.69794925209,827767975219.1849,1,11.722596075785159,18.010878131406535,6146.8175317994555,215295116858976730000,3766403.6811027224
20,38.400000000000006,47087.32424336858,831506248696.7291,1,11.80786283735031,17.97057509372543,6132.434796318452,217244091440490840000,3754748.9345838185
20,38.5,47026.489629978314,835199181731.0193,1,11.893447408918844,17.930111050467136,6118.005443765192,219178050258022070000,3742853.760714257
20,38.6,46966.19474072289,838846328587.6847,1,11.97934977839813,17.891370688953405,6103.530712664892,221096442681030180000,3731210.9739118028
20,38.7,46906.440222882666,842447241544.0925,1,12.06556993851978,17.8538989665559,6089.008020084917,222998716866675100000,3719699.363708047
20,38.800000000000004,46847.226797395386,846001471634.1248,1,12.1521078822288,17.816214078443803,6074.4356682387615,224884320262440750000,3707932.8329178104
20,38.900000000000006,46788.55518092681,849508569568.3507,1,12.238963595439731,17.778319951018563,6059.8149782310065,226752700214373020000,3695915.3097406873
20,39,46730.42602582276,852968086680.8481,1,12.326137069764329,17.74022055827636,6045.147282729158,228603304603421870000,3683650.805989192
20,39.1,46672.839919959195,856379575902.3853,1,12.413628298454258,17.70191991993844,6030.43392535241,230435582509562000000,3671143.4138856544
20,39.2,46615.79738661554,859742592667.916,1,12.501437274966761,17.66342209955414,6015.676260053913,232248984853748650000,3658397.3028022465
20,39.300000000000004,46559.298884405755,863056695775.9752,1,12.58956398963496,17.624731202575518,6000.875650497139,234042965025654100000,3645416.7159403437
20,39.400000000000006,46503.34480721783,866321448142.9133,1,12.678008431404226,17.585851374410208,5986.0334694271,235816979464823600000,3632205.966966582
20,39.5,46447.9354841914,869536417503.0647,1,12.766770591651163,17.546786798451727,5971.1510980369985,237570488221093920000,3618769.4366029776
20,39.6,46393.07117973734,872701176997.4999,1,12.855850463491732,17.507541694089145,5956.229925330989,239302955461537800000,3605111.5691752774
20,39.7,46338.75209357403,875815305704.1443,1,12.94524803933238,17.4681203147004,5941.2713474837465,241013849950951200000,3591236.8691306375
20,39.800000000000004,46284.97836081125,878878389083.9772,1,13.034963309416437,17.42852694562868,5926.276767197471,242702645490686130000,3577149.897522173
20,39.900000000000006,46231.750052049756,881890019376.0605,1,13.124996267119093,17.388765902146794,5911.247593057023,244368821332456280000,3562855.2684730655
20,40,46179.067173521034,884849795925.337,1,13.215346906063674,17.348841527409494,5896.185238883835,246011862557159300000,3548357.645619235
20,40.1,46126.929667252116,887757325463.8083,1,13.306015215098924,17.308758190397203,5881.091123089257,247631260429025380000,3533661.738539229
20,40.2,46075.33741128072,890612222361.4497,1,13.397001186476958,17.268520283851117,5865.966668027995,249226512733371920000,3518772.2991700843
20,40.300000000000004,46024.29021986481,893414108828.4971,1,13.488304814006678,17.22813222220662,5850.813299352341,250797124087024320000,3503694.118227633
20,40.400000000000006,45973.78784375731,896162615080.6888,1,13.579926090888804,17.18761046032751,5835.632445367767,252342606227097060000,3488497.981139716
20,40.5,45923.829981614836,898857379479.3054,1,13.671865009632244,17.146956540296635,5820.424958234676,253862478284179180000,3473180.6563254083
20,40.6,45874.41629030742,901498048680.5486,1,13.764121564435484,17.106162221002535,5805.191746233401,255356267059018760000,3457684.702716484
20,40.7,45825.54637371935,904084277785.1052,1,13.856695745543547,17.06523202146277,5789.934256440978,256823507297445120000,3442015.0594754135
20,40.800000000000004,45777.21977273654,906615730483.5513,1,13.949587550554986,17.02417047358334,5774.653936470822,258263741960886580000,3426176.6895472445
20,40.900000000000006,45729.43596561719,909092079195.339,1,14.042796966028398,16.982982120061276,5759.352233829123,259676522490975700000,3410174.576070923
20,41,45682.194368431345,911513005167.3318,1,14.13632398417637,16.941671512292245,5744.030595275997,261061409048509680000,3394013.7188065276
20,41.1,45635.494335488416,913878198579.1598,1,14.230168609848498,16.900243208292274,5728.690466192111,262417970753329230000,3377699.1306021665
20,41.2,45589.335159807466,916187358593.858,1,14.324330823633565,16.858701770630617,5713.333289951255,263745785889621900000,3361235.8338915347
20,41.300000000000004,45543.71607364155,918440193403.478,1,14.418810627446572,16.817051764374952,5697.960507299484,265044442104646630000,3344628.857223785
20,41.400000000000006,45498.63624897413,920636420244.3508,1,14.513608010696476,16.775297755057636,5682.573555741436,266313536586086300000,3327883.231848609
20,41.5,45454.09479808621,922775765380.3903,1,14.608722969162892,16.733444306656427,5667.173868934262,267552676216715700000,3311003.988337405
20,41.6,45410.09077412542,924857964072.6781,1,14.70415549554481,16.691495979597406,5651.7628760897815,268761477716625300000,3293996.153260081
20,41.7,45366.62317170296,926882760519.9524,1,14.799905583503698,16.649457328779437,5636.3420013853165,269939567763882150000,3276864.745914879
20,41.800000000000004,45323.69092752319,928849907771.963,1,14.895973224357753,16.607332901621575,5620.912663383696,271086583094489100000,3259614.7751135016
20,41.900000000000006,45281.29292101413,930759167631.3212,1,14.992358418096286,16.565127236137627,5605.476274462945,272202170590553670000,3242251.2360318466
20,42,45239.4279750064,932610310515.2662,1,15.08906115783855,16.522844859035406,5590.034240256017,273285987339839400000,3224779.1071184804
20,42.1,45198.094856414944,934403115316.0082,1,15.186081434388027,16.480490283846066,5574.587959101095,274337700689115280000,3207203.3470740095
20,42.2,45157.2922769459,936137369221.5134,1,15.28341924323124,16.43806800908296,5559.138821502803,275356988268920730000,3189528.8918988123
20,42.300000000000004,45117.018893822096,937812867518.418,1,15.381074580128343,16.39558251643198,5543.688209604722,276343538002301320000,3171760.6520130862
20,42.400000000000006,45077.27331053186,939429413382.2826,1,15.479047438379046,16.35303826897432,5528.237496673624,277297048100565880000,3153903.5094502755
20,42.5,45038.05407759268,940986817631.1027,1,15.577337815362723,16.31043970944348,5512.7880465956905,278217227031850450000,3135962.3151280317
20,42.6,44999.35969332699,942484898461.0999,1,15.675945701486784,16.267791219815667,5497.341213385111,279103793473647580000,3117943.375052919
20,42.7,44961.188604936004,943923481140.6622,1,15.774871091942053,16.225094929119702,5481.898325894195,279956476235031670000,3099936.7008778607
20,42.800000000000004,44923.539225300774,945302397695.2875,1,15.874113985793572,16.182354944323144,5466.459849241723,280775014168022780000,3081856.5880865986
20,42.900000000000006,44886.4099330809,946621486600.2137,1,15.97367437209537,16.139575658680155,5451.027122845435,281559156078174370000,3063707.7939067683
20,43,44849.79905714933,947880592462.6212,1,16.073552248647356,16.096761437602055,5435.601474585093,282308660623859880000,3045495.0333277793
20,43.1,44813.70487744175,949079565670.3923,1,16.17374761160001,16.053916617093375,5420.184220360839,283023296190697870000,3027222.976777602
20,43.2,44778.12562582642,950218262028.6665,1,16.2742604518278,16.011045502228708,5404.776663665535,283702840753859500000,3008896.247885865
20,43.300000000000004,44743.05948698148,951296542361.0941,1,16.375090769556827,15.968152365672161,5389.380095171219,284347081714654600000,2990519.42133695
20,43.400000000000006,44708.50459928252,952314272079.7391,1,16.47623855731639,15.925241446239836,5373.995792329886,284955815713872540000,2972097.020812998
20,43.5,44674.45905570779,953271320725.5518,1,16.577703812426265,15.882316947505329,5358.6250189887105,285528848423201600000,2953633.517025664
20,43.6,44640.92090474907,954244319007.7692,1,16.679486529038112,15.839383036449775,5343.269025019847,286112021035498640000,2935133.3258395917
20,43.7,44607.888151332736,956392373948.1344,1,16.781586699881064,15.79644384215651,5327.929045964908,287401577722646230000,2916600.8064864515
20,43.800000000000004,44575.35875775106,958480402425.4816,1,16.884004323927318,15.753503454550756,5312.606302694211,288657877495438740000,2898040.259869777
20,43.900000000000006,44543.33064458426,960507978120.3744,1,16.986739398748604,15.710565923186088,5297.30200108082,289880426737091350000,2879455.9269641265
20,44,44511.80169166345,962474681549.4615,1,17.08979191481968,15.667635256074135,5282.017331689445,291068740650149500000,2860851.9872981007
20,44.1,44480.76973901037,964380100142.6713,1,17.19316186829352,15.624715418562623,5266.753469480215,292222343506726680000,2842232.5575337727
20,44.2,44450.23258778639,966223828296.5837,1,17.29684925759719,15.581810332259424,5251.511573527341,293340768881978150000,2823601.690135192
20,44.300000000000004,44420.18800125271,968005467395.09,1,17.400854078971644,15.538923874002409,5236.292786752593,294423559865093420000,2804963.3721247967
20,44.400000000000006,44390.63370573614,969724625810.7086,1,17.505176326219587,15.496059874875584,5221.098235673596,295470269255599300000,2786321.5239280774
20,44.5,44361.56739159394,971380918875.247,1,17.60981599732478,15.453222119272091,5205.929030166897,296480459737851300000,2767679.9983067177
20,44.6,44332.98671418242,972973968825.978,1,17.71477308696128,15.410414344003385,5190.786263245705,297453704037208360000,2749042.579378104
20,44.7,44304.889294812456,974503404730.0955,1,17.820047589302572,15.367640237455845,5175.671010852228,298389585059384400000,2730412.981723224
20,44.800000000000004,44277.27272173669,975968862380.6511,1,17.925639503897735,15.324903438791043,5160.5843316644605,299287696008656900000,2711794.8495729472
20,44.900000000000006,44250.13455110323,977369984171.1447,1,18.03154882413245,15.282207537194497,5145.527266917363,300147640489166640000,2693191.75608383
20,45,44223.472307933494,978706418949.2778,1,18.137775548934304,15.239556071168066,5130.50084023824,300969032589534000000,2674607.2026908384
20,45.1,44197.28348708339,979977821842.8507,1,18.244319672552027,15.196952527868817,5115.506057496202,301751496946403700000,2656044.618543084
20,45.2,44171.56555421837,981183854075.1829,1,18.351181192449783,15.154400342491488,5100.543906665505,302494668797565900000,2637507.3600152507
20,45.300000000000004,44146.315946765244,982324182751.9203,1,18.458360100689326,15.111902897697027,5085.615357702648,303198194013502440000,2618998.710299709
20,45.400000000000006,44121.53207487613,983398480634.5688,1,18.565856402581755,15.069463523083888,5070.721362436965,303861729116820340000,2600521.8790710224
20,45.5,44097.21132238582,984406425899.2427,1,18.673670086346828,15.027085494702998,5055.862854474567,304484941288719000000,2582080.002224327
20,45.6,44073.35104776174,985347701877.7474,1,18.781801152055046,14.98477203461585,5041.040749115378,305067508360804560000,2563676.141685848
20,45.7,44049.94858505111,986221996787.829,1,18.890249598143985,14.942526310494749,5026.255943283075,305609118796588500000,2545313.2852926846
20,45.800000000000004,44027.00124482345,987029003452.9142,1,18.99901541918727,14.900351435264682,5011.509315467668,306109471663028700000,2526994.3467401466
20,45.900000000000006,44004.50631510466,987768419012.4121,1,19.10809861528051,14.858250466786373,4996.801725680504,306568276592945500000,2508722.1655952237
20,46,43982.46106230654,988439944356.308,1,19.217499175819235,14.816241413179323,4982.1340154214095,306985253573112230000,2490532.629943107
20,46.1,43960.86273885425,989043283850.2035,1,19.327217103252135,14.774314436740271,4967.506617511356,307360132909397970000,2472401.852688895
20,46.2,43939.70858550444,989578145125.1498,1,19.43725239315038,14.732468312533458,4952.920250858082,307692655229804800000,2454323.78355539
20,46.300000000000004,43918.99582524039,990044238835.5432,1,19.547605043474324,14.69070592586787,4938.375716812097,307982571465572900000,2436301.0228236266
20,46.400000000000006,43898.72166242264,990441278400.128,1,19.658275049161166,14.649030105690505,4923.873798064003,308229642819833700000,2418336.0971796317
20,46.5,43878.88328370359,990768979734.9778,1,19.76926240817393,14.60744362447293,4909.415258661316,308433640729508840000,2400431.4600396366
20,46.6,43859.47785890661,991027060981.0348,1,19.880567117879636,14.565949198136522,4895.000844036181,308594346822272400000,2382589.491932936
20,46.7,43840.50254191086,991215242235.1113,1,19.992189174098577,14.524549486012289,4880.631281043561,308711552874346200000,2364812.500932968
20,46.800000000000004,43821.954471531324,991333245285.8109,1,20.104128574891874,14.48324709083523,4866.307278009686,308785060770276400000,2347102.7231364637
20,46.900000000000006,43803.83077237476,991380793359.0359,1,20.21638531388132,14.442044558773764,4852.029524790436,308814682467834270000,2329462.3231915226
20,47,43786.12855568994,991357610875.9918,1,20.32895939703689,14.400944379491875,4837.79869283935,308800239970090160000,2311893.3948693043
20,47.1,43768.84492021613,991263423226.5747,1,20.44185081572106,14.359948986242776,4823.615435284955,308741565306678350000,2294397.961676658
20,47.2,43751.97695300821,991097956561.548,1,20.55505956893518,14.319060755994702,4809.480387017096,308638500526586000000,2276977.977511016
20,47.300000000000004,43735.52173026465,990860937603.2181,1,20.66858565343771,14.278282009586015,4795.39416478198,308490897702469200000,2259635.3273510323
20,47.400000000000006,43719.47631812841,990552093480.1091,1,20.782429066976654,14.237615011910833,4781.357367285633,308298618950087000000,2242371.827985955
20,47.5,43703.83777348325,990171151582.3575,1,20.89658980569488,14.19706197213245,4767.370575305393,308061536460949600000,2225189.2287777006
20,47.6,43688.60314475093,989717839445.4358,1,21.011067867938483,14.156625043923404,4753.434351809214,307779532553024000000,2208089.2124529574
20,47.7,43673.7694726428,989191884654.6886,1,21.125863253732245,14.116306325734428,4739.549242082431,307452499734897360000,2191073.3959306143
20,47.800000000000004,43659.33379094023,988593014781.8666,1,21.240975956302933,14.07610786108594,4725.715773861646,307080340790401300000,2174143.331170594
20,47.900000000000006,43645.293127235025,987920957345.6171,1,21.35640597638347,14.036031638886223,4711.934457475503,306662968878701740000,2157300.5060533406
20,48,43631.64450366516,987175439800.487,1,21.472153310329716,13.996079593772627,4698.205785991995,306200307652664160000,2140546.3452821504
20,48.1,43618.38493763562,986356189554.6917,1,21.588217952143854,13.956253606475645,4684.530235372006,305692291395585250000,2123882.211308232
20,48.2,43605.51144253835,985462934015.9818,1,21.704599905945226,13.916555504203929,4670.908264628808,305138865175777900000,2107309.4052745868
20,48.300000000000004,43593.02102842834,984495400665.2112,1,21.821299164941852,13.876987061052334,4657.340315993215,304539985018625060000,2090829.1679832921
20,48.400000000000006,43580.91070273239,983453317158.5922,1,21.93831573325983,13.83754999842656,4643.826815084045,303895618096541470000,2074442.680873062
20,48.5,43569.17747090291,982336411456.5745,1,22.0556496020449,13.798245985489894,4630.3681710837245,303205742935354600000,2058151.0670184614
20,48.6,43557.81833708752,981144411981.314,1,22.173300771603174,13.759076639625865,4616.964776918608,302470349638078040000,2041955.3921386334
20,48.7,43546.83030475862,979877047798.0928,1,22.291269238445288,13.72004352692008,4603.617009443855,301689440122929500000,2025856.6656221563
20,48.800000000000004,43536.210377360694,978534048825.4225,1,22.409555002854272,13.681148162656076,4590.3252296324745,300863028378204200000,2009855.8415580147
20,48.900000000000006,43525.95555891376,977115146067.7659,1,22.528158062266943,13.642392011828829,4577.089782768379,299991140729916800000,1993953.8197802284
20,49,43516.06285462715,975620071870.8583,1,22.64707841481352,13.60377648967116,4563.910998643088,299073816121835100000,1978151.4469168424
20,49.1,43506.52927148808,974048560202.0825,1,22.766316057131892,13.565302962194698,4550.789191755874,298111106409012500000,1962449.5174469156
20,49.2,43497.35181883443,972400346951.4846,1,22.885870987414652,13.526972746743875,4537.724661517081,297103076661676000000,1946848.7747629096
20,49.300000000000004,43488.52750892751,970675170250.0718,1,23.00574320770512,13.488787112561143,4524.717692454352,296049805476971350000,1931349.912234966
20,49.400000000000006,43480.0533574922,968872770809.5347,1,23.12593271093988,13.450747281364743,4511.768554421545,294951385300635320000,1915953.5742802832
20,49.5,43471.926384265535,966992892278.1632,1,23.246439497612634,13.412854427935486,4498.877502810061,293807922754900750000,1900660.3574308932
20,49.6,43464.1436135117,965035281612.0602,1,23.367263568387614,13.375109680714669,4486.044778762397,292619538971592430000,1885470.8114042769
20,49.7,43456.70207453612,962999689459.7468,1,23.48840491700989,13.33751412241011,4473.2706093876595,291386369928741520000,1870385.4401714192
20,49.800000000000004,43449.598802190274,960885870561.1742,1,23.609863542622826,13.30006879061012,4460.555207978815,290108566790806630000,1855404.703022368
20,49.900000000000006,43442.83083733916,958693584155.863,1,23.731639445229128,13.262774678406762,4447.898774231521,288786296248767380000,1840529.0156319933
20,50,43436.39522735402,956422594401.5549,1,23.853732624627746,13.225632735023165,4435.301494464216,287419740860395030000,1825758.7511167475
20,50.1,43430.289026555605,954072670800.9108,1,23.97614307476543,13.188643866449585,4422.763541839387,286009099388668970000,1811094.241091416
20,50.2,43424.50929666683,951643588634.8494,1,24.098870797847603,13.151808936083375,4410.285076585726,284554587136948670000,1796535.7767171843
20,50.300000000000004,43419.05310724303,949135129399.9692,1,24.221915791631705,13.115128765374433,4397.866246221028,283056436278832920000,1782083.609744466
20,50.400000000000006,43413.917536101304,946547081251.7682,1,24.34527805476224,13.078604134474128,4385.507185775641,281514896183196320000,1767737.9535469145
20,50.5,43409.099669712596,943879239448.6766,1,24.468957584160854,13.042235782889383,4373.208018016275,279930233730891400000,1753498.984150549
20,50.6,43404.596603618,941131406798.8121,1,24.592954377607082,13.006024410137384,4360.968853669989,278302733623737800000,1739366.8412494932
20,50.7,43400.40544279665,938303394105.7623,1,24.717268436773033,12.969970676405113,4348.789791648242,276632698683085900000,1725341.6292169543
20,50.800000000000004,43396.523302040994,935395020614.8885,1,24.841899761004875,12.934075203209463,4336.670919270773,274920450138342030000,1711423.4181036598
20,50.900000000000006,43392.94730631821,932406114457.2655,1,24.96684834592287,12.89833857405878,4324.612312489199,273166327903250780000,1697612.2446260978
20,51,43389.67459112313,929336513091.8597,1,25.092114189377543,12.862761335115044,4312.614036110168,271370690839812960000,1683908.1131431889
20,51.1,43386.70230280142,926186063743.1835,1,25.217697292392568,12.82734399585761,4300.676144017954,269533917007748170000,1670310.9966236097
20,51.2,43384.02759888861,922954623837.4918,1,25.343597653609343,12.792087029744886,4288.798679396289,267656403900842080000,1656820.8375977655
20,51.300000000000004,43381.64764841553,919642061432.7467,1,25.469815271064473,12.756990874876958,4276.981674949377,265738568666938970000,1643437.5491000058
20,51.400000000000006,43379.55963221192,916248255645.7808,1,25.596350143388747,12.722055934656506,4265.225153121915,263780848313151060000,1630161.0155968526
20,51.5,43377.76074320171,912773097074.5123,1,25.723202267092557,12.687282578448015,4253.529126318007,261783699894603220000,1616991.0939017087
20,51.6,43376.24818666931,909216488214.5719,1,25.850371645600692,12.652671142236327,4241.893597118885,259747600685937900000,1603927.614078193
20,51.7,43375.01918054931,905578343873.4932,1,25.977858275496992,12.618221929280656,4230.318558499273,257673048336982470000,1590970.3803256871
20,51.800000000000004,43374.07095566671,901858591578.7067,1,26.105662152415487,12.58393521076845,4218.803994042355,255560561010014700000,1578119.1718552986
20,51.900000000000006,43373.40075600706,898057171983.2378,1,26.233783280645337,12.549811226463635,4207.349878153175,253410677500460660000,1565373.7437469657
20,52,43373.005838929676,894174039267.1963,1,26.362221661292104,12.515850185354578,4195.956176270484,251223957339533050000,1552733.8277972967
20,52.1,43372.883475413546,890209161537.765,1,26.490977284886085,12.482052266295462,4184.622845076795,249000980879940100000,1540199.1333479357
20,52.2,43373.030950278044,886162521226.4429,1,26.620050155546547,12.44841761864477,4173.34983270669,246742349363555240000,1527769.348100834
20,52.300000000000004,43373.44556237478,882034115486.8894,1,26.749440272388554,12.414946362900668,4162.137078953261,244448684972509100000,1515444.1389206683
20,52.400000000000006,43374.12462480366,877823956592.7505,1,26.87914763348804,12.381638591329628,4150.984515472574,242120630862917300000,1503223.152618478
20,52.5,43375.065465096384,873532072336.8698,1,27.009172237827993,12.348494368591698,4139.8920659861205,239758851181586200000,1491106.0167226691
20,52.6,43376.265425398014,869158506435.5325,1,27.13951408064583,12.31551373236026,4128.859646481208,237364031067234630000,1479092.3402340927
20,52.7,43377.72186264023,864703318936.0481,1,27.270173167726213,12.282696693936394,4117.887165409186,234936876634793740000,1467181.7143657284
20,52.800000000000004,43379.43214869872,860166586633.1891,1,27.401149496627344,12.250043238858103,4106.974523881472,232478114945279360000,1455373.713267863
20,52.900000000000006,43381.39367055986,855548403493.0997,1,27.532443065611254,12.217553327502676,4096.121615863315,229988493959895120000,1443667.894736144
20,53,43383.603830458596,850848881089.4285,1,27.664053872189758,12.18522689568445,4085.3283283652936,227468782480333340000,1432063.8009064768
20,53.1,43386.06004601903,846068149052.3116,1,27.795981918455457,12.153063855245625,4074.594541632421,224919770074931170000,1420560.9589335471
20,53.2,43388.75975038484,841206355534.5664,1,27.92822720124569,12.121064094640975,4063.9201293308884,222342266992285900000,1409158.8816544106
20,53.300000000000004,43391.700392337516,836263667695.3588,1,28.060789718129605,12.089227479516344,4053.3049587323744,219737104061665570000,1397857.0682373177
20,53.400000000000006,43394.87943641562,831240272206.556,1,28.19366947051349,12.057553853279952,4042.7488908958867,217105132582112170000,1386655.0048146988
20,53.5,43398.29436302371,826136375783.4448,1,28.32686646130047,12.026043037667197,4032.251780847127,214447224200155630000,1375552.165101421
20,53.6,43401.94266851898,820952205742.9128,1,28.46038068586277,11.994694833299418,4021.8134777553314,211764270776720920000,1364548.0109996689
20,53.7,43405.82186532393,815688010593.0995,1,28.594212142610857,11.963509020233666,4011.433825107551,209057184244175440000,1353641.9931858042
20,53.800000000000004,43409.92948199902,810344060657.238,1,28.72836083227957,11.93248535850746,4001.1126608804093,206326896453674200000,1342833.5516858953
20,53.900000000000006,43414.26306331996,804920648735.9075,1,28.862826752574183,11.901623588675559,3990.8498177092447,203574359013615700000,1332122.1164355502
20,54,43418.820170358755,799418090809.7622,1,28.997609905713315,11.870923432338902,3980.645123054666,200800543118791300000,1321507.107824464
20,54.1,43423.5983805405,793836726788.1713,1,29.132710290146175,11.84038459266725,3970.4983993665032,198006439371395600000,1310987.9372284298
20,54.2,43428.5952877067,788176921305.4697,1,29.26812790209239,11.810006754913646,3960.4094642451346,195193057593026580000,1300564.0075261118
20,54.300000000000004,43433.80850216746,782439064570.3528,1,29.40386274694968,11.779789586921723,3950.37813060019,192361426628594240000,1290234.713602425
20,54.400000000000006,43439.235650748014,776623573269.7383,1,29.539914822331703,11.749732739625461,3940.404206806621,189512594140802480000,1279999.4428381657
20,54.5,43444.87437682971,770730891531.6028,1,29.676284124681732,11.71983584754137,3930.487496858136,186647626395318550000,1269857.575586104
20,54.6,43450.722340396605,764761491949.8823,1,29.81297065693531,11.690098529252444,3920.627800518007,183767608035887640000,1259808.4856327674
20,54.7,43456.77721803915,758715876673.916,1,29.949974416958053,11.660520387886722,3910.8249134672537,180873641848212600000,1249851.5406504087
20,54.800000000000004,43463.0367030045,752594578564.1958,1,30.087295406382395,11.631101011585065,3901.078627450161,177966848510955230000,1239986.102631348
20,54.900000000000006,43469.49850520305,746398162419.0457,1,30.224933619977598,11.601839973963655,3891.388730417214,175048366333454500000,1230211.5283130796
20,55,43476.1603512289,740127226270.4352,1,30.36288906088331,11.572736834567715,3881.755006665402,172119350976579830000,1220527.1695891104
20,55.1,43483.019984361716,733782402752.4788,1,30.50116172694013,11.543791139318367,3872.1772369759196,169180975155609370000,1210932.3739086837
20,55.2,43490.075164579786,727364360542.3116,1,30.63975161612073,11.515002420950896,3862.655198749259,166234428322111060000,1201426.4846629614
20,55.300000000000004,43497.32366855629,720873805873.2388,1,30.77865873072382,11.486370199446172,3853.18866613774,163280916321860260000,1192008.8415603947
20,55.400000000000006,43504.76328964811,714311484118.8815,1,30.917883070255264,11.457893982454557,3843.77741017546,160321661025282000000,1182678.780990603
20,55.5,43512.39183789957,707678181446.3153,1,31.057424637098066,11.429573265711168,3834.4211989056907,157357899926592230000,1173435.6363751271
20,55.6,43520.20714001823,700974726536.5048,1,31.19728342848578,11.401407533444942,3825.1197975057426,154390885708007240000,1164278.7385089693
20,55.7,43528.20703936461,694201992367.0687,1,31.337459441493085,11.37339625877911,3815.8729684093,151421885764011070000,1155207.4158895195
20,55.800000000000004,43536.3893959336,687360898053.0397,1,31.477952677069933,11.345538904124506,3806.6804714262703,148452181681124380000,1146220.995035057
20,55.900000000000006,43544.75208631717,680452410740.2688,1,31.618763139388616,11.31783492156625,3797.542063860161,145483068668351990000,1137318.8007938438
20,56,43553.293003681116,673477547543.2839,1,31.759890824061316,11.290283753241999,3788.457500622969,142515854932509100000,1128500.1566413364
20,56.1,43562.01005774457,666437377521.3057,1,31.901335730603304,11.262884831712492,3779.4265343476486,139551860993759350000,1119764.3849667734
20,56.2,43570.90117472503,659333023681.347,1,32.04309785925056,11.235637580326634,3770.4489154981884,136592418935015960000,1111110.8073522553
20,56.300000000000004,43579.96429731697,652165664999.6411,1,32.18517721331388,11.208541413577178,3761.524392477269,133638871580292170000,1102538.74483916
20,56.400000000000006,43589.19738463126,644936538449.2637,1,32.327573787811176,11.181595737451277,3752.6527117315763,130692571596148420000,1094047.5181878419
20,56.5,43598.59841216821,637646941021.03,1,32.470287580691824,11.154799949771862,3743.833617854764,127754880510644040000,1085636.4481251773
20,56.6,43608.165371760726,630298231725.6577,1,32.61331860139665,11.128153440533469,3735.066853688111,124827167645192670000,1077304.855585066
20,56.7,43617.896271513775,622891833561.6694,1,32.75666684195081,11.10165559223115,3726.352160418908,121910808953966360000,1069052.0619401436
20,56.800000000000004,43627.7891357718,615429235434.9994,1,32.9003323027238,11.075305780180697,3717.689277676549,119007185766852250000,1060877.3892224175
20,56.900000000000006,43637.84200504422,607911994013.4104,1,33.04431498245067,11.04910337283428,3709.0779436264356,116117683431623540000,1052780.1603384665
20,57,43648.05293595232,600341735500.9375,1,33.18861488826171,11.023047732087944,3700.5178950616573,113243689852667410000,1044759.699274527
20,57.1,43658.420001161285,592720157314.4136,1,33.33323201447112,10.997138213583087,3692.0088674925005,110386593923266100000,1036815.3312944429
20,57.2,43668.941289332695,585049029646.5599,1,33.478166359966025,10.971374167000054,3683.5505952338067,107547783850289430000,1028946.383128082
20,57.300000000000004,43679.614905042574,577330196897.734,1,33.623417927467564,10.945754936347049,3675.142811490249,104728645370192630000,1021152.183154481
20,57.400000000000006,43690.438968720846,569565578960.4681,1,33.76898671653295,10.920279860241179,3666.7852484394853,101930559856951640000,1013432.0615757596
20,57.5,43701.411616569385,561757172339.371,1,33.914872726789184,10.894948272184267,3658.4776373132904,99154902322962040000,1005785.3505851802
20,57.6,43712.53100050893,553907051092.0541,1,34.061075959373426,10.869759500830604,3650.2197084766285,96403039316021640000,998211.3845259083
20,57.7,43723.795288085006,546017367574.1888,1,34.207596412523365,10.844712870250715,3642.0111915047764,93676326715537880000,990709.5000456763
20,57.800000000000004,43735.20266240556,538090352975.1211,1,34.354434085048375,10.819807700187084,3633.8518152584397,90976107433231800000,983279.0362423669
20,57.900000000000006,43746.7513220571,530128317630.27905,1,34.501588981965924,10.79504330630497,3625.7413079569706,88303709024413350000,975919.3348044596
20,58,43758.43948102277,522133651098.44885,1,34.649061096964786,10.770419000437071,3617.679397249671,85660441217376390000,968629.7401448875
20,58.1,43770.265368606895,514108821992.0445,1,34.79685043202909,10.745934090821828,3609.665810285218,83047593369257690000,961409.5995281631
20,58.2,43782.22722935211,506056377550.4428,1,34.944956989798754,10.72158788233633,3601.700273779258,80466431858084270000,954258.2631919247
20,58.300000000000004,43794.32332294714,497978942949.42706,1,35.0933807671087,10.697379676723937,3593.7825140802006,77918197422318290000,947175.0844632221
20,58.400000000000006,43806.551924149506,489879220337.4785,1,35.24212176799897,10.673308772815394,3585.912257233214,75404102459007070000,940159.4198679915
20,58.5,43818.911322698,481759987595.3009,1,35.39117999237727,10.649374466744927,3578.0892290424854,72925328293917970000,933210.629235718
20,58.6,43831.39982321765,473624096813.5647,1,35.54055543611362,10.625576052161241,3570.3131551317606,70483022436916720000,926328.0757991269
20,58.7,43844.01574514527,465474472486.946,1,35.690248103509724,10.601912820432009,3562.583761003198,68078295837057884000,919511.126287305
20,58.800000000000004,43856.75742262136,457314109422.848,1,35.84025799500294,10.578384060844861,3554.9007720945706,65712220152076220000,912759.151015949
20,58.900000000000006,43869.62320441101,449146070365.83453,1,35.99058510441105,10.554989060801573,3547.2639138348295,63385825047781190000,906071.5239707684
20,59,43882.611453817226,440973483339.45404,1,36.141229439758774,10.531727106007564,3539.6729116980837,61100095542936620000,899447.6228866494
20,59.1,43895.72054856364,432799538707.64496,1,36.29219099702484,10.508597480657958,3532.1274912560148,58855969415166350000,892886.8293241272
20,59.2,43908.948880728334,424627485961.49274,1,36.4434697776228,10.485599467615973,3524.6273782287353,56654334684116690000,886388.5287381157
20,59.300000000000004,43922.29485663492,416460630234.5849,1,36.59506578192032,10.462732348588736,3517.1722985341626,54496027186974890000,879952.1105450661
20,59.400000000000006,43935.75689675938,408302328554.78156,1,36.74697900835884,10.4399954042975,3509.76197833591,52381828262186200000,873576.9681848817
20,59.5,43949.333435636945,400155985837.4612,1,36.89920946048911,10.417387914643136,3502.396144089714,50312462555839040000,867262.499178822
20,59.6,43963.02292176243,392025050627.2689,1,37.05175713433895,10.394909158867408,3495.0745225884616,48288595965046270000,861008.1051838654
20,59.7,43976.823817493394,383913010594.0804,1,37.20462203499945,10.372558415709586,3487.7968410058093,46310833731566130000,854813.1920431219
20,59.800000000000004,43990.73459895328,375823387786.21295,1,37.35780415714006,10.350334963558614,3480.5628269384483,44379718697500700000,848677.169832578
20,59.900000000000006,44004.753755940124,367759733485.74414,1,37.51130350498966,10.328240915436993,3473.3722084470273,42495729697635164000,842602.4902217119
20,60,44018.87979248073,359725622793.9252,1,37.665120079152224,10.306278126547136,3466.2246628534203,40659280132595210000,836591.3995316342
20,60.1,44033.11122802179,351724649365.58356,1,37.81925388029847,10.284440040422917,3459.119819677443,38870716825347280000,830637.2862876703
20,60.2,44047.44659664109,343760419582.6351,1,37.973704905887175,10.262725938315734,3452.0574099181376,37130319002145350000,824739.5797500937
20,60.300000000000004,44061.88444563281,335836546346.8313,1,38.12847315821643,10.241135101875507,3445.0371651989212,35438297454569103000,818897.7136070812
20,60.400000000000006,44076.42333540507,327956642316.7484,1,38.2835586347332,10.219666813275678,3438.058817801466,33794793857877058000,813111.126000746
20,60.5,44091.06183938868,320124312368.281,1,38.438961334708445,10.198320355333882,3431.1221006984165,32199880217530642000,807379.259549722
20,60.6,44105.79854392819,312343144941.6972,1,38.594681265467365,10.17709501162985,3424.2267475849967,30653558400280840000,801701.5613701129
20,60.7,44120.63204818778,304616701787.8802,1,38.750718423954304,10.155990066618926,3417.3724929095,29155759688896356000,796077.4830929979
20,60.800000000000004,44135.5609640507,296948505433.3409,1,38.90707280993096,10.13500480574239,3410.5590719027105,27706344280288050000,790506.4808798301
20,60.900000000000006,44150.58391601592,289342023465.6579,1,39.06374442345995,10.114138515534489,3403.7862206062705,26305100630366167000,784988.0154356156
20,61,44165.69954110682,281800648504.36066,1,39.22073326659968,10.093390483725432,3397.05367590001,24951744537258240000,779521.5520191173
20,61.1,44180.90648876317,274327672517.10272,1,39.37803933925171,10.072759999341992,3390.361175528289,23645917856477606000,774106.5604517829
20,61.2,44196.203420743346,266926254012.68405,1,39.535662637730084,10.05224635280431,3383.7084581253457,22387186762759530000,768742.5151239902
20,61.300000000000004,44211.58901102841,259599376672.87656,1,39.69360316858798,10.031848836019432,3377.095263239675,21175039522756526000,763428.8949991488
20,61.400000000000006,44227.06194571499,252349798258.089,1,39.851860930988785,10.011566742472375,3370.521331357499,20008883826248376000,758165.1836164886
20,61.5,44242.62092292495,245584512179.24536,1,40.010435925711285,9.991399367313251,3363.9864039252807,18950422102650733000,752950.8690910074
20,61.6,44258.2646526983,239614051804.81805,1,40.16932815187533,9.971346007442353,3357.4902233713865,18040206520366586000,747785.4441125939
20,61.7,44273.99185690284,233690011975.68332,1,40.32853761097521,9.951405961591462,3351.0325331268446,17159208075075990000,742668.4059424922
20,61.800000000000004,44289.801269126125,227813708551.04706,1,40.48806429919528,9.931578530403245,3344.6130776452696,16307096709363501000,737599.256409065
20,61.900000000000006,44305.69163458608,221986173910.0773,1,40.64790822394386,9.91186301650696,3338.231602421951,15483487602007906000,732577.5019010033
20,62,44321.66171001736,216208115121.48605,1,40.808069380718464,9.89225872459266,3331.887854012128,14687941030788560000,727602.6533602737
20,62.1,44337.710263594054,210479875290.07193,1,40.96854777104086,9.872764961480993,3325.5815800484756,13919963434000329000,722674.2262717708
20,62.2,44353.836074816994,204801401518.6028,1,41.12934339480345,9.853381036192163,3319.312529257821,13179010001593715000,717791.7406533795
20,62.300000000000004,44370.0379344197,199172223387.47278,1,41.29045625505887,9.83410626001149,3313.0804514771103,12464489092612108000,712954.7210437971
20,62.400000000000006,44386.3146442743,193591446062.92554,1,41.45188635107053,9.814939946552498,3306.8850976686363,11775768700481595000,708162.6964890681
20,62.5,44402.665017293766,188057762011.92566,1,41.61363368423862,9.795881411817835,3300.726219934557,11112185070709404000,703415.2005281516
20,62.6,44419.0878773313,182569484756.9379,1,41.77569825381052,9.776929974257941,3294.6035715307116,10473053419702710000,698711.771177437
20,62.7,44435.58205908816,177124607128.5251,1,41.9380800620457,9.758084954827114,3288.516906879768,9857680519394568000,694051.9509137953
20,62.800000000000004,44452.14640802145,171720885081.52396,1,42.1007791075045,9.739345677037278,3282.465981583694,9265378714169661000,689435.286656581
20,62.900000000000006,44468.77978024073,166355946419.4123,1,42.263795391612064,9.720711467010215,3276.4505524356064,8695480744977060000,684861.3297492147
20,63,44485.48104241863,161027421847.94406,1,42.42712891442931,9.702181653526944,3270.4703774309714,8147354591913500000,680329.6359391286
20,63.1,44502.24907170143,155733093829.1574,1,42.5907796782101,9.683755568075073,3264.525215778205,7620417433075325000,675839.7653568567
20,63.2,44519.08275559917,150471056923.6219,1,42.75474768372653,9.665432544895161,3258.614827908687,7114147772399228000,671391.2824952583
20,63.300000000000004,44535.98099191021,145239881883.07104,1,42.91903293015232,9.647211921023414,3252.7389754861756,6628094824801543000,666983.7561862924
20,63.400000000000006,44552.94268861599,140038774852.05927,1,43.083635420604345,9.62909303633397,3246.8974214156824,6161884367359032000,662616.7595784896
20,63.5,44569.966763797216,134867722761.42566,1,43.2485551483814,9.611075233578244,3241.0899298517793,5715220464466635000,658289.8701126802
20,63.6,44587.05214553978,129727616398.08003,1,43.4137921210716,9.593157858423034,3235.3162662063905,5287882738501378000,654002.6694975536
20,63.7,44604.1977718398,124620343684.83421,1,43.57934633938747,9.57534025948684,3229.5761971560573,4879719162426746000,649754.7436846293
20,63.800000000000004,44621.402590509504,119548847308.6861,1,43.74521780410588,9.557621788374473,3223.8694906487026,4490634669091633000,645545.6828425867
20,63.900000000000006,44638.665559098125,114517142849.27396,1,43.91140651300859,9.540001799709264,3218.195915909899,4120576173689787000,641375.0813303759
20,64,44655.98564479966,109530295805.32478,1,44.07791247070089,9.522479651164284,3212.5552434486654,3769514862895948300,637242.5376704021
20,64.10000000000001,44673.36182435043,104594358203.77402,1,44.24473567197597,9.50505470349248,3206.947245062814,3437426793040470000,633147.6545216832
20,64.2,44690.793083962984,99716267628.18115,1,44.41187612133207,9.487726320553527,3201.3716938438215,3124272944783317500,629090.0386509396
20,64.3,44708.278419217095,94903713366.39021,1,44.57933381820625,9.470493869341244,3195.82836418129,2829979896130051600,625069.3009051692
20,64.4,44725.81683498062,90164975843.87143,1,44.74710876553254,9.453356720008125,3190.3170317669696,2554422202061982000,621085.0561825143
20,64.5,44743.40734532382,85508746510.47804,1,44.91520096121516,9.43631424588876,3184.837473598368,2297407418327314000,617136.9234030566
20,64.60000000000001,44761.04897343833,80943935861.58394,1,45.08361040755893,9.419365823521709,3179.3894679819723,2058664496545469400,613224.5254790958
20,64.7,44778.740751538426,76479477320.50142,1,45.25233710460266,9.402510832670817,3173.972794536079,1837836029566368500,609347.4892858819
20,64.8,44796.48172078375,72124134337.0505,1,45.42138105620329,9.385748656344248,3168.587234193239,1634474563108845600,605505.445631142
20,64.9,44814.27093119081,67886317338.4278,1,45.59074226092521,9.369078680812775,3163.2325692023496,1448042934161799000,601698.0292248417
20,65,44832.107441560365,63773916193.07434,1,45.76042071812467,9.352500295626124,3157.908583130385,1277918367712842800,597924.878648059
20,65.10000000000001,44849.990319379605,59794152702.819664,1,45.93041643237005,9.336012893629281,3152.6150608637913,1123399875339645300,594185.636322711
20,65.2,44867.91864074208,55953456413.56963,1,46.10072939848885,9.319615870976822,3147.3517886095474,983718361322327400,590479.9484803437
20,65.3,44885.8914902797,52257365804.41151,1,46.27135962411323,9.30330862714555,3142.118553895888,858048757711929600,586807.4651302827
20,65.4,44903.90796105657,48710455749.92913,1,46.44230710562304,9.287090564947839,3136.915145572748,745523478170164400,583167.8400292138
20,65.5,44921.967154514976,45316291096.06226,1,46.61357184452056,9.270961090541476,3131.7413538118662,645246495867458700,579560.730648505
20,65.60000000000001,44940.06818037853,42077405284.65833,1,46.785153842518476,9.254919613440482,3126.5969701066274,556307405270847500,575985.7981431882
20,65.7,44958.21015657019,38995302225.71323,1,46.95705310034219,9.238965546524232,3121.4817872716085,477794911415722800,572442.7073202427
20,65.8,44976.3922091471,36070479057.210976,1,47.1292696175045,9.223098306044836,3116.395599441841,408809292932257540,568931.1266061434
20,65.9,44994.61347221024,33302467046.72458,1,47.30180340072704,9.207317311634757,3111.338202071831,348473496821959200,565450.7280153917
20,66,45012.87308782898,30689885820.4536,1,47.4746544441525,9.19162154670323,3106.3093919342996,295942599519631500,562006.582448453
20,66.10000000000001,45031.17020711675,28230513491.215267,1,47.64782274870147,9.176010413070687,3101.308872206325,250411629509099070,558595.1162553487
20,66.2,45049.503990593366,25921364540.074024,1,47.82130831901727,9.160483411240847,3096.3364039107646,211121595048486050,555213.7211317343
20,66.3,45067.873606950976,23758773222.5377,1,47.99511115285892,9.145039979349093,3091.391789437207,177363791195152030,551862.0854540925
20,66.4,45086.27823249623,21738480767.430367,1,48.16923125572082,9.129679558892947,3086.4748324721154,148482515898675360,548539.9009943398
20,66.5,45104.717051071115,19855723801.489754,1,48.34366862461536,9.114401594734051,3081.585337996406,123876345597411180,545246.8628882396
20,66.60000000000001,45123.18925398216,18105321956.287304,1,48.51842325975814,9.099205535099,3076.7231122828107,102998154452591540,541982.6696035536
20,66.7,45141.69403993618,16481762933.557333,1,48.69349516490852,9.084090831579179,3071.887962893048,85354075993851400,538747.022908031
20,66.8,45160.23061494902,14979283625.650654,1,48.868884336691806,9.069056939131167,3067.0796986748155,70501608724435730,535539.6278384855
20,66.9,45178.798192295246,13591946196.308031,1,49.044590783257085,9.054103316074581,3062.298129758578,58047060548594460,532360.1926684394
20,67,45197.395992420614,12313708316.959469,1,49.22061449958061,9.039229424091003,3057.543067554205,47642513184597550,529208.4288772455
20,67.10000000000001,45216.02324288152,11138487015.873236,1,49.3969554872902,9.024434728221026,3052.81432474742,38982469232288770,526084.0511183301
20,67.2,45234.67917827796,10060215830.638926,1,49.573613751760874,9.00971869686104,3048.111715296093,31800323290968056,522986.7771878009
20,67.3,45253.363040172495,9072895154.55746,0,1.2429758300010287,8.995080801760034,3043.4350544263816,25864776108805140,519916.3279936838
20,67.4,45272.07407703344,8170635835.887659,0,1.353288905384671,8.980520518014771,3038.7841586287154,20976288518568330,516872.42752442835
20,67.5,45290.81154416222,7347696225.300956,0,1.388051798300005,8.966037324065134,3034.1588456536388,16963650844813206,513854.8028181266
20,67.60000000000001,45309.57470362354,6598512974.24022,0,0.3378694881147608,8.951630701688812,3029.5589345075105,13680724235516310,510863.18393177475
20,67.7,45328.362824188545,5917725966.902707,0,1.0603833426195028,8.937300135994908,3024.98424544807,11003393380194912,507897.3039102504
20,67.8,45347.175181255676,5300197824.95477,0,1.0175064268754073,8.923045115418097,3020.4345999798866,8826755523464496,504956.8987562352
20,67.9,45366.01105679665,4741028459.560917,0,1.2241959357024677,8.908865131711108,3015.9098208496625,7062558587992381,502041.7073994218
20,68,45384.869739289396,4235565162.93488,0,1.180947884765245,8.894759679937462,3011.409732041442,5636891482545502,499151.47166636965
20,68.10000000000001,45403.750523648225,3779408735.021299,0,1.0726574767757455,8.880728258463794,3006.9341587716967,4488122104515767,496285.93625063094
20,68.2,45422.65271116514,3368416132.219732,0,0.9369639134488297,8.866770368951313,3002.4829274842978,3565072910635388.5,493444.84868267836
20,68.3,45441.57560944278,2998700107.3657665,0,0.6830378147887788,8.852885516347227,2998.0558658453933,2825419962958953,490627.95930032706
20,68.4,45460.518532341346,2666626285.67013,0,0.423292193347509,8.839073208875169,2993.6528027381796,2234298790577981,487835.0212188584
20,68.5,45479.48079990689,2368808091.8792205,0,0.5123604483327701,8.82533295802605,2989.273568257582,1763098982518862,485065.79030201037
20,68.60000000000001,45498.461738318205,2102099911.3647594,0,0.5783324451537554,8.811664278547795,2984.9179937048502,1388428905883251.3,482320.0251325158
20,68.7,45517.460679817945,1863588833.6249108,0,0.5127448428978678,8.798066688435371,2980.5859115820585,1091232113043505.1,479597.4869834074
20,68.8,45536.47696266044,1650585291.8281624,0,0.8262613357167181,8.784539708919791,2976.277155586528,856037678581598.4,476897.9397889587
20,68.9,45555.50993104372,1460612877.604225,0,0.36422366405835493,8.771082864457465,2971.9915606051695,670327736122461.1,474221.15011637664
20,69,45574.55893505644,1291397576.8413405,0,0.17777081474294879,8.757695682718648,2967.728962708759,524006740189393,471566.8871372299
20,69.10000000000001,45593.623330624774,1140856640.4501984,0,0.3288031120052144,8.744377694575542,2963.489199146125,408958357705512.8,468934.9225990857
20,69.2,45612.702479445376,1007087274.2011147,0,0.46487774713792174,8.731128434090799,2959.2721083382958,318677319290185.2,466325.0307978525
20,69.3,45631.79574892949,888355304.0312469,0,0.5992820777698025,8.717947438505211,2955.0775298725634,247964973378763.2,463736.98854996933
20,69.4,45650.90251214802,783083947.9052383,0,0.5981224101673537,8.70483424822514,2950.905304496492,192678644428620.7,461170.57516479096
20,69.5,45670.02214778215,689842802.3311993,0,0.4961231200042438,8.691788406809476,2946.7552741118725,149526171458265.66,458625.57241705566
20,69.60000000000001,45689.15404005442,607337131.0387514,0,0.4308545324865193,8.678809460957188,2942.6272817686277,115898177331530.52,456101.76452018594
20,69.7,45708.29757868126,534397525.0190745,0,0.34863521215004545,8.665896960493747,2938.521171658659,89731683353875.5,453598.93809914734
20,69.8,45727.45215882268,469969987.0366177,0,0.2954034393135609,8.653050458357441,2934.4367891096476,69399635141288.32,451116.8821636528
20,69.9,45746.61718102172,413106479.6932161,0,0.12050854737014392,8.640269510585993,2930.3739805788214,53621746238354.95,448655.3880819061
20,70,45765.79205115046,362955964.01067734,0,0.25623997397957715,8.62755367630263,2926.3325936466717,41392800753123.23,446214.249554397
20,70.10000000000001,45784.9761803681,318755945.1880512,0,0.3271483069963087,8.61490251770152,2922.312477010631,31925192616742.957,443793.2625875505
20,70.2,45804.1689850511,279824533.43710834,0,0.5352863691439093,8.60231560003421,2918.313480478726,24603025432763.29,441392.22546849586
20,70.3,45823.36988675408,245553020.5373823,0,0.4494596667287287,8.589792491594588,2914.3354549631817,18945562336554.258,439010.938739112
20,70.4,45842.57831215672,215398966.73341593,0,0.1881564219170969,8.57733276370431,2910.3782524740113,14578208934922.025,436649.205170762
20,70.5,45861.79369301256,188879787.7260357,0,0.1554345466180173,8.564935990697988,2906.4417261125645,11209543093445.268,434306.82973921165
20,70.60000000000001,45881.01546609122,165566827.61515823,0,0.10940478254810707,8.552601749908533,2902.5257300650646,8613181399204.557,431983.61959997937
20,70.7,45900.243073143065,145079900.58711624,0,0.15883962259215662,8.540329621651424,2898.6301195961064,6613501213347.33,429679.3840632664
20,70.8,45919.4759608442,127082281.8064642,0,0.1713716601841655,8.528119189209692,2894.75475104215,5074426275604.294,427393.93456971704
20,70.9,45938.7135807313,111276126.23934317,0,0.1813956698012602,8.515970038819217,2890.899481804986,3890639000918.771,425127.0846667243
20,71,45957.955389183946,97398292.91138975,0,0.25197028942600924,8.50388175965193,2887.0641703451824,2980709344957.0313,422878.6499835657
20,71.10000000000001,45977.20084735006,85216551.31040145,0,0.21568653704051252,8.491853943801303,2883.248676175526,2281733127688.246,420648.44820847595
20,71.2,45996.44942111522,74526146.20394768,0,0.13275525934304247,8.47988618626592,2879.4528598544425,1745156050229.4104,418436.2990646557
20,71.3,46015.70058104955,65146690.63939323,0,0.23369738570168785,8.467981631625351,2875.6765829794153,1333526520192.596,416246.73844899994
20,71.4,46034.953803326,56919385.87380207,0,0.3076732308975741,8.456136878422965,2871.9196245522803,1017975557300.5973,414075.8516110193
20,71.5,46054.20856989175,49704518.00555102,0,0.4582317590237798,8.44435067473276,2868.1818304852873,776262617534.8969,411922.38583703036
20,71.60000000000001,46073.46436742414,43379219.077049494,0,0.3853400101188636,8.432622630811686,2864.4630667549036,591262585127.4799,409786.1703233163
20,71.7,46092.720687067136,37835471.16705037,0,0.18045923298048724,8.420952359703627,2860.7632003367044,449795630476.55035,407667.0361637483
20,71.8,46111.977024384774,32978331.64117502,0,0.08381004853647085,8.40933947722353,2857.0820991988644,341723071394.94025,405564.81632806046
20,71.9,46131.23287932202,28724359.210551698,0,0.11613167252567784,8.39778360194119,2853.419632295653,259249326720.19934,403479.34564015246
20,72,46150.48775615636,25000221.49602054,0,0.16389132406144338,8.386284355165378,2849.775669560932,196383344410.68326,401410.4607568778
20,72.10000000000001,46169.74116345681,21741465.928348955,0,0.14252022612741136,8.37484136092762,2846.150081901649,148523298384.05484,399358.000146857
20,72.2,46188.99261404481,18891437.00760065,0,0.21614136228542324,8.363454245965896,2842.542741191346,112136482212.08595,397321.8040694815
20,72.3,46208.241624952294,16400324.172939595,0,0.2738923946054701,8.352122639708414,2838.953520263665,84512666379.63287,395301.7145542118
20,72.4,46227.48771737609,14224325.774603546,0,0.16290628221982148,8.340846174257525,2835.3822929058656,63574114444.35044,393297.57538022107
20,72.5,46246.73041664343,12324915.87586615,0,0.11038494393955872,8.329624484373182,2831.8289338523527,47729278154.90931,391309.23205594224
20,72.60000000000001,46265.96925216168,10668201.822481766,0,0.13183307324081286,8.318457207457024,2828.2933187782146,35760154394.86593,389336.5317992947
20,72.7,46285.20375738572,9224361.686216846,0,0.2475642461925845,8.3073439835357,2824.7753242927542,26735578482.437897,387379.3235176291
20,72.8,46304.43346978538,7967151.805243788,0,0.36330016543435845,8.29628445524428,2821.2748279330594,19944498631.744522,385437.45778792875
20,72.9,46323.65793079045,6873475.695386531,0,0.28890610243988996,8.285278267810487,2817.7917081575683,14844642450.79682,383510.78683780576
20,73,46342.876685754396,5923006.587635938,0,0.16712600003106015,8.274325069038248,2814.325844339659,11023039667.341536,381599.1645262263
20,73.10000000000001,46362.08928393852,5097856.752502199,0,0.1062465300736468,8.263424509290381,2810.8771167612354,8165676953.320149,379702.44632393226
20,73.2,46381.29527843837,4382287.598590144,0,0.11861860162257461,8.252576241473676,2807.4454066063645,6034185967.609308,377820.48929557437
20,73.3,46400.49422617443,3762455.2829127354,0,0.1530476397030104,8.24177992102135,2804.030595954887,4447947299.245689,375953.15208039264
20,73.4,46419.68568784464,3226187.2430932643,0,0.19583527198169803,8.2310352058771,2800.632567776081,3270363884.391809,374100.29487411055
20,73.5,46438.869227883406,2762785.66201495,0,0.21578989785205296,8.220341756478923,2797.2512059223263,2398343176.1403203,372261.77941085905
20,73.60000000000001,46458.04441443179,2362854.4055149714,0,0.2718187278586611,8.209699235742473,2793.886395122794,1754247487.0577574,370437.46894503693
20,73.7,46477.210819301195,2018146.4409693065,0,0.1985252041189642,8.199107309044768,2790.538020977156,1279741611.978381,368627.22823354363
20,73.8,46496.3680179324,1721429.1510056918,0,0.10803587807843548,8.188565644208067,2787.2059699493125,931097681.3556112,366830.9235183329
20,73.9,46515.51558936946,1466365.3108093094,0,0.0849408423881809,8.178073911483228,2783.8901293611457,675618130.0300727,365048.42250881117
20,74,46534.65311621316,1247407.8025072163,0,0.14254923375449804,8.167631783533892,2780.590387386294,488915551.2611798,363279.5943649385
20,74.10000000000001,46553.78018459678,1059706.4029829446,0,0.2467743383097885,8.157238935419846,2777.3066330439497,352848321.48758006,361524.3096799862
20,74.2,46572.89638414513,899025.2061791439,0,0.21575793773454766,8.14689504458107,2774.0387561926777,253957285.04734585,359782.4404639067
20,74.3,46592.00130794477,761669.4333704691,0,0.1409702895453847,8.136599790821418,2770.7866475242645,182284605.7917652,358053.86012662615
20,74.4,46611.09455250949,644420.5484994338,0,0.1543013728623496,8.126352856292518,2767.5501985575906,130483530.63508612,356338.4434616594
20,74.5,46630.17571774684,544478.7346842472,0,0.19258812230652175,8.11615392547768,2764.329301632522,93149125.90623902,354636.06662988395
20,74.60000000000001,46649.24440692086,459411.90752245305,0,0.23312138304359223,8.106002685176005,2761.1238499038336,66316475.05575161,352946.6071436029
20,74.7,46668.300226631574,387110.54045400437,0,0.25998720162246736,8.095898824485905,2757.93373733516,47085472.434361026,351269.9438504064
20,74.8,46687.342786770314,325747.665027726,0,0.2799623266682768,8.085842034789641,2754.7588586929746,33341072.172797136,349605.9569177957
20,74.9,46706.37170049548,273743.4820675803,0,0.3079386170300876,8.07583200973708,2751.599109540591,23545315.457498793,347954.5278175036
20,75,46725.3865841981,229734.08303066358,0,0.23555181521787177,8.06586844522994,2748.4543862321925,16583179.495022178,346315.5393102581
20,75.10000000000001,46744.38705747295,192543.8366632625,0,0.1724407112175659,8.055951039405889,2745.324585906897,11648665.697328554,344688.875430588
20,75.2,46763.37274308223,161161.04275686643,0,0.10124035670455016,8.04607949262296,2742.2096064828434,8160881.587481606,343074.4214719923
20,75.3,46782.34326693788,134716.4975059183,0,0.13814548780750308,8.03625350744337,2739.109346651312,5702410.859592638,341472.0639718597
20,75.4,46801.298258051276,112464.6512005745,0,0.19332195848242498,8.026472788618616,2736.023705870876,3974193.6056175483,339881.6906973187
20,75.5,46820.237348526716,93767.07195454437,0,0.26927881924462793,8.016737043072972,2732.952584361571,2762597.7140430864,338303.190630256
20,75.60000000000001,46839.160173512064,78077.95831433877,0,0.1953874570709211,8.007045979888707,2729.8958830991155,1915463.300650186,336736.4539535068
20,75.7,46858.06637118291,64931.469366962716,0,0.15806809763713695,7.997399310290085,2726.8535038091386,1324730.088821981,335181.37203643617
20,75.8,46876.95558270719,53930.66499316307,0,0.09929382377168325,7.987796747628191,2723.825348961459,913878.5621418433,333637.8374211546
20,75.9,46895.8274522163,44737.86952762953,0,0.16525643583972305,7.978238007365581,2720.8113217643827,628879.6421704113,332105.7438087453
20,76,46914.68162678648,37066.29207980002,0,0.16476492449200858,7.968722807060611,2717.8113261590356,431693.2183355355,330584.9860454368
20,76.10000000000001,46933.51775639318,30672.753445068287,0,0.23032800587255675,7.9592508663528925,2714.825266813732,295612.27671956853,329075.46010955435
20,76.2,46952.335493901744,25351.386016905468,0,0.25760105447211584,7.94982190694741,2711.853049118364,201939.0715857288,327577.0630978105
20,76.3,46971.13449502736,20928.187168292934,0,0.1696073502642788,7.940435652599919,2708.8945791788374,137619.5585338957,326089.69321245723
20,76.4,46989.91441831179,17256.31965382346,0,0.17658414650979704,7.9310918291017725,2705.949763811528,93564.97220050787,324613.2497482287
20,76.5,47008.674925098196,14212.057080195207,0,0.13367107517148435,7.922003873287455,2703.018510537773,63464.4944839752,323158.50338402716
20,76.60000000000001,47027.41568171326,11691.312941542978,0,0.05753193023014783,7.913204407588967,2700.1005357887248,42948.055908944545,321726.8764347768
20,76.7,47046.13636194728,9606.666057407503,0,0.15729683089681798,7.9044437614874425,2697.195529122929,28997.61819840598,320305.50119215983
20,76.80000000000001,47064.83664476033,7884.800294103189,0,0.27492636575855867,7.895721684597636,2694.303405198457,19534.32167072832,318894.2864540918
20,76.9,47083.51621168479,6464.320307766006,0,0.1522748644260478,7.887037928366777,2691.4240793032905,13129.937965512943,317493.1419724361
20,77,47102.174746786244,5293.888804599447,0,0.09527241109276469,7.878392246061012,2688.5574673505143,8805.754406803277,316101.97844235646
20,77.10000000000001,47120.811936643906,4330.641141062961,0,0.06483265616288433,7.869784392751589,2685.7034858735065,5892.7950088905445,314720.7074913957
20,77.2,47139.42747033946,3538.8382735442087,0,0.1287673636928654,7.861214125301068,2682.8620520211803,3934.942315802218,313349.2416685246
20,77.30000000000001,47158.02103941608,2888.7244593225873,0,0.14149290082535868,7.852681202350004,2680.033083553252,2621.978802511249,311987.49443391536
20,77.4,47176.59233787004,2355.560132179348,0,0.19665623457281214,7.844185384303272,2677.216498835532,1743.4332704137703,310635.3801482027
20,77.5,47195.14106212556,1918.8047535079113,0,0.22240989088108998,7.835726433316692,2674.4122168352515,1156.8538874155397,309292.81406219903
20,77.60000000000001,47213.666911005974,1561.427259534337,0,0.15228837051664404,7.82730411328381,2671.6201571164183,766.0558845640053,307959.71230681404
20,77.7,47232.16958571691,1269.3255512137496,0,0.17146391721027004,7.818918189822586,2668.840239835202,506.2476073979064,306635.99188285955
20,77.80000000000001,47250.64878982399,1030.838293298986,0,0.1375807642083345,7.810568430262248,2666.072385735348,333.88585863815086,305321.5706510941
20,77.9,47269.10422923323,836.3351028895077,0,0.04081641350890261,7.80225460363018,2663.3165161436195,219.77464636734874,304016.36732232553
20,78,47287.53561216686,677.8730815755537,0,0.13191573562668613,7.793976480638991,2660.5725529652814,144.38222015801125,302720.3014477396
20,78.10000000000001,47305.94264914468,548.909547933782,0,0.23332469945623902,7.785733833673549,2657.8404186795938,94.67133671031446,301433.2934092228
20,78.2,47324.325052960776,444.06202119373626,0,0.14273192606005777,7.777526436778211,2655.1200363353582,61.95897172829856,300155.2644099208
20,78.30000000000001,47342.68253865838,358.9079352111763,0,0.13350474783289,7.769354065644106,2652.411329546472,40.474646066006045,298886.136464915
20,78.4,47361.01482352428,289.8178916391849,0,0.1223217199635713,7.76121649759631,2649.7142224875315,26.39169748033466,297625.8323916724
20,78.5,47379.32162705343,233.81710512418042,0,0.19329262803740446,7.753113511581436,2647.028639889449,17.177877343687932,296374.2758011585
20,78.60000000000001,47397.60267094523,188.47011866364835,0,0.19980222818314314,7.745044888154933,2644.3545070351115,11.160970157652999,295131.3910884761
20,78.7,47415.857679056935,151.78546134885832,0,0.20129094187582064,7.737010409469035,2641.691749755068,7.238978535919173,293897.1034244189
20,78.80000000000001,47434.086377414875,122.13650400566218,0,0.2151268125825828,7.729009859260007,2639.0402944232364,4.6871398139624985,292671.33874604537
20,78.9,47452.28849417344,98.19621348421722,0,0.19304504330239478,7.7210430228361835,2636.4000679526534,3.029747401978792,291454.0237483505
20,79,47470.46375960577,78.88321148978208,0,0.1506486849192305,7.713109687065665,2633.770997791243,1.9551771159610634,290245.08587544365
20,79.10000000000001,47488.61190608516,63.3170956385776,0,0.10872731569381014,7.705209640364227,2631.1530119176214,1.2596761593103816,289044.45331201743
20,79.2,47506.732668057084,50.782063858145015,0,0.08497573643071357,7.697342672683449,2628.5460388369306,0.8102846905415709,287852.0549750876
20,79.30000000000001,47524.82578203548,40.69674479299289,0,0.059204820618006436,7.68950857549857,2625.950007576697,0.5203987975587462,286667.82050539093
20,79.4,47542.89098657016,32.589246578127394,0,0.17644563132465182,7.681707141796859,2623.3648476827266,0.33370720185159414,285491.6802594216
20,79.5,47560.92802224029,26.07722484131941,0,0.0524570997872792,7.673938166065684,2620.7904892150223,0.21366809699496686,284323.5653010901
20,79.60000000000001,47578.93663162086,20.851056311939573,0,0.12491793614419076,7.666201444281046,2618.226862743735,0.13660703374664954,283163.4073939748
20,79.7,47596.91655928455,16.660184667553814,0,0.18274002308816978,7.658496773895719,2615.673899345142,0.08721206320789984,282011.1389930278
20,79.80000000000001,47614.86755176913,13.302200712976836,0,0.2427442689625681,7.650823953827929,2613.1315305976545,0.055598609720657194,280866.6932370107
20,79.9,47632.78935757093,10.61368642863849,0,0.2621078643173664,7.643182784449772,2610.5996885778513,0.03539561350337142,279730.0039405496
20,80,47650.68172711041,8.462795214526668,0,0.27363518841905576,7.635573067576096,2608.078305856553,0.022503216709733802,278601.00558679475
20,80.10000000000001,47668.54441274144,6.743318338764024,0,0.27334571350796294,7.627994606452866,2605.567315494906,0.014287763852956404,277479.63331938616
20,80.2,47686.37716870941,5.369664957452502,0,0.2625923064776152,7.620447205746307,2603.0666510405113,0.009059647831784569,276365.8229354317
20,80.30000000000001,47704.17975114565,4.273179361459926,0,0.23041559606860987,7.612930671531636,2600.576246523576,0.00573745355973352,275259.5108779284
20,80.4,47721.95191805158,3.398496516347471,0,0.19256873128136096,7.605444811282019,2598.09603645309,0.00362903032341111,274160.6342284595
20,80.5,47739.693429281004,2.701202349829687,0,0.14008773661598464,7.5979894338576335,2595.6259558130346,0.0022926152484482047,273069.13070001296
20,80.60000000000001,47757.40404652152,2.1457508752772716,0,0.04792001150152715,7.5905643494948185,2593.1659400586195,0.0014466901870112863,271984.93862991064
20,80.7,47775.08353328332,1.703456077514366,0,0.07942249745290969,7.583169369795216,2590.7159251125454,0.0009117563969336727,270907.99697268417
20,80.80000000000001,47792.73165487405,1.3516657003540757,0,0.1900291205564416,7.57580430771517,2588.275847361299,0.0005740576722236572,269838.2452933007
20,80.9,47810.34817840066,1.0719141268358527,0,0.16589015479287858,7.568468977554863,2585.8456436514703,0.0003610247101984195,268775.62375998596
20,81,47827.9328727331,0.8496221905190124,0,0.1494786923456103,7.5611631949480085,2583.4252512860994,0.00022681336017998612,267720.0731378054
20,81.10000000000001,47845.48550849594,0.6731008393787175,0,0.20392304537370437,7.55388677685129,2581.014608021056,0.00014235646767005611,266671.534781846
20,81.2,47863.00585806463,0.5329854683302439,0,0.20286114820322407,7.546639541533785,2578.6136520614355,0.000089258107718954,265629.9506303947
20,81.30000000000001,47880.4936955357,0.42182327098443184,0,0.1705220359722702,7.539421308566838,2576.2223220579926,0.00005590852169784642,264595.2631986561
20,81.4,47897.948796721175,0.33366619663606734,0,0.1699951008964893,7.532231898813672,2573.840557103595,0.00003498173623732522,263567.4155721294
20,81.5,47915.370939123444,0.26387486083975026,0,0.1702607188383857,7.525071134419357,2571.468296729713,0.00002187826978960121,262546.35140040616
20,81.60000000000001,47932.7599019371,0.20857460037261336,0,0.19678660328372966,7.517938838800484,2569.105480902923,0.000013669095546652097,261532.01489057724
20,81.7,47950.115466017276,0.16474153609784106,0,0.18684508966039115,7.510834836635368,2566.752050021452,0.000008527528140443466,260524.35080130192
20,81.80000000000001,47967.43741387129,0.13013650827452922,0,0.11851220943723369,7.503758953854001,2564.4079449117335,0.000005321269304281267,259523.3044365418
20,81.9,47984.72552965395,0.10271440930520097,0,0.11367488108394094,7.496711017628074,2562.0731068250057,0.0000033149706284595927,258528.82163932727
20,82,48001.979599135,0.0810981060343207,0,0.12087235023602808,7.4897155567275755,2559.7474774339203,0.0000020665140509711046,257541.79629973022
20,82.10000000000001,48019.19940989558,0.06396300453473354,0,0.2238821420744345,7.482937587387928,2557.430982262925,0.0000012855076050493206,256568.4825046422
20,82.2,48036.38475277368,0.05042982548189521,0,0.17247033836265055,7.476185804951363,2555.123436945713,0.0000007990829594872518,255601.45142855647
20,82.30000000000001,48053.5354216462,0.039745995674816036,0,0.1721941237333153,7.469460047249017,2552.8247860581037,0.000000496367914633987,254640.65251803573
20,82.4,48070.65121191181,0.03133631441130629,0,0.18389581357722232,7.46276015325734,2550.53497456735,0.0000003085409205921726,253686.03570963556
20,82.5,48087.73192049377,0.024697311648366638,0,0.18265084575586168,7.45608596308903,2548.253947829038,0.00000019165330059760732,252737.55142427108
20,82.60000000000001,48104.77734581102,0.01943000304895804,0,0.17378491028057913,7.4494373179841045,2545.981651584036,0.00000011862129922431353,251795.15056216088
20,82.7,48121.78728778288,0.015314926626897225,0,0.15279281833150066,7.442814060300982,2543.718031955446,0.00000007369648592394764,250858.78449730435
20,82.80000000000001,48138.76154779643,0.012019884335953222,0,0.17638485554650055,7.436216033507686,2541.463035445597,0.000000045395992553940326,249928.40507260797
20,82.9,48155.69992871117,0.009476198184606165,0,0.19632180502789212,7.429643082173068,2539.2166089330476,0.000000028215334858753695,249003.96459448698
20,83,48172.60223483946,0.007417242859377473,0,0.19412098000443093,7.423095051958137,2536.978699669621,0.00000001728629567766935,248085.41582792113
20,83.10000000000001,48189.46827193815,0.00584964197598823,0,0.14452796503540363,7.416571789607444,2534.74925527746,0.000000010751659727679515,247172.7119913818
20,83.2,48206.29784718808,0.004678040170059869,0,0.12649642701127256,7.410073142940522,2532.5282237461033,0.00000000687614193117893,246265.80675202303
20,83.30000000000001,48223.090769193135,0.003601557253031213,0,0.11139387955887536,7.403598960843415,2530.3155534295875,0.000000004075656601813881,245364.65422061685
20,83.4,48239.846847959794,0.0028521446853693347,0,0.21598656464984398,7.397149093260244,2528.1111930435677,0.000000002555995263645762,244469.2089468632
20,83.5,48256.56589489337,0.0022698697295385245,0,0.187993613197071,7.390723391184886,2525.9150916624726,0.0000000016188954610143312,243579.4259144911
20,83.60000000000001,48273.24772277847,0.0017292553555501478,0,0.19945142832670348,7.384321706652647,2523.7271987166578,0.0000000009395831022127635,242695.2605366634
20,83.7,48289.8921457706,0.0013524462204336453,0,0.2259696062072404,7.377943892732088,2521.547463989612,0.0000000005747208434606712,241816.66865126893
20,83.80000000000001,48306.49897938967,0.0011704997606199283,0,0.22977951680512662,7.371589803516835,2519.3758376151595,0.0000000004304865602359303,240943.60651624858
20,83.9,48323.06804050598,0.0008517989627819481,0,0.20923829402485902,7.3652592941174975,2517.212270074698,0.00000000022797706212926196,240076.03080507668
20,84,48339.59914732352,0.0007371173756337895,0,0.19333754208430481,7.3589522206536655,2515.0567121944614,0.00000000017072229343223615,239213.89860235885
20,84.10000000000001,48356.09211937431,0.0005363635664653337,0,0.22057807096323181,7.352668440245912,2512.909115142789,0.00000000009039314122631677,238357.16739929435
20,84.2,48372.54677750915,0.0004641135789299951,0,0.245113825374969,7.346407811007914,2510.76943042743,0.00000000006768080087407366,237505.7950892688
20,84.30000000000001,48388.96294388641,0.0004015859168391424,0,0.2288374048641873,7.3401701920386015,2508.637609892864,0.000000000050672681545115547,236659.73996351572
20,84.4,48405.34044195525,0.0003474770477428608,0,0.21329718939202047,7.333955443414405,2506.5136057176474,0.00000000003793754162056694,235818.9607069185
20,84.5,48421.6790964501,0.0000000000000000000000000000000000000000000013168783065630941,0,0.13702684669379725,7.327763426181512,2504.39737041177,0.0000000000000000000000000000000000000000000000000000000000000000000000000000000000000000000005448892322997652,234983.41639369685
20,84.60000000000001,48437.97873338126,0.0000000000000000000000000000000000000000000003887382221378358,0,0.08794489082145639,7.321594002348243,2502.288856814048,0.000000000000000000000000000000000000000000000000000000000000000000000000000000000000000000000047482264964008734,234153.06648320062
20,84.7,48454.239180025645,0.000000000000000000000000000000000000000000000114392809984192,0,0.17967528815106967,7.315447034877438,2500.1880180895214,0.000000000000000000000000000000000000000000000000000000000000000000000000000000000000000000000004111633496452576,233327.87081575513
20,84.80000000000001,48470.46026490908,0.000000000000000000000000000000000000000000000033560135192105045,0,0.2335635151808036,7.309322387678945,2498.0948077268886,0.00000000000000000000000000000000000000000000000000000000000000000000000000000000000000000000000035388678248148885,232507.78960867994
20,84.9,48486.641817804426,0.000000000000000000000000000000000000000000000009817168057885673,0,0.17729349381763776,7.30321992560214,2496.009179535948,0.00000000000000000000000000000000000000000000000000000000000000000000000000000000000000000000000003028233713849889,231692.7834521221
20,85,48502.78366971668,0.0000000000000000000000000000000000000000000000028637866296311694,0,0.09131486489705935,7.297139514428512,2493.931087645065,0.0000000000000000000000000000000000000000000000000000000000000000000000000000000000000000000000000025769040803823804,230882.81330513107
-25,0.1,90000,2943.2142500714335,0,1.6355275703966188,30.149896538969607,7691.6920095646055,2721.8281038030254,393571.0301003751
-25,0.2,89874.48830256984,3562.7423306382752,0,1.198211036160926,30.15025450489418,7691.7833320551545,3988.281157099525,397998.6672085117
-25,0.30000000000000004,89748.97324362397,4302.402105093877,0,0.8735290532109888,30.15060679618485,7691.873206861258,5816.19466454031,402476.00760356925
-25,0.4,89623.45489081275,5184.863546586484,0,1.1411002406040438,30.15095328370951,7691.961601039374,8446.788139841157,407003.6003629497
-25,0.5,89497.93331328407,6237.036226807094,0,1.3706262220998733,30.15129383542353,7692.048480902931,12222.877862999752,411582.00026781624
-25,0.6000000000000001,89372.40858170856,7490.8476149130465,0,0.3225976777806383,30.15162831630443,7692.133812005664,17631.077875109062,416211.76784940157
-25,0.7000000000000001,89246.88076832332,8984.163701938947,0,0.7004874882325324,30.15195658828513,7692.217559124587,25361.34326667075,420893.46943452145
-25,0.8,89121.3499469608,10761.877989787294,0,0.8746716602181497,30.152278510185667,7692.299686242563,36390.92266838084,425627.6771915216
-25,0.9,88995.8161930861,12877.246820772587,0,0.9026228426720176,30.1525939376434,7692.380156530517,52103.02986726224,430415.0713401372
-25,1,88870.27958384436,15394.923990630932,0,1.1742195822560118,30.152902722898205,7692.458932292615,74468.40241310553,435259.13264956034
-25,1.1,88744.74019810557,18388.598911107085,0,1.4527768085346864,30.15320471074444,7692.535973933566,106246.39894019275,440157.5217781891
-25,1.2000000000000002,88619.19811651576,21946.91710463664,0,1.8707793002767976,30.153499746638097,7692.61124202687,151343.57393304943,445110.8358690055
-25,1.3,88493.65342150815,26174.86437691213,0,1.0292968495247439,30.153787672550926,7692.684696257142,215271.14417230987,450119.6781478987
-25,1.4000000000000001,88368.1061973488,31196.76102083779,0,0.589703273263733,30.154068326892382,7692.756295400205,305798.9226828782,455184.65796785813
-25,1.5,88242.55653017107,37159.80529072671,0,0.21022684752556067,30.154341544429915,7692.825997302751,433874.1724846877,460306.3908532924
-25,1.6,88117.00450801942,44238.267290156284,0,0.13647655132056866,30.154607156207426,7692.893758861536,614912.2650540773,465485.4985436605
-25,1.7000000000000002,87991.45022089127,52638.2722032355,0,0.3689208468363608,30.154864989462006,7692.959536002148,870603.0615776246,470722.5027453352
-25,1.8,87865.89376079198,62601.20843567455,0,0.5528352841547803,30.155114867702068,7693.023283698925,1231352.432046781,476016.6706670382
-25,1.9000000000000001,87740.33522174507,74417.99013945069,0,0.21717431412865185,30.155356612585216,7693.084956454043,1740094.4105554468,481370.08090162073
-25,2,87614.77469985653,88430.49149254186,0,0.23189714874972375,30.1555900395208,7693.144507175649,2457089.7291900995,486783.3798913498
-25,2.1,87489.21229336783,105043.37453821188,0,0.3057339783985722,30.155814959763266,7693.201887711914,3467003.4124714886,492257.2204970326
-25,2.2,87363.64810269699,124735.62430269808,0,0.2612849653960632,30.156031180319427,7693.257048827376,4888751.351106929,497792.26203888986
-25,2.3000000000000003,87238.08223050926,148074.20678372035,0,0.47321492956298133,30.15623850385375,7693.30994017877,6889310.656490582,503389.1703355364
-25,2.4000000000000004,87112.51478174422,175730.23870862878,0,0.6432301770139526,30.156436728591483,7693.360510290325,9703087.256663743,509048.61774423614
-25,2.5,86986.94586367533,208500.0847371512,0,0.8849440610068788,30.156625648219812,7693.408706528537,13659330.413287325,514771.60309731035
-25,2.6,86861.37558596302,247342.85827355733,0,0.5123870747116757,30.156805051249684,7693.454474939369,19222757.587985795,520561.2874794495
-25,2.7,86735.80406074878,293359.2538460667,0,0.24901164303566678,30.156974717228994,7693.497759282175,27040612.435097866,526415.6374201607
-25,2.8000000000000003,86610.23140268773,347869.06847210217,0,0.19109176398511188,30.15713442537623,7693.538503232271,38023191.549002804,532335.3529520193
-25,2.9000000000000004,86484.65772899985,412434.52409122046,0,0.20749486864354286,30.157283949945903,7693.576649198586,53447446.72804811,538321.1408447598
-25,3,86359.08315950632,488904.62263114884,0,0.22668964113577347,30.15742306011828,7693.612138295536,75104373.21685095,544373.7146404741
-25,3.1,86233.50781670492,579467.5014948107,0,0.4082560608443475,30.157551519886482,7693.644910314219,105505501.81797162,550493.794685929
-25,3.2,86107.93182582129,686712.1821992917,0,0.21106134945161634,30.157669087941287,7693.67490369302,148172102.2072724,556682.1081650216
-25,3.3000000000000003,85982.35531487223,812682.1944680071,0,0.16379222617314135,30.15459375659673,7693.702055487582,207519268.66567293,562883.9680201474
-25,3.4000000000000004,85856.778414133,954273.0828724048,0,0.0946759483757502,30.132063658988624,7693.726327291188,286129269.891612,568811.635543221
-25,3.5,85731.20125245024,1120347.5591815922,0,0.1758335455440411,30.109556408916383,7693.747816651523,394386902.4075666,574801.1155172508
-25,3.6,85605.62395772059,1315108.9899938167,0,0.1709910817767535,30.087071747330246,7693.7664645591485,543426023.60782,580853.0264608505
-25,3.7,85480.04666050524,1543473.5235043361,0,0.3364660615547281,30.064609411521495,7693.78221076513,748540507.0853393,586967.9921728531
-25,3.8000000000000003,85354.46949409507,1811188.0079613978,0,0.57845859007311,30.042169135045974,7693.794993755368,1030727841.0418344,593146.641745725
-25,3.9000000000000004,85228.89259455632,2124966.5451684734,0,0.2903133963280899,30.01975064764237,7693.804750724408,1418799847.1183121,599389.6095787553
-25,4,85103.3161008032,2492648.407731295,0,0.14167419012292434,29.99735367515364,7693.811417548744,1952265990.1561234,605697.5353887639
-25,4.1000000000000005,84977.7401546454,2922601.9500269727,0,0.1025761319976932,29.97498349314202,7693.814928759585,2683837880.5929046,612059.2550070771
-25,4.2,84852.16490071453,3421773.128178571,0,0.19857647100956363,29.95266001071376,7693.815223527269,3678911679.093661,618431.5981029279
-25,4.3,84726.59048586618,4005307.209560403,0,0.2648807839131637,29.930357238120397,7693.81226235329,5040673916.468609,624869.4491239316
-25,4.4,84601.01705934852,4687222.686366674,0,0.38984721123154803,29.90807489009267,7693.805977023599,6903162757.032275,631373.4481113479
-25,4.5,84475.44477349799,5483799.730816614,0,0.2766871609740666,29.885812677184706,7693.79629791011,9448875153.01854,637944.2402193467
-25,4.6000000000000005,84349.87378378771,6413927.758475563,0,0.24023563866834796,29.86357030568444,7693.783153941908,12926027247.16425,644582.4757176706
-25,4.7,84224.30424891133,7499502.556571512,0,0.18259832747138913,29.841347477528466,7693.766472575888,17671843383.38819,651288.8099909077
-25,4.800000000000001,84098.73633083608,8765879.309472708,0,0.14897731178090945,29.819143890209503,7693.746179766816,24143927188.615562,658063.9035377866
-25,4.9,83973.17019487731,10240298.773712229,0,0.05856891968103893,29.796994532598298,7693.722199936815,32948996695.091877,664894.2670507766
-25,5,83847.60600957926,11949078.346586531,0,0.18901640861466712,29.77499342091704,7693.694463773141,44862736034.51509,671741.8056969051
-25,5.1000000000000005,83722.04394611716,13937173.576925276,0,0.4022560631374451,29.75301026989028,7693.662922274898,61033230337.16308,678658.7403455656
-25,5.2,83596.48417850398,16248771.201145072,0,0.4698266178139498,29.731044764865096,7693.6274966367055,82957945080.37613,685645.7316974477
-25,5.300000000000001,83470.92688430566,18934707.561880544,0,0.2727877649365101,29.70909658641298,7693.58810644068,112650764391.1531,692703.4453152379
-25,5.4,83345.37224472221,22053399.234856732,0,0.20848669684890248,29.687165410234666,7693.544669624156,152815715137.60376,699832.5516101161
-25,5.5,83219.82044466306,25671891.159005087,0,0.20235376483708356,29.665250907061967,7693.497102446787,207077381441.78006,707033.7258265667
-25,5.6000000000000005,83094.27167281043,29867035.04421733,0,0.1545694393843845,29.643352742555468,7693.445319457018,280285842685.03375,714307.6480258016
-25,5.7,82968.72612171061,34718240.67219018,0,0.34085506430901386,29.62151144005376,7693.389233457928,378732310888.1302,721636.886582989
-25,5.800000000000001,82843.18398759793,40302026.61882486,0,0.23720312368657198,29.59980870617678,7693.3287663493875,510353044605.1069,728984.7129686236
-25,5.9,82717.64546968602,46753161.21939428,0,0.13098571464375455,29.578120964842544,7693.263861248384,686813623338.3077,736405.866185934
-25,6,82592.11077047419,54199778.56920996,0,0.16917217383893135,29.556447867779664,7693.194427348742,923021810795.9291,743901.0239695077
-25,6.1000000000000005,82466.5800965624,62787662.11116123,0,0.1120312512333305,29.534789061287757,7693.120372011846,1238698363613.511,751470.8685344567
-25,6.2,82341.05365872197,72682452.5297106,0,0.21196201306121565,29.513144186128553,7693.041600730646,1659877681695.8662,759116.0865457031
-25,6.300000000000001,82215.53167198878,84072096.67991726,0,0.2858856642364506,29.49151287741857,7692.958017092982,2220857513474.4824,766837.3690833552
-25,6.4,82090.01435574703,97169558.73823074,0,0.404865465850441,29.469894764518084,7692.869522744245,2966725742265.6025,774635.4116060439
-25,6.5,81964.50193381775,112174313.8191161,0,0.5137990944349113,29.44829774847599,7692.776017349334,3953700631852.3853,782489.0181418161
-25,6.6000000000000005,81838.9946342269,129267200.31312886,0,0.3136267013952547,29.42673415786754,7692.67741281307,5250414912121.191,790364.2693888788
-25,6.7,81713.4926884165,148838426.4882678,0,0.14569687795553785,29.405182726762174,7692.57364219587,6960606440135.724,798316.8289075246
-25,6.800000000000001,81587.99633163866,171224017.84023243,0,0.018621390780758276,29.383643067704718,7692.464601084744,9211838308702.107,806347.387403462
-25,6.9,81462.50580384675,196801636.66785923,0,0.12867482979295183,29.362114787102353,7692.350182990225,12169545270938.473,814456.6395338607
-25,7,81337.0213497933,225995136.77772287,0,0.24294062994772994,29.340597485107892,7692.230279306433,16047786066709.027,822645.2838532283
-25,7.1000000000000005,81211.54321912676,259279529.1028752,0,0.1604857482458599,29.319090755500227,7692.104779270355,21122892921239.016,830914.0227561456
-25,7.2,81086.07166648842,297186382.7376401,0,0.18894948538025114,29.29759418556279,7691.9735699204675,27750751645117.01,839263.5624166937
-25,7.300000000000001,80960.60695160087,340223337.52682674,0,0.1810633165305124,29.27615635780699,7691.83653605458,36370154014897.14,847669.3599925908
-25,7.4,80835.14933897555,388900977.81623447,0,0.15553183607922247,29.254834673697196,7691.693578010814,47522032733550.58,856101.1602071831
-25,7.5,80709.6990970783,444109269.65529764,0,0.14605506468685345,29.23352163328006,7691.544616420539,61972157372179.016,864614.3007616204
-25,7.6000000000000005,80584.25649878476,506653271.9000647,0,0.19463002055972936,29.212216805358192,7691.38953143548,80656364388730.06,873209.4805769756
-25,7.7,80458.82182237133,577426491.7175895,0,0.31259335027237983,29.190919751807307,7691.228200859992,104763584360512.66,881887.4018212792
-25,7.800000000000001,80333.39535161667,657419051.0203754,0,0.4184957742365814,29.16963002744645,7691.060500106855,135800543847368.66,890648.7698288119
-25,7.9,80207.97737589758,747726384.4891441,0,0.2399875417873218,29.148347179905127,7690.8863021523575,175671920854005.7,899494.2930158828
-25,8,80082.56819031853,849558468.4651551,0,0.09958556811048154,29.127070749493274,7690.705477490569,226779339243803.13,908424.6827902186
-25,8.1,79957.16809580754,963975202.9088272,0,0.07841340303807831,29.10585412152199,7690.517894086866,291977014553821.1,917411.2291636013
-25,8.200000000000001,79831.77739871107,1092055068.1535616,0,0.15400468142352494,29.084746552299155,7690.323439823021,374719260549943.8,926426.2250971268
-25,8.3,79706.39640988782,1235847804.1280544,0,0.26461746119025553,29.063643768562432,7690.122022579542,479895767274881.56,935526.5506410404
-25,8.4,79581.02544527594,1397085739.0960133,0,0.24062580441884543,29.04254528972526,7689.913505127374,613286010262104.3,944712.9060855486
-25,8.5,79455.66482697986,1577664320.4929686,0,0.24679118066702713,29.021450627413994,7689.697747593266,782070936304366,953985.9940500972
-25,8.6,79330.31488339137,1779653527.120339,0,0.25943672935743517,29.000359285327672,7689.474607411225,995148421016962.1,963346.5193698308
-25,8.700000000000001,79204.97594930977,2005309479.6269274,0,0.21290038060301425,28.979270759095215,7689.243939273187,1263513110477602.3,972795.1889773615
-25,8.8,79079.64836606663,2257086137.4912953,0,0.18515356771829802,28.95818453613079,7689.005595078877,1600712018729127.5,982332.7117792886
-25,8.9,78954.33248164784,2536719892.5670824,0,0.0961430805419068,28.937108694220342,7688.759423884892,2021910688536394,991926.2484687222
-25,9,78829.02865018975,2846013614.5417933,0,0.2609510148569632,28.916049158364704,7688.505299607514,2545018159558250.5,1001550.3423570377
-25,9.1,78703.73723093513,3189451857.911231,0,0.2738185859829672,28.894990561164814,7688.243115908122,3196311088105556.5,1011263.6525865686
-25,9.200000000000001,78578.45858895499,3570301426.3373146,0,0.13249998066768534,28.87393236606656,7687.972716060187,4005223039806668,1021066.8722914794
-25,9.3,78453.19309634808,3992071862.399845,0,0.20617423250533892,28.852874027819954,7687.693940370178,5007415623240958,1030960.6957654931
-25,9.4,78327.94113238435,4458523402.509661,0,0.1943396211968354,28.83181499232906,7687.406626124608,6245957719627855,1040945.8183094301
-25,9.5,78202.7030836409,4973673493.394976,0,0.2711739210936493,28.810754696498194,7687.110607536276,7772692424106734,1051022.9360736595
-25,9.600000000000001,78077.47934412584,5541801518.097947,0,0.29633010175318075,28.789692568073598,7686.80571568969,9649812469017832,1061192.7458956446
-25,9.700000000000001,77952.27031543106,6165835455.5232525,0,0.30261319691885774,28.768685750336786,7686.491778485676,11945402845351952,1071418.9395905123
-25,9.8,77827.07640610728,6848986745.702574,0,0.3369450399890067,28.747769440937585,7686.168653690654,14739053336097294,1081677.885393931
-25,9.9,77701.898030526,7598602231.986465,0,0.3292755950379636,28.726849411105174,7685.836218734525,18141966499611596,1092029.779085832
-25,10,77576.73560970277,8419895191.088446,0,0.28905316185877244,28.70592506230481,7685.494295071533,22275646125298456,1102475.2964113755
-25,10.100000000000001,77451.5895726597,9318316018.278076,0,0.25072939991538207,28.68499578632012,7685.1427008397995,27282980253415200,1113015.112812672
-25,10.200000000000001,77326.46035656705,10299537485.857546,1,0.261500409380112,28.66406096508932,7684.781250804013,33331310098799824,1123649.903232962
-25,10.3,77201.3484068904,11369435124.591682,1,0.2719644473223643,28.643119970539885,7684.40975629732,40615772207470056,1134380.3419137013
-25,10.4,77076.25417754892,12534062243.503883,1,0.28212215145615527,28.622172164422363,7684.028025162387,49362896257663750,1145207.1021837234
-25,10.5,76951.17813106906,13795177181.237345,1,0.29197421842497173,28.60122589428073,7683.6358616916505,59795913438899430,1156091.0487056056
-25,10.600000000000001,76826.12073785346,15155256352.181185,1,0.3015214058960521,28.58028565013367,7683.233105050439,72167807719040160,1167009.1726344645
-25,10.700000000000001,76701.08247491159,16626894455.80509,1,0.3107645308366734,28.559336923812687,7682.819614978828,86863878907571360,1178023.7380531512
-25,10.8,76576.0638268115,18216314060.05403,1,0.3197044650721317,28.53837904752907,7682.395188611336,104264856358768140,1189135.3908568171
-25,10.9,76451.06528719328,19929698449.361076,1,0.3283421418081484,28.517411342783827,7681.959619392227,124801094484112820,1200344.7748400143
-25,11,76326.08735894412,21773130445.629375,1,0.3366785482346305,28.49643312019692,7681.512697014065,148956235450549150,1211652.5314477417
-25,11.100000000000001,76201.13055434357,23752524996.45707,1,0.3447147272149025,28.475443679329558,7681.054207355494,177270515053849600,1223059.299521429
-25,11.200000000000001,76076.19539524242,25873555980.593533,1,0.35245179165741425,28.454442308509165,7680.583932418193,210343540997791780,1234565.7150338392
-25,11.3,75951.28241324145,28135599554.78811,1,0.3598909096046336,28.433485473625336,7680.101650263059,248730639966207600,1246129.7527894916
-25,11.4,75826.39214883279,30538794564.92706,1,0.3670333202173125,28.41260454663335,7679.607179478633,293035826178302500,1257726.6025673836
-25,11.5,75701.52514991723,33096258373.50994,1,0.37388033311062047,28.391709477912297,7679.100362696663,344171366028865800,1269423.0012904543
-25,11.600000000000001,75576.68197290413,35811804611.9816,1,0.3804333269071612,28.37079952374956,7678.5809701726075,402966878892556600,1281219.5494754652
-25,11.700000000000001,75451.86318445299,38688605483.0197,1,0.3866937614501943,28.349873928637713,7678.048768078074,470308784836956800,1293116.8433575446
-25,11.8,75327.06936166249,41729111405.31916,1,0.3926631787608569,28.328931925095226,7677.503518435726,547135901021449860,1305115.4745828924
-25,11.9,75202.30109224748,44934975681.11566,1,0.39834320392770567,28.30797273348304,7676.944979053433,634433286607598800,1317216.0298936917
-25,12,75077.55897471681,48306986760.839355,1,0.4037355545387565,28.286995561819207,7676.37290345771,733224276547156600,1329419.0908038751
-25,12.100000000000001,74952.84361857083,51836489958.88163,1,0.4088420461761152,28.266053749764122,7675.787040826428,844283129478489900,1341682.2580859219
-25,12.200000000000001,74828.15564338025,55515423170.322945,1,0.4136646023518743,28.24518125750959,7675.187184333665,968376514366747500,1353977.0037863774
-25,12.3,74703.4956770828,59355086962.31315,1,0.418205250329362,28.22428838182221,7674.573157164169,1106962299656523400,1366373.9489452871
-25,12.4,74578.86435717065,63352441792.614845,1,0.42246614107202984,28.203374295441144,7673.944699908594,1261082955843221800,1378873.6308888926
-25,12.5,74454.2623326946,67503479533.70933,1,0.4264495455341582,28.18243815819679,7673.301548662508,1431756811823661000,1391476.580050922
-25,12.600000000000001,74329.69026443642,71803256208.25594,1,0.4301578748509116,28.161479116820647,7672.6434349583305,1619963457365125000,1404183.319603148
-25,12.700000000000001,74205.14882513415,76245947870.11572,1,0.4335936798231455,28.1404963047613,7671.970085696634,1826629531022780700,1416994.3650703877
-25,12.8,74080.63869966101,80824930125.12115,1,0.436759664306257,28.119488841991643,7671.281223076825,2052615549587385600,1429910.2239400833
-25,12.9,73956.16058524698,85518524698.37921,1,0.439658701210644,28.098463098388795,7670.576564527197,2297932879564438500,1442889.5226515336
-25,13,73831.71519051585,90305363976.70612,1,0.442293833504025,28.07742440499838,7669.8558735012675,2562382937167829000,1455896.2078202644
-25,13.100000000000001,73707.30323346984,95203028179.18231,1,0.4446682946706532,28.056358815084888,7669.11895481712,2847858873189769700,1469007.12207192
-25,13.200000000000001,73582.92544275429,100203139660.7904,1,0.4467855171071258,28.035265410466707,7668.365516571612,3154856412222669300,1482222.7183090297
-25,13.3,73458.58255995996,105297223933.32956,1,0.4486491545538478,28.014143258953023,7667.595261945703,3483780484808879000,1495543.4394627651
-25,13.4,73334.27533985954,110476879610.3718,1,0.45026308496494366,27.992991414158976,7666.807889134506,3834950276851600400,1508969.7180464675
-25,13.5,73210.00455059484,115733948213.6396,1,0.4516314413934449,27.97180891531222,7666.0030912768725,4208608008020707000,1522501.9757035226
-25,13.600000000000001,73085.77097392734,121060677539.11813,1,0.45275861967727804,27.950594787067516,7665.180556384477,4604931129093010000,1536140.6227369595
-25,13.700000000000001,72961.5754054347,126438327550.11311,1,0.45364930060027386,27.92939124844192,7664.339967270509,5023130071692870000,1549845.0171658094
-25,13.8,72837.41865351796,131845596337.85143,1,0.45430847448963396,27.908250430900182,7663.481055203837,5461955992555054000,1563563.5054705555
-25,13.9,72713.30153678823,137302352359.77522,1,0.45474146431606827,27.887075177354284,7662.6036164101415,5923425011343415000,1577387.3153580956
-25,14,72589.22488539107,142803841048.47705,1,0.4549539411104349,27.865864472606543,7661.707324066055,6407619536903197000,1591316.7894601484
-25,14.100000000000001,72465.18954391778,148346198759.60645,1,0.4549519594017627,27.844617286390374,7660.791846022449,6914643335955345000,1605352.2568689885
-25,14.200000000000001,72341.19637165125,153926462905.8331,1,0.4547419820228606,27.823332573187667,7659.856844734282,7444636863933492000,1619494.0326157655
-25,14.3,72217.24624278117,159542549003.54022,1,0.4543309084749483,27.802009272041364,7658.901977190247,7997789913499411000,1633742.4171406052
-25,14.4,72093.34004665073,165193196388.13214,1,0.4537261121752426,27.78064630637195,7657.926894842138,8574350886946677000,1648097.6957468954
-25,14.5,71969.47868799604,170842274263.34995,1,0.4529354666630982,27.757872999447184,7656.931243534026,9170808550513211000,1662451.5708159455
-25,14.600000000000001,71845.66308367345,176414575614.36975,1,0.45196739050501766,27.730883142961492,7655.914816476248,9778806836961655000,1676576.3694343355
-25,14.700000000000001,71721.89415189624,182018457599.5065,1,0.4508308810837668,27.70387256678255,7654.877729686356,10409929749210466000,1690801.7519932266
-25,14.8,71598.17281548865,187654818602.4904,1,0.4495355543354156,27.67684020754937,7653.8196339558235,11064616869021272000,1705127.892062677
-25,14.9,71474.50001262594,193324782227.96094,1,0.44809169157778356,27.649784988278743,7652.740174724051,11743349820619837000,1719554.9465207534
-25,15,71350.876697083,199029580675.25104,1,0.4465102815155076,27.622705818226404,7651.638992016529,12446641906597304000,1734083.0550027527
-25,15.100000000000001,71227.30383845326,204770446051.95874,1,0.44480306714754103,27.595601592743332,7650.515720383121,13175026322087750000,1748712.3393430898
-25,15.200000000000001,71103.78242237866,210548513788.47543,1,0.44298259765879466,27.568471193134513,7649.369988836399,13929043648194578000,1763442.9030048265
-25,15.3,70980.31345079467,216349687913.097,1,0.44106227204509396,27.54111010023722,7648.201420790155,14707182617645515000,1778230.254886143
-25,15.4,70856.89794061054,222109220486.8891,1,0.4390563941739992,27.51265190349464,7647.009701517495,15500657303479618000,1792881.5177999288
-25,15.5,70733.5369156329,227906130522.79706,1,0.43698022023857236,27.48417094679135,7645.7948073009575,16320330678085958000,1807630.0056919567
-25,15.600000000000001,70610.23140802141,233740513930.05173,1,0.43485000725278644,27.455666096320574,7644.5563589936655,17166625312740622000,1822475.7221586744
-25,15.700000000000001,70486.98246652074,239612155674.31363,1,0.43268306422507713,27.427136204825747,7643.293971944239,18039921007473762000,1837418.6504457388
-25,15.8,70363.79115670267,245520530708.02573,1,0.43049779068294985,27.398580111486655,7642.007255942,18940549184085426000,1852458.7528545505
-25,15.9,70240.65856119059,251464815573.1191,1,0.42831372090651537,27.369996641803752,7640.695815162585,19868788878618665000,1867595.9701408115
-25,16,70117.58577989973,257443908342.3905,1,0.4261515523169636,27.341384607487036,7639.359248114021,20824864240463938000,1882830.2209006832
-25,16.1,69994.57393026352,263453971610.76007,1,0.4240331732070816,27.312749327268804,7637.997147583336,21808532306625810000,1898152.8858352504
-25,16.2,69871.6241471665,269441612386.92453,1,0.4219816736273856,27.2842240557466,7636.609114425053,22811102520220830000,1913386.306211098
-25,16.3,69748.73757620994,275458558922.9784,1,0.4200213461898887,27.255667068822405,7635.195035165364,23841275218346193000,1928713.5840932222
-25,16.400000000000002,69625.91537403129,281502933569.1335,1,0.4181776682415738,27.227077153880057,7633.75449563402,24899050669891470000,1944134.5344716297
-25,16.5,69503.15871527791,287572734164.16327,1,0.4164772665878658,27.198453084591772,7632.28707596513,25984379599747256000,1959648.9478129502
-25,16.6,69380.4687928604,293665861642.90967,1,0.4149478591396764,27.169793620832202,7630.792350550361,27097165587183170000,1975256.5894168243
-25,16.7,69257.84681817237,299780145203.929,1,0.41361817147984514,27.141097508588942,7629.269887992992,28237267638054980000,1990957.1987674665
-25,16.8,69135.29402133357,305913364730.3866,1,0.41251782613367677,27.112363479880432,7627.719251062851,29404502818695107000,2006750.4888728685
-25,16.900000000000002,69012.81165143382,312063270376.88684,1,0.4116772023910505,27.08359025267703,7626.139996652181,30598648870241337000,2022636.1455945554
-25,17,68890.40097676776,318173184572.9909,1,0.4111272657926777,27.054905925931795,7624.531675732532,31808565847908364000,2038430.1836867807
-25,17.1,68768.06327770837,324288413185.16736,1,0.4108993661455394,27.026195453392525,7622.894156170156,33043025244198240000,2054291.749514211
-25,17.2,68645.7998458473,330413109691.30884,1,0.4110250060147275,26.997442522386137,7621.227025692126,34302950736692280000,2070241.7695865931
-25,17.3,68523.61199135147,336545110027.03467,1,0.41153558298730614,26.968645829167876,7619.529829087392,35587993967182946000,2086279.812186714
-25,17.400000000000002,68401.50104403123,342682279790.93823,1,0.412462108846873,26.93980405623543,7617.802105310684,36897779732262310000,2102405.4160568365
-25,17.5,68279.46835358813,348822520464.6918,1,0.4138349116882334,26.910915872281663,7616.043387448344,38231907834476060000,2118618.08971274
-25,17.6,68157.51528984401,354963774353.1783,1,0.41568333175417493,26.881979932148248,7614.253202685554,39589954821671910000,2134917.3107528477
-25,17.7,68035.64324297849,361104028459.258,1,0.4180354084744316,26.852994876785555,7612.431072275008,40971475627212095000,2151302.525158929
-25,17.8,67913.85362377297,367210506569.1874,1,0.42091758771660215,26.824134385791766,7610.576511507102,42368894874915940000,2167621.4898852706
-25,17.900000000000002,67792.14785732795,373299199921.2397,1,0.4243544471054081,26.795294475154787,7608.689315284111,43785574984878470000,2183960.1122218245
-25,18,67670.52738037053,379381036121.22906,1,0.4283684386305359,26.766401624703953,7606.769115823205,45223917012889150000,2200380.115112831
-25,18.1,67548.99364772812,385454244364.66815,1,0.43297968967199935,26.737454456920982,7604.815423217663,46683413401582420000,2216880.815421072
-25,18.2,67427.54813520517,391517105876.17365,1,0.438205838718938,26.708451580886067,7602.827741750639,48163542484613270000,2233461.496081226
-25,18.3,67306.19233980309,397567954163.4235,1,0.4440619190443244,26.679391592273106,7600.805569876541,49663769645142570000,2250121.40540414
-25,18.400000000000002,67184.92777995393,403605174892.1372,1,0.45056030696100036,26.650273073353567,7598.748400204356,51183548396928090000,2266859.75637421
-25,18.5,67063.75599575881,409627205444.8949,1,0.45771072203762075,26.62109459300737,7596.655719483,52722321392193290000,2283675.725941533
-25,18.6,66942.67854919471,415595271507.5706,1,0.4655202697785271,26.59186916045526,7594.527008588773,54269789150888040000,2300462.270071435
-25,18.7,66821.6970194839,421503711239.03357,1,0.47399354941987887,26.56259757784664,7592.361956534151,55823844787910430000,2317204.526354329
-25,18.8,66700.81299766898,427392646298.812,1,0.4831327840168541,26.533263129606613,7590.160280542182,57394599510742794000,2334019.0228745034
-25,18.900000000000002,66580.02809140924,433260756745.4381,1,0.49293801293822626,26.50386437203471,7587.921457744914,58981477398547300000,2350904.7973273294
-25,19,66459.3439305257,439106765407.09924,1,0.5034072649288449,26.474399848856166,7585.6449596331495,60583895646794340000,2367860.849287573
-25,19.1,66338.76216723304,444929436271.2289,1,0.5145367928971568,26.444868091278877,7583.330252057426,62201265077671500000,2384886.139524821
-25,19.200000000000003,66218.28447633795,450727572690.66675,1,0.526321291244367,26.415267618052106,7580.976795231572,63832990564338660000,2401979.589323086
-25,19.3,66097.91255544871,456500015434.1461,1,0.5387541256494109,26.385596935535226,7578.584043738877,65478471371718860000,2419140.079798045
-25,19.400000000000002,65977.64812518843,462238022736.9258,1,0.5518275460713442,26.355898462265383,7576.15144654099,67134888578350100000,2436325.04653871
-25,19.5,65857.49292737152,467914777551.27686,1,0.5655329019444727,26.32631872279839,7573.678536230257,68793984033920150000,2453391.7475185306
-25,19.6,65737.44871613476,473562786517.56616,1,0.5798608367072214,26.29666478645412,7571.165149791627,70464775665687340000,2470519.4239697778
-25,19.700000000000003,65617.51725986972,479181046512.14526,1,0.5948014757302325,26.266935150907322,7568.610733680901,72146655325262740000,2487706.808992889
-25,19.8,65497.70035015512,484768579784.76447,1,0.6103445779324898,26.23712830247774,7566.014729043237,73839010058961270000,2504952.5937389215
-25,19.900000000000002,65377.9998019645,490324431601.87427,1,0.6264796715509551,26.207242716253607,7563.376571737902,75541222015268590000,2522255.4267738936
-25,20,65258.417453859,495847667820.4496,1,0.6431962077852923,26.17727685622207,7560.695692366194,77252668280086270000,2539613.9134491575
-25,20.1,65138.95516814478,501337372418.77435,1,0.660483629480633,26.14722917540345,7557.971516302681,78972720646918240000,2557026.615281957
-25,20.200000000000003,65019.61483108159,506792644995.5244,1,0.6783314877242208,26.117098116004318,7555.20346372977,80700745325206340000,2574492.049332459
-25,20.3,64900.398353045806,512151940954.594,1,0.6967294940646257,26.086904292935944,7552.39094967577,82416579232983300000,2591813.3209944735
-25,20.400000000000002,64781.307658419944,517463405323.10657,1,0.7156675932332017,26.05662975375969,7549.533837684036,84134907832113140000,2609143.5802790597
-25,20.5,64662.34468342736,522738183057.5764,1,0.7351360090755323,26.026268880862897,7546.6316359941575,85858913208410310000,2626519.541183273
-25,20.6,64543.511386249214,527975434245.61774,1,0.755125271254713,25.99582011944021,7543.683759996784,87587951867488730000,2643939.567147418
-25,20.700000000000003,64424.809749198146,533174321086.74207,1,0.7756262413570684,25.965281905366535,7540.6896203589295,89321372581098100000,2661401.9760188055
-25,20.8,64306.2417788608,538334005720.4015,1,0.7966301383407614,25.934652665403,7537.648623080497,91058515886881590000,2678905.0395224127
-25,20.900000000000002,64187.809506243095,543453648072.2552,1,0.8181285344411764,25.90393081741495,7534.56016955469,92798713556066860000,2696446.9827412567
-25,21,64069.514986916445,548532403731.9593,1,0.8401133814821845,25.873114770601795,7531.423656632411,94541288035214300000,2714025.9836075963
-25,21.1,63951.36030115746,553553389807.3252,1,0.8625769922606346,25.842294870534232,7528.238476690789,96279974847317640000,2731541.251282446
-25,21.200000000000003,63833.34754851926,558509112981.0967,1,0.8855120399385819,25.811508924866857,7525.00426289212,98011597166376900000,2748946.796477233
-25,21.3,63715.47883979604,563421861588.4374,1,0.9089115656085636,25.780624887168212,7521.720760649786,99743436576966020000,2766381.5336595136
-25,21.400000000000002,63597.75630232878,568290781730.1234,1,0.9327689474011484,25.74964117871178,7518.387365716107,101474790112602490000,2783843.487038821
-25,21.5,63480.182087969035,573115005734.0255,1,0.9570779056392446,25.718556213916283,7515.003469913542,103204942970568100000,2801330.6333322763
-25,21.6,63362.75837317482,577893650530.2095,1,0.9818324820348122,25.687368400637837,7511.568461223495,104933167952491360000,2818840.9013822437
-25,21.700000000000003,63245.487359115854,582625816081.6564,1,1.007027038371517,25.656076140476642,7508.081723879582,106658724906911240000,2836372.171789146
-25,21.8,63128.37127175927,587310583873.8202,1,1.032656225278835,25.624677829093716,7504.54263846545,108380860177439970000,2853922.2765656076
-25,21.900000000000002,63011.41236196458,591947015472.4694,1,1.0587149890170822,25.59317185654276,7500.950582017278,110098806062543720000,2871488.9988075714
-25,22,62894.61290556472,596474066680.7806,1,1.0851985448065853,25.561577987877367,7497.304928130975,111789257478158420000,2888853.1342511503
-25,22.1,62777.97519037034,600944799569.0017,1,1.1121023659135845,25.529877383110207,7493.605625196182,113471318543752040000,2906204.0571814426
-25,22.200000000000003,62661.50151450187,605364772048.2443,1,1.1394221743502957,25.498066355179137,7489.852118612011,115146628918488060000,2923562.8712725174
-25,22.3,62545.19419914391,609732974875.3329,1,1.1671539213276576,25.466143322135576,7486.043789098669,116814378921469970000,2940927.211300604
-25,22.400000000000002,62429.05558999721,614048373095.9662,1,1.1952937743054834,25.43410669871792,7482.18001461117,118473742856393000000,2958294.6638933765
-25,22.5,62313.08805731591,618309905268.1582,1,1.2238381162965157,25.40195489674917,7478.260170468321,120123878697065940000,2975662.767370318
-25,22.6,62197.29399594013,622516482746.0426,1,1.2527835228153097,25.369686325548127,7474.283629486688,121763927803930600000,2993029.0116088707
-25,22.700000000000003,62081.67582532205,626666989030.9852,1,1.2821267553155133,25.33729939235404,7470.249762119638,123393014676589580000,3010390.8379376233
-25,22.8,61966.23598953709,630745709172.1896,1,1.3118647506670535,25.304826649584314,7466.15793660153,125004471553913550000,3027673.729774056
-25,22.900000000000002,61850.97695269529,634731098575.9755,1,1.3419946087320498,25.2723151605853,7462.007723304115,126589152700421240000,3044771.821077319
-25,23,61735.90118757356,638657562495.222,1,1.3725135845310854,25.239682263088003,7457.798991442782,128160164794258400000,3061856.01283444
-25,23.1,61621.011179834604,642523897504.085,1,1.4034190829107263,25.206926407008563,7453.53112081668,129716585738041050000,3078923.6117905644
-25,23.200000000000003,61506.30943902768,646328870755.6986,1,1.4347086354622454,25.174046042841507,7449.203489804022,131257476515011380000,3095971.8781870776
-25,23.3,61391.798498546705,650071219935.8494,1,1.4663799181384212,25.141039622149414,7444.815475528193,132781881283429380000,3112998.025861596
-25,23.400000000000002,61277.4809155846,653749653274.9183,1,1.4984307193636128,25.10790559806694,7440.366454029135,134288827521061950000,3129999.2223805645
-25,23.5,61163.35927109234,657362849626.0187,1,1.530858943291525,25.07464242582035,7435.855800439968,135777326224827480000,3146972.589203644
-25,23.6,61049.436169713736,660909458614.6451,1,1.5636626068621589,25.04124856325844,7431.282889168989,137246372169663000000,3163915.20188662
-25,23.700000000000003,60935.71423971839,664372066400.7842,1,1.5968398257368561,25.007836557872483,7426.647094087013,138688249733018200000,3180683.5749561265
-25,23.8,60822.19612329267,667753569990.6042,1,1.6303888075749624,24.974378951731474,7421.9482169134835,140103626224583410000,3197306.105622279
-25,23.900000000000002,60708.88446878176,671065177728.1622,1,1.6643078551266866,24.94078744342712,7417.185973934914,141496711214348660000,3213887.7036123113
-25,24,60595.78193983156,674305462740.8546,1,1.6985953555013564,24.90706055202401,7412.359756218761,142866463699284750000,3230425.3348323633
-25,24.1,60482.891222586855,677472971377.4148,1,1.7332497775595832,24.873196802253158,7407.468955223716,144211829117401780000,3246915.9229795407
-25,24.200000000000003,60370.215025578626,680566223876.3842,1,1.7682696629421317,24.839194725107507,7402.512963007764,145531740019292730000,3263356.3499810104
-25,24.3,60257.7560795797,683583715097.6053,1,1.8036536259736422,24.805052858447134,7397.491172441487,146825116806254380000,3279743.4564779964
-25,24.400000000000002,60145.517137456685,686523915323.492,1,1.8394003491946487,24.7707697476185,7392.402977426617,148090868538903560000,3296074.042349969
-25,24.5,60033.50097402185,689385271127.6437,1,1.8755085793690116,24.736343946088002,7387.2477731197805,149327893816218220000,3312344.8672789466
-25,24.6,59921.71038584225,692123752514.9563,1,1.9119771177579736,24.70178826351576,7382.024956161499,150516616248663150000,3328375.7858726536
-25,24.700000000000003,59810.1481781397,694762649265.4369,1,1.9488048301348415,24.667094936849807,7376.734502659095,151666569610584160000,3344263.9029761525
-25,24.8,59698.81715874281,697318710784.2909,1,1.985990629409486,24.632257305706474,7371.376075195338,152784598071845850000,3360081.58657447
-25,24.900000000000002,59587.7201504549,699790332561.943,1,2.023533482210822,24.59727401040918,7365.949094143302,153869596866934600000,3375825.524437604
-25,25,59476.85999631509,702175892262.759,1,2.0614324005468863,24.562143702803635,7360.452982400495,154920456669185500000,3391492.3696607915
-25,25.1,59366.23955935612,704473751126.8073,1,2.0996864447191954,24.52686504693674,7354.8871656352685,155936064942132400000,3407078.741493967
-25,25.200000000000003,59255.86172237154,706682255416.7107,1,2.1382947194891937,24.491436719749853,7349.251072538004,156915307353739460000,3422581.2262118007
-25,25.3,59145.72938764747,708799737915.8884,1,2.1772563597709564,24.455857411779473,7343.544135077026,157857069255699370000,3437996.37803478
-25,25.400000000000002,59035.84547670558,710824519475.9926,1,2.216570549688317,24.420125827872244,7337.765788759177,158760237226103370000,3453320.7200916214
-25,25.5,58926.21293000225,712728990732.8119,1,2.256236504202599,24.384309825603108,7331.915472895035,159612091208297480000,3468383.423508726
-25,25.6,58816.83469359577,714525564057.4073,1,2.2962534766480625,24.348373926876082,7325.993216158812,160417772582265720000,3483266.6071210788
-25,25.700000000000003,58707.71371220797,716225406791.5621,1,2.336620746556107,24.312284206578546,7319.998764972424,161181942137798600000,3498048.12148171
-25,25.8,58598.85294160433,717826844894.929,1,2.377337632302961,24.276039478059964,7313.931588997041,161903534740123900000,3512724.4658602313
-25,25.900000000000002,58490.255354535766,719328200928.3271,1,2.418403477530484,24.239638572565802,7307.791162813454,162581495029715800000,3527292.1157542076
-25,26,58381.92394039314,720727795924.874,1,2.4598176530021094,24.203080339980826,7301.576966199253,163214779298829240000,3541747.524113538
-25,26.1,58273.86170485895,722023951282.787,1,2.5015795549835214,24.16636364958211,7295.288484409837,163802357407936640000,3556087.1226087306
-25,26.200000000000003,58166.07166951336,723214990682.9977,1,2.543688607375639,24.129487390794875,7288.925208463156,164343214741137560000,3570307.3229526114
-25,26.3,58058.55687145796,724299242023.6556,1,2.5861442569878017,24.09245047396024,7282.486635428021,164836354194441930000,3584404.5182615565
-25,26.400000000000002,57951.32036291435,725258725575.9656,1,2.6289459749047728,24.055296366474316,7275.97226871591,165273362871971580000,3598260.8618065356
-25,26.5,57844.36520131305,726089166518.076,1,2.672093250517156,24.018033899858874,7269.382045776184,165652064539892840000,3611849.445211698
-25,26.6,57737.694437230006,726809046111.4962,1,2.71558559935035,23.980610091478795,7262.716009887674,165980698160187500000,3625304.3311498733
-25,26.700000000000003,57631.31112308614,727416764512.9377,1,2.7594225507624044,23.943023985312095,7255.973702268578,166258382363254200000,3638621.9515320607
-25,26.8,57525.21832401678,727910735730.2059,1,2.803603649779447,23.905274649856494,7249.154671620919,166484263164221160000,3651798.728672883
-25,26.900000000000002,57419.419117416255,728289389662.7378,1,2.8481284629200263,23.867361178899575,7242.258474426155,166657516048987130000,3664831.076880881
-25,27,57313.916592438705,728551174127.874,1,2.8929965812785974,23.82928269228826,7235.28467524314,166777348056563880000,3677715.4040975138
-25,27.1,57208.71384951752,728694556867.1824,1,2.938207602737908,23.791038336705867,7228.232847008232,166842999851441750000,3690448.113570444
-25,27.200000000000003,57103.813999866135,728718027534.7668,1,2.983761142799446,23.75262728645114,7221.1025713374,166853747783111200000,3703025.6055686567
-25,27.3,56999.22016494442,728619857909.8258,1,3.0296568307417244,23.71404944059036,7213.893438830124,166808795233831700000,3715442.419520048
-25,27.400000000000002,56894.93547577225,728366959662.908,1,3.0758943091544566,23.67539557500517,7206.605056810241,166693019276664080000,3727449.1868272224
-25,27.5,56790.963050371036,727991066060.8757,1,3.1224732376514948,23.636575309580873,7199.238032247621,166521010730097380000,3739290.6563069895
-25,27.6,56687.30599306151,727490806577.447,1,3.169393290976378,23.59758797569456,7191.7920006053955,166292230195698270000,3750963.3378844014
-25,27.700000000000003,56583.96741561405,726864841598.6882,1,3.216654144981704,23.55843293572956,7184.266607428775,166006183064207000000,3762463.748749042
-25,27.8,56480.95043666288,726111864292.5576,1,3.264255497462055,23.519109583821702,7176.661508642519,165662421372483270000,3773788.4152382095
-25,27.900000000000002,56378.25818111189,725230602429.8662,1,3.312197049229957,23.479617346604176,7168.976370848752,165260545606493040000,3784933.874750997
-25,28,56275.89377953485,724219820155.651,1,3.3604785126514503,23.43995568395069,7161.210871624901,164800206446009000000,3795896.6776915025
-25,28.1,56173.860367564484,723078319712.6464,1,3.4090996234154636,23.400124089715682,7153.364699821569,164281106447980040000,3806673.389441021
-25,28.200000000000003,56072.1610852452,721804943121.393,1,3.458060111346885,23.360122092467183,7145.43755586003,163703001666871600000,3817260.5923636854
-25,28.3,55970.799076413736,720391663759.348,1,3.5073597209895477,23.319974639615136,7137.429152029155,163062574973295850000,3827590.600457509
-25,28.400000000000002,55869.77748197317,718827806545.8235,1,3.5569982119414947,23.279719017851196,7129.339489110162,162355376910599780000,3837565.8986746594
-25,28.5,55769.09942409396,717130134405.7792,1,3.6069753391468917,23.23929424029344,7121.168995149494,161589405640994030000,3847342.751201343
-25,28.6,55668.76801137719,715297688872.8748,1,3.657290876567386,23.198700012305128,7112.917433098256,160764658608335980000,3856917.9256162485
-25,28.700000000000003,55568.786353046075,713329558244.1455,1,3.707944597549701,23.157936076881825,7104.584578754021,159881192715414000000,3866288.2173144626
-25,28.8,55469.15755828377,711224879029.387,1,3.7589362928479315,23.11700221532105,7096.170221039218,158939125477126800000,3875450.451566177
-25,28.900000000000002,55369.8847355023,708982837355.5421,1,3.8102657550134276,23.075898247875163,7087.674162277328,157938636086520050000,3884401.4856034853
-25,29,55270.970991663635,706602670326.1799,1,3.861932780330832,23.034624034402864,7079.096218466536,156879966390661150000,3893138.210705288
-25,29.1,55172.419431534596,704083667347.7493,1,3.9139371772774494,22.993179475002883,7070.4362195506465,155763421778580200000,3901657.5543059083
-25,29.200000000000003,55074.233156966045,701425171424.7499,1,3.9662787567757523,22.951564510640992,7061.694009686927,154589371979273570000,3909956.482104426
-25,29.3,54976.415266154334,698615800108.4441,1,4.01895734037572,22.909782371780665,7052.869447510604,153353518945076580000,3917972.4297927334
-25,29.400000000000002,54878.96884689666,695632434232.7113,1,4.07197274934065,22.867840858580227,7043.9626812897895,152046555141361340000,3925575.3144755163
-25,29.5,54781.89695686102,692509372535.1686,1,4.125324816000687,22.825732617134776,7034.974472333078,150684385060636200000,3932950.879181067
-25,29.6,54685.20262860041,689246216390.1105,1,4.179013377251468,22.783457787272905,7025.904737349371,149267658537806660000,3940096.3723523133
-25,29.700000000000003,54588.888887531124,685842626091.988,1,4.233038271370021,22.74101655160061,7016.753408233773,147797091002358200000,3947009.0911704698
-25,29.8,54492.958751176484,682298322174.9827,1,4.287399347816923,22.69840913601139,7007.520432298192,146273463739399910000,3953686.3835785994
-25,29.900000000000002,54397.41522837989,678613086743.4685,1,4.3420964553921975,22.655635810177202,6998.205772496953,144697624059641270000,3960125.6503024865
-25,30,54302.26131852716,674786764827.3151,1,4.397129443715987,22.612696888024633,6988.809407647112,143070485381213000000,3966324.3468571343
-25,30.1,54207.50001076143,670819265775.5549,1,4.452498178414945,22.56959272819357,6979.331332643234,141393027225831030000,3972279.985540797
-25,30.200000000000003,54113.13428316917,666710564704.633,1,4.508202520103431,22.526323734474506,6969.771558666313,139666295132667580000,3977990.1374188545
-25,30.3,54019.16710199788,662460704012.5071,1,4.564242341215012,22.48289035623187,6960.130113386563,137891400490875490000,3983452.434281509
-25,30.400000000000002,53925.601420830935,658066824328.9976,1,4.620617510549382,22.439405688881713,6950.407041159896,136068291811498570000,3988486.364348731
-25,30.5,53832.440160633065,653532512828.6713,1,4.677327908233067,22.395788302759723,6940.603290839076,134199635295341530000,3993223.999561536
-25,30.6,53739.68620386347,648859047042.0891,1,4.734373410527823,22.35201046053608,6930.71917822514,132287152311680120000,3997709.5035813292
-25,30.700000000000003,53647.34241268877,644046761228.7573,1,4.791753898035411,22.308072816342776,6920.754808540147,130332204182755750000,4001940.866173053
-25,30.8,53555.41163308453,639096065086.7668,1,4.849469261707022,22.263976070592626,6910.710304032761,128336214873916770000,4005916.146423372
-25,30.900000000000002,53463.896694018506,634007445984.4292,1,4.907519390183046,22.219720970246005,6900.585804127914,126300670385289300000,4009633.4744582702
-25,31,53372.800406647846,628781471361.7567,1,4.965904177854227,22.175308309056785,6890.381465568661,124227118069448080000,4013091.0531219398
-25,31.1,53282.125563497655,623418791319.5266,1,5.024623519756121,22.130738927792677,6880.097462550021,122117165874808260000,4016287.1596224755
-25,31.200000000000003,53191.87493765075,617920141412.3127,1,5.0836773162030315,22.08601371443321,6869.733986844554,119972481513218230000,4019220.147134949
-25,31.3,53102.05128191877,612286345663.2043,1,5.1430654658355115,22.04113360434101,6859.291247919467,117794791550039600000,4021888.446366923
-25,31.400000000000002,53012.65732803382,606518319813.8645,1,5.202787876808681,21.99609958041055,6848.769473044987,115585880412676950000,4024290.56707491
-25,31.5,52923.695785820484,600589929470.8036,1,5.262844450897941,21.95092211118434,6838.168907393836,113337343880614150000,4026256.0925797173
-25,31.6,52835.16932301223,594526154004.824,1,5.323235107632413,21.9055972037988,6827.49072107085,111060306598070880000,4027927.080328355
-25,31.700000000000003,52747.08056115545,588332883739.6683,1,5.38395975004368,21.86012490680229,6816.735351725495,108758493993991900000,4029330.6495067626
-25,31.8,52659.43209412694,582011457537.0338,1,5.445018298723571,21.81450640341064,6805.903104932815,106433907710723500000,4030465.7185631194
-25,31.900000000000002,52572.22649053391,586606966918.721,1,5.506410668955537,21.76874292349317,6794.994304068801,108121328226923900000,4031331.2904249453
-25,32,52485.46629292611,591633286676.5879,1,5.5681367798923285,21.722835743542877,6784.0092903545,109982133415723910000,4031926.4536314383
-25,32.1,52399.15401700884,596605991784.7765,1,5.630196553637294,21.676786186619008,6772.948422890305,111838712906868930000,4032250.3834081995
-25,32.2,52313.29215084948,601525418293.5267,1,5.6925899149839765,21.63059562226125,6761.81207868039,113690691104655880000,4032302.3426850224
-25,32.300000000000004,52227.88315410726,606391884329.1141,1,5.755316785480055,21.58426546637835,6750.600652647031,115537695112740600000,4032081.683047523
-25,32.4,52142.92945724912,611205688708.8408,1,5.818377101711853,21.537797181106672,6739.314557634768,117379353818901710000,4031587.845630184
-25,32.5,52058.43346077297,615967109830.1721,1,5.881770786075207,21.491192274640884,6727.9542244042805,119215297070606250000,4030820.361944309
-25,32.6,51974.397534457035,620676404759.4285,1,5.94549777189473,21.4457417547935,6716.520101615819,121045154918798070000,4029940.802651704
-25,32.7,51890.82403632812,625333808536.122,1,6.009557990576508,21.40306092533091,6705.0117212466475,122868556940961090000,4029151.7595539326
-25,32.800000000000004,51807.71535693202,629939533687.8771,1,6.073951377490973,21.360194426305984,6693.427429492277,124685131646330140000,4028079.339704005
-25,32.9,51725.07389882021,634493769934.8562,1,6.138677873451239,21.31714395160368,6681.767718085668,126494505959423130000,4026723.2505634753
-25,33,51642.90203071572,638996684092.2102,1,6.203737413262179,21.273911248446275,6670.033097778879,128296304789297510000,4025083.29862446
-25,33.1,51561.20208672993,643448420167.3789,1,6.269129938701136,21.230498117129496,6658.224098288925,130090150687228360000,4023159.3900019205
-25,33.2,51479.97636557929,647849099597.0555,1,6.334855389184279,21.186906410723722,6646.34126823176,131875663574096150000,4020951.530948731
-25,33.300000000000004,51399.22712980211,652198821641.3756,1,6.400913708657217,21.143138034740254,6634.385175044376,133652460547215340000,4018459.828292327
-25,33.4,51318.95660499483,656497663904.5931,1,6.467304841778792,21.099194946763863,6622.356404894895,135420155756676330000,4015684.4897873863
-25,33.5,51239.166979066096,660745682932.7987,1,6.534028735272169,21.055079156051416,6610.255562580688,137178360332719850000,4012625.824384259
-25,33.6,51159.860401484184,664942914921.6199,1,6.6010853335005235,21.010792723095,6598.083271414484,138926682378944890000,4009284.242417885
-25,33.7,51081.03898255061,669089376479.0802,1,6.6684745865899515,20.966337759151813,6585.840173098467,140664727009876500000,4005660.2557091736
-25,33.800000000000004,51002.70479267556,673185065434.6779,1,6.736196442150625,20.92171642573918,6573.526927586374,142392096429615870000,4001754.4775838167
-25,33.9,50924.85986166727,677229961689.999,1,6.804250851403838,20.882118876392088,6561.144212933634,144108390049882650000,3998436.9605639074
-25,34,50847.50629175827,681224028100.0002,1,6.872637767376202,20.84247219748564,6548.687259718836,145813204642985660000,3994852.988097134
-25,34.1,50770.64626061078,685167211398.4567,1,6.941357143520231,20.802590868423888,6536.156579622313,147506134535503560000,3990971.5035135313
-25,34.2,50694.28190650698,689059443180.5405,1,7.01040893587554,20.762477206933774,6523.552900871926,149186771848467550000,3986793.2436372084
-25,34.300000000000004,50618.415323482826,693863322076.9156,1,7.0797930964080935,20.722133594428648,6510.8769717057485,151274177790182000000,3982319.0585706937
-25,34.4,50543.04856057279,698901564590.4349,1,7.149509583347844,20.68156247538464,6498.129560176128,153479001224915060000,3977549.911448456
-25,34.5,50468.18362105731,703900614138.2477,1,7.219558357445112,20.640766356672668,6485.3114539398,155682439108237460000,3972486.8780917693
-25,34.6,50393.82246174291,708860545988.6492,1,7.289939369900882,20.59974780684632,6472.423460034147,157884155597268120000,3967131.146557555
-25,34.7,50319.96699225716,713781407800.1454,1,7.360652584942796,20.558509455386034,6459.466404639712,160083806291629800000,3961484.016585993
-25,34.800000000000004,50246.61907434836,718663220019.8376,1,7.431697963182061,20.517053991900028,6446.44113282914,162281037971370180000,3955546.8989498164
-25,34.9,50173.78052121773,723505976301.4846,1,7.503075463939051,20.475384165282424,6433.348508302654,164475488361282800000,3949321.314698953
-25,35,50101.45309686661,728309643945.508,1,7.574785052696314,20.433502782829116,6420.189413110267,166666785922863560000,3942808.8943058564
-25,35.1,50029.63851546217,733074164323.3168,1,7.646826688197803,20.391412709312025,6406.964747360911,168854549656816940000,3936011.376711272
-25,35.2,49958.338440722786,737799453363.6178,1,7.7192003345924665,20.349116866012434,6393.67542891871,171038388951589200000,3928937.8179490445
-25,35.300000000000004,49887.55448633991,742485402034.262,1,7.791905962111835,20.306618072501745,6380.322343690633,173217903448013860000,3921587.8729333165
-25,35.4,49817.288216100074,747131876866.8112,1,7.864943531998535,20.26391924882717,6366.906409153059,175392682941927500000,3913958.3935033455
-25,35.5,49747.5411423333,751738720517.3546,1,7.938313009996417,20.221023480312365,6353.428594712091,177562307322373670000,3906051.538226224
-25,35.6,49678.31472464744,756305752366.0198,1,8.012014364894144,20.177933904658303,6339.889886230738,179726346547083480000,3897869.5681344173
-25,35.7,49609.61036941968,760832769143.0062,1,8.08604756539285,20.134653710783194,6326.291285664425,181884360649971920000,3889414.8452013787
-25,35.800000000000004,49541.42942932155,765319545603.0387,1,8.160412576476375,20.09118613762628,6312.633810685142,184035899791482220000,3880689.830724777
-25,35.9,49473.77320284955,769765835234.151,1,8.235109372754904,20.047534472916887,6298.9184942946795,186180504345678280000,3871697.083626298
-25,36,49406.64293388743,774171370985.0591,1,8.310137919856642,20.003702051909425,6285.146384427174,188317705016843960000,3862439.258664076
-25,36.1,49340.03981129825,778535866052.4126,1,8.385498187050773,19.959692256085713,6271.3185435413725,190447023005880700000,3852919.1045604316
-25,36.2,49273.964968532324,782859014671.5748,1,8.461190149358748,19.915508511825664,6257.436048202966,192567970199649120000,3843139.4620510275
-25,36.300000000000004,49208.419483256526,787140492959.2909,1,8.53721377646236,19.87115428904766,6243.499988657396,194680049406939660000,3833103.2618567334
-25,36.4,49143.40437702369,791379959758.2051,1,8.613569042474992,19.826633099819638,6229.511468393459,196782754616848100000,3822813.5225764
-25,36.5,49078.9206149457,795577057518.6149,1,8.69025591981069,19.781948496942494,6215.471603698213,198875571296948360000,3812273.3485123515
-25,36.6,49014.96910542436,799731413203.8254,1,8.767274380738211,19.73710407250679,6201.381523203492,200957976724747980000,3801485.927418513
-25,36.7,48951.55069986638,803842639189.7833,1,8.844624399528325,19.692103456424384,6187.242367424559,203029440337677000000,3790454.312020226
-25,36.800000000000004,48888.666192426346,807910334200.9231,1,8.922305954034083,19.646950320121768,6173.05528992053,205089424122412430000,3779182.0062193098
-25,36.9,48826.31631977577,811934084240.4194,1,9.00031901662707,19.601648366213862,6158.821454049906,207137383022457130000,3767672.5019325283
-25,37,48764.501760958694,815913463535.1182,1,9.078663565457221,19.556201328987385,6144.542033122435,209172765373852600000,3755929.2969949963
-25,37.1,48703.22313723527,819848035473.2386,1,9.157339576862082,19.51061297444997,6130.218210414554,211195013357566660000,3743955.9605228454
-25,37.2,48642.481011954136,823737353560.3113,1,9.236347021822795,19.46488709875715,6115.851178675143,213203563481168020000,3731756.1303147487
-25,37.300000000000004,48582.275890444405,827580962349.636,1,9.315685885033206,19.419027526622937,6101.442139626134,215197847066910900000,3719333.5102086547
-25,37.4,48522.60821992066,831378398385.9305,1,9.395356140675217,19.373038109715427,6086.992303458405,217177290765529120000,3706691.867398702
-25,37.5,48463.47838945221,835129191135.7618,1,9.475357766297519,19.32692272503882,6072.502888323421,219141317081627000000,3693835.0297042206
-25,37.6,48404.88672991283,838832863897.8843,1,9.555690743581636,19.280685273303817,6057.975119821209,221089344906330100000,3680766.8828138807
-25,37.7,48346.83351399191,842488934716.0829,1,9.636355047924614,19.234329677287455,6043.410230485017,223020790068336160000,3667491.367489692
-25,37.800000000000004,48289.318956214,846096917271.1957,1,9.717350663395441,19.18785988018428,6028.8094592632615,224935065890500150000,3654012.4767471463
-25,37.9,48232.343212986365,849656321744.63,1,9.79867756482493,19.141279843950315,6014.174050999198,226831583747004040000,3640334.2530104592
-25,38,48175.90638267528,853166655683.4474,1,9.880335734007126,19.09459354764136,5999.505255908814,228709753636274200000,3626460.7852464356
-25,38.1,48120.008505705744,856627424828.7062,1,9.96232515178683,19.047804985747227,5984.804329057458,230568984748529200000,3612396.2060820013
-25,38.2,48064.649564695545,860038133923.7208,1,10.044645799268173,19.000918166523427,5970.072529835642,232408686035876380000,3598144.6889064526
-25,38.300000000000004,48009.82948459778,863398287510.725,1,10.127297661049907,18.953937110321977,5955.3111214345945,234228266788741380000,3583710.4449680927
-25,38.400000000000006,47955.548132875,866707390612.7325,1,10.210280716730368,18.90852244683686,5940.521370321952,236027137161725970000,3569392.5884983214
-25,38.5,47901.8053676961,869964949435.6346,1,10.293594944927513,18.863351283051944,5925.702083114028,237804708720542400000,3554955.0511934557
-25,38.6,47848.60104782134,873170472113.007,1,10.377240331125835,18.81805895586706,5910.854019214521,239560395022176900000,3540335.744668951
-25,38.7,47795.93498385418,876323469492.5275,1,10.461216862052323,18.77264974460465,5895.978487109789,241293612227775430000,3525539.0645560347
-25,38.800000000000004,47743.80692780297,879423455910.6945,1,10.545524519498402,18.72712794060338,5881.076797606637,243003779718825280000,3510569.4370402894
-25,38.900000000000006,47692.216573338024,882469949941.0287,1,10.63016328252962,18.681497845387,5866.150263281058,244690320707681940000,3495431.315795151
-25,39,47641.163556082174,885462475109.0984,1,10.715133139595869,18.63576376883776,5851.200197929189,246352662837806070000,3480129.1789222267
-25,39.1,47590.6474539116,888400560539.0303,1,10.800434073413403,18.58993002737694,5836.227916021024,247990238752978140000,3464667.525907726
-25,39.2,47540.66778729856,891283741561.7097,1,10.886066069275737,18.544000942153044,5821.234732157341,249602486650976400000,3449050.8745911443
-25,39.300000000000004,47491.22401966434,894111560253.0597,1,10.972029110469173,18.497980837240227,5806.22196053034,251188850802956960000,3433283.7581569557
-25,39.400000000000006,47442.31555777695,896883565915.0559,1,11.058323182873888,18.451874037847556,5791.190914388471,252748782044311420000,3417370.7221449977
-25,39.5,47393.9417521311,899599315511.0804,1,11.14494827184367,18.405684868542792,5776.142905505919,254281738242415700000,3401316.3214966664
-25,39.6,47346.10189739894,902258374034.7875,1,11.231904360895081,18.359417651488908,5761.07924365715,255787184728499520000,3385125.1176205613
-25,39.7,47298.795232869685,904860314834.4293,1,11.31919144037727,18.31307670469798,5746.001236097036,257264594704958750000,3368801.6754988125
-25,39.800000000000004,47252.02094292361,907404719895.3074,1,11.406809495025401,18.266666340302162,5730.910187046915,258713449628776460000,3352350.5608269516
-25,39.900000000000006,47205.778157525696,909891180068.9061,1,11.494758508963821,18.2201908628436,5715.807397187038,260133239563730320000,3335776.3371935776
-25,40,47160.065952744335,912319295263.5808,1,11.58303847048826,18.17365456758466,5700.69416315581,261523463509047150000,3319083.5633012634
-25,40.1,47114.88335127756,914688674604.8306,1,11.671649367270133,18.127061738840247,5685.571777056207,262883629708465770000,3302276.790235246
-25,40.2,47070.22932300437,916998936547.6681,1,11.760591187253633,18.080416648332907,5670.441525969713,264213255929093650000,3285360.558778454
-25,40.300000000000004,47026.10278556775,919249708957.1373,1,11.849863914147337,18.033723553571654,5655.304691478182,265511869718652220000,3268339.396774107
-25,40.400000000000006,46982.50260495767,921440629108.7179,1,11.939467539283658,17.988146307914494,5640.162549193946,266779008612692360000,3251438.414707317
-25,40.5,46939.42763493862,923571343583.52,1,12.029402050587391,17.944208583588875,5625.014303019745,268014220276322100000,3234756.425845543
-25,40.6,46896.87677389663,925641508303.3837,1,12.119667433908052,17.90017125125738,5609.85820522831,269217062721994700000,3217961.9956903076
-25,40.7,46854.84892440308,927650788641.8492,1,12.210263679813524,17.856039026856156,5594.695598346966,270387104567274370000,3201059.826602108
-25,40.800000000000004,46813.34293539636,929598859571.5671,1,12.30119077607281,17.811816616267215,5579.527818457738,271523925310098280000,3184054.604826242
-25,40.900000000000006,46772.35760282818,931485405792.8442,1,12.392448711407816,17.767508713417662,5564.356194692709,272627115589303860000,3166950.9977479405
-25,41,46731.89167032763,933310121839.6752,1,12.48403747623248,17.723119998408084,5549.182048739389,273696277427942650000,3149753.6512107197
-25,41.1,46691.943829894066,935072712124.0497,1,12.575957057469349,17.678655135670358,5534.006694356419,274731024435993380000,3132467.186897478
-25,41.2,46652.51272259001,936772890919.9432,1,12.668207447351897,17.634118772159173,5518.831436899985,275730981972687800000,3115096.1997826374
-25,41.300000000000004,46613.59693925455,938410382297.2611,1,12.760788635451823,17.58951553557615,5503.65757286116,276695787273971960000,3097645.255652469
-25,41.400000000000006,46575.19502125122,939984919976.6064,1,12.853700610009087,17.544850032626545,5488.486389414519,277625089527499750000,3080118.8886926104
-25,41.5,46537.305461199954,941496247139.5853,1,12.94694336161606,17.50012684731459,5473.319163978302,278518549915166000000,3062521.5991546526
-25,41.6,46499.92670374829,942944116178.2642,1,13.04051687807009,17.455350539272946,5458.157163786317,279375841613250900000,3044857.851091502
-25,41.7,46463.05714635085,944328288391.3202,1,13.134421154097884,17.410525642130292,5443.001645471842,280196649754385970000,3027132.0701694037
-25,41.800000000000004,46426.69514004234,945648533651.0106,1,13.228656174221818,17.365656661919555,5427.853854663763,280980671365527570000,3009348.6415603426
-25,41.900000000000006,46390.83899025712,946904630016.088,1,13.323221933320738,17.320748075522058,5412.715025595062,281727615267186600000,2991511.90790502
-25,42,46355.48695762735,948096363321.06,1,13.41811842142245,17.27580432915535,5397.586380723897,282437201951978750000,2973626.167360853
-25,42.1,46320.637258812785,949223526738.09,1,13.513345631656758,17.23082983689999,5382.469130367378,283109163440457940000,2955695.6717248727
-25,42.2,46286.28806733247,950285920305.0413,1,13.608903552916988,17.185828979268845,5367.364472348186,283743243110537430000,2937724.6246378147
-25,42.300000000000004,46252.43751440756,951283350449.2385,1,13.704792180037037,17.140806101818683,5352.273591654167,284339195518368480000,2919717.1798680434
-25,42.400000000000006,46219.083689801395,952215629477.6708,1,13.8010114992481,17.09576551380572,5337.197660110952,284896786193516070000,2901677.439677831
-25,42.5,46186.224642694,953082575063.7574,1,13.897561504942468,17.05071148688195,5322.137836067694,285415791426724700000,2883609.453264969
-25,42.6,46153.85838253796,953884009717.7593,1,13.994442187977164,17.005648253837936,5307.095264096008,285895998042932940000,2865517.2152898363
-25,42.7,46121.982879930176,954619760249.8701,1,14.091653543867247,16.96058000738891,5292.071074702147,286337203165326570000,2847404.664481032
-25,42.800000000000004,46090.59606748633,955289657218.8549,1,14.189195560847098,16.915510899005522,5277.066384052373,286739213966564260000,2829275.68232151
-25,42.900000000000006,46059.69584073406,955893534383.1254,1,14.287068230999862,16.87044503778815,5262.082293711615,287101847417734140000,2811134.09181185
-25,43,46029.280058985576,956431228134.5134,1,14.38527155083701,16.825386489388507,5247.119890395366,287424930023646820000,2792983.656317506
-25,43.1,45999.34654623177,957204623560.6515,1,14.483805512027605,16.7803396776633,5232.180245734782,287889956667964880000,2774829.3864420787
-25,43.2,45969.89309229329,959001017884.3064,1,14.582670103343037,16.735325831565977,5217.264401943382,288971541846840300000,2756730.845053705
-25,43.300000000000004,45940.91746474244,960731377531.5627,1,14.681865319520494,16.69032880208621,5202.372779064173,290015285893103780000,2738631.6617637035
-25,43.400000000000006,45912.41740917787,962395229297.5887,1,14.781391153259548,16.64535252339512,5187.506418346353,291020687204568600000,2720535.407530198
-25,43.5,45884.39063873235,963992107003.6791,1,14.88124759670357,16.600400881639708,5172.666345134853,291987254755869230000,2702445.5892681843
-25,43.6,45856.83483497705,965521551728.4716,1,14.981434647855957,16.555477714093783,5157.853568689811,292914508470994140000,2684365.64909328
-25,43.7,45829.74764881842,966983112004.9542,1,15.081952295392105,16.51058680835491,5143.069082019028,293801979573214670000,2666298.963641573
-25,43.800000000000004,45803.126701414585,968376343988.5895,1,15.18280053393706,16.465731901584608,5128.313861723307,294649210915161500000,2648248.843459057
-25,43.900000000000006,45776.969585068524,969700811598.6013,1,15.283979358196973,16.4209166797957,5113.588867854585,295455757289877600000,2630218.5324672554
-25,44,45751.27386412863,970956086633.9877,1,15.385488760182723,16.376144777183118,5098.895043786633,296221185723425160000,2612211.2074978715
-25,44.1,45726.03707589395,972141748871.244,1,15.48732873256808,16.331419775498414,5084.233316098235,296945075752980700000,2594229.977895397
-25,44.2,45701.256731504574,973257386136.9308,1,15.58949927044843,16.286745203469103,5069.60459446865,297627019685947440000,2576277.8851897656
-25,44.300000000000004,45676.9303168403,974302594362.635,1,15.692000368251932,16.242124536260217,5055.009771585182,298266622844427800000,2558357.9028330445
-25,44.400000000000006,45653.05529339798,975276977626.2744,1,15.794832021186812,16.197561194980334,5040.449723062679,298863503797262100000,2540472.9360038936
-25,44.5,45629.62909919117,976180148167.9966,1,15.897994222435717,16.153058546227268,5025.925307374731,299417294572247300000,2522625.8214701405
-25,44.6,45606.64914962277,977011726397.4406,1,16.00148696608315,16.108619901677663,5011.437365796432,299927640858629700000,2504819.3275166685
-25,44.7,45584.11283835769,977771340880.7252,1,16.10531024550898,16.064248517717072,4996.986722358403,300394202192608170000,2487056.1539317803
-25,44.800000000000004,45562.017538201064,978458628315.0461,1,16.209464055449583,16.019947595109475,4982.574183811943,300816652130556800000,2469338.9320493634
-25,44.900000000000006,45540.36060195044,979073233488.1481,1,16.31394839172391,15.975720278708364,4968.200539604997,301194678408198950000,2451670.224850433
-25,45,45519.13936326094,979614809223.325,1,16.418763252397564,15.931569657205113,4953.866561868776,301527983086058000000,2434052.527115453
-25,45.1,45498.351137484424,980083016313.8068,1,16.52390862533867,15.88749876291743,4939.573005414746,301816282683504700000,2416488.2656321786
-25,45.2,45477.99322252907,980477523443.4329,1,16.629384511623734,15.843510571612791,4925.320607741731,302059308299468000000,2398979.7994491737
-25,45.300000000000004,45458.06289967522,980798007095.774,1,16.735190903024883,15.799608002372125,4911.110089052952,302256805721123260000,2381529.420184123
-25,45.400000000000006,45438.55743441079,981044151454.6768,1,16.841327795678577,15.755793917486827,4896.942152282642,302408535522401650000,2364139.3523739767
-25,45.5,45419.4740772536,981215648294.0431,1,16.947795182235776,15.712071122391533,4882.817483132065,302514273150995900000,2346811.7538709305
-25,45.6,45400.810064554214,981312196858.5116,1,17.05459305601389,15.66844236563218,4868.736750114622,302573809004932560000,2329548.716282988
-25,45.7,45382.5626192959,981333503738.098,1,17.16172141930583,15.62491033886711,4854.700604609831,302586948500650200000,2312352.265454692
-25,45.800000000000004,45364.72895187978,981279282735.3895,1,17.269180261344584,15.581477676901281,4840.709680925848,302553512131789100000,2295224.3619878255
-25,45.900000000000006,45347.306260924786,981149254727.5132,1,17.376969582332233,15.53814695775005,4826.764596370295,302473335520142200000,2278166.9017956536
-25,46,45330.29173401743,980943147524.6835,1,17.485089372334762,15.494920702737675,4812.865951329168,302346269459970600000,2261181.716699195
-25,46.1,45313.68254849035,980660695725.5165,1,17.593539635364685,15.4518013766222,4799.014329353457,302172179955900100000,2244270.5750509277
-25,46.2,45297.47587215528,980301640570.1914,1,17.702320360224157,15.408791387752732,4785.210297253295,301950948255170200000,2227435.1823959895
-25,46.300000000000004,45281.66886406392,979865729793.8198,1,17.8114315473488,15.36589308825151,4771.45440519931,301682470875796900000,2210677.1821575295
-25,46.400000000000006,45266.25867521763,979352717481.9502,1,17.920873189314495,15.323108774226998,4757.747186830958,301366659631949700000,2193998.156356717
-25,46.5,45251.24244929664,978762363925.6945,1,18.0306452816576,15.280440686010538,4744.089159371477,301003441655100870000,2177399.6263545835
-25,46.6,45236.61732336879,978094435484.3536,1,18.14074782290292,15.237891008419556,4730.48082374931,300592759415904860000,2160883.0536204353
-25,46.7,45222.38042857777,977348704449.2131,1,18.251180805804072,15.19546187104612,4716.922664725638,300134570743010100000,2144449.840524746
-25,46.800000000000004,45208.5288908286,976524948917.2439,1,18.361944229757416,15.153155348568502,4703.415151027802,299628848844269100000,2128101.3311524955
-25,46.900000000000006,45195.05983146932,975622952671.2084,1,18.473038090567716,15.110973461084805,4689.958735488304,299075582328273600000,2111838.8121352904
-25,47,45181.970367941074,974642505067.2897,1,18.584462382567484,15.068918174470403,4676.553855189208,298474775226970000000,2095663.5135049587
-25,47.1,45169.257614432834,973583400935.4742,1,18.69621710248973,15.026991400754842,4663.200931611569,297826447022621660000,2079576.6095615788
-25,47.2,45156.918682517484,972445440491.6318,1,18.80830224771051,14.985194998519606,4649.90037078975,297130632678494960000,2063579.2197579416
-25,47.300000000000004,45144.9506817786,971228429259.6558,1,18.92071781361171,14.943530773314844,4636.652563470269,296387382672289760000,2047672.4095975745
-25,47.400000000000006,45133.35072041955,969932178010.0007,1,19.033463797690448,14.902000478095015,4623.457885274996,295596763036184540000,2031857.1915460462
-25,47.5,45122.11590587441,968556502710.7549,1,19.146540196890488,14.860605813670896,4610.316696868428,294758855401106300000,2016134.5259515387
-25,47.6,45111.24334538169,967101224498.4336,1,19.25994700953087,14.819348429180456,4597.229344128808,293873757049554140000,2000505.321978658
-25,47.7,45100.73014657665,965566169660.2976,1,19.373684230553664,14.778229922572843,4584.196158322812,292941580971901350000,1984970.438546461
-25,47.800000000000004,45090.573418044485,963951169637.4476,1,19.487751856949117,14.737251841109849,4571.217456283642,291962455931706600000,1969530.6852774816
-25,47.900000000000006,45080.7702698838,962256061044.8301,1,19.60214988714175,14.696415681879536,4558.2935405922135,290936526537543160000,1954186.8234496324
-25,48,45071.317814235575,960480685710.0468,1,19.716878312009538,14.655722892325258,4545.4246997612845,289863953322333040000,1938939.5669560214
-25,48.1,45062.21316582151,958624890731.9714,1,19.83193713431606,14.615174870785394,4532.611208422239,288744912830598020000,1923789.583265519
-25,48.2,45053.453442451544,956688528556.1595,1,19.947326350810997,14.57477296704656,4519.8533275143645,287579597711585400000,1908737.4943884253
-25,48.300000000000004,45045.0357655352,954671457073.4115,1,20.06304595577589,14.53451848290647,4507.151304476367,286368216821858270000,1893783.8778415895
-25,48.400000000000006,45036.95726056397,952573539735.4807,1,20.179095945141064,14.49441267274862,4494.505373439948,285110995333440200000,1878929.267616208
-25,48.5,45029.21505760215,950394645691.5771,1,20.295476318535485,14.454456744124766,4481.915755425224,283808174849409000000,1864174.155142599
-25,48.6,45021.80629174691,948134649944.6216,1,20.41218707771863,14.414651858347927,4469.382658537802,282460013525969300000,1849518.9902559582
-25,48.7,45014.728103580885,945793433526.3784,1,20.529228213617007,14.374999131093139,4456.906278167314,281066786200121870000,1834964.1821593414
-25,48.800000000000004,45007.97763963509,943370883692.8815,1,20.646599726066007,14.335499633003836,4444.48679718721,279628784523380900000,1820510.1003806365
-25,48.900000000000006,45001.552052794024,940866894137.8246,1,20.764301613350913,14.296154390308972,4432.124386155677,278146317099737600000,1806157.075731564
-25,49,44995.448502735235,938281365107.6355,1,20.88233387015674,14.256964775945153,4419.819203517438,276619709558876830000,1791911.4835312804
-25,49.1,44989.66415764019,935614203671.4807,1,21.00069649495415,14.217931173479469,4407.571312582107,275049304714452930000,1777768.935308035
-25,49.2,44984.19619489834,932865324018.4791,1,21.119389485429135,14.179054277977324,4395.380826986379,273435462730541600000,1763727.5516915808
-25,49.300000000000004,44979.041800085455,930034647757.9791,1,21.23841283934268,14.140334968043188,4383.247877363091,271778561281508280000,1749787.5432631907
-25,49.400000000000006,44974.19816687424,927122104235.1489,1,21.357766555296326,14.1017740805006,4371.172582875828,270078995712061240000,1735949.0859587726
-25,49.5,44969.662497418,924127630859.0941,1,21.47745063101155,14.063372411035772,4359.155051423938,268337179195328530000,1722212.3219906825
-25,49.6,44965.43200270273,921051173443.7727,1,21.59746506226515,14.02513071484591,4347.195379847622,266553542888596540000,1708577.3607639147
-25,49.7,44961.503902900964,917892686561.1713,1,21.717809847659392,13.987049707288826,4335.293654132924,264728536085853500000,1695044.2797819332
-25,49.800000000000004,44957.875427704304,914652133904.3273,1,21.838484985867833,13.949130064535353,4323.449949616524,262862626365199320000,1681613.1255446186
-25,49.900000000000006,44954.543816656806,911329488662.4146,1,21.959490473524244,13.911372424222137,4311.664331190146,260956299731853300000,1668283.9144350803
-25,50,44951.506319465116,907924733904.9252,1,22.08082630944361,13.873777386106344,4299.93685350451,259010060754489540000,1655056.6335978378
-25,50.1,44948.76019630581,904437862974.8622,1,22.202492490088492,13.836345512720115,4288.267561172642,257024432694296380000,1641931.2418055048
-25,50.2,44946.30271812435,900868879890.5132,1,22.324489014412862,13.799077330024858,4276.656488972498,254999957625957150000,1628907.670314378
-25,50.300000000000004,44944.131166912615,897217799756.3389,1,22.446815883454864,13.761973328065872,4265.103662048719,252937196550288280000,1615985.8237099801
-25,50.400000000000006,44942.24283598643,893484649179.3322,1,22.569473091007808,13.725033961625238,4253.60909611344,250836729495902500000,1603165.5807398492
-25,50.5,44940.635030257516,889669466693.9506,1,22.692460637386134,13.688259650873025,4242.172797646055,248699155611100840000,1590446.7951339548
-25,50.6,44939.30506647844,885772303193.179,1,22.81577851808086,13.6516507820182,4230.794764091846,246525093244041270000,1577829.2964149169
-25,50.7,44938.25027349498,881793222366.2837,1,22.93942673421103,13.615207707955928,4219.474984059331,244315180010937970000,1565312.8906938757
-25,50.800000000000004,44937.4679924706,877732301141.8706,1,23.063405285585848,13.578930748913994,4208.213437516313,242070072850954700000,1552897.3614557823
-25,50.900000000000006,44936.955577127635,873589630138.6781,1,23.187714164037544,13.542820193094206,4197.010095984478,239790448068574150000,1540582.4703290055
-25,51,44936.71039396152,869365314121.8876,1,23.312353372254726,13.506876297312186,4185.864922732518,237477001361633050000,1528367.9578440126
-25,51.1,44936.72982243355,865059472466.5906,1,23.437322910787184,13.471099287634576,4174.777872967669,235130447835350760000,1516253.5441801124
-25,51.2,44937.01125518605,860672239628.178,1,23.562622775267783,13.435489360010047,4163.748894025593,232751522001626730000,1504238.9298957137
-25,51.300000000000004,44937.55209823232,856203765621.3265,1,23.688252962673893,13.400046680897546,4152.777925558544,230340977763913630000,1492323.7966469375
-25,51.400000000000006,44938.34977112524,851654216507.0746,1,23.81421347380732,13.364771387891217,4141.864899721762,227899588386760720000,1480507.8078941922
-25,51.5,44939.401707144454,847023774890.0958,1,23.94050430488116,13.329663590338637,4131.009741358018,225428146450524270000,1468790.609592368
-25,51.6,44940.70535345655,842312640427.367,1,24.06712545883383,13.294723369955669,4120.212368180259,222927463791203780000,1457171.8308695192
-25,51.7,44942.25817126874,837521030348.835,1,24.194076929192885,13.259950781436176,4109.472690952316,220398371425020020000,1445651.0846917608
-25,51.800000000000004,44944.05763598066,832649179992.5911,1,24.321358716725122,13.225345853055915,4098.790613667592,217841719458322000000,1434227.9685139412
-25,51.900000000000006,44946.10123732872,827697343357.1007,1,24.44897082152373,13.190908587271,4088.166033725723,215258376983365500000,1422902.0649167774
-25,52,44948.38647951186,822665793669.4586,1,24.57691323867218,13.156638961311513,4077.598842107147,212649231958580070000,1411672.942231471
-25,52.1,44950.91088132374,817554823976.3689,1,24.705185968290092,13.122536927768175,4067.088923545544,210015191075928700000,1400540.1551494228
-25,52.2,44953.67197627202,812364747756.7825,1,24.83378900915215,13.088602415173455,4056.6361566981172,207357179613814720000,1389503.2453190198
-25,52.300000000000004,44956.6673126854,807095899560.0518,1,24.962722362773828,13.054835328576894,4046.240414313694,204676141276500900000,1378561.7419295046
-25,52.400000000000006,44959.89445381798,801748635672.9739,1,25.091986023041212,13.021235550113763,4035.901563398587,201973038020642400000,1367715.1622810443
-25,52.5,44963.35097795911,796323334816.6359,1,25.221579992225337,12.987802939566299,4025.6194653802045,199248849868192680000,1356963.0123403335
-25,52.6,44967.03447850514,790820398878.5189,1,25.351504266371247,12.954537334920849,4015.3939762684263,196504574707155140000,1346304.7872860462
-25,52.7,44970.94256405905,785240253680.7413,1,25.481758848596368,12.921438552915562,4005.2249468146333,193741228079219830000,1335739.9720378786
-25,52.800000000000004,44975.07285849936,779583349788.492,1,25.61234373490397,12.888506389583243,3995.1122226684693,190959842954826900000,1325268.0417749295
-25,52.900000000000006,44979.423001063056,773850163360.9034,1,25.743258922695055,12.855740620785744,3985.0556445322563,188161469495180260000,1314888.462439356
-25,53,44983.99064640328,768041197048.3632,1,25.874504414522683,12.823141002742815,3975.055048313082,185347174801484800000,1304600.6912290473
-25,53.1,44988.77346464526,762156980937.118,1,26.006080206496954,12.790707272553615,3965.110265272537,182518042650029300000,1294404.177077299
-25,53.2,44993.76914145239,756198073545.8398,1,26.13798629691878,12.758439148709819,3955.2211221740745,179675173213489730000,1284298.361118575
-25,53.300000000000004,44998.97537806723,750165062874.5527,1,26.270222688225672,12.726336331603132,3945.387441428039,176819682766649980000,1274282.6771437437
-25,53.400000000000006,45004.38989135716,744058567357.165,1,26.40278938029171,12.694398839365434,3935.6090412343046,173952703304944580000,1264360.691276578
-25,53.5,45010.01041475497,737879237068.0272,1,26.535686365599943,12.66262588930555,3925.885672153766,171075382240294040000,1254528.7106284199
-25,53.6,45015.83469853643,731627754962.5482,1,26.668913652575032,12.631016997798381,3916.217127699558,168188882065604940000,1244785.1552437907
-25,53.7,45021.86050894018,725304838164.205,1,26.802471232982647,12.599571792178129,3906.6032126687473,165294379991906980000,1235129.4279885695
-25,53.800000000000004,45028.08562798053,718911239312.5691,1,26.93635910815838,12.568289884379533,3897.0437282784324,162393067562746350000,1225560.9267265776
-25,53.900000000000006,45034.50785346143,712447747967.2833,1,27.070577275037056,12.537170871394588,3887.5384722945514,159486150241161670000,1216079.044696462
-25,54,45041.12499898486,705915192067.3402,1,27.205125738499987,12.50621433572202,3878.0872391583666,156574846966683860000,1206683.1708775703
-25,54.1,45047.93489395734,699314439443.1547,1,27.34000448912634,12.475419845809206,3868.6898201106155,153660389679003570000,1197372.690344849
-25,54.2,45054.93538359739,692646399377.5343,1,27.47521353247747,12.4447869564864,3859.3460033133547,150744022804437170000,1188146.9846125871
-25,54.300000000000004,45062.12432892434,685912024211.6815,1,27.61075286706714,12.414315209394683,3850.0555739695033,147827002701483280000,1179005.4319689316
-25,54.400000000000006,45069.499606758356,679112310992.0627,1,27.74662249426209,12.384004133405497,3840.818314440097,144910597061796890000,1169947.4077988346
-25,54.5,45077.05910971109,672248303150.4598,1,27.88282241109117,12.353853245033259,3831.6340043592613,141996084261603750000,1160972.2848973724
-25,54.6,45084.80074616987,665321092211.5142,1,28.01935261399709,12.323862048840976,3822.502420746944,139084752659733730000,1152079.4337733686
-25,54.7,45092.72244028654,658331819519.5359,1,28.156213107175436,12.294030037837986,3813.4233381193953,136177899837673720000,1143268.222942654
-25,54.800000000000004,45100.82213193644,651281677975.3633,1,28.293403887138783,12.264356693872351,3804.3965285974173,133276831777009290000,1134538.019213839
-25,54.900000000000006,45109.09777671844,644171913773.6838,1,28.430924956626068,12.234841488012925,3795.421762012408,130382861969907730000,1125888.1879612624
-25,55,45117.547345913015,637003828129.6206,1,28.5687763092947,12.205483880927076,3786.4988060102223,127497310458112460000,1117318.0933918348
-25,55.1,45126.16882645618,629778778984.2141,1,28.7069579459458,12.176283323249951,3777.627426152863,124621502796792410000,1108827.0988014147
-25,55.2,45134.960220907815,622498182674.6771,1,28.845469870928344,12.147239255946896,3768.8073860180225,121756768938654250000,1100414.5668226278
-25,55.300000000000004,45143.919547399506,615163515558.4149,1,28.984312079323985,12.118351110670126,3760.038447296507,118904442035623380000,1092079.8596654409
-25,55.400000000000006,45153.044839617796,607776315575.6992,1,29.123484574692053,12.089618310105715,3751.3203698875245,116065857154430440000,1083822.339346379
-25,55.5,45162.334146739915,600338183737.7417,1,29.26298735145048,12.061040268316972,3742.652911991939,113242349903914270000,1075641.3679129942
-25,55.6,45171.78553340584,592850785526.7233,1,29.402820415540706,12.032616391078145,3734.0358302034215,110435254972500120000,1067536.3076573268
-25,55.7,45181.397079652175,585315852191.0712,1,29.54298375986058,12.004346076203962,3725.468879597598,107645904573859940000,1059506.5213241854
-25,55.800000000000004,45191.16688087862,577735181924.4554,1,29.683477388223587,11.976228713869945,3716.951813819158,104875626801525460000,1051551.3723091914
-25,55.900000000000006,45201.093047787435,570110640911.948,1,29.82430129788344,11.9482636869279,3708.4843851670034,102125743892124830000,1043670.2248511345
-25,56,45211.1737063257,562444164230.8646,1,29.96545548900165,11.920450371214441,3700.0663446774174,99397570399259430000,1035862.4442166815
-25,56.1,45221.40699762944,554737756591.5602,1,30.106939964646177,11.892788135852774,3691.6974422053054,96692411280006500000,1028127.3968776347
-25,56.2,45231.7910779668,546993492906.316,1,30.248754720720594,11.865276343547942,3683.3774265035145,94011559897865500000,1020464.4506811887
-25,56.300000000000004,45242.3241186738,539213518673.3757,1,30.39089975533624,11.837914350876169,3675.106045300283,91356295946332210000,1012872.9750137633
-25,56.400000000000006,45253.004306090996,531400050164.5031,1,30.5333750723378,11.810701508567682,3666.8830453748183,88727883298497920000,1005352.3409580764
-25,56.5,45263.82984149549,523555374406.97577,1,30.676180669773412,11.78363716178355,3658.7081726310503,86127567789617500000,997901.9214439288
-25,56.6,45274.79894103948,515681848949.25555,1,30.819316547260442,11.756720650385837,3650.581172169569,83556574939649150000,990521.0913921703
-25,56.7,45285.90983567666,507781901402.90985,1,30.962782702147404,11.729951309202441,3642.501788357797,81016107624479600000,983209.2278532845
-25,56.800000000000004,45297.160771088675,499858028753.8023,1,31.10657913833724,11.70332846828583,3634.4697648983934,78507343705184470000,975965.7101398874
-25,56.900000000000006,45308.550007618964,491912796436.5151,1,31.250705854636205,11.676851453165318,3626.4848448959433,76031433625416380000,968789.9199528405
-25,57,45320.07582019456,483948837168.4874,1,31.395162852241675,11.650519585094235,3618.546770921942,73589497988165740000,961681.2415024802
-25,57.1,45331.73649825528,475968849539.4425,1,31.539950125609007,11.62433218129079,3610.655285078107,71182625123115940000,954639.0616237383
-25,57.2,45343.530345675536,467975596356.2497,1,31.685067680156116,11.598288555173717,3602.8101290580535,68811868657410120000,947662.7698863846
-25,57.300000000000004,45355.4556806786,459971902741.02466,1,31.830515514745088,11.572388016592779,3595.0110442073446,66478245101994490000,940751.7587004729
-25,57.400000000000006,45367.51083576586,451960653984.2649,1,31.9762936283452,11.54662987205265,3587.2577715819402,64182731466914950000,933905.4234157053
-25,57.5,45379.694157636724,443944793154.82117,1,32.12240202133628,11.521013424932057,3579.5500520051023,61926262918815420000,927123.1624164535
-25,57.6,45392.004007104784,435927318470.0654,1,32.26884069052548,11.495537975697703,3571.8876261227488,59709730494137400000,920404.3772122301
-25,57.7,45404.4387590196,427911280429.31555,1,32.415609637622545,11.470202822112578,3564.270234457301,57533978881151760000,913748.4725230862
-25,57.800000000000004,45416.996802167036,419899778716.8768,1,32.56270886824597,11.445007259440464,3556.6976174600545,55399804284499830000,907154.8563618822
-25,57.900000000000006,45429.676539205946,411895958879.239,1,32.710138375562636,11.419950580642864,3549.1695155620678,53307952384942560000,900622.9401098272
-25,58,45442.4763865741,403903008783.74426,1,32.85789816211116,11.395032076572978,3541.685669223642,51259116407237894000,894152.1385897194
-25,58.1,45455.39477439411,395924154863.54205,1,33.00598822479393,11.370251036164737,3534.245818982395,49253935307802665000,887741.8701350648
-25,58.2,45468.43014640361,387962658156.63477,1,33.154408565444385,11.345606746615319,3526.8497054999407,47292992093953065000,881391.5566536658
-25,58.300000000000004,45481.580959853716,380021810141.77216,1,33.30315918463577,11.321098493565021,3519.4970696072287,45376812284557664000,875100.6236893139
-25,58.400000000000006,45494.84568542708,372104928374.5162,1,33.45224008279728,11.296725561271137,3512.1876523485557,43505862521470050000,868868.5004785294
-25,58.5,45508.22280714568,364215351918.7623,1,33.60165126043192,11.272487232777854,3504.9211950242607,41680549338604310000,862694.620004271
-25,58.6,45521.71082228329,356356436562.28033,1,33.75139271577344,11.248382790081378,3497.697439232162,39901218093620120000,856578.4190458844
-25,58.7,45535.308241277,348531549786.9604,1,33.90146445083704,11.224411514290637,3490.516126907729,38168152063096150000,850519.338225692
-25,58.800000000000004,45549.01358763501,340744065442.3743,1,34.051866466826176,11.200572685783857,3483.377000363029,36481571697817223000,844516.8220525077
-25,58.900000000000006,45562.825397842564,332997358032.22656,1,34.202598763590665,11.176865584361014,3476.2798023244754,34841634027894743000,838570.3189621245
-25,59,45576.74222128093,325294796468.0427,1,34.35366133658699,11.153289489391195,3469.2242759693922,33248432198827090000,832679.2813539183
-25,59.1,45590.762620131485,317639737064.7466,1,34.50505418698963,11.12984367995686,3462.2101649614287,31701995108347130000,826843.1656254119
-25,59.2,45604.88516927231,310035515445.6385,1,34.656777320480444,11.106527434994513,3455.237213484849,30202287100492370000,821061.4322043644
-25,59.300000000000004,45619.10845619533,302485436883.2611,1,34.80883073327709,11.083340033430048,3448.305166277689,28749207657687986000,815333.545576911
-25,59.400000000000006,45633.43108092155,294992764434.26825,1,34.961214426678104,11.060280754310401,3441.4137686638533,27342591016339600000,809658.9743131889
-25,59.5,45647.85165589955,287560704032.0238,1,35.11392839983726,11.037348876932453,3434.562766584146,25982205617692963000,804037.1910913097
-25,59.6,45662.36880591512,280192385509.1737,1,35.26697265112788,11.014543680967485,3427.751906626263,24667753299424940000,798467.6727182476
-25,59.7,45676.98116799258,272890838358.5317,1,35.42034718621882,10.991864446582518,3420.9809360537647,23398868138188110000,792949.900148772
-25,59.800000000000004,45691.687391313724,265658960958.86426,1,35.574052001317305,10.96931045455691,3414.2496028340465,22175114876471525000,787483.3585011195
-25,59.900000000000006,45706.48613711074,258499482059.49567,1,35.728087099197054,10.946880986397172,3407.5576556653605,20995986915351370000,782067.5370718789
-25,60,45721.376078587025,251414913593.42688,1,35.88245247484661,10.924575324446522,3400.904844002855,19860903930432350000,776701.9293472052
-25,60.1,45736.35590081476,244407494463.47952,1,36.03714813302599,10.902392751992581,3394.290918083712,18769209276364354000,771386.0330132706
-25,60.2,45751.42430064548,237479125848.60895,1,36.192174073778986,10.880332553370964,3387.715628951359,17720167477756015000,766119.3499639907
-25,60.300000000000004,45766.57998661511,230631299837.60513,1,36.34753029754453,10.85839401406599,3381.1787284788,16712962252913007000,760901.3863072029
-25,60.400000000000006,45781.821678854525,223865024754.2954,1,36.50321680368777,10.836576420807868,3374.6799693910684,15746695660539384000,755731.6523686711
-25,60.5,45797.14810898993,217180752274.15234,1,36.659233591396344,10.8148790616675,3368.2191052868448,14820389073526452000,750609.6626949178
-25,60.6,45812.55802006461,210578313140.81165,1,36.81558066483909,10.793301226146877,3361.795890659231,13932986738033710000,745534.9360532187
-25,60.7,45828.05016642623,204056869698.85706,1,36.9722580211613,10.771842205268726,3355.4100809157367,13083362640971061000,740506.9954318076
-25,60.800000000000004,45843.62331365142,197614894259.90186,1,37.12926566403852,10.750501291660905,3349.0614323974432,12270331262793560000,735525.3680365771
-25,60.900000000000006,45859.27623844519,191250182215.24445,1,37.28660359035352,10.729277779639576,3342.7497023974274,11492662525893251000,730589.5852875909
-25,61,45875.00772855058,184959907581.47937,1,37.444271800917974,10.708170965288977,3336.47464917841,10749100871432150000,725699.1828136597
-25,61.1,45890.81658266112,178740726229.82678,1,37.60227029778961,10.687180146538333,3330.2360319896784,10038387939422812000,720853.7004454134
-25,61.2,45906.70161032025,172588928499.35492,1,37.76059908088167,10.666304623236957,3324.0336110832964,9359287837960032000,716052.6822077145
-25,61.300000000000004,45922.66163183842,167059349616.2455,1,37.91925814960574,10.645543697225625,3317.8671477295948,8769170446374890000,711295.6763099353
-25,61.400000000000006,45938.69547819998,161848890358.07443,1,38.07824750525359,10.62489667240616,3311.736404231998,8230692777929992000,706582.2351355823
-25,61.5,45954.80199096911,156671810608.65286,1,38.2375671464319,10.604362854808558,3305.641143941178,7712561921468419000,701911.9152307812
-25,61.6,45970.98002220597,151526238888.0245,1,38.39721707384509,10.583941552655109,3299.581131268552,7214273884433782000,697284.2772912153
-25,61.7,45987.228434373625,146410709718.81143,1,38.55719729184315,10.563632076422758,3293.5561316991566,6735388183256448000,692698.8861484709
-25,61.800000000000004,46003.546100243926,141324305581.68875,1,38.71750779611459,10.543435111922284,3287.5659118039016,6275533601017638000,688157.0710218361
-25,61.900000000000006,46019.93190319184,136266786775.39511,1,38.87814858808316,10.52335346036444,3281.6102090307227,5834410327939729000,683662.934688784
-25,62,46036.384738454595,131238710924.09924,1,39.03911967148661,10.503381136547468,3275.688683833082,5411788940439978000,679209.6057719622
-25,62.1,46052.90351263527,126241522858.17451,1,39.200421046910726,10.483517465018446,3269.8011076454673,5007504964763610000,674796.6677632908
-25,62.2,46069.48714224249,121277615623.92584,1,39.36205271235028,10.463761772848269,3263.947253025373,4621449787995587000,670423.7081864353
-25,62.300000000000004,46086.13455360383,116350357976.11777,1,39.52401466562112,10.444113389679636,3258.126893662429,4253558269373320700,666090.3185773655
-25,62.400000000000006,46102.84468277078,111464086420.70709,1,39.68630691257786,10.424571647773593,3252.339804387006,3903793715339126000,661796.0944645816
-25,62.5,46119.61647543684,106624061768.00679,1,39.848929451081396,10.405135882053383,3246.5857611783026,3572131056883672000,657540.6353480808
-25,62.6,46136.44888686482,101836391983.79262,1,40.01188228184664,10.385805430145952,3240.864541171962,3258539178698694700,653323.5446772897
-25,62.7,46153.34088177513,97107924761.39488,1,40.175165407807775,10.366579632424012,3235.1759226672157,2962963388757838000,649144.4298301655
-25,62.800000000000004,46170.29143428244,92446114581.09422,1,40.338778826908886,10.347457832043402,3229.5196851335386,2685308983474320000,645002.9020895393
-25,62.900000000000006,46187.2995278053,87858870009.31294,1,40.50272254000952,10.328439374980444,3223.895609216878,2425426763798531600,640898.5766201853
-25,63,46204.36415498331,83354387588.23969,1,40.66699655063486,10.309523610067155,3218.3034767454333,2183101203372053000,636831.0724450332
-25,63.1,46221.484317584895,78940978875.19125,1,40.831600853269784,10.29070988902543,3212.7430707350168,1958041776862080000,632800.0124213459
-25,63.2,46238.65902644489,74626897044.51073,1,40.99653545299978,10.271997566497843,3207.2141753939813,1749877743117971000,628805.0232151498
-25,63.300000000000004,46255.88730135467,70420169007.58928,1,41.1618003470132,10.253386000079809,3201.7165761277784,1558156461536724000,624845.7352773378
-25,63.400000000000006,46273.16817100812,66328438306.25144,1,41.32739554107204,10.23487455034686,3196.250059543082,1382345117624334300,620921.7828169783
-25,63.5,46290.50067289546,62358823159.03541,1,41.49332103610453,10.216462580883638,3190.8144134515737,1221835558452364000,617032.8037765098
-25,63.6,46307.8838532418,58517793060.04279,1,41.65957682634857,10.198149458308782,3185.409426873322,1075951800116588000,613178.4398047061
-25,63.7,46325.31676691957,54811066312.97288,1,41.826162915590196,10.179934552300008,3180.0348900398285,943959672786930800,609358.3362304607
-25,63.800000000000004,46342.79847736657,51243529882.592865,1,41.9930793059807,10.161817235617539,3174.6905943967167,825078015634690000,605572.1420360605
-25,63.900000000000006,46360.32805650961,47819182015.0919,1,42.16032599989465,10.143796884125868,3169.3763326060766,718490821804113400,601819.5098299538
-25,64,46377.90458468441,44541097246.55787,1,42.32790299532139,10.125872876814501,3164.091898548487,623359757363502600,598100.0958194654
-25,64.10000000000001,46395.52715056017,41411412713.90357,1,42.49581029521804,10.1080445958172,3158.837087324715,538836531092279700,594413.559783112
-25,64.2,46413.1948510604,38431334115.78132,1,42.66404789616382,10.090311426430247,3153.6116952571147,464074666035765000,590759.5650428672
-25,64.3,46430.90679128934,35601159246.297455,1,42.83261579894773,10.072672757129228,3148.4155198907115,398240310942450240,587137.7784360612
-25,64.4,46448.66208444722,32920316737.261497,1,43.001514007270075,10.055127979585311,3143.2483599940088,340521822438892700,583547.870287555
-25,64.5,46466.459851758555,30387417485.747684,1,43.17074252129726,10.03767648867972,3138.1100155595077,290137940571110300,579989.5143812763
-25,64.60000000000001,46484.299222403206,28000316197.242847,1,43.340301343951104,10.020317682516907,3133.0002878039422,246344465885464200,576462.3879315262
-25,64.7,46502.17933343258,25756180524.623074,1,43.51019046902726,10.003050962437648,3127.9189791682734,208439421764021020,572966.171554799
-25,64.8,46520.099329702556,23651565409.405495,1,43.68040990451151,9.985875733030076,3122.8658933174006,175766748842891940,569500.5492408368
-25,64.9,46538.05836379342,21682490418.49402,1,43.850959645600966,9.968791402140539,3117.840835139644,147718627972080540,566065.2083241572
-25,65,46556.05559594277,19844518096.761177,1,44.02183969738589,9.951797380882772,3112.843610745977,123736564235845180,562659.8394550106
-25,65.10000000000001,46574.090193968266,18132831609.19465,1,44.193050057916864,9.934893083646687,3107.874027469029,103311387885980460,559284.1365707081
-25,65.2,46592.161333203316,16542310211.714657,1,44.36459072954455,9.91807792810556,3102.9318938618535,85982340031568370,555937.7968664252
-25,65.3,46610.26819641236,15067601354.683765,1,44.536461713804876,9.90135133522354,3098.0170196964964,71335413324320824,552620.5207667849
-25,65.4,46628.409973731264,13703188480.32111,1,44.708663010122535,9.884712729260825,3093.1292159623354,59001112617332410,549332.0118964864
-25,65.5,46646.58586259838,12443453814.760706,1,44.88119462155742,9.86816153777861,3088.2682948642214,48651789533889820,546071.9770513125
-25,65.60000000000001,46664.795067677274,11282735675.457003,1,45.05405654678679,9.851697191643712,3083.4340698204296,39998689886081830,542840.1261694818
-25,65.7,46683.03680079244,10215380009.104855,1,45.227248784679674,9.835319125031669,3078.626355460411,32788835484859060,539636.1723025559
-25,65.8,46701.31028085947,9235786044.643694,0,1.9252699393067925,9.819026775429434,3073.844967622367,26801843441090400,536459.8315865991
-25,65.9,46719.61473381799,8338446088.687571,0,1.6423004486215718,9.802819583637177,3069.0897233506366,21846767628542308,533310.8232133014
-25,66,46737.94939256273,7517979607.983076,0,1.5029355707051455,9.786696993769535,3064.3604408929305,17759029378934828,530188.869401252
-25,66.10000000000001,46756.3134968793,6769161836.8199,0,1.4358096784361893,9.770658453255862,3059.656939697373,14397488276052748,527093.6953671055
-25,66.2,46774.7062933743,6086947218.214932,0,1.51765087101913,9.75470341284021,3054.979040409415,11641689467699732,524025.0292970586
-25,66.3,46793.12703541946,5466488038.794722,0,0.4963516128860541,9.738831326579843,3050.3265648685656,9389311408981154,520982.6023179171
-25,66.4,46811.57498306967,4903148651.182349,0,0.4056108425487513,9.723041651844643,3045.6993361049986,7553827434728324,517966.1484692007
-25,66.5,46830.04940301366,4392515696.247436,0,0.8685505123438679,9.707333849314082,3041.097178336001,6062385973209540,514975.4046741986
-25,66.60000000000001,46848.54956850223,3930404743.9643183,0,0.979797708915943,9.691707382974855,3036.5199169622883,4853907430164756,512010.11071194836
-25,66.7,46867.07475928869,3512863767.716968,0,1.099406055928851,9.676161720117337,3031.9673785641953,3877390611880592,509070.00918891304
-25,66.8,46885.62426156737,3136173854.779544,0,0.9811830059692487,9.660696331331568,3027.4393908977277,3090417815787731,506154.84551085863
-25,66.9,46904.19736790564,2796847537.609773,0,0.8429996804164092,9.645310690503102,3022.935782890501,2457845186197139.5,503264.3678550962
-25,67,46922.7933771871,2491625107.7635164,0,0.6427556175838917,9.630004274807739,3018.4563846375586,1950663402601049.5,500398.3271424925
-25,67.10000000000001,46941.4115945464,2217469248.5898976,0,0.46176077153546036,9.614776564706254,3014.0010273970815,1545013044819511,497556.4770099208
-25,67.2,46960.05133131426,1971558294.9726272,0,0.35898400236033007,9.599627043938073,3009.569543585981,1221338885400404,494738.57378250436
-25,67.3,46978.71190495044,1751278400.0489414,0,0.35957937933025075,9.584555199515195,3005.1617667753976,963667741443888.3,491944.3764464645
-25,67.4,46997.39263899345,1554214860.057635,0,0.38836658639490235,9.569560521714747,3000.777531686093,758995241154596.1,489173.6466215403
-25,67.5,47016.092862990685,1378141829.2819772,0,0.6333681129035588,9.555208967285408,2996.4166741837576,596766956848271.4,486456.5036205577
-25,67.60000000000001,47034.81191877369,1221014061.3162045,0,0.19920168010367967,9.541022359602167,2992.0784974413677,468444635213381.25,483766.68824814964
-25,67.7,47053.54916131683,1080956795.9231694,0,0.4049203305466154,9.526908009887645,2987.7627601338077,367141612856061.25,481098.991606341
-25,67.8,47072.30395222921,956255587.1825507,0,0.36307655508553827,9.512865435571978,2983.469309192928,287319373133849.6,478453.19551316166
-25,67.9,47091.07565867528,845346193.0043586,0,0.5181770363056554,9.498894157326404,2979.197992604321,224536082525539.53,475829.08414410957
-25,68,47109.86365331989,746804589.0519614,0,0.5048786978318026,9.484993699050202,2974.948659402514,175239051925573.13,473226.4440076256
-25,68.10000000000001,47128.667314272374,659337198.6345667,0,0.5124489631730222,9.471163587857381,2970.7211596660936,136594148770301.72,470645.0639207811
-25,68.2,47147.4860250419,581771410.727048,0,0.5461823263693263,9.457403354062972,2966.515344512776,106346129881246.27,468084.7349848015
-25,68.3,47166.319174473174,513046441.8105104,0,0.45202953937399054,9.443712531169457,2962.331066094418,82704720599710.45,465545.2505613876
-25,68.4,47185.16615671478,452204583.21867853,0,0.3609574935381771,9.430090655852398,2958.168177591976,64252030726927.93,463026.40624824056
-25,68.5,47204.02637114469,398382863.8581993,0,0.2384633485958496,9.416537267946705,2954.0265332104245,49867573623248.12,460527.99985605996
-25,68.60000000000001,47222.89922234323,350805148.1822954,0,0.21083924015181235,9.403051910431797,2949.905988173611,38667745830308.94,458049.83138432726
-25,68.7,47241.784120026045,308774680.95924795,0,0.19433323798415808,9.389634129417377,2945.8063987190844,29957136772171.87,455591.7029984758
-25,68.8,47260.68047900405,271667083.43711704,0,0.338433095600928,9.376283474128547,2941.727622092872,23189478363067.387,453153.41900645103
-25,68.9,47279.587719133124,238923799.77083313,0,0.08270481022641685,9.362999496890913,2937.669516544216,17936420005310.85,450734.78583578474
-25,69,47298.50526526291,210045987.9148075,0,0.23213657876162838,9.349781753115622,2933.6319413202764,13862632810679.953,448335.6120108824
-25,69.10000000000001,47317.43254719488,184588845.39414415,0,0.2636584464444842,9.336629801284069,2929.6147566608056,10706014950476.99,445955.7081302531
-25,69.2,47336.36899962369,162156357.3673733,0,0.3730725422704107,9.323543202932772,2925.6178237927734,8261994447799.261,443594.8868444135
-25,69.3,47355.31406210922,142396452.0274343,0,0.4146947774923846,9.310521522637575,2921.641004924981,6371112530065.487,441252.96283311973
-25,69.4,47374.26717900857,124996546.58056517,0,0.4296144237783402,9.297564327998488,2917.684163242637,4909225346095.512,438929.7527839501
-25,69.5,47393.22779944446,109679465.69316666,0,0.41931805506289455,9.28467118962371,2913.747162901904,3779789298905.83,436625.0753700413
-25,69.60000000000001,47412.19537725672,96199713.32626037,0,0.3785081645017517,9.271841681113916,2909.829869024433,2907799748308.3203,434338.7512285159
-25,69.7,47431.169370954856,84340078.24051943,0,0.378374286678621,9.259075379046402,2905.9321476918676,2235038137262.3613,432070.6029390929
-25,69.8,47450.149243676104,73908553.0837654,0,0.34351465706175877,9.246371862959036,2902.0538659403264,1716351916050.5176,429820.45500272565
-25,69.9,47469.13446313515,64735546.836157575,0,0.21870995256178904,9.233730715334303,2898.194891754875,1316747737497.26,427588.13382069237
-25,70,47488.12450159062,56671370.4550165,0,0.24732197795578903,9.221151521582975,2894.3550940639743,1009123614247.3329,425373.4676734201
-25,70.10000000000001,47507.11883579381,49583975.801283576,0,0.1968563461785302,9.208633870027995,2890.534342733918,772502036164.0181,423176.2867000093
-25,70.2,47526.11694694776,43356928.32596297,0,0.34536290167297357,9.196177351888164,2886.732508563254,590655091440.432,420996.4228776581
-25,70.3,47545.11832066439,37887594.52937866,0,0.3920648469894278,9.183781561261787,2882.9494632772025,451035789993.24084,418833.71000137064
-25,70.4,47564.12244691886,33085525.86284048,0,0.22503294676257948,9.171446095110294,2879.1850795220494,343948185275.5138,416687.98366391484
-25,70.5,47583.12882002443,28871021.505011782,0,0.23304321217217108,9.15917055324147,2875.439230859541,261903462076.43625,414559.0812354506
-25,70.60000000000001,47602.13693856541,25173853.29680961,0,0.16466806516643223,9.146954538293432,2871.7117917612823,199120664478.1492,412446.8418444781
-25,70.7,47621.14630537573,21932137.045232702,0,0.19370474437745847,9.13479765571766,2868.002637603103,151139799179.8016,410351.1063577611
-25,70.8,47640.15642749425,19091335.38651529,0,0.2532746011635938,9.122699513762518,2864.3116446594436,114522165961.04326,408271.71736108285
-25,70.9,47659.16681611724,16603378.416525813,0,0.2572323979945857,9.110659723456715,2860.6386900977277,86618342994.15176,406208.51914026187
-25,71,47678.17698657047,14425889.334802039,0,0.33367961975400917,9.098677898592465,2856.9836519727373,65388613918.318535,404161.3576618641
-25,71.10000000000001,47697.186458262615,12521503.386499684,0,0.29639575504639065,9.086753655708902,2853.3464092209833,49264024725.12842,402130.08055459673
-25,71.2,47716.19475463871,10857269.413948592,0,0.20379273373306273,9.074886614075535,2849.7268416550833,37038907491.77059,400114.53709089424
-25,71.3,47735.20140316337,9404124.32720515,0,0.242591568975511,9.0630763956751,2846.1248299581293,27787767922.64831,398114.5781679338
-25,71.4,47754.20593526121,8136431.762398989,0,0.24449753122514023,9.051322625187249,2842.5402556780805,20801033428.130344,396130.0562899515
-25,71.5,47773.20788629074,7031577.106219223,0,0.3669287298127159,9.039624929971582,2838.97300122214,15535399501.727629,394160.8255498939
-25,71.60000000000001,47792.20679550059,6069611.919223841,0,0.38157372367160575,9.027982940051002,2835.422949851141,11575474077.505512,392206.7416117102
-25,71.7,47811.202206000686,5232941.582277761,0,0.21753612948134562,9.01639628809485,2831.889985673952,8604164640.339128,390267.6616924584
-25,71.8,47830.19366472401,4506050.719174788,0,0.17531356868535772,9.004864609402166,2828.373993641874,6379829764.315556,388343.44454485254
-25,71.9,47849.18072237726,3875261.6112873154,0,0.1373104102021596,8.99338754188522,2824.8748595430616,4718663321.023622,386433.9504402646
-25,72,47868.16293342039,3328521.4186242823,0,0.17344277644302156,8.981964726052471,2821.392469996934,3481125261.3073816,384539.04115119326
-25,72.10000000000001,47887.13985602651,2855214.5577282947,0,0.2071338591008675,8.970595804991975,2817.9267124486164,2561500455.6062927,382658.5799344252
-25,72.2,47906.11105204187,2445997.062856181,0,0.2512811174398155,8.959280424354748,2814.477475163381,1879874259.7579234,380792.4315143616
-25,72.3,47925.076086962596,2092650.1773357578,0,0.3197703915012894,8.948018232337896,2811.0446472210992,1375973937.8874786,378940.4620661383
-25,72.4,47944.034529883415,1787950.7898541854,0,0.2408698807015565,8.936808879668268,2807.6281185107187,1004449395.6946898,377102.53919959906
-25,72.5,47962.98595348187,1525556.6519523223,0,0.16298861785254412,8.925652019585481,2804.227779724736,731263031.908916,375278.5319425935
-25,72.60000000000001,47981.92993396614,1299904.5908939112,0,0.1639536597624016,8.914547307825684,2800.8435223537044,530933213.21869266,373468.31072534877
-25,72.7,48000.86605106015,1106120.1454109827,0,0.21402998829859415,8.903509600160856,2797.4752386807354,384433781.0132738,371672.34558930673
-25,72.8,48019.79388807714,939936.9107085385,0,0.32192676840358886,8.892839846988549,2794.1228111950813,277596731.12155735,369902.31812582037
-25,72.9,48038.713034442626,797626.0836522457,0,0.3082076218343566,8.882219522809606,2790.7859142576294,199901307.2787984,368145.47518601076
-25,73,48057.623085481115,675932.8676507337,0,0.18542513628319207,8.871648301207069,2787.4644453084443,143556899.0085934,366401.6958105774
-25,73.10000000000001,48076.52363982517,572020.1319357023,0,0.14243194783295562,8.861125858126007,2784.1583025297396,102810996.02051324,364670.86031880206
-25,73.2,48095.414299366996,483418.35161035333,0,0.18481479293995826,8.850651871857128,2780.867384840726,73428254.6216344,362952.85029452806
-25,73.3,48114.294669241644,407981.1497759294,0,0.2038847140351792,8.840226023020415,2777.5915918924707,52299451.48675001,361247.5485715864
-25,73.4,48133.16435779445,343845.8407303775,0,0.25538588152067976,8.829847994548812,2774.3308240627703,37148774.34694204,359554.83921972965
-25,73.5,48152.02297654189,289398.44086044276,0,0.2665726296850659,8.819517471672002,2771.084982451056,26315359.837892782,357874.607530885
-25,73.60000000000001,48170.870140153915,243242.67226366323,0,0.3228121088347178,8.80923414190023,2767.853968873309,18590731.167717915,356206.7400050874
-25,73.7,48189.70546642039,204172.53488429697,0,0.2631187423339389,8.79899769500818,2764.6376858569956,13098198.88202356,354551.1243369177
-25,73.8,48208.52857621387,171148.06785031836,0,0.17089874921660306,8.788807823018939,2761.436036636028,9203667.914551726,352907.6494021871
-25,73.9,48227.339093477465,143273.95907930378,0,0.14879453750124982,8.778664220188006,2758.248925145742,6449877.446024322,351276.2052442149
-25,74,48246.136645181105,119780.6975868754,0,0.15434163632182063,8.768566582987392,2755.0762560178973,4508069.625875217,349656.6830609678
-25,74.10000000000001,48264.9208613066,100007.9928751624,0,0.2503595545963225,8.758514610089774,2751.9179345757025,3142580.1384963794,348048.9751917125
-25,74.2,48283.69137480389,83390.21362199917,0,0.2545282133458215,8.748508002352725,2748.773866828858,2184978.217109498,346452.97510444926
-25,74.3,48302.4478215836,69443.62251165819,0,0.1686350142111208,8.738546462802988,2745.6439594686162,1515240.8641657184,344868.5773827128
-25,74.4,48321.18984047696,57755.205925481314,0,0.174693827713636,8.728629696620882,2742.5281198628804,1048091.5322790851,343295.677713226
-25,74.5,48339.91707320511,47972.91772089977,0,0.2204938957458125,8.718757411124727,2739.4262560513134,723118.0549044362,341734.1728734958
-25,74.60000000000001,48358.62916436326,39797.17433082835,0,0.25305321415291177,8.708929315755361,2736.3382767404696,497647.02703817096,340183.9607192384
-25,74.7,48377.32576138899,32973.454884496045,0,0.28771868435987347,8.699145122060736,2733.2640912989586,341622.01248936047,338644.94017229165
-25,74.8,48396.00651453808,27285.875813391198,0,0.3034527574671542,8.68940454368059,2730.203609752626,233933.67060697265,337117.01120850607
-25,74.9,48414.67107686028,22551.621984646412,0,0.33523642222181216,8.679707296331188,2727.156742779761,159798.42896304396,335600.07484578487
-25,75,48433.31910416111,18616.130237864432,0,0.26659874155049607,8.670053097790143,2724.123401706327,108891.94524867734,334094.0331325546
-25,75.10000000000001,48451.95025499631,15348.931627267215,0,0.1913950314972011,8.660441667881322,2721.1034985012184,74024.1180813025,332598.78913568915
-25,75.2,48470.5641906308,12640.069297405465,0,0.12558716403789053,8.65087272845982,2718.096945771539,50201.402308770026,331114.24692931934
-25,75.3,48489.16057502758,10397.018730697637,0,0.14307367814495953,8.641346003397013,2715.103656757908,33965.23249122784,329640.3115831499
-25,75.4,48507.73907481134,8542.044393683302,0,0.20333080291264655,8.631861218565717,2712.123545329794,22926.649270993694,328176.88915144565
-25,75.5,48526.299359245226,7009.936041920034,0,0.29219737156540027,8.622418101825389,2709.1565259808663,15439.920149197855,326723.88666186377
-25,75.60000000000001,48544.84110021312,5746.0734353892785,0,0.20283511962544862,8.613016383007427,2706.2025138243775,10374.311474745766,325281.21210432105
-25,75.7,48563.36397219729,4704.775071124074,0,0.15426021997556544,8.603655793900558,2703.261424588571,6954.960525427765,323848.7744200807
-25,75.8,48581.86765224021,3847.891887974655,0,0.0910699298148859,8.5943360682363,2700.333174612114,4652.245899301346,322426.4834912889
-25,75.9,48600.351819942705,3143.6118453704294,0,0.15670318264553382,8.585056941674495,2697.41768083955,3105.0941430409284,321014.25012991176
-25,76,48618.816157419235,2565.4456364539533,0,0.16376887121889952,8.575818151788969,2694.5148608167956,2067.96208107457,319611.98606765486
-25,76.10000000000001,48637.26034929324,2091.3676817382498,0,0.2317576864492279,8.566619438053198,2691.624632686636,1374.2879037971109,318219.6039452088
-25,76.2,48655.68408266548,1703.0894985900502,0,0.2646392999870049,8.557460541826131,2688.7469151842697,911.3640243672303,316837.0173021624
-25,76.3,48674.0870470861,1385.4470767656744,0,0.1753676816486586,8.54834120633807,2685.8816276328744,603.1104038077813,315464.14056696155
-25,76.4,48692.46893454529,1125.8840714456362,0,0.17484166963757874,8.53926117667662,2683.028689939188,398.2944811984531,314100.8890466167
-25,76.5,48710.829439449124,914.017692384367,0,0.13383742909375004,8.530220199772723,2680.1880225891264,262.49808750211787,312747.1789168342
-25,76.60000000000001,48729.168258585036,741.2737974305212,0,0.08498738549506582,8.521218024386819,2677.359546643431,172.65304285397272,311402.92721246294
-25,76.7,48747.48509111442,600.5813068443819,0,0.18295184668982623,8.512254401095035,2674.543183733329,113.33408955178614,310068.0518175311
-25,76.80000000000001,48765.77963854838,486.1161048806179,0,0.30433507596504533,8.503329082275497,2671.7388560562367,74.25008542419282,308742.47145572834
-25,76.9,48784.05160471797,393.08758059607084,0,0.17392200276091604,8.494441822094712,2668.946486371477,48.55070988878,307426.10568111046
-25,77,48802.30069576483,317.5599930452078,0,0.10042702897292075,8.485592376494026,2666.165997996025,31.686079422194847,306118.8748685183
-25,77.10000000000001,48820.526620116085,256.30397829532177,0,0.03746446647783969,8.476780503176187,2663.397314800288,20.640852645991092,304820.7002044249
-25,77.2,48838.72908846382,206.6732148391801,0,0.11023190519143398,8.468005961591983,2660.6403612039057,13.421013988852918,303531.50367779605
-25,77.30000000000001,48856.907813740894,166.50155125089964,0,0.12543432961210457,8.45926851292697,2657.8950621715812,8.710709032530502,302251.2080711404
-25,77.4,48875.06251110416,134.01824953375308,0,0.19052520603138454,8.450567920088274,2655.161343208931,5.64345181385375,300979.7369515121
-25,77.5,48893.19289792236,107.77724769288767,0,0.22273061931923938,8.441903947691475,2652.4391303583698,3.649817225911009,299717.0146615547
-25,77.60000000000001,48911.29869374167,86.59925825805968,0,0.14612403097327686,8.433276362047602,2649.7283501950174,2.356379757846277,298462.9663110567
-25,77.7,48929.37962028012,69.52341768364302,0,0.1667765777478753,8.424684931150198,2647.0289298226407,1.5187250825005003,297217.5177680819
-25,77.80000000000001,48947.435401396826,55.76791473547799,0,0.1368542769830156,8.416129424662456,2644.3407968696083,0.9772051573928794,295980.59565066476
-25,77.9,48965.4657630818,44.69713403356399,0,0.06083566552991437,8.407609613904455,2641.6638794848814,0.6277349269545462,294752.12731823453
-25,78,48983.47043343354,35.79512273448123,0,0.15630853429313127,8.399125271840482,2638.9981063340297,0.4025915457585131,293532.0408633648
-25,78.10000000000001,49001.44914264139,28.643331300552486,0,0.258395018481615,8.390676173066447,2636.343406595277,0.2577887682673218,292320.26460489386
-25,78.2,49019.40162296314,22.90252741728827,0,0.16303133698005207,8.382262093825352,2633.699709964362,0.16481007703007022,291116.7229274836
-25,78.30000000000001,49037.32760871202,18.298373496673896,0,0.136200806144714,8.373882812255989,2631.0669467326807,0.10520634060802671,289921.3518179061
-25,78.4,49055.2268362334,14.60876634182362,0,0.10241323107581018,8.36553810777032,2628.4450475916556,0.0670569852724528,288734.0822188451
-25,78.5,49073.09904388804,11.65456818009862,0,0.17695419461045536,8.357227761362402,2625.8339437298046,0.042678516270888305,287554.8457660389
-25,78.60000000000001,49090.94397204369,9.291066835861342,0,0.1803723594270096,8.348951555596232,2623.233566828917,0.02712364848147921,286383.57478036534
-25,78.7,49108.76136304345,7.4016284183931305,0,0.17808105178729006,8.34070927459365,2620.643849060257,0.01721359164422887,285220.20226044074
-25,78.80000000000001,49126.55096119642,5.8923831433764144,0,0.19859007831766634,8.332500704022337,2618.06472308079,0.010909350515861614,284064.66187491035
-25,78.9,49144.31251276564,4.687707015726702,0,0.16934186882038454,8.324325631083878,2615.496122029432,0.006904589434346547,282916.88795487914
-25,79,49162.04576593544,3.726850850251623,0,0.1279630668317269,8.316183844501932,2612.9379795233344,0.004364163009579764,281776.81548680214
-25,79.10000000000001,49179.75047080964,2.9610505032256094,0,0.08650552391036304,8.30807513451047,2610.3902296541883,0.0027549173131619694,280644.38010491844
-25,79.2,49197.42637939099,2.351037361583547,0,0.06488802769649014,8.299999292842097,2607.8528069845506,0.001736744773082262,279519.5180840962
-25,79.30000000000001,49215.07324556261,1.8656432493824806,0,0.07419950377661351,8.291956112716457,2605.3256465442096,0.001093639382404257,278402.16633275285
-25,79.4,49232.69082506746,1.4795456334069965,0,0.19090551363860359,8.283945388828739,2602.8086838265644,0.000687818207623434,277292.26238586754
-25,79.5,49250.278875499964,1.1726703506766216,0,0.06973224156778908,8.27596691733822,2600.3018547850315,0.00043208464042282486,276189.74439788924
-25,79.60000000000001,49267.83715628926,0.9288341041404017,0,0.11346651675270826,8.26802049585694,2597.8050958294843,0.00027107735853409704,275094.55113586853
-25,79.7,49285.36542867962,0.7353815715720288,0,0.15818959142639658,8.260105923438424,2595.3183438227093,0.00016991918787304808,274006.62197272026
-25,79.80000000000001,49302.86345570814,0.5818888466011941,0,0.22114623394386257,8.25222300056651,2592.8415360768945,0.00010638906809027017,272925.896880616
-25,79.9,49320.33100221399,0.4602144963581287,0,0.23798993703207974,8.244371529144214,2590.3746103501358,0.00006654838612870395,271852.3164239236
-25,80,49337.76783479191,0.36380412771702036,0,0.24474525723072346,8.236551312482757,2587.917504842983,0.0000415864820545581,270785.82175317267
-25,80.10000000000001,49355.173721797764,0.2873988646230074,0,0.24752485919620693,8.228762155290575,2585.4701581949903,0.000025952968232543253,269726.35459821887
-25,80.2,49372.54843332339,0.22693921450183552,0,0.23392455913022298,8.221003863662466,2583.0325094813074,0.000016182142958665226,268673.8572620011
-25,80.30000000000001,49389.8917411929,0.17914805768783315,0,0.20680035705962854,8.213276245068824,2580.6044982092926,0.000010084192949039017,267628.27261402924
-25,80.4,49407.20341893472,0.14133911863413282,0,0.17156596139660946,8.205579108344915,2578.1860643151476,0.000006276849222980933,266589.5440843385
-25,80.5,49424.48324177414,0.11149398021702416,0,0.11543906550139366,8.197912263680264,2575.77714816058,0.0000039058879300202214,265557.6156571928
-25,80.60000000000001,49441.73098661564,0.08783975242488805,0,0.033630489943695586,8.190275522608092,2573.3776905294867,0.000002424371360828275,264532.43186502246
-25,80.7,49458.94643203635,0.06922095817298876,0,0.0885052949020469,8.182668697994844,2570.987632624662,0.0000015055394923709307,263513.9377822548
-25,80.80000000000001,49476.12935826089,0.054527741029271166,0,0.20631210597307628,8.175091604029818,2568.606916064539,0.0000009342260031169724,262502.07901953405
-25,80.9,49493.27954715211,0.042908988735636,0,0.1768757167386245,8.167544056214833,2566.2354828799444,0.0000005785134995541498,261496.8017177396
-25,81,49510.396782202646,0.03376594464941191,0,0.14806578261282977,8.160025871353989,2563.87327551088,0.00000035824055360114035,260498.0525420712
-25,81.10000000000001,49527.48084851261,0.02658793329566572,0,0.19962456836299655,8.152536867543523,2561.5202368033365,0.00000022211919968317126,259505.77867642976
-25,81.2,49544.531532778405,0.02085458279202382,0,0.1935256356602303,8.145076864161695,2559.1763100061144,0.00000013665324557539304,258519.92781768413
-25,81.30000000000001,49561.548623284325,0.016473762386072923,0,0.14958240475935353,8.1376456818588,2556.841438767688,0.0000000852712312642307,257540.44816996812
-25,81.4,49578.53190988116,0.012888417175425115,0,0.15144224221800806,8.130243142547235,2554.515567133081,0.00000005219346251360189,256567.28843925116
-25,81.5,49595.481183982454,0.010184883127562636,0,0.14969074008393446,8.122869069391603,2552.1986395407607,0.000000032593352869387906,255600.39782768916
-25,81.60000000000001,49612.3962385403,0.008004832364173918,0,0.1879155238859264,8.11552328679899,2549.890600819581,0.000000020133599335982403,254639.72602838554
-25,81.7,49629.27686804347,0.0063493688213308724,0,0.1830104715766508,8.108205620409192,2547.5913961857123,0.000000012667124790252828,253685.22321984003
-25,81.80000000000001,49646.12286849879,0.0048010436557723865,0,0.11645876379174575,8.100915897085123,2545.300971239627,0.000000007242495748859463,252736.84006074656
-25,81.9,49662.93403741252,0.003818252394401693,0,0.1271593641377811,8.093653944903224,2543.019271963088,0.000000004580851407497436,251794.52768484713
-25,82,49679.71017379314,0.003020922712486812,0,0.13993990911780627,8.086419593143985,2540.7462447161683,0.000000002867452072577459,250858.23769551364
-25,82.10000000000001,49696.45107812621,0.0024018836908063002,0,0.2330181360165222,8.079212672282525,2538.481836234292,0.0000000018126789246164192,249927.92216083186
-25,82.2,49713.15655236505,0.001964342230840675,0,0.1817153709969286,8.072033013979235,2536.225993625297,0.0000000012124148468653106,249003.53360849776
-25,82.30000000000001,49729.82639992144,0.0015806214599849413,0,0.17137413380789582,8.064880451070525,2533.9786643665225,0.0000000007850054772604454,248085.02502077873
-25,82.4,49746.460425653495,0.0012348312251749918,0,0.18172351568975148,8.05775481755959,2531.739796301912,0.0000000004791065903432921,247172.34982957706
-25,82.5,49763.05843584612,0.0008976647827263988,0,0.1747503781619686,8.050655948607307,2529.5093376391515,0.00000000025318927978269033,246265.46191166647
-25,82.60000000000001,49779.62023821194,0.0007759687277218829,0,0.15416659573144853,8.043583680523158,2527.2872369468173,0.0000000001891931365247902,245364.3155836738
-25,82.7,49796.14564186707,0.0005640103786185599,0,0.13142261586661644,8.036537850756238,2525.0734431515525,0.00000000009995191754908159,244468.8655975095
-25,82.80000000000001,49812.63445732929,0.00048748606384899,0,0.15747714932827162,8.029518297886332,2522.8679055352604,0.00000000007466917420173901,243579.06713550366
-25,82.9,49829.08649650123,0.00042132424193726806,0,0.18871959035491356,8.022524861615073,2520.6705737323286,0.00000000005577631717053615,242694.87580583632
-25,83,49845.50157265458,0.00036412808042938203,0,0.19129884300449315,8.015557382757141,2518.481397726864,0.0000000000416605771556798,241816.24763800766
-25,83.10000000000001,49861.87950043753,0.000000000000000000000000000000000000000000002439279333408099,0,0.1430787010800611,8.00861570323155,2516.300327849953,0.0000000000000000000000000000000000000000000000000000000000000000000000000000000000000000000018695625996862287,240943.13907800312
-25,83.2,49878.220095835626,0.0000000000000000000000000000000000000000000007157091474587904,0,0.13746789987781327,8.001699666053009,2514.1273147769493,0.00000000000000000000000000000000000000000000000000000000000000000000000000000000000000000000016094966416667892,240075.5069842283
-25,83.30000000000001,49894.52317618299,0.00000000000000000000000000000000000000000000020928166131735033,0,0.12937749237084156,7.994809115323332,2511.962309524774,0.000000000000000000000000000000000000000000000000000000000000000000000000000000000000000000000013761928186966924,239213.30862273436
-25,83.4,49910.78856015019,0.00000000000000000000000000000000000000000000006099570927228223,0,0.22544851423291815,7.987943896222914,2509.8052634492365,0.0000000000000000000000000000000000000000000000000000000000000000000000000000000000000000000000011690026897409248,238356.5016628468
-25,83.5,49927.01606771536,0.000000000000000000000000000000000000000000000017721284255406488,0,0.19688872608968763,7.981103855002314,2507.656128242392,0.0000000000000000000000000000000000000000000000000000000000000000000000000000000000000000000000000986750426208211,237505.04417310227
-25,83.60000000000001,49943.205520174466,0.000000000000000000000000000000000000000000000005133028155564187,0,0.19999583914556185,7.974288838973837,2505.5148559298946,0.000000000000000000000000000000000000000000000000000000000000000000000000000000000000000000000000008278739778071023,236658.89461664806
-25,83.7,49959.35674011521,0.0000000000000000000000000000000000000000000000014824833914404455,0,0.2247730698334694,7.967498696503242,2503.3813988683937,0.0000000000000000000000000000000000000000000000000000000000000000000000000000000000000000000000000006905523572098925,235818.01184723567
-25,83.80000000000001,49975.46955142077,0.0000000000000000000000000000000000000000000000004269719533591946,0,0.2241077052353729,7.9607332770014825,2501.255709742937,0.00000000000000000000000000000000000000000000000000000000000000000000000000000000000000000000000000005728166532952301,234982.35510482875
-25,83.9,49991.54377924558,0.00000000000000000000000000000000000000000000000012264732332119367,0,0.19487972254669234,7.953992430916515,2499.1377415643988,0.000000000000000000000000000000000000000000000000000000000000000000000000000000000000000000000000000004726428451697249,234151.8840116664
-25,84,50007.579250012524,0.000000000000000000000000000000000000000000000000035141658606277596,0,0.17778260524002926,7.947276009725198,2497.0274476669315,0.00000000000000000000000000000000000000000000000000000000000000000000000000000000000000000000000000000038802655645417014,233326.63646063837
-25,84.10000000000001,50023.57579142135,0.000000000000000000000000000000000000000000000000010044965897553045,0,0.20703605957586824,7.940583861588624,2494.9247803428784,0.000000000000000000000000000000000000000000000000000000000000000000000000000000000000000000000000000000031703986343755813,232506.58020586838
-25,84.2,50039.53323244583,0.0000000000000000000000000000000000000000000000000028647953319344676,0,0.230025273836501,7.933915835257272,2492.8296920697676,0.0000000000000000000000000000000000000000000000000000000000000000000000000000000000000000000000000000000025787197092640847,231691.58837770234
-25,84.30000000000001,50055.45140331797,0.000000000000000000000000000000000000000000000000000815294762289726,0,0.21779147547969763,7.927271785349081,2490.742137168677,0.00000000000000000000000000000000000000000000000000000000000000000000000000000000000000000000000000000000020885565727643013,230881.62211409313
-25,84.4,50071.33013549913,0.0000000000000000000000000000000000000000000000000002315629906028383,0,0.20229550421749085,7.920651567478038,2488.6620702736427,0.000000000000000000000000000000000000000000000000000000000000000000000000000000000000000000000000000000000016848267084809316,230076.64291481557
-25,84.5,50087.169261659496,0.00000000000000000000000000000000000000000000000000006564696394650312,0,0.13379327105053146,7.914055038246373,2486.5894463292057,0.0000000000000000000000000000000000000000000000000000000000000000000000000000000000000000000000000000000000013540859442697951,229276.61263776929
-25,84.60000000000001,50102.96861568,0.000000000000000000000000000000000000000000000000000018578423009923412,0,0.09071653552364314,7.907482055236805,2484.5242205879763,0.00000000000000000000000000000000000000000000000000000000000000000000000000000000000000000000000000000000000010845126773356512,228481.49349500216
-25,84.7,50118.728032642044,0.000000000000000000000000000000000000000000000000000005249400922649762,0,0.1761957514438525,7.9009324770049,2482.466348608232,0.000000000000000000000000000000000000000000000000000000000000000000000000000000000000000000000000000000000000008658375676871628,227691.2480489618
-25,84.80000000000001,50134.4473488098,0.0000000000000000000000000000000000000000000000000000014810690146849822,0,0.23871829629261748,7.894406163071441,2480.4157862515203,0.0000000000000000000000000000000000000000000000000000000000000000000000000000000000000000000000000000000000000006892353302633861,226905.8392088954
-25,84.9,50150.126401627436,0.0000000000000000000000000000000000000000000000000000004173150364732239,0,0.17914217307804683,7.887902973914864,2478.3724896802837,0.00000000000000000000000000000000000000000000000000000000000000000000000000000000000000000000000000000000000000005471986351155883,226125.2302270738
-25,85,50165.765029708855,0.00000000000000000000000000000000000000000000000000000011744481367714792,0,0.09982564223075459,7.881422770963789,2476.336415355511,0.000000000000000000000000000000000000000000000000000000000000000000000000000000000000000000000000000000000000000004333957272627496,225349.38469518026
-40,0.1,90000,5371.855046530578,0,1.635527563452868,31.65133660847004,7691.6920095646055,9067.039533956395,411071.5342316562
-40,0.2,89874.48843713105,6494.005257111536,0,1.1982082094032656,31.651688274665627,7691.7774690856395,13250.80340569901,415695.0948198013
-40,0.30000000000000004,89748.97378481273,7831.450961891599,0,0.8735318316562634,31.652033438493074,7691.861348445504,19270.87368050333,420370.5154413354
-40,0.4,89623.456116708,9424.635498330903,0,1.141089582608628,31.652371952111885,7691.943611717009,27909.11494183665,425098.36743042065
-40,0.5,89497.93550810032,11321.532746180672,0,1.3706549883618027,31.652703664349115,7692.024222163138,40274.24363960946,429879.22800078907
-40,0.6000000000000001,89372.41203594487,13579.023487315622,0,0.32257180942463987,31.653028420624576,7692.103142218866,57936.73511541223,434713.6802905176
-40,0.7000000000000001,89246.88577890024,16264.524702203867,0,0.7005456315903472,31.65334606287462,7692.180333472644,83118.88175446476,439602.31340733665
-40,0.8,89121.35681736749,19457.9178461922,0,0.8747379930576065,31.653656429474047,7692.255756647418,118962.3869891914,444545.72247345274
-40,0.9,88995.82523352653,23253.9156776559,0,0.9026574868917637,31.653959355156434,7692.329371581269,169906.1603582815,449544.6151446558
-40,1,88870.29111138545,27767.477764111245,0,1.17436552866999,31.654254670768697,7692.401137167766,242264.51371187114,454602.6246169323
-40,1.1,88744.75453684106,33129.51720248834,0,1.4529603503350705,31.654542198634395,7692.471010229194,344863.43749836925,459717.30462208646
-40,1.2000000000000002,88619.21559772082,39497.502285092654,0,1.8709412056106778,31.654821761839365,7692.538947773079,490180.69664839417,464889.2759860388
-40,1.3,88493.67438380327,47057.88398724698,0,1.0294919139703576,31.655093179483664,7692.604905838349,695795.6805728846,470119.1657850701
-40,1.4000000000000001,88368.13098686375,56031.41436107638,0,0.589714661349754,31.655356266592463,7692.668839473683,986461.4300468524,475407.6073885861
-40,1.5,88242.5855007153,66679.44349451196,0,0.21066336774045258,31.655610834024998,7692.730702715382,1397014.3656634088,480755.24050164194
-40,1.6,88117.03802125342,79311.37606883082,0,0.1370882626431142,31.655856688381462,7692.790448564745,1976459.451981185,486162.7112068267
-40,1.7000000000000002,87991.4886465026,94293.1793377233,0,0.36883390612546246,31.656093631907915,7692.848028964956,2793685.39652605,491630.5614919039
-40,1.8,87865.93747667503,112053.42932487572,0,0.5532247290454735,31.656321462585183,7692.903394822694,3945183.823347613,497158.02159005555
-40,1.9000000000000001,87740.38461418822,133108.7425906334,0,0.21712464187766028,31.656539976282144,7692.956496531405,5567113.821917087,502747.25922883174
-40,2,87614.83016372286,158066.27972053597,0,0.23264861346862503,31.65674896171774,7693.007282747007,7850465.375264084,508398.94579844025
-40,2.1,87489.27423229441,187644.80951536665,0,0.30648142811369267,31.656948202859375,7693.055700970732,11063436.576806376,514113.7592580185
-40,2.2,87363.71692929417,222695.22878582627,0,0.26180932051384265,31.657137478817123,7693.101697523415,15582558.421090592,519892.3841739195
-40,2.3000000000000003,87238.15836654231,264224.84478074475,0,0.4743622217812881,31.657316563735566,7693.1452175192135,21936343.68814722,525735.5117566746
-40,2.4000000000000004,87112.59865836054,313426.099551611,0,0.6444740937976563,31.657485226683274,7693.186204838746,30866490.632903393,531643.8398962381
-40,2.5,86987.03792160656,371713.99316274986,0,0.885959459773729,31.657643231539964,7693.224602101671,43414495.608792484,537618.4049381748
-40,2.6,86861.47627574205,440792.7408485301,0,0.5136615251312255,31.65779033627049,7693.260350490257,61050019.42409115,543662.5080866043
-40,2.7,86735.91384292487,522617.6645294974,0,0.24989619333789712,31.6579262885763,7693.29338869263,85819327.81998073,549774.018673926
-40,2.8000000000000003,86610.35074806958,619532.8165338784,0,0.1932253766221024,31.65805083579478,7693.323655308447,120599517.5819148,555953.6628418047
-40,2.9000000000000004,86484.78711886797,734311.762380743,0,0.20941701028667364,31.658163719588647,7693.351087558341,169425161.6658051,562202.1735930843
-40,3,86359.22308585793,870235.4949906139,0,0.22747754576708729,31.65826467582006,7693.3756212533335,237952638.8431134,568520.2908211912
-40,3.1,86233.65878249239,1031184.1289306825,0,0.4098704525599866,31.658353434421937,7693.397190763565,334109926.75246674,574908.7613383002
-40,3.2,86108.09434518963,1221744.6906206207,0,0.21221642016692469,31.658429719266508,7693.415728986349,469005417.90911025,581368.3389031405
-40,3.3000000000000003,85982.52991342545,1445552.3727801621,0,0.16124005397917235,31.654849027147126,7693.431167313561,656575390.6415846,587842.478490914
-40,3.4000000000000004,85856.96562912967,1697071.2112358985,0,0.09146914644621328,31.62873181545865,7693.443463625622,904934345.1867193,594029.5828480228
-40,3.5,85731.40163267497,1991972.1723794646,0,0.17338249233493755,31.602645339792293,7693.452724637154,1246761759.2343645,600281.0822406792
-40,3.6,85605.83806339,2337655.905546268,0,0.1726333545392522,31.576589288861985,7693.458886036743,1717030891.985536,606597.6169233494
-40,3.7,85480.27506350819,2742760.9745037146,0,0.3386558297978213,31.5505633473831,7693.461882163953,2363702757.47194,612979.8324770735
-40,3.8000000000000003,85354.71277823113,3217363.6869604015,0,0.5800944525897946,31.52456719598571,7693.461645981479,3252499590.3968983,619428.3798178844
-40,3.9000000000000004,85229.1513557965,3773208.318326226,0,0.29220100593288184,31.49860051112685,7693.458109046731,4473407951.069943,625943.9152035767
-40,4,85103.59094752837,4423971.945746042,0,0.14093192163337878,31.47266296499724,7693.451201482874,6149526359.906904,632527.1002399955
-40,4.1000000000000005,84978.03170791827,5184285.401962083,0,0.10470091904729782,31.446764925010967,7693.440851949284,8444904505.741932,639166.4311839743
-40,4.2,84852.47379452828,6066416.583979923,0,0.19979886798170482,31.420945716381738,7693.426994083314,11563289514.54715,645816.5079281536
-40,4.3,84726.91736734752,7096424.463649685,0,0.2646885542194287,31.39515458991803,7693.409584957671,15823265225.501602,652534.7904179429
-40,4.4,84601.36258896533,8298510.042055286,0,0.3916026984389486,31.369391206136658,7693.3885502480025,21638003497.96981,659321.9398661881
-40,4.5,84475.80962532945,9700683.205943316,0,0.2770870509281986,31.34365522097542,7693.363814091821,29567975055.32246,666178.6225927321
-40,4.6000000000000005,84350.25864581484,11335327.23192753,0,0.23690158394616948,31.317946285696202,7693.3352990572785,40372446056.0279,673105.5100191493
-40,4.7,84224.7098232964,13239839.903470775,0,0.17929725841137373,31.292264046786777,7693.302926111354,55078538295.54744,680103.2786614642
-40,4.800000000000001,84099.16333421692,15457360.392209,0,0.14391119355030618,31.266608145859653,7693.26661458743,75073662631.2203,687172.6101212808
-40,4.9,83973.61935866904,18034295.290325608,0,0.06267934601391915,31.24102029225716,7693.226282152208,102191621870.37816,694299.6576000376
-40,5,83848.07808026299,21015625.568724595,0,0.19357700173547313,31.215615829427055,7693.1818531679555,138771915546.01627,701444.1541364697
-40,5.1000000000000005,83722.53968546912,24476553.336337548,0,0.40515858488019774,31.190236110590163,7693.133274431315,188242405616.0251,708660.8553438412
-40,5.2,83597.00436384697,28491122.548802532,0,0.4731167369307722,31.164880764697422,7693.080460103616,255056303042.18842,715950.442119974
-40,5.300000000000001,83471.47230883036,33144146.15812918,0,0.27508479837945604,31.139549415453427,7693.023322593302,345168066494.5339,723313.6001517308
-40,5.4,83345.94371780194,38532646.27911804,0,0.21313191063645748,31.11424168120805,7692.961772520965,466524665831.9736,730751.019892887
-40,5.5,83220.41879218351,44767465.52179588,0,0.20707214908830596,31.088957174849167,7692.8957186837615,629711978391.8593,738263.3965387769
-40,5.6000000000000005,83094.89773751423,51975066.53987899,0,0.15827697795218335,31.06369550369066,7692.825068019143,848803275697.239,745851.4299991968
-40,5.7,82969.38076353166,60286214.91531356,0,0.3449272467801126,31.038504800489005,7692.749725567891,1141965474207.341,753497.3045114845
-40,5.800000000000001,82843.86808399018,69826334.50250363,0,0.24033800855382578,31.013486183910192,7692.669606050722,1531988227787.4182,761161.8904475145
-40,5.9,82718.35991590004,80813818.71484633,0,0.1291035703009103,30.988488740956146,7692.584647814925,2052051221582.5264,768902.7088979658
-40,6,82592.85647983104,93455751.64479773,0,0.16905846967475732,30.963512064264407,7692.494751985277,2744283715151.5225,776720.4562255498
-40,6.1000000000000005,82467.3580008084,107986573.06843112,0,0.11044427926588514,30.938555740496362,7692.399817696105,3664008371056.478,784615.8331179234
-40,6.2,82341.86470841244,124671317.7959307,0,0.21582210831327295,30.91361935022072,7692.299742052389,4883711932963.674,792589.5445436762
-40,6.300000000000001,82216.37683686148,143809182.11090437,0,0.29074922979723694,30.88870246779128,7692.1944200901335,6498156574541.211,800642.2997064154
-40,6.4,82090.89462510124,165737442.2100618,0,0.40891883650940325,30.863804661223643,7692.08374473605,8630942102179.829,808774.8119954487
-40,6.5,81965.4183169147,190771779.0222537,0,0.5176970352582724,30.838941080901105,7691.967606766477,11435237746115.883,816965.5285858434
-40,6.6000000000000005,81839.94816065207,219192335.44743356,0,0.3169974581404914,30.81413660953176,7691.845909914006,15096200904734.656,825177.8735654099
-40,6.7,81714.4844083963,251612079.2038847,0,0.14550910302337983,30.789349921243275,7691.718581769195,19892066940279.99,833470.5123715764
-40,6.800000000000001,81589.02731635608,288552729.34805775,0,0.019295424812591652,30.764580565960596,7691.58550868903,26161781370657.71,841844.1520637103
-40,6.9,81463.57714585774,330597490.12897563,0,0.12718998038267273,30.73982808684998,7691.446574777033,34341245571835.1,850299.5033933321
-40,7,81338.13416345045,378397319.0107352,0,0.24510449579507199,30.715092020189818,7691.301661840173,44989694109304.02,858837.2807350125
-40,7.1000000000000005,81212.69864100311,432677693.7589245,0,0.16073965816010863,30.690371895237238,7691.1506493449915,58822834938464.06,867458.202014123
-40,7.2,81087.27085581515,494245897.4191168,0,0.18536626268207124,30.665667234094965,7690.9934143729815,76754365349757.34,876162.9886299383
-40,7.300000000000001,80961.85109072458,563873398.8830247,0,0.17848481721713697,30.64103412184838,7690.829831575194,99903373319559.38,884926.8353293798
-40,7.4,80836.4396337783,642321594.3954178,0,0.1520616506110387,30.616544586724732,7690.659791947478,129634914262804.95,893716.5164844118
-40,7.5,80711.03677731846,730925543.1604002,0,0.14778170158729156,30.592068689662923,7690.483209818257,167866183700688.5,902590.5818051023
-40,7.6000000000000005,80585.64281848166,830880824.2314522,0,0.19829515169207446,30.567605932979667,7690.299954810083,216917410379133.16,911549.7434458339
-40,7.7,80460.2580602644,943506212.1712301,0,0.3156511942031745,30.54315581135912,7690.109894000803,279709016917243.06,920594.7164234569
-40,7.800000000000001,80334.88281164691,1070253873.0451682,0,0.4215671576916694,30.51871781171266,7689.912891876012,359907216849807.75,929726.2185170231
-40,7.9,80209.51738770027,1212720037.1580365,0,0.24241764424107692,30.49429141303296,7689.70881028074,462102209898774.5,938944.9701643076
-40,8,80084.16210972052,1372656107.651531,0,0.09786334999913669,30.469876086250423,7689.497508370319,592025526286494,948251.6943516941
-40,8.1,79958.81730532367,1551593727.402291,0,0.07722101675809738,30.44553363925897,7689.278842560432,756437358443677.5,957617.5852926896
-40,8.200000000000001,79833.48330805264,1751036521.1035323,0,0.1528406992711487,30.421328273574737,7689.052690054917,963401564643824.8,967011.3908427316
-40,8.3,79708.16045634262,1973930088.6733935,0,0.26597454524495134,30.397132023254166,7688.81895171525,1224279205544546,976493.5973539769
-40,8.4,79582.8490941124,2222713311.186774,0,0.24092890994563881,30.372944336786187,7688.5774783445,1552329245890699.5,986064.9141874957
-40,8.5,79457.54957199655,2500033806.4835753,0,0.2451359642727583,30.34876465408707,7688.328117882933,1963851757726301,995726.0524945303
-40,8.6,79332.26224745158,2808759365.376646,0,0.25850034398505006,30.32459240634228,7688.070715355948,2478825790043669,1005477.7250821543
-40,8.700000000000001,79206.98748490587,3151988990.5605335,0,0.2114044189675436,30.30042701585371,7687.805112821208,3121665198311945.5,1015320.646270176
-40,8.8,79081.72565587051,3533063314.7413425,0,0.1823685606081178,30.27626789587694,7687.5311493149065,3922110088678057.5,1025255.5317455214
-40,8.9,78956.47713909578,3954306682.630029,0,0.09470748264254206,30.252130266011534,7687.248660797212,4913122994115087,1035249.7274465301
-40,9,78831.2423200272,4417929849.060163,0,0.26184478362893426,30.228027416093962,7686.957508931647,6132740240949108,1045273.4229196545
-40,9.1,78706.0215896666,4930092062.314172,0,0.27548383044558744,30.2039292079759,7686.6575796960915,7637073973924929,1055389.3942233822
-40,9.200000000000001,78580.81534529664,5495067750.2041445,0,0.13202718456096418,30.17983502891405,7686.3487028144855,9487745826689938,1065598.338154726
-40,9.3,78455.62399183493,6117395898.866819,0,0.20387397756767808,30.15574425659921,7686.030704803391,11758451011164646,1075900.9519497692
-40,9.4,78330.44794198591,6801880010.234413,0,0.19242971572763906,30.1316562589922,7685.703408915397,14537002721940924,1086297.9331040669
-40,9.5,78205.28761637397,7553585001.678308,0,0.27007518722377377,30.107570394153765,7685.366635081708,17927642384855868,1096789.9791882078
-40,9.600000000000001,78080.14344370365,8377830562.8949585,0,0.2966634651766858,30.083486010076655,7685.020199853887,22053630019890340,1107377.7876545005
-40,9.700000000000001,77955.01586090121,9278114328.544586,0,0.3025134637607049,30.059467177217805,7684.663916344739,27048076025113748,1118025.6616543846
-40,9.8,77829.90531248879,10257876519.3656,1,0.3178667261836002,30.035563546889442,7684.29762817534,33062209439334988,1128704.5606274088
-40,9.9,77704.81224929728,11326362002.5949,1,0.33307466666781826,30.01165917592957,7683.921204475465,40308609327563340,1139479.4062865295
-40,10,77579.73712931667,12489632434.976969,1,0.3481389056375467,29.98775338399652,7683.534451422501,49013560684090510,1150350.8711700283
-40,10.100000000000001,77454.68041921314,13753895889.344297,1,0.36306175030554616,29.96384548011085,7683.137171615536,59438577078289544,1161319.6265783363
-40,10.200000000000001,77329.64259449393,15125469597.274548,1,0.37784606505987345,29.939934762479933,7682.729164014422,71884403433256340,1172386.3423448787
-40,10.3,77204.62413966749,16610736118.067156,1,0.3924951779736507,29.91602051831886,7682.310223877959,86695128948252160,1183551.6865997792
-40,10.4,77079.62554839812,18216092705.14783,1,0.4070128055781706,29.892102023667984,7681.880142701307,104262322432618420,1194816.3255264286
-40,10.5,76954.64732368663,19942495083.086826,1,0.42140299823910854,29.868194559695898,7681.438708152506,124961412676325890,1206142.3433218685
-40,10.600000000000001,76829.68997713365,21790556920.536724,1,0.43567009624773767,29.844309534277116,7680.985742964179,149194769904179460,1217499.9125967228
-40,10.700000000000001,76704.75402749144,23774981553.948086,1,0.44981869585358714,29.820418300929582,7680.521098144739,177605870335451870,1228956.8008207043
-40,10.8,76579.84000162035,25901435761.539024,1,0.4638536213026754,29.796520103688547,7680.044553682988,210797092212444320,1240513.642106538
-40,10.9,76454.94843622483,28175260790.358097,1,0.4777799027950241,29.772614174849544,7679.5558855943145,249432378526273660,1252171.067278421
-40,11,76330.07987801172,30601389449.017265,1,0.4916027593538322,29.748699734779624,7679.054865855703,294238319076020700,1263929.703587905
-40,11.100000000000001,76205.2348838672,33184260431.008854,1,0.5053275823394452,29.72477599172931,7678.541262339935,346004084108730600,1275790.1744193656
-40,11.200000000000001,76080.41402105242,35927731468.932365,1,0.5189599249331974,29.70084214164536,7678.014838748999,405580000157255700,1287753.0989847921
-40,11.3,75955.61786736362,38828397989.38442,1,0.5325054893723595,29.676958919159993,7677.475354546745,473713633446310850,1299778.5571603458
-40,11.4,75830.84701033309,41881886055.154526,1,0.5459701171548355,29.65317524081792,7676.922609089409,551149478401456450,1311832.8566873511
-40,11.5,75706.10204549413,45101049449.45281,1,0.5593597844186641,29.62937889173542,7676.356436412435,639131516815365100,1323989.3852783823
-40,11.600000000000001,75581.38357747719,48486589829.76223,1,0.572680589791147,29.60556903337175,7675.776587635296,738686597691262700,1336248.721122995
-40,11.700000000000001,75456.69222201314,52038277523.4555,1,0.5859387519140229,29.581744814289905,7675.182809491563,850869124564353500,1348611.4366538406
-40,11.8,75332.02860611118,55754908520.675224,1,0.599140599532287,29.557905369961208,7674.574844260503,976749402209691400,1361078.0981982436
-40,11.9,75207.39336826839,59634277757.80446,1,0.612292568386588,29.534049822573177,7673.952429697972,1117400513285736300,1373649.2656166903
-40,12,75082.78715866432,63673171327.45761,1,0.6254011929577186,29.510177280832725,7673.315298966615,1273884052981701400,1386325.4919327677
-40,12.100000000000001,74958.21063935664,67858935953.15424,1,0.6384731026746141,29.48634310259388,7672.6631805653515,1446875057426284800,1399067.610092357
-40,12.200000000000001,74833.66448341683,72176884121.18965,1,0.6515150169778128,29.46260136219085,7671.995844985363,1636866264862656000,1411835.8030995948
-40,12.3,74709.14937293809,76637164852.97148,1,0.6645337387037689,29.43883986367038,7671.313107202723,1845422446251833300,1424708.5885576017
-40,12.4,74584.6660001995,81233021458.2191,1,0.6775361475802094,29.415057677852563,7670.614686573111,2073395507112621300,1437686.4686949651
-40,12.5,74460.2150699608,85957010295.23871,1,0.6905291975715792,29.391253861487144,7669.900297639446,2321558022127908000,1450769.937048697
-40,12.600000000000001,74335.79729965702,90801128957.3455,1,0.7035199094387332,29.367427457054283,7669.169650061017,2590594477945348000,1463959.4780446852
-40,12.700000000000001,74211.41341962852,95756963651.32097,1,0.7165153671777993,29.343577492569448,7668.422448542006,2881095619569110000,1477255.566563362
-40,12.8,74087.06417332124,100815852075.74979,1,0.7295227090039926,29.319702981381802,7667.658392759489,3193556389452328000,1490658.6674974877
-40,12.9,73962.75031751487,105956225523.99298,1,0.7425491252784454,29.295814676936008,7666.877177290855,3527523348450042400,1504132.1467519912
-40,13,73838.47262146976,111151333701.11208,1,0.7556018501077406,29.271927372948728,7666.078538598803,3881917445204404700,1517625.4635009412
-40,13.100000000000001,73714.23186454177,116422470896.33098,1,0.7686881560723502,29.248012953233985,7665.262274556263,4258832538739101000,1531225.007111363
-40,13.200000000000001,73590.02883735206,121761918489.55075,1,0.7818153509047613,29.224070390203135,7664.428069854348,4658433534332810000,1544931.1801406343
-40,13.3,73465.86434449814,127162542101.18788,1,0.7949907649446402,29.200098641065015,7663.575603940182,5080837925635443000,1558744.3730132584
-40,13.4,73341.73920477182,132617920054.82593,1,0.8082217530642634,29.17609664762882,7662.704550944905,5526133386648084000,1572664.9635235507
-40,13.5,73217.65425139293,138122445960.99585,1,0.8215156809007013,29.152063336108593,7661.814579611272,5994396416250479000,1586693.3163244566
-40,13.600000000000001,73093.61033223849,143671400953.46677,1,0.8348799238799056,29.12799761692604,7660.905353220898,6485710990417732000,1600829.7824049275
-40,13.700000000000001,72969.60831008106,149251944119.4469,1,0.8483218604589379,29.103938374659876,7659.976529521162,6999337458596869000,1615040.8724558274
-40,13.8,72845.64906176738,154841990549.05325,1,0.8618488590661246,29.079967480931266,7659.027806901271,7533459022505277000,1629255.1037335447
-40,13.9,72721.73347510584,160467264772.20807,1,0.8754682809859765,29.055960989243083,7658.058978488459,8090769690335023000,1643576.1277310038
-40,14,72597.86245001294,166126650051.57788,1,0.8891874672785678,29.03191776769064,7657.0696918943095,8671526469939459000,1658004.2188515621
-40,14.100000000000001,72474.03690195736,171819756078.99652,1,0.9030137373294779,29.007836668098722,7656.059589074357,9276051160423668000,1672539.6354145922
-40,14.200000000000001,72350.25776220113,177546808771.22592,1,0.9169543762171216,28.983716525833284,7655.028306257018,9904730889754909000,1687182.6190774045
-40,14.3,72226.52597805206,183308524297.3544,1,0.9310166353581615,28.959556159614667,7653.975473872373,10558014675093363000,1701933.3942431526
-40,14.4,72102.84251310118,189105974218.9824,1,0.9452077164279015,28.935354371328675,7652.900716480909,11236406373939170000,1716792.1674578814
-40,14.5,71979.20834748633,194915769975.9658,1,0.959534778311612,28.91005630782758,7651.803652702188,11937431557507135000,1731682.089819783
-40,14.600000000000001,71855.62447553314,200639685410.78638,1,0.9740049191489111,28.87951850248677,7650.684008565555,12648837561828372000,1746294.9954023312
-40,14.700000000000001,71732.09189288598,206399613532.6908,1,0.988625179518627,28.848962644604143,7649.541965338288,13385503084371976000,1761009.1677989461
-40,14.8,71608.61159881763,212196639918.24875,1,1.003402530104643,28.818387544969315,7648.377147343086,14147963941520787000,1775824.694669812
-40,14.9,71485.18460908253,218031645560.31448,1,1.0183438687034188,28.78779199995897,7647.189173252298,14936746282235080000,1790741.6442249
-40,15,71361.81195616815,223905247997.82306,1,1.0334560143584015,28.757174791400672,7645.97765602678,15752354785514207000,1805760.0646189235
-40,15.100000000000001,71238.4946895251,229817760461.25223,1,1.0487456999169333,28.726534686433133,7644.742202855011,16595262078038825000,1820879.9833377239
-40,15.200000000000001,71115.23387581017,235769168294.7386,1,1.0642195729751331,28.69587043737069,7643.482415092544,17465899700721019000,1836101.4065716171
-40,15.3,70992.0305991387,241753018641.6387,1,1.0798841856575794,28.66508914757514,7642.197888201783,18363723714791449000,1851405.5313053832
-40,15.4,70868.88596064784,247685396961.6244,1,1.0957459891998587,28.632960018865145,7640.8882414135505,19276036648387965000,1866537.0606503526
-40,15.5,70745.80106873624,253652746510.1899,1,1.111811334324337,28.600811056374916,7639.553496197454,20216039488029970000,1881765.646369612
-40,15.600000000000001,70622.77703965828,259653836061.4841,1,1.1280864662994363,28.568640995877477,7638.193245707592,21183924757223215000,1897091.185998884
-40,15.700000000000001,70499.8150074035,265687191343.26553,1,1.144577517016579,28.536448559094232,7636.807077326922,22179828026568840000,1912513.5537010184
-40,15.8,70376.91612396203,271751126451.8401,1,1.1612905066506827,28.504232453594277,7635.394572614939,23203828391087706000,1928032.5996185474
-40,15.9,70254.08155954722,277843776315.9981,1,1.178231336133035,28.471991372686983,7633.955307256081,24255949794725474000,1943648.1492217344
-40,16,70131.3125028545,283963128713.7719,1,1.195405785221641,28.43972399532477,7632.488851008813,25336162983471240000,1959360.002641459
-40,16.1,70008.61016129795,290107054719.8309,1,1.2128195162959257,28.407428986003893,7630.994767655505,26444387889713558000,1975167.933994969
-40,16.2,69885.97576125339,296222697534.90576,1,1.2304780606912575,28.375274400236783,7629.472614953164,27571068923566645000,1990884.0026999495
-40,16.3,69763.41054097842,302353997595.3342,1,1.2483868246378382,28.343102622270557,7627.922266023882,28724228244302240000,2006678.7033103288
-40,16.400000000000002,69640.9157500565,308502497025.87646,1,1.2665510886591715,28.310899578587417,7626.343301615305,29904345801769607000,2022565.8006338757
-40,16.5,69518.49265673757,314665910869.5252,1,1.2849759974103498,28.278663911106367,7624.735272673948,31111169130180410000,2038544.9530411514
-40,16.6,69396.14254871756,320841948896.8853,1,1.3036665667452678,28.2463942475004,7623.097724182161,32344409765935854000,2054615.7903895664
-40,16.7,69273.86673339363,327028328836.1972,1,1.3226276836711985,28.214089201130992,7621.430195117185,33603745666288054000,2070777.9133244792
-40,16.8,69151.66653808858,333222787314.75006,1,1.3418640969956748,28.181747370979945,7619.732218411432,34888823490171870000,2087030.8925758854
-40,16.900000000000002,69029.54331032,339423088780.85724,1,1.3613804248270815,28.149367341595124,7618.003320914041,36199260737477650000,2103374.268240168
-40,17,68907.49841802567,345583135178.5263,1,1.381181156078666,28.11708262254993,7616.243023353792,37525113933154720000,2119646.3798617343
-40,17.1,68785.53324307222,351730349555.27454,1,1.4012706385433502,28.08480025424919,7614.451136221221,38871976744179565000,2135953.894032532
-40,17.2,68663.64917910285,357876671237.44727,1,1.4216530931768363,28.05247597364219,7612.627273333217,40242385513307870000,2152347.4097735835
-40,17.3,68541.84763825126,364020089488.31744,1,1.442332614915817,28.020108345949765,7610.770949522888,41635869927449030000,2168826.3389806934
-40,17.400000000000002,68420.13005350344,370158643133.0517,1,1.4633131567892228,27.987695922395833,7608.881673628568,43051940162611660000,2185390.0604606513
-40,17.5,68298.49787894171,376290422452.7825,1,1.4845985487731017,27.955237240185657,7606.9589484673415,44490088336049450000,2202037.9192095776
-40,17.6,68176.95258997567,382413570464.3054,1,1.5061924902844577,27.922730822487363,7605.002270810388,45949789875794520000,2218769.2256869744
-40,17.7,68055.49568358343,388526283678.6066,1,1.5280985557168079,27.890175178421295,7603.0111313601265,47430504811470550000,2235583.2550820983
-40,17.8,67934.12867854908,394605133376.8939,1,1.5503201969952953,27.857721613151703,7600.985014729323,48926302960120970000,2252358.7508845553
-40,17.900000000000002,67812.85311030317,400651769655.133,1,1.5728607324513988,27.82534429706804,7598.923636402416,50437211694795770000,2269111.7123781717
-40,18,67691.6705263909,406682889271.3057,1,1.5957233708059557,27.79291345362361,7596.826678810615,51967130835489145000,2285942.2442468726
-40,18.1,67570.58249178622,412696938689.41754,1,1.6189111966834944,27.760427577093548,7594.693621924682,53515481052619964000,2302849.482136866
-40,18.2,67449.59059362207,418692415056.938,1,1.6424271765368095,27.72788514838273,7592.523939827316,55081673384355050000,2319832.5241278275
-40,18.3,67328.6964414008,424667865064.5698,1,1.666274166697016,27.695284635055714,7590.317100705316,56665110058134725000,2336890.4300171644
-40,18.400000000000002,67207.90166722517,430621883547.0612,1,1.6904549061724732,27.662624491378505,7588.072566844152,58265185221381850000,2354022.220598259
-40,18.5,67087.20792602468,436553111872.04724,1,1.7149720306842933,27.62990315836707,7585.789794624984,59881285586251880000,2371226.8769369344
-40,18.6,66966.6168957781,442439432883.96155,1,1.7398280617127402,27.597134797367087,7583.46823452427,61507006801770610000,2388439.135289876
-40,18.7,66846.13027465716,448246070678.21655,1,1.7650254175079767,27.564343482491402,7581.107466255573,63132054299956355000,2405552.5711436886
-40,18.8,66725.74977301713,454026292765.0171,1,1.7905664203448617,27.531487740998983,7578.7072908224345,64770753037821150000,2422732.9009214076
-40,18.900000000000002,66605.47711635288,459778945407.80756,1,1.816453286684701,27.49856600589715,7576.267155842565,66422481807467510000,2439978.9568088097
-40,19,66485.31405344047,465502908419.78845,1,1.8426881398250483,27.465576698000117,7573.786503320878,68086613925779080000,2457289.5292944275
-40,19.1,66365.26235652994,471197092926.82025,1,1.8692730122021648,27.432518226026765,7571.264769664653,69762517376318456000,2474663.366490149
-40,19.200000000000003,66245.32382155117,476860439012.7658,1,1.8962098371527885,27.399388986710612,7568.701385701762,71449554866809225000,2492099.1734514926
-40,19.3,66125.50026832428,482491913273.9056,1,1.9235004644431386,27.366187364920282,7566.095776702008,73147083807503910000,2509595.6114992104
-40,19.400000000000002,66005.79354074504,488090506301.8582,1,1.95114666180727,27.33291173378517,7563.447362401724,74854456214452270000,2527151.297548137
-40,19.5,65886.20550698508,493620077340.0581,1,1.9791501046474431,27.299813947206857,7560.755557031714,76560113814799100000,2544544.6392837195
-40,19.6,65766.73804834392,499113314581.30786,1,2.0075123973669546,27.266652221458116,7558.020269017309,78273589416305740000,2561980.7482060534
-40,19.700000000000003,65647.39305853471,504571096594.69055,1,2.0362350669212104,27.23341209705345,7555.240941895423,79994785319003010000,2579469.286283699
-40,19.8,65528.17245488707,509992512354.6187,1,2.0653195601891694,27.200091945938027,7552.416988979507,81723044742305810000,2597008.713186437
-40,19.900000000000002,65409.07817908656,515376661761.2961,1,2.0947672559781476,27.16669012967901,7549.547818474763,83457704481202040000,2614597.442707469
-40,20,65290.11219736189,520722653158.20636,1,2.124579463227412,27.13320499965726,7546.632833524372,85198094488231130000,2632233.8421637407
-40,20.1,65171.2765006274,526029600857.5176,1,2.154757418654326,27.099634897262202,7543.671432259561,86943537409596590000,2649916.2318122187
-40,20.200000000000003,65052.573104673065,531296622679.2054,1,2.1853023025396983,27.065978154107782,7540.663007853573,88693348078627820000,2667642.8842666727
-40,20.3,64934.00405030139,536484594895.95874,1,2.216215228937609,27.032260467770097,7537.606948579668,90433939576565700000,2685277.907783098
-40,20.400000000000002,64815.571396128275,541600692611.35767,1,2.2474972527557493,26.998475530499224,7534.50296304495,92166980782775470000,2702844.9154509054
-40,20.5,64697.27721258439,546674657721.84644,1,2.2791493726801697,26.964600757957214,7531.350701528995,93901995679449810000,2720448.47486307
-40,20.6,64579.12358907983,551705621458.3137,1,2.311172529358065,26.930634492860623,7528.149554419215,95638280036905680000,2738086.6994155357
-40,20.700000000000003,64461.11263993569,556692706399.2705,1,2.3435676150348823,26.896575069969906,7524.8989077178,97375119051547050000,2755757.6541499128
-40,20.8,64343.24650450237,561635024571.4854,1,2.3763354675884947,26.862420816364896,7521.598143120165,99111786778275050000,2773459.3552908753
-40,20.900000000000002,64225.5273472853,566531675598.808,1,2.4094768796558315,26.82817005173501,7518.246638097804,100847545553450860000,2791189.7697971608
-40,21,64107.95735807624,571381744900.455,1,2.4429925911792356,26.79382108868429,7514.843765985711,102581645411233480000,2808946.8149271496
-40,21.1,63990.53875204548,576181512685.6394,1,2.476883307427817,26.759392412700784,7511.388896074433,104312313556498660000,2826708.445891258
-40,21.200000000000003,63873.273768696934,580901150456.5734,1,2.511149682187593,26.72509168954766,7507.881445239041,106028205730671850000,2844263.900547582
-40,21.3,63756.16465845704,585571950566.6145,1,2.5457923361174015,26.690688586082917,7504.321372064512,107740123694061600000,2861837.423041693
-40,21.400000000000002,63639.21368358005,590192956779.3944,1,2.5808118462720238,26.656181437451192,7500.708051474957,109447282745857500000,2879426.77481868
-40,21.5,63522.42313135043,594763191355.915,1,2.616208751341094,26.621568573879227,7497.040854987735,111148883656225930000,2897029.6678894246
-40,21.6,63405.79531417042,599281653849.6284,1,2.6519835619000216,26.58684832105168,7493.319150827522,112844112209347200000,2914643.7645504773
-40,21.700000000000003,63289.33256960567,603747319971.2537,1,2.6881367435703405,26.552019000493914,7489.542304045329,114532138769057220000,2932266.677133798
-40,21.8,63173.03726046905,608159140524.2157,1,2.724668737826846,26.517078929976915,7485.709676642566,116212117870112200000,2949895.967772414
-40,21.900000000000002,63056.91177484766,612516040415.6481,1,2.7615799502761367,26.482026423926968,7481.820627700253,117883187839667650000,2967529.1482010884
-40,22,62940.95852616709,616785028267.503,1,2.7988707638980217,26.44688199952783,7477.874513513443,119532109857203370000,2985038.098872524
-40,22.1,62825.17994532827,620966491728.8687,1,2.836541529992334,26.411644192377203,7473.871037136733,121158327668572230000,3002423.3731826893
-40,22.200000000000003,62709.5784728704,625090244430.963,1,2.8745925726356827,26.376291086665095,7469.80989951813,122772862316310580000,3019803.121285089
-40,22.3,62594.15656649694,629155125168.33,1,2.9130241914308743,26.340821037453402,7465.690466936081,124374806032931520000,3037174.7095878366
-40,22.400000000000002,62478.91670859698,633159943599.3102,1,2.9518366641466622,26.30523239914692,7461.512103659749,125963234042142080000,3054535.455683432
-40,22.5,62363.861406235956,637103479951.4238,1,2.991030242776162,26.269523525978066,7457.274172106371,127537204513696280000,3071882.6283453195
-40,22.6,62248.99319114443,640984484794.9142,1,3.030605156787792,26.23369277250698,7452.976033003994,129095758567015970000,3089213.4475552514
-40,22.700000000000003,62134.31461969484,644801678885.7656,1,3.070561618232511,26.197738494135482,7448.617045559676,130637920326285480000,3106525.084564762
-40,22.8,62019.828272873536,648553753085.6522,1,3.1108998134020913,26.16165904763619,7444.196567633169,132162697032208500000,3123814.66199021
-40,22.900000000000002,61905.536756242625,652201943208.8782,1,3.1516199224027615,26.125566666011665,7439.713955916215,133653739930624400000,3140870.5435697488
-40,23,61791.44268584903,655775124892.7925,1,3.1927220962338003,26.08937114242155,7435.169189768315,135122233901888850000,3157853.3798811985
-40,23.1,61677.54868489783,659279885877.5952,1,3.2342064722755612,26.053047390586336,7430.561771373957,136570402963090500000,3174803.9489531512
-40,23.200000000000003,61563.85739731975,662714832127.4675,1,3.2760731785008383,26.016593827592878,7425.891073146916,137997214474260680000,3191719.2506684535
-40,23.3,61450.37149058562,666078541149.325,1,3.3183223177222736,25.980008875004476,7421.15646725156,139401620915216070000,3208596.2395295603
-40,23.400000000000002,61337.09365563933,669369562502.9506,1,3.3609539842671383,25.94329095946217,7416.357325804327,140782560423577520000,3225431.8249883456
-40,23.5,61224.02660676092,672586418382.483,1,3.403968258190219,25.906438513289743,7411.493021080747,142138957401219810000,3242222.871828354
-40,23.6,61111.173081464134,675727604263.2708,1,3.447365207874813,25.869449975120588,7406.562925727957,143469723187994020000,3258966.200579185
-40,23.700000000000003,60998.53584036976,678791286017.0404,1,3.4911448904904545,25.832326689163757,7401.566412982768,144773627300618670000,3275655.292138381
-40,23.8,60886.1176668182,681753439601.0161,1,3.535307346530815,25.795283410307384,7396.502867379238,146039929421834320000,3292039.13913123
-40,23.900000000000002,60773.92134868633,684636303430.4055,1,3.5798526129441495,25.758100824840284,7391.372468967243,147277630192592440000,3308364.5304542133
-40,24,60661.94967808761,687438313569.6956,1,3.6247807143740145,25.720777450445038,7386.174612243164,148485623064130360000,3324628.1936608176
-40,24.1,60550.20546885021,690157884079.9775,1,3.6700916629033498,25.68331181453912,7380.908693321153,149662793096473670000,3340826.8169308226
-40,24.200000000000003,60438.69155634008,692793408163.6377,1,3.7157854665069587,25.645702454960333,7375.574110171121,150808018076893600000,3356957.0497496887
-40,24.3,60327.41079724673,695343259371.6816,1,3.761862123247783,25.607947920660532,7370.170262861936,151920169709866500000,3373015.5036388687
-40,24.400000000000002,60216.36606937647,697805792868.1819,1,3.8083216243416724,25.570046772415296,7364.696553809801,152998114876254060000,3388998.752928241
-40,24.5,60105.56027142331,700179346761.1603,1,3.8551639478929722,25.53199758354432,7359.152388031813,154040716965729170000,3404903.3355778176
-40,24.6,59994.99632272497,702459693455.2676,1,3.9023890722845747,25.493800615464497,7353.53717340463,155045711597217600000,3420714.1368368454
-40,24.700000000000003,59884.67716212291,704594149131.0413,1,3.94999696487732,25.455488095824943,7347.850360536507,155989369966754400000,3436193.5612642774
-40,24.8,59774.605728847906,706635463058.9346,1,3.9979875907935876,25.417026148460856,7342.092208620816,156894528017455350000,3451583.233036577
-40,24.900000000000002,59664.78496275656,708581956249.1223,1,4.04636090640552,25.378413453317496,7336.262153893547,157760079676372100000,3466879.6436315025
-40,25,59555.21782251634,710431940466.043,1,4.0951168603869315,25.339648706607477,7330.359636575891,158584923279705000000,3482079.2549754605
-40,25.1,59445.90728531778,712183720015.3524,1,4.14425540602296,25.300730621574175,7324.384101147981,159367963330972450000,3497178.500534944
-40,25.200000000000003,59336.85634653736,713835593561.9861,1,4.193776484906199,25.261657929259137,7318.33499662711,160108112310685500000,3512173.7864641426
-40,25.3,59228.06801941246,715385855977.7202,1,4.243680030405338,25.222429379283223,7312.211776850267,160804292534964750000,3527061.4927956443
-40,25.400000000000002,59119.545334699564,716832800220.3492,1,4.29396598294177,25.18304374063669,7306.013900760977,161455438062041140000,3541837.974680813
-40,25.5,59011.29134030454,718174719244.5712,1,4.344634268106987,25.143499802475812,7299.74083270029,162060496644520020000,3556499.563682352
-40,25.6,58903.309100912884,719380083792.3816,1,4.395684818588378,25.10390266524476,7293.392042701845,162604948851755350000,3570816.8325476805
-40,25.700000000000003,58795.60167914536,720474617326.9675,1,4.447117555134411,25.064159318989997,7286.967837048339,163100130658125250000,3584985.4062368
-40,25.8,58688.17213268392,721460233261.0094,1,4.498932398636754,25.024256553135125,7280.46781148436,163546680863478580000,3599028.044721646
-40,25.900000000000002,58581.02353195567,722335280123.3951,1,4.5511292713304075,24.984193289995694,7273.891472322759,163943647437096940000,3612941.0972814374
-40,26,58474.158961847425,723098116167.2806,1,4.603708086720919,24.9439684758779,7267.238332749068,164290101954833450000,3626720.8984263195
-40,26.1,58367.58152126428,723747111434.0753,1,4.656668758410918,24.903581081888923,7260.5079131235625,164585141713738140000,3640363.769441311
-40,26.200000000000003,58261.29432267416,724280649812.2286,1,4.710011193919634,24.863030104752546,7253.6997412862975,164827891855021080000,3653866.0199761735
-40,26.3,58155.30049163662,724697131091.2386,1,4.7637353123393655,24.822314567629295,7246.813352864968,165017507491998700000,3667223.949681359
-40,26.400000000000002,58049.60316631105,724994973006.7058,1,4.817841014560443,24.78143352093984,7239.848291585417,165153175837470160000,3680433.849890478
-40,26.5,57944.205496978015,725156421630.6008,1,4.872328210099508,24.740445685000175,7232.804109584597,165226739718131350000,3693357.6279913234
-40,26.6,57839.1106338175,725182570723.5968,1,4.927196807985325,24.69934462733209,7225.680896259245,165238656063770530000,3706006.6801893404
-40,26.700000000000003,57734.321715766564,725086788727.8789,1,4.982446706450636,24.658077975241575,7218.478704089186,165195009556863100000,3718497.1431471254
-40,26.8,57629.8418813413,724867618814.1799,1,5.038077813082349,24.616644938151897,7211.197129132706,165095158602073800000,3730825.3981024125
-40,26.900000000000002,57525.67427839339,724523631593.0675,1,5.094090031960461,24.575044756414734,7203.835777018267,164938503377569780000,3742987.8282836927
-40,27,57421.82206356246,724053427084.1605,1,5.150483256085412,24.533276702114655,7196.394263254247,164724487826759840000,3754980.820784639
-40,27.1,57318.28840170335,723455636643.0859,1,5.207257390496871,24.491340079871343,7188.872213539724,164452601606695030000,3766800.768478387
-40,27.200000000000003,57215.07646528073,722728924848.2073,1,5.2644123364084585,24.449234227637845,7181.2692640761015,164122381989993250000,3778444.0719723296
-40,27.3,57112.18943378609,721871991345.9205,1,5.321947994480544,24.406958517502655,7173.585061879295,163733415715693260000,3789907.1415896793
-40,27.400000000000002,57009.630493110046,720883572655.2793,1,5.379864260336598,24.364512356484532,7165.819265092301,163285340785368900000,3801186.399392097
-40,27.5,56907.402834921144,719738221002.4263,1,5.438161036264378,24.321991186576874,7157.971543297889,162766892113467000000,3812051.7225168217
-40,27.6,56805.50963495951,718457754340.101,1,5.496838218199953,24.27931089278533,7150.042536639656,162188258999408130000,3822703.5743141635
-40,27.700000000000003,56703.9540499188,717043679270.8733,1,5.5558957017223936,24.236461357336037,7142.032053005176,161550446486753150000,3833162.185206649
-40,27.8,56602.739237577654,715494925289.5317,1,5.615333392005676,24.19344217145467,7133.939813539228,160853329429892800000,3843424.154286248
-40,27.900000000000002,56501.86835828889,713810466406.3777,1,5.675151186303048,24.15025296447648,7125.765551869217,160096840833941600000,3853486.103615345
-40,28,56401.344574323855,711989322721.5469,1,5.735348982640215,24.106893404580642,7117.5090144011565,159280973214005800000,3863344.6803341843
-40,28.1,56301.171049162745,710030561954.074,1,5.795926674466763,24.063363199510523,7109.169960614107,158405779872028560000,3872996.5587986913
-40,28.200000000000003,56201.35094680358,707933300921.5117,1,5.856884167313021,24.019662097289924,7100.748163352724,157471376085926300000,3882438.4427300026
-40,28.3,56101.88743103016,705696706981.492,1,5.918221359869811,23.975789886925597,7092.243409117678,156477940212795600000,3891667.067387866
-40,28.400000000000002,56002.783664700575,703319999435.9214,1,5.979938148723943,23.93174639910447,7083.6554983536635,155425714703231300000,3900679.2017516377
-40,28.5,55904.04280900117,700784340492.5251,1,6.0420344315547725,23.887627952558883,7074.984245734699,154307031391642060000,3909255.884442412
-40,28.6,55805.668001300655,698107953690.7468,1,6.10451011289957,23.843343271661126,7066.230461566558,153130644717304020000,3917604.980002204
-40,28.700000000000003,55707.6623535566,695290797575.783,1,6.1673650905514386,23.79888963532749,7057.3940305837705,151897246630736920000,3925729.7625106485
-40,28.8,55610.02897274867,692332331959.7509,1,6.230599271447788,23.75426707513547,7048.474824068068,150607349741649070000,3933627.2568000294
-40,28.900000000000002,55512.77096073143,689232074452.7648,1,6.294212552009818,23.7094756667576,7039.472728373381,149261533260167020000,3941294.5325119966
-40,29,55415.89141346328,685989601790.0564,1,6.358204837828737,23.664515530548062,7030.38764518115,147860443460676160000,3948728.706243265
-40,29.1,55319.393420222215,682604551160.516,1,6.422576031229735,23.619386832112994,7021.21949175116,146404794053389190000,3955926.943690505
-40,29.200000000000003,55223.28006280959,679076621549.5796,1,6.487326031109397,23.57408978286408,7011.968201167585,144895366466094600000,3962886.4617916937
-40,29.3,55127.55441475287,675405575105.7354,1,6.552454744925214,23.528624640555982,7002.633722579951,143333010036806630000,3969604.530859062
-40,29.400000000000002,55032.21954049636,671591238545.1141,1,6.617962076061205,23.48299170980545,6993.216021438764,141718642120083210000,3976078.4767040373
-40,29.5,54937.278494591825,667607495879.3024,1,6.683847932471893,23.437206995478455,6983.7150797254335,140042336326187200000,3982144.6637681103
-40,29.6,54842.73430386186,663468063279.4922,1,6.750112217371056,23.391265718530796,6974.131681748731,138311083626509120000,3987880.616696024
-40,29.700000000000003,54748.58995771874,659186759829.7085,1,6.8167548386264,23.345161639470238,6964.466256272282,136531823404075400000,3993367.2178194504
-40,29.8,54654.84842413291,654763712450.754,1,6.883775704798258,23.298895279074653,6954.718847669553,134705752966249450000,3998602.1430609263
-40,29.900000000000002,54561.512657537125,650199119684.9237,1,6.951174724445177,23.25246720603697,6944.889517318933,132834135373239200000,4003583.133538177
-40,30,54468.58559798822,645493253657.2665,1,7.018951802899983,23.205878037326922,6934.978343788453,130918299061613950000,4008307.9974841634
-40,30.1,54376.07017034385,640646462161.4435,1,7.087106853371246,23.15912843853296,6924.985423013202,128959637386950640000,4012774.6121348497
-40,30.200000000000003,54283.969283421524,635659170891.3474,1,7.155639788349008,23.112219124179127,6914.910868465252,126959608088118640000,4016980.925589975
-40,30.3,54192.285829161294,630531885835.5743,1,7.2245505179147,23.065150858019084,6904.754811315752,124919732673393620000,4020924.958639578
-40,30.400000000000002,54101.02268178854,625265195854.8278,1,7.293838955323342,23.017924453306126,6894.51740058899,122841595729116320000,4024604.8065544977
-40,30.5,54010.182696973905,619859775459.7476,1,7.363505007566435,22.970540773038056,6884.198803308135,120726844149838870000,4028018.6408393313
-40,30.6,53919.76871097833,614317131859.89,1,7.433548593454404,22.92313325962215,6873.799204632449,118577473527101330000,4030970.48631663
-40,30.700000000000003,53829.78351790551,608638751434.8412,1,7.503969627127158,22.875589122510355,6863.319830008882,116395486247447920000,4033630.8085966166
-40,30.8,53740.229866002686,602825631509.4805,1,7.574768027547025,22.82789295663189,6852.761038596364,114182713204971390000,4036022.967763662
-40,30.900000000000002,53651.11047861539,596878820036.8192,1,7.645943708926172,22.780045839337667,6842.123078502224,111941024106302210000,4038145.5476294653
-40,31,53562.428056143224,590799466883.2075,1,7.7174965838933804,22.73204889729574,6831.406215994823,109672344702695690000,4039997.2149690227
-40,31.1,53474.185275214724,584588828056.3727,1,7.789426578758428,22.68390330655184,6820.610735584809,107378655477454140000,4041576.720907971
-40,31.200000000000003,53386.38478784729,578248270212.9087,1,7.861733605365893,22.635610292559754,6809.736940096729,105061990215598960000,4042882.9022600264
-40,31.3,53299.02922064625,579886337091.3756,1,7.934417587721475,22.587171130188413,6798.785150730778,105658074411318400000,4043914.68279978
-40,31.400000000000002,53212.121173965745,585058312605.6066,1,8.007478444232945,22.538587143694627,6787.755707114534,107551196793625580000,4044671.0744871576
-40,31.5,53125.66322109662,590175731303.1945,1,8.080916097281069,22.48985970667006,6776.648967344513,109440894143518740000,4045151.178626096
-40,31.6,53039.65790745523,595238967950.1107,1,8.154730472584284,22.44099024195841,6765.465308017376,111326780302786200000,4045354.186962102
-40,31.700000000000003,52954.1077497676,600248381543.951,1,8.2289214902171,22.391990457184896,6754.205124250611,113208473495163370000,4045177.258687429
-40,31.8,52869.0152230151,605204313470.7993,1,8.303489071213393,22.34286221676842,6742.869408177559,115085595252643860000,4044635.737271285
-40,31.900000000000002,52784.382749021985,610107085936.9196,1,8.378433146886572,22.29359987954973,6731.4590948986615,116957769421863780000,4043818.309610241
-40,32,52700.21270792093,614957000647.915,1,8.453753638268351,22.24420506660775,6719.974639331182,118824621247015240000,4042724.609200496
-40,32.1,52616.50744797941,619754337712.0842,1,8.529450473580082,22.194679446065038,6708.4165144435665,120685776526411510000,4041354.3626320474
-40,32.2,52533.26928483695,624499354778.4812,1,8.605523581160748,22.145024732809944,6696.785211215716,122540860852291000000,4039707.3902113526
-40,32.300000000000004,52450.5005007498,629192286368.7009,1,8.68197288922242,22.095242688189018,6685.081238588424,124389498923128270000,4037783.606512491
-40,32.4,52368.20334384963,633833343394.7585,1,8.758798326838374,22.045335119670344,6673.305123401895,126231313929836600000,4035583.0208539567
-40,32.5,52286.380027404055,638422712865.6887,1,8.835999818395209,21.995303880476243,6661.45741032334,128065927021010200000,4033105.737703161
-40,32.6,52205.032729099505,642960557749.8542,1,8.913577300924935,21.9451508691879,6649.538661763562,129892956837857300000,4030351.9570029206
-40,32.7,52124.16359031107,647447017008.5739,1,8.991530707526094,21.89487802931734,6637.549457782553,131712019128348690000,4027321.9744273913
-40,32.800000000000004,52043.77471540496,651882205739.1315,1,9.06985996494441,21.844487348852716,6625.490395984036,133522726418559350000,4024016.1815562127
-40,32.9,51963.86817104556,656266215486.0549,1,9.148565011047864,21.795952410022803,6613.362091398977,135324687767501770000,4020663.089267613
-40,33,51884.446014706045,660599114620.714,1,9.22764577732512,21.749644886967108,6601.163779708855,137117508567009330000,4017305.246886891
-40,33.1,51805.51032923907,664880948872.896,1,9.307102197604722,21.70316660509202,6588.894417239889,138900790422652350000,4013663.617343891
-40,33.2,51727.06319280062,669111741945.9343,1,9.386934208123165,21.656519810879146,6576.554667307718,140674131089453510000,4009738.8192790407
-40,33.300000000000004,51649.10664273519,673291496252.3284,1,9.467141747426279,21.609706802053122,6564.145211442287,142437124479186520000,4005531.5735537275
-40,33.4,51571.642674867995,677420193740.3159,1,9.547724744542265,21.562729926981163,6551.66674922471,144189360728446320000,4001042.7030966613
-40,33.5,51494.673242832534,681497796795.442,1,9.62868314741724,21.515591584039512,6539.119998112124,145930426321790470000,3996273.1326579954
-40,33.6,51418.200257382356,685524249214.7488,1,9.710016888977037,21.468294220943353,6526.505693250693,147659904269709250000,3991223.888483784
-40,33.7,51342.225585750304,689499477225.7382,1,9.79172590753568,21.420840334045092,6513.82458727673,149377374330034850000,3985896.097895503
-40,33.800000000000004,51266.75105100311,693423390540.1758,1,9.87381014618687,21.373232467597525,6501.0774501061305,151082413268599440000,3980290.9887876417
-40,33.9,51191.7784314109,697295883425.8152,1,9.956269542407059,21.325473212983848,6488.265068712203,152774595151660800000,3974409.889038852
-40,34,51117.30945984647,701116835779.1434,1,10.039104038286737,21.277565207915877,6475.388246892004,154453491662268760000,3968254.2258338276
-40,34.1,51043.34582319297,705213955635.858,1,10.1223135813742,21.229511135599637,6462.447805021379,156263927315012120000,3961825.5249015624
-40,34.2,50969.88916176278,710208870012.0277,1,10.205898112862869,21.1835601434304,6449.444579798804,158485349893489500000,3955470.0574948504
-40,34.300000000000004,50896.94111599121,715164042503.8414,1,10.289857569087037,21.140639369708044,6436.377127983805,160704589615976870000,3949329.0175635745
-40,34.4,50824.503393376246,720079486481.5219,1,10.374191900396974,21.097499671143925,6423.243023367078,162921281274963560000,3942901.0246645375
-40,34.5,50752.577719962224,724955187235.9725,1,10.458901051669683,21.054143984530626,6410.043160070337,165135050012210820000,3936187.785416085
-40,34.6,50681.16577157937,729791102664.2958,1,10.543984965176188,21.010575305160817,6396.778450025941,167345511203135950000,3929191.113943517
-40,34.7,50610.26917324681,734587164036.2422,1,10.629443591039259,20.96679668580127,6383.4498226645455,169552270401481440000,3921912.9307574406
-40,34.800000000000004,50539.88949858863,739343276795.6125,1,10.715276874441296,20.922811235626124,6370.058224590315,171754923324264600000,3914355.261537937
-40,34.9,50470.02826928347,744059321368.0651,1,10.801484765150509,20.878622119109934,6356.604619243915,173953055864021500000,3906520.2358205956
-40,35,50400.68695452716,748735153944.3121,1,10.888067208913284,20.834232554881748,6343.089986553627,176146244113513780000,3898410.08559148
-40,35.1,50331.86697053164,753370607263.9333,1,10.975024152876628,20.78964581454089,6329.515322574804,178334054413977600000,3890027.1437869235
-40,35.2,50263.569680021144,757965491357.025,1,11.06235554558003,20.74486522143556,6315.881639118016,180516043406210960000,3881373.842709753
-40,35.300000000000004,50195.79639178235,762519594286.7865,1,11.15006134562988,20.699894149405303,6302.189963366184,182691758103974740000,3872452.7123502363
-40,35.4,50128.548360204324,767032682862.4246,1,11.23814149493993,20.654736021488418,6288.441337481043,184860735974664180000,3863266.378629694
-40,35.5,50061.82678487804,771504503360.414,1,11.326595947900147,20.609394308595334,6274.636818199246,187022505044811100000,3853817.561551862
-40,35.6,49995.63281019498,775934782227.6777,1,11.41542465780822,20.563872528149417,6260.7774764185515,189176584017411200000,3844109.812720546
-40,35.7,49929.9675250873,780323226799.7557,1,11.504627576255928,20.518174224988506,6246.864391383195,191322482416663000000,3834155.6331660855
-40,35.800000000000004,49864.831964209676,784669526022.9924,1,11.594204658541189,20.472302755838005,6232.898585065607,193459700754729660000,3823947.3766052243
-40,35.9,49800.227107498795,788973351183.0908,1,11.684155854271324,20.426261770633918,6218.881168707706,195587730721488570000,3813488.1180086955
-40,36,49736.15387833491,793234356657.8274,1,11.774481119135173,20.38005496021047,6204.813266003083,197706055405981800000,3802781.016269736
-40,36.1,49672.613143255934,797452180687.4265,1,11.865180407773197,20.333686054795056,6190.696012638786,199814149546474200000,3791829.3119184766
-40,36.2,49609.60571173113,801626446152.9038,1,11.956253678500586,20.287158822478254,6176.530555829502,201911479804265630000,3780636.3247640515
-40,36.300000000000004,49547.132335926406,805756761383.3987,1,12.047700884041294,20.240477067660464,6162.318053844633,203997505071731380000,3769205.4514841097
-40,36.4,49485.19371052459,809842720959.5024,1,12.139521981403448,20.193644629476413,6148.059675528628,206071676798002140000,3757540.1631497475
-40,36.5,49423.79047255032,813883906557.8083,1,12.231716930625124,20.146665380199387,6133.7565998151385,208133439354995500000,3745644.0027014525
-40,36.6,49362.92320122663,817879887785.552,1,12.324285685132443,20.099543223626295,6119.41001523535,210182230417898270000,3733520.582372785
-40,36.7,49302.59241787437,821830223040.8593,1,12.417228205197508,20.052282093445424,6105.021119421031,212217481377885030000,3721173.5810630242
-40,36.800000000000004,49242.79858580697,825734460376.2021,1,12.510544450028886,20.00488595158836,6090.591118602769,214238617775506130000,3708606.7416732986
-40,36.9,49183.542110274546,829592138370.4819,1,12.604234378464092,19.957358786567557,6076.121227103833,216245059757212240000,3695823.8683971562
-40,37,49124.82333843596,833402787006.353,1,12.698297947661557,19.909704611801207,6061.612666830174,218236222552963680000,3682828.823974307
-40,37.1,49066.64255933557,837165928547.7306,1,12.792735123806876,19.861927463927092,6047.0666667570695,220211516971907700000,3669625.5269165505
-40,37.2,49009.00000392739,840881078419.8015,1,12.887545863346425,19.814031401106927,6032.484462412866,222170349916895800000,3656217.948699655
-40,37.300000000000004,48951.89584511332,844547746085.6176,1,12.982730127190154,19.766020501322703,6017.8672953603,224112124914268000000,3642609.904672341
-40,37.4,48895.33019778598,848165435911.3003,1,13.078287875119411,19.717898866150048,6003.216414345307,226036242654114150000,3628805.638436197
-40,37.5,48839.303118905984,851733648029.952,1,13.174219074516847,19.66967060904079,5988.533071729598,227942101545739350000,3614809.302568184
-40,37.6,48783.81460765842,855251879191.0691,1,13.270523686828994,19.621339857094128,5973.818524029898,229829098280709750000,3600625.0518609085
-40,37.7,48728.8646056056,858719623595.3134,1,13.367201673298938,19.57291075036617,5959.074031707723,231696628402661850000,3586257.079728251
-40,37.800000000000004,48674.45299685653,862136373720.289,1,13.464252997109833,19.524387440151116,5944.300858646092,233544086886188880000,3571709.615302519
-40,37.9,48620.57960825972,865501621117.5707,1,13.561677625045036,19.47577408726422,5929.500271626753,235370868713397620000,3556986.920528672
-40,38,48567.24420961458,868814857199.8917,1,13.659475520482797,19.427074860328045,5914.673539808432,237176369457503140000,3542093.2872603484
-40,38.1,48514.44651393127,872075574002.2584,1,13.75764664717806,19.378293934063432,5899.821934206508,238959985863887950000,3527033.0343542104
-40,38.2,48462.18617768213,875283264917.3027,1,13.856190970013165,19.329435487587002,5884.946727174675,240721116427892100000,3511810.504779174
-40,38.300000000000004,48410.46280109603,878437425409.6198,1,13.955108453725032,19.280503702716477,5870.049191888995,242459161971058200000,3496430.0627320777
-40,38.400000000000006,48359.27592848055,881537553697.905,1,14.054399067916332,19.23150276228525,5855.130601834753,244173526208818740000,3480896.0907666786
-40,38.5,48308.625048542395,884583151413.4777,1,14.154062776553706,19.18243684846803,5840.192230296696,245863616313437060000,3465212.986945647
-40,38.6,48258.50959476363,887573724226.2778,1,14.254099546252059,19.133310141118496,5825.235349852921,247528843466403680000,3449385.1620061453
-40,38.7,48208.92894576769,890508782443.13,1,14.354509348656665,19.084126816120794,5810.261231872979,249168623402035280000,3433417.036556302
-40,38.800000000000004,48159.88242573012,893387841561.7188,1,14.455292150457927,19.034891043755973,5795.271146020532,250782376932133400000,3417313.03829396
-40,38.900000000000006,48111.36930480227,896210422816.0583,1,14.55644791949594,18.985606987084843,5780.266359761,252369530470813830000,3401077.599257001
-40,39,48063.38879955374,898976053659.4457,1,14.657976620855631,18.936278800348546,5765.24813787461,253929516528426750000,3384715.153107331
-40,39.1,48015.94007343799,901684268234.3391,1,14.759878225446633,18.88691062738799,5750.217741975186,255461774201368970000,3368230.132449722
-40,39.2,47969.02223727573,904334607745.7048,1,14.862152703830988,18.838731569354138,5735.17643003512,256965749609779530000,3351819.931630633
-40,39.300000000000004,47922.63438288402,906926620804.7375,1,14.964800025310229,18.791116690319353,5720.1237139292225,258440896319723180000,3335386.5626173057
-40,39.400000000000006,47876.775599711575,909459863818.8909,1,15.067820160370388,18.743435527142253,5705.059982985662,259886675792574300000,3318833.1873984532
-40,39.5,47831.44494116586,911933901387.9426,1,15.171213077505152,18.695692480472655,5689.9865226843,261302557838684500000,3302164.3210639814
-40,39.6,47786.641407967545,914348306700.946,1,15.274978749492892,18.647891939148746,5674.90461375984,262688021072062220000,3285384.469820933
-40,39.7,47742.363948690705,916702661887.009,1,15.379117144063358,18.600038278527002,5659.815531724979,264042553338574200000,3268498.128370909
-40,39.800000000000004,47698.61146035511,918996558336.822,1,15.4836282345743,18.55213585883597,5644.720546401547,265365652126582100000,3251509.777330853
-40,39.900000000000006,47655.38278900925,921229596970.9727,1,15.588511994849686,18.504189023557544,5629.620921459945,266656824945494650000,3234423.8807125315
-40,40,47612.676730353385,923401388446.2345,1,15.693768399774113,18.456202097834964,5614.517913967243,267915589666272100000,3217244.8834522488
-40,40.1,47570.49203035142,925511553314.1643,1,15.799397415310601,18.40817938691056,5599.412773944202,269141474831344600000,3199977.209003449
-40,40.2,47528.827385895886,927559722128.3075,1,15.905399020838264,18.36012517459179,5584.306743931518,270334019931108400000,3182625.2569805277
-40,40.300000000000004,47487.68144544307,929545535485.168,1,16.011773185300747,18.31204372174978,5569.201058565585,271492775637667550000,3165193.40087273
-40,40.400000000000006,47447.05280970875,931468644032.2301,1,16.118519881761937,18.26393926484772,5554.09694416397,272617304014576350000,3147685.9858108996
-40,40.5,47406.94003234338,933328708418.8705,1,16.225639087582937,18.215816014503208,5538.995618320917,273707178688028930000,3130107.3264051504
-40,40.6,47367.34162063524,935125399202.5825,1,16.333130775674224,18.16767815408342,5523.898289513053,274761984986260600000,3112461.7046447336
-40,40.7,47328.256036224775,936858396722.0437,1,16.440994921667997,18.11952983833447,5508.806156715501,275781320053574730000,3094753.3678646144
-40,40.800000000000004,47289.68169583939,938527390928.5514,1,16.54923149602044,18.07137519204539,5493.720409028619,276764792933760340000,3076986.526777843
-40,40.900000000000006,47251.61697201803,940132081179.9323,1,16.657840478731455,18.023218308748586,5478.642225315535,277712024625070000000,3059165.3535807356
-40,41,47214.060193868354,941672176015.067,1,16.766821844049797,17.975063249455467,5463.57277385061,278622648117316940000,3041293.9801229695
-40,41.1,47177.00964782387,943147392879.0619,1,16.87617556720845,17.926914041429406,5448.513211978995,279496308393315270000,3023376.496149587
-40,41.2,47140.4635784151,944557457845.7096,1,16.985901624450825,17.87877467699562,5433.464685787404,280332662422177840000,3005416.947612805
-40,41.300000000000004,47104.42018904351,945902105292.5697,1,17.09599999083448,17.8306491123891,5418.4283297862185,281131379118082800000,2987419.3350558546
-40,41.400000000000006,47068.87764276564,947181077569.9877,1,17.2064706409181,17.782541266640504,5403.405266602998,281892139289023000000,2969387.612067847
-40,41.5,47033.834063097835,948394124638.0869,1,17.31731355639087,17.734455020500018,5388.39660668751,282614635560263900000,2951325.6838076385
-40,41.6,46999.2875347957,949541003689.4373,1,17.428528713145116,17.686443685084548,5373.4034480283035,283298572283153500000,2933245.5092272917
-40,41.7,46965.236106193624,950621478603.6823,1,17.54011609353517,17.64077013240738,5358.426792798528,283943665337662280000,2915519.436906332
-40,41.800000000000004,46931.67786036432,951635319528.2449,1,17.652075666207953,17.595070564234724,5343.463830404369,284549642004083900000,2897757.8262209995
-40,41.900000000000006,46898.61091232672,952582302549.0059,1,17.764407410925145,17.549349352683567,5328.515708697574,285116240883255080000,2879964.674474273
-40,42,46866.03333742265,953462209393.6866,1,17.87711131151946,17.503610832505874,5313.583562362039,285643211831662050000,2862143.9274514825
-40,42.1,46833.94317216147,954274827137.9633,1,17.99018734058025,17.457859299818686,5298.668512622948,286130315893843070000,2844299.478002594
-40,42.2,46802.33841507789,955019947891.0594,1,18.103635477733754,17.412099010877466,5283.771666968665,286577325218372260000,2826435.1647001132
-40,42.300000000000004,46771.21702757664,955697368464.0791,1,18.21745570538317,17.366334180895684,5268.894118885434,286984022959561200000,2808554.7705774438
-40,42.400000000000006,46740.57693479303,956306889984.449,1,18.331648002212287,17.320568982907695,5254.036947604824,287350203143074870000,2790662.0219413773
-40,42.5,46710.41602646466,956848317485.1222,1,18.446212347836425,17.274807546675444,5239.2012178639325,287675670512837100000,2772760.5872590584
-40,42.6,46680.73215778824,957321459447.9818,1,18.561148720737265,17.22905395764208,5224.387979678372,287960240347131380000,2754854.076124021
-40,42.7,46651.52315029688,957726127311.3708,1,18.676457098731227,17.183312255928442,5209.598268127908,288203738250141140000,2736946.0382932103
-40,42.800000000000004,46622.78679272439,958062134951.7258,1,18.79213746539102,17.13758643537608,5194.833103154776,288405999925281900000,2719039.9628009642
-40,42.900000000000006,46594.520841882564,959027717304.5425,1,18.908189801962255,17.091880442633872,5180.093489374534,288987632507620600000,2701139.2771436595
-40,43,46566.72302353382,960651802346.3331,1,19.024614086393118,17.046198176289987,5165.380415899431,289967245275540550000,2683247.3465374857
-40,43.1,46539.391033268534,962207236913.1588,1,19.141410302752547,17.000543486047967,5150.694856174145,290907003495836580000,2665367.473246397
-40,43.2,46512.52253737673,963693538179.3939,1,19.258578427755268,16.954920171947826,5136.037767823828,291806413460091930000,2647502.8959809206
-40,43.300000000000004,46486.11517372448,965110230776.7072,1,19.376118445163673,16.90933198363065,5121.410092514289,292664993147368770000,2629656.789364534
-40,43.400000000000006,46460.16655261908,966456846950.8347,1,19.49403033602578,16.863782619648156,5106.81275582423,293482272561467650000,2611832.2634693407
-40,43.5,46434.67425768636,967732926709.1537,1,19.61231408537317,16.818275726814214,5092.246667129336,294257794059853560000,2594032.3634151337
-40,43.6,46409.63584673777,968938017951.555,1,19.730969672311115,16.77281489960036,5077.712719498107,294991112669404820000,2576260.0690346053
-40,43.7,46385.04885263182,970071676589.3864,1,19.849997079175935,16.72740367957438,5063.211789599284,295681796391597050000,2558518.294602244
-40,43.800000000000004,46360.91078414209,971133466651.7922,1,19.96939629233841,16.682045554879945,5048.74473762062,296329426496453400000,2540809.888623202
-40,43.900000000000006,46337.219126800075,972122960383.7136,1,20.08916728616895,16.636743959760338,5034.312407198909,296933597807618000000,2523137.633686035
-40,44,46313.97134377342,973039738325.8153,1,20.20931005351077,16.591502274119183,5019.915625360983,297493918972392240000,2505504.2463670974
-40,44.1,46291.164876682684,973883389390.5072,1,20.329824570752407,16.546323823127747,5005.555202475596,298010012725162700000,2487912.37720184
-40,44.2,46268.797146475874,974653510921.2727,1,20.450710824250258,16.501211876865675,4991.231932215845,298481516136224400000,2470364.6107004476
-40,44.300000000000004,46246.865554242395,975349708744.974,1,20.571968793709363,16.456169650006867,4976.946591532064,298908080851725300000,2452863.4654266546
-40,44.400000000000006,46225.36748205777,975971597210.522,1,20.69359846670773,16.411200301540315,4962.699940634867,299289373320524860000,2435411.3941221577
-40,44.5,46204.3002937939,976518799219.695,1,20.81559982643858,16.366306934531757,4948.492722988149,299625075011358100000,2418010.783886036
-40,44.6,46183.66133596003,976990946248.5314,1,20.937972857804116,16.321492595918922,4934.325665311815,299914882619213800000,2400663.956396358
-40,44.7,46163.44793849066,977387678355.0116,1,21.060717542688533,16.276760276348092,4920.199477594039,300158508258174760000,2383373.1681862306
-40,44.800000000000004,46143.65741556045,977708644183.0006,1,21.183833867880786,16.232112910042883,4906.114853112732,300355679646738400000,2366140.6109590675
-40,44.900000000000006,46124.287066374905,977953500953.3184,1,21.307321817271443,16.187553374709843,4892.072468466052,300506140279925050000,2348968.4119498013
-40,45,46105.334175956436,978121914449.1859,1,21.431181372660838,16.14308449147793,4878.072983611677,300609649592547700000,2331858.634327021
-40,45.1,46086.7960159285,978213558991.024,1,21.555412520527774,16.098709024870793,4864.117041914584,300665983110499660000,2314813.2776337387
-40,45.2,46068.66984527744,978228117407.5658,1,21.680015249073815,16.054429682813137,4850.20527020313,300674932594289100000,2297834.27826833
-40,45.300000000000004,46050.95291111525,978165280997.0734,1,21.804989542912317,16.01024911666777,4836.338278833113,300636306170968900000,2280923.5100000864
-40,45.400000000000006,46033.642449433915,978024749484.8523,1,21.930335386731468,15.966169921303639,4822.516661759615,300549928458245240000,2264082.7845191695
-40,45.5,46016.73568584118,977806230974.9939,1,22.056052763865154,15.922194635194852,4808.740996616355,300415640679478200000,2247313.8520207033
-40,45.6,46000.22983629629,977509441895.7687,1,22.182141660914333,15.878325740547961,4795.011844802284,300233300769215600000,2230618.401818479
-40,45.7,45984.1221078299,977134106651.0375,1,22.30860206687347,15.834576082732264,4781.329751575182,300002783292647200000,2214023.420869229
-40,45.800000000000004,45968.409704462625,976679957667.3284,1,22.435433967173193,15.79093641162897,4767.694933127606,299723979602848400000,2197504.0461935573
-40,45.900000000000006,45953.089827755466,976146735377.9523,1,22.562637348827753,15.74740891726856,4754.107910000705,299396797953866470000,2181061.4543254324
-40,46,45938.15967204794,975534188197.4956,1,22.690212195999564,15.703995900112387,4740.569191331426,299021163602421150000,2164697.1392487483
-40,46.1,45923.61642507557,974842072487.0868,1,22.818158497561598,15.660699604940506,4727.0792703956795,298597018898461950000,2148412.536942811
-40,46.2,45909.45726864133,974070152514.7098,1,22.946476237207193,15.617522221123998,4713.6386247302535,298124323367212940000,2132209.0261368975
-40,46.300000000000004,45895.67937928997,973218200410.0482,1,23.075165401011716,15.574465882919826,4700.247716260418,297603053782400570000,2116087.929083858
-40,46.400000000000006,45882.27992895804,972285996118.5648,1,23.20422598216811,15.531532669790035,4686.9069914329775,297033204233563900000,2100050.512355056
-40,46.5,45869.256085615605,971273327355.8087,1,23.33365796323356,15.488724606742826,4673.616881354504,296414786188062560000,2084097.9876528946
-40,46.6,45856.60501390509,970179989562.1289,1,23.46346133539655,15.44604366469403,4660.377801934504,295747828547902440000,2068231.5126386096
-40,46.7,45844.323875756934,969005785860.8407,1,23.593636082245474,15.40349176085018,4647.1901540332965,295032377703245680000,2052452.1917768489
-40,46.800000000000004,45832.40983100515,967750527021.9238,1,23.724182192154895,15.361070759110019,4634.054323614338,294268497583859960000,2036761.077192313
-40,46.900000000000006,45820.8600379806,966414031428.3052,1,23.855099653606427,15.31878247048566,4620.970681900748,293456269706699900000,2021159.169540239
-40,47,45809.671654097736,964996125050.9993,1,23.98638845450684,15.276628653541154,4607.939585535838,292595793223414050000,2005647.4188871891
-40,47.1,45798.841836432926,963496641431.774,1,24.118048582804946,15.234611014847673,4594.961376747353,291687184966917300000,1990226.7256010843
-40,47.2,45788.36774228141,961915421671.8215,1,24.250080030542833,15.192731209455784,4582.0363835152475,290730579496056420000,1974897.941251064
-40,47.300000000000004,45778.24652971327,960252314433.4786,1,24.382482779810257,15.150990841382047,4569.1649197427505,289726129142566650000,1959661.8695131212
-40,47.400000000000006,45768.47535811365,958507175948.1309,1,24.515256824302064,15.109391464110523,4556.347285430494,288674004056067830000,1944519.2670824456
-40,47.5,45759.051388709806,956679870037.663,1,24.64840214949236,15.067934581108116,4543.583766853493,287574392251451300000,1929470.8445908783
-40,47.6,45749.97178507876,954770268145.7048,1,24.781918747135304,15.026621646353625,4530.874636740787,286427499656260750000,1914517.2675292834
-40,47.7,45741.23371366784,952778249381.0541,1,24.91580660138285,14.98545406487657,4518.2201544574655,285233550159359280000,1899659.1571694966
-40,47.800000000000004,45732.834344275296,950703700573.6847,1,25.05006570501123,14.944433193310218,4505.6205661889835,283992785660962300000,1884897.0914918077
-40,47.900000000000006,45724.77085053176,948546516343.5482,1,25.184696046899525,14.903560340453977,4493.076105127462,282705466123972640000,1870231.6061116839
-40,48,45717.040410370566,946306599181.5457,1,25.319697616203612,14.862836767845792,4480.586991659848,281371869626038650000,1855663.1952062736
-40,48.1,45709.64020649437,943983859545.3121,1,25.455070404484108,14.822263690342924,4468.15343355769,279992292413689860000,1841192.3124389842
-40,48.2,45702.56742680259,941578215967.7767,1,25.590814394311128,14.781842276713986,4455.77562616843,278567048957078570000,1826819.3718857423
-40,48.300000000000004,45695.819264846854,939089595179.1035,1,25.726929583407163,14.74157365023505,4443.453752607919,277096472005426020000,1812544.7489535792
-40,48.400000000000006,45689.39292024262,936517932243.5221,1,25.863415958496702,14.701458889295994,4431.18798395408,275580912643777600000,1798368.7812998858
-40,48.5,45683.28559907712,933863170709.0251,1,26.000273509842124,14.661499028012715,4418.978479441504,274020740349557080000,1784291.7697465366
-40,48.6,45677.49451432098,931125262771.4059,1,26.13750222735791,14.621695056843766,4406.825386656795,272416343049466400000,1770313.979187234
-40,48.7,45672.01688621193,928304169452.2615,1,26.275102100267567,14.582047923213956,4394.728841734558,270768127176160380000,1756435.6394914105
-40,48.800000000000004,45666.84994263481,925399860790.0254,1,26.41307311778058,14.542558532141875,4382.688969553833,269076517723782900000,1742656.946401041
-40,48.900000000000006,45661.990919491276,922412316045.4249,1,26.55141527303944,14.503227746871517,4370.705883934841,267341958302799950000,1728978.062420559
-40,49,45657.437061043456,919341523919.4989,1,26.690128555531086,14.464056389508798,4358.779687835901,265564911192642700000,1715399.1177012166
-40,49.1,45653.185620281845,916187482784.9609,1,26.829212955682177,14.425045241657841,4346.91047355034,263745857392206970000,1701920.210913421
-40,49.2,45649.23385924287,912950200930.5864,1,26.96866846380621,14.386195045063472,4335.098322903351,261885296667593100000,1688541.4101153503
-40,49.300000000000004,45645.57904934604,909629696818.1451,1,27.10849506976788,14.347506502252742,4323.343307448553,259983747596369630000,1675262.7536091749
-40,49.400000000000006,45642.21847169753,906225999351.6566,1,27.24869276649154,14.308980277180133,4311.64548866423,258041747607776330000,1662084.2507906787
-40,49.5,45639.149417396635,902739148158.9888,1,27.389261543181323,14.270616995872453,4300.004918149058,256059853018415040000,1649005.8829876003
-40,49.6,45636.36918784026,899169193884.8888,1,27.530201392222708,14.232417247073506,4288.421637817228,254038639062427630000,1636027.6042869647
-40,49.7,45633.87509499397,895516198496.4468,1,27.67151230449675,14.194381582890953,4276.89568009289,251978699916242400000,1623149.3423546713
-40,49.800000000000004,45631.66446167324,891780235599.5172,1,27.813194271907772,14.156510519440914,4265.427068103735,249880648716549000000,1610370.9992419588
-40,49.900000000000006,45629.734621809795,887961390766.9935,1,27.955247286238045,14.118804537492295,4254.015815873694,247745117571497800000,1597692.4521814869
-40,50,45628.08292070031,884059761878.1028,1,28.09767133881319,14.081264083110582,4242.6619285146,245572757564130230000,1585113.5543728522
-40,50.1,45626.70671525318,880075459469.4114,1,28.240466420897377,14.043889568299392,4231.365402416751,243364238747892680000,1572634.1357557902
-40,50.2,45625.60337423347,876008607097.9019,1,28.383632520832947,14.006681371639358,4220.126225438257,241120250133879030000,1560254.0037706494
-40,50.300000000000004,45624.77027847711,871859341714.6472,1,28.52716963628668,13.969639838926662,4208.944377093132,238841499668421350000,1547972.9441092904
-40,50.400000000000006,45624.20482111722,867627814051.6073,1,28.671077757966117,13.932765283807015,4197.819828738003,236528714201849200000,1535790.7214514408
-40,50.5,45623.90440779179,863314189021.0239,1,28.81535687384272,13.896057988407488,4186.752543757382,234182639447518180000,1523707.0801897997
-40,50.6,45623.86645684671,858918646127.2198,1,28.960006981755956,13.859518203964766,4175.742477747446,231804039930385270000,1511721.7451422256
-40,50.7,45624.08839951642,854441379893.2484,1,29.10502807049828,13.823146151450947,4164.789578698224,229393698925819040000,1499834.4222527742
-40,50.800000000000004,45624.567680125125,849882600301.4489,1,29.25042013273157,13.786942022192978,4153.89378717414,226952418387456560000,1488044.799277017
-40,50.900000000000006,45625.30175624788,845242533251.2904,1,29.396183158928867,13.750905978490731,4143.055036492869,224481018865223170000,1476352.5464579307
-40,51,45626.288098891266,840521421032.4352,1,29.542317143553063,13.715038154228287,4132.273252902421,221980339411661130000,1464757.3171860934
-40,51.1,45627.524192632176,835719522817.86,1,29.688822078689046,13.679338655483521,4121.548355756439,219451237478377030000,1453258.748650476
-40,51.2,45629.007535791025,830837115176.0068,1,29.8356979581343,13.643807561129153,4110.880257687598,216894588801220000000,1441856.462472065
-40,51.300000000000004,45630.73564056493,825874492605.407,1,29.98294477438724,13.60844492343156,4100.268864779127,214311287275135570000,1430550.065327839
-40,51.400000000000006,45632.70603316184,820831968092.6622,1,30.130562521894543,13.573250768643563,4089.7140767343835,211702244818213960000,1419339.1495610038
-40,51.5,45634.91625393741,815709873695.6418,1,30.27855118873949,13.538225097590859,4079.21578704441,209068391224910700000,1408223.2937773513
-40,51.6,45637.36385751609,810508561155.9689,1,30.426910773491205,13.503367886253612,4068.7738831535044,206410674009477900000,1397202.063429583
-40,51.7,45640.04641289823,805228402540.1094,1,30.575641265863883,13.468679086342746,4058.388246622712,203730058238105300000,1386275.0113895573
-40,51.800000000000004,45642.96150357276,799869790914.3475,1,30.724742656262585,13.434158625869244,4048.058753291229,201027526351266400000,1375441.6785064945
-40,51.900000000000006,45646.106727627106,794433141054.4274,1,30.87421494575607,13.39980640970701,4037.7852734356916,198304077975349460000,1364701.5941521693
-40,52,45649.47969782166,788918890193.328,1,31.024058123489905,13.365622320151886,4027.5676719273374,195560729723934900000,1354054.2767562144
-40,52.1,45653.078041700646,783327498809.564,1,31.174272178624484,13.331606217470704,4017.4058083869772,192798514988428200000,1343499.2343248222
-40,52.2,45656.89940166287,777659451457.6674,1,31.324857111008534,13.297757940446678,4007.2995373378094,190018483717298030000,1333035.9649502423
-40,52.300000000000004,45660.94143503439,771915257645.694,1,31.47581291522334,13.264077306917583,3997.248708356033,187221702184638900000,1322663.9573071217
-40,52.400000000000006,45665.20181414485,766095452759.3762,1,31.627139576783886,13.230564114306324,3987.2531662192255,184409252746090770000,1312382.691135779
-40,52.5,45669.67822639365,760200599037.8583,1,31.778837092810846,13.1972181401452,3977.312751052517,181582233582663860000,1302191.6377137448
-40,52.6,45674.36837430112,754231286600.7677,1,31.930905461103826,13.164039142594024,3967.4272984725194,178741758430383100000,1292090.260316181
-40,52.7,45679.26997556258,748188134529.9932,1,32.083344671162365,13.131026860950634,3957.5966397290103,175888956295340980000,1282078.0146636749
-40,52.800000000000004,45684.38076310605,742071792006.9995,1,32.236154718780675,13.098181016153656,3947.8206018443607,173024971152429100000,1272154.349357518
-40,52.900000000000006,45689.69848512113,735882939506.84,1,32.38933559896033,13.065501311280183,3938.099007750722,170150961626118100000,1262318.7063055118
-40,53,45695.22090510279,729622290049.2136,1,32.54288730217369,13.032987432034732,3928.4316764249497,167268100651217700000,1252570.521134594
-40,53.1,45700.9458018858,723290590506.4902,1,32.69680982808989,13.000639047231369,3918.818423021257,164377575111324170000,1242909.2235925486
-40,53.2,45706.87096966244,716888622968.8884,1,32.85110316743855,12.96845580926972,3909.2590590016357,161480585452762900000,1233334.2379396595
-40,53.300000000000004,45712.99421801884,710417206164.4705,1,33.0057673101885,12.93643735460184,3899.7533922640037,158578345270692400000,1223844.9833274016
-40,53.400000000000006,45719.31337194145,703877196932.1842,1,33.16080225914006,12.904583304193963,3890.301227268118,155672080864353120000,1214440.8741684905
-40,53.5,45725.82627183478,697269491745.8801,1,33.316208003873484,12.87289326397975,3880.9023651592424,152763030758378400000,1205121.3204949917
-40,53.6,45732.53077353258,690595028283.8298,1,33.47198453892435,12.841366825306482,3871.556603889571,149852445185684180000,1195885.7283061717
-40,53.7,45739.42474829964,683854787042.0345,1,33.62813185971794,12.810003565374457,3862.26373833744,146941585529281840000,1186733.499906467
-40,53.800000000000004,45746.506082834676,677049792982.3312,1,33.78464996116251,12.778803047668768,3853.0235604243194,144031723717351600000,1177664.0342329743
-40,53.900000000000006,45753.772679262795,670181117211.4146,1,33.94153883657237,12.747764822384335,3843.8358592295936,141124141568420530000,1168676.727173482
-40,54,45761.22245513555,663249878682.5872,1,34.09879848247584,12.716888426842871,3834.7004211031576,138220130081894170000,1159770.9718738636
-40,54.1,45768.85334341414,656257245911.6039,1,34.256428892213606,12.686173385903695,3825.6170297758304,135320988669366090000,1150946.159036921
-40,54.2,45776.66329245735,649204438697.4362,1,34.414430058639674,12.655619212366766,3816.585466467618,132428024322308720000,1142201.6772112176
-40,54.300000000000004,45784.65026600752,642092729837.9137,1,34.572801982156946,12.62522540736838,3807.605509993806,129542550711832350000,1133536.913070481
-40,54.400000000000006,45792.812243158,634923446829.3909,1,34.73154465258309,12.594991460771075,3798.6769368689465,126665887216364800000,1124951.2516852703
-40,54.5,45801.1472183438,627697973538.2968,1,34.89065806740774,12.564916851544318,3789.7995214087096,123799357873130910000,1116444.0767836045
-40,54.6,45809.65320130251,620417751832.2421,1,35.05014222420666,12.53500104814028,3780.973035829658,120944290249844310000,1108014.7710050796
-40,54.7,45818.328217045404,613084283157.5177,1,35.20999711373299,12.505243508861613,3772.1972503469356,118102014233331450000,1099662.7161453867
-40,54.800000000000004,45827.170305828564,605699130049.9633,1,35.37022273287831,12.475643682222021,3763.4719332699005,115273860732546530000,1091387.2933923076
-40,54.900000000000006,45836.17752311099,598263917564.4675,1,35.53081907779268,12.446201007300791,3754.796851095725,112461160293486380000,1083187.8835543394
-40,55,45845.34793951735,590780334609.3761,1,35.691786142481796,12.41691491408988,3746.171768600978,109665241624669550000,1075063.8672808083
-40,55.1,45854.67964079697,583250135172.1407,1,35.85312392161322,12.387784823834327,3737.5964489312205,106887430032623270000,1067014.6252742622
-40,55.2,45864.17072778009,575675139420.7749,1,36.01483241238547,12.35881014936598,3729.070653688622,104129045766948980000,1059039.538495249
-40,55.300000000000004,45873.81931631919,568057234668.8295,1,36.17691161268708,12.329990295431477,3720.5941430176395,101391402276511170000,1051137.9883606
-40,55.400000000000006,45883.62353725638,560398376188.4694,1,36.339361513711374,12.301324659011478,3712.166675688753,98675804377924850000,1043309.3569323148
-40,55.5,45893.58153636288,552700587860.0198,1,36.50218211106643,12.272812629635313,3703.7880091803154,95983546339695700000,1035553.0271012727
-40,55.6,45903.691474284045,544965962645.2479,1,36.66537340358817,12.244453589688604,3695.457899758524,93315909885707340000,1027868.3827634152
-40,55.7,45913.951526486315,537196662872.21045,1,36.82893538640793,12.21624691471413,3687.1761025555297,90674162122698010000,1020254.8089888722
-40,55.800000000000004,45924.35988319479,529394920321.25916,1,36.99286805153028,12.188191973706957,3678.942371645723,88059553397686240000,1012711.6921850283
-40,55.900000000000006,45934.914749341086,521563036103.0705,1,37.15717139943322,12.160288129402367,3670.7564601202107,85473315092373950000,1005238.4202523008
-40,56,45945.61434448976,513703380318.8086,1,37.32184542307562,12.132534738559071,3662.6181201595186,82916657361897820000,997834.382734981
-40,56.1,45956.456902784295,505818391496.40704,1,37.48689011836041,12.104931152234727,3654.527103104536,80390766827130270000,990498.9709645069
-40,56.2,45967.44067287911,497910575796.22736,1,37.6523054837126,12.077476716056312,3646.483159525732,77896804229924850000,983231.5781976287
-40,56.300000000000004,45978.563917865045,489982505980.8589,1,37.81809151522197,12.050170770484904,3638.486039290667,75435902061589450000,976031.5997490721
-40,56.400000000000006,45989.82491521072,482036820146.131,1,37.98424820305077,12.023012651073277,3630.535491629827,73009162175900810000,968898.4331173965
-40,56.5,46001.22195668891,474076220169.29065,1,38.150775551549515,11.996002296133621,3622.6312652008037,70617653385931540000,961832.3259100887
-40,56.6,46012.75334848277,466103469632.786,1,38.31767355243424,11.96914348905335,3614.773094352911,68262408987924320000,954838.9100022608
-40,56.7,46024.4174126694,458121392086.4609,1,38.48494220210289,11.942430098899642,3606.960611281162,65944424483095044000,947910.3861759087
-40,56.800000000000004,46036.212486932054,450132868821.53064,1,38.65258149824086,11.915861444793933,3599.193563886052,63664655255699960000,941046.1621345122
-40,56.900000000000006,46048.13692292385,442140836437.08527,1,38.820591436665644,11.889436842268712,3591.4716997625897,61424014306449840000,934245.6483778852
-40,57,46060.189086190425,434148284168.763,1,38.98897201356353,11.863155603488249,3583.794766255521,59223370044102070000,927508.258295006
-40,57.1,46072.36735609453,426158250984.6049,1,39.157723225351084,11.837017037463836,3576.1625105130643,57063544148582550000,920833.4082521516
-40,57.2,46084.67012573406,418173822453.9104,1,39.326845067182795,11.811020450264309,3568.5746795392224,54945309518785480000,914220.5176769445
-40,57.300000000000004,46097.09580186289,410198127395.9116,1,39.49633753549816,11.785165145221178,3561.0310202446553,52869388317959225000,907669.009137862
-40,57.400000000000006,46109.64280480333,402234334314.4383,1,39.66620062899996,11.759450423129309,3553.5312794961646,50836450128837460000,901178.3084200457
-40,57.5,46122.309568371624,394285647625.9673,1,39.83643434363577,11.733875582441613,3546.0752041647875,48847110230372210000,894747.8445962077
-40,57.6,46135.09453979228,386355303687.99695,1,40.00703867752182,11.708439919459702,3538.6625411725595,46901928007115235000,888377.0500942403
-40,57.7,46147.99617961701,378446566631.4457,1,40.178013625102395,11.683142728519382,3531.2930375379533,45001405500797640000,882065.3607607177
-40,57.800000000000004,46161.01296163723,370562724000.0804,1,40.34935918235366,11.657983302171827,3523.9664404200084,43145986112858080000,875812.2159210389
-40,57.900000000000006,46174.1433728002,362707082192.1829,1,40.521075349033566,11.632960931359893,3516.682497161202,41336053464239340000,869617.058435762
-40,58,46187.385913122445,354882961690.9539,1,40.69316211885175,11.608074905589987,3509.4409553290516,39571930416444580000,863479.3347535551
-40,58.1,46200.73909560125,347093692052.4678,1,40.865619490184486,11.583324513099617,3502.241562756501,37853878253897060000,857398.4949609268
-40,58.2,46214.20144613739,339342606596.84924,1,41.03844745989339,11.5587090410197,3495.0840675810964,36182096023257890000,851373.9928279683
-40,58.300000000000004,46227.771503433585,331633036705.0734,1,41.21164602788867,11.53422777553431,3487.968218282998,34556720017712603000,845405.2858523868
-40,58.400000000000006,46241.44781892467,323968305569.6396,1,41.38521518514831,11.509880002033851,3480.893763721809,32977823386151633000,839491.8352986086
-40,58.5,46255.22895666864,316351721163.9571,1,41.5591549353031,11.4856650052669,3473.860453172303,31445415835443085000,833633.106236171
-40,58.6,46269.113493280485,308786568086.61566,1,41.73346527092668,11.46158206948488,3466.868036359014,29959443380692250000,827828.567572811
-40,58.7,46283.100017821416,301276097795.1985,1,41.90814619055609,11.437630478585865,3459.916263489754,28519788083097203000,822077.6920873121
-40,58.800000000000004,46297.18713172991,293823516577.558,1,42.0831976904213,11.413809516251511,3453.004885288052,27126267700455916000,816379.9564573148
-40,58.900000000000006,46311.37344871834,286431970419.64026,1,42.25861977071274,11.390118466082546,3446.133653024565,25778635162976862000,810734.8412864903
-40,59,46325.65759468917,279104525745.78394,1,42.43441242402549,11.366556611729083,3439.302318547455,24476577782275965000,805141.831128116
-40,59.1,46340.03820764739,271844144860.64532,1,42.61057565119265,11.343123237017483,3432.5106343117686,23219716108814213000,799600.4145064666
-40,59.2,46354.51393760461,264653654860.85693,1,42.78710944655564,11.319817626074174,3425.758353407837,22007602378597470000,794110.0839363417
-40,59.300000000000004,46369.08344649896,257535708875.49335,1,42.96401381107778,11.296639063444768,3419.0452295887153,20839718540173480000,788670.3359395022
-40,59.400000000000006,46383.74540809076,250492738804.2212,1,43.14128873895079,11.27358683421142,3412.3710172966953,19715473931374313000,783280.671060251
-40,59.5,46398.49850788526,243526899314.1287,1,43.318934229051195,11.250660224104827,3405.735471688884,18634202782177087000,777940.5938775095
-40,59.6,46413.341443037614,236640003780.44885,1,43.49695027864474,11.22785851961413,3399.1383486618925,17595161851498090000,772649.613015808
-40,59.7,46428.27292226534,229833454108.17105,1,43.67533688290874,11.205181008093017,3392.579404875649,16597528648520067000,767407.2411539975
-40,59.800000000000004,46443.29166575335,223108167904.36856,1,43.85409404445757,11.182626977863142,3386.0583977763586,15640400825626112000,762212.9950324947
-40,59.900000000000006,46458.39640506543,216464508145.31052,1,44.033221756983785,11.160195718313892,3379.5750856186096,14722797433131820000,757066.395458377
-40,60,46473.58588306233,209902222103.54706,1,44.21272001933863,11.13788651999868,3373.1292274866696,13843662768664592000,751966.9673084569
-40,60.1,46488.858853802085,203420397595.023,1,44.39258883210919,11.115698674729426,3366.720583314987,13001873507923601000,746914.239531653
-40,60.2,46504.21408244688,197017445285.39923,1,44.572828188294174,11.093631475667621,3360.3489139078974,12196249649568053000,741907.7451493841
-40,60.300000000000004,46519.65034519695,190691115576.027,1,44.75343808446889,11.07168421741067,3354.0139809585635,11425569537528990000,736947.0212531232
-40,60.400000000000006,46535.16642917413,184438557286.82553,1,44.93441852301757,11.04985619607888,3347.7155470671896,10688588851734080000,732031.6090030512
-40,60.5,46550.76113234367,178256422889.971,1,45.11576950060677,11.028146709397024,3341.453375758485,9984063012481085000,727161.0536233623
-40,60.6,46566.433263424784,172141021546.982,1,45.29749101491029,11.006555056774008,3335.2272314984198,9310771975191818000,722334.9043968011
-40,60.7,46582.18164180778,166088516947.01547,1,45.479583062811166,10.985080539379442,3329.0368797102883,8667545961407581000,717552.7146576251
-40,60.800000000000004,46598.00509745348,160095162397.45905,1,45.662045643559225,10.963722460218857,3322.8820867901004,8053290344823408000,712814.0417841955
-40,60.900000000000006,46613.90247082338,154157561325.03934,1,45.844878753908894,10.942480124204296,3316.7626201212965,7467007745166502000,708118.4471888981
-40,61,46629.87261276413,148481494784.86783,1,46.02808239341729,10.921352838225552,3310.67824808884,6927261797090834000,703465.4963091738
-40,61.1,46645.91438444983,143401485660.36087,1,46.2116565551069,10.900339911215044,3304.62874009264,6461364486475377000,698854.7585946602
-40,61.2,46662.026657274924,138350492306.33017,1,46.39560124276501,10.87944065421377,3298.613866560404,6014206790660953000,694285.8074957264
-40,61.300000000000004,46678.20831277408,133328724464.87996,1,46.579916450540985,10.858654380433064,3292.633398959864,5585529984193036000,689758.2204497244
-40,61.400000000000006,46694.45824253466,128337232099.0129,1,46.76460218148707,10.837980405314639,3286.687109810422,5175142059456511000,685271.5788666565
-40,61.5,46710.775348110124,123377977323.50398,1,46.949658428230855,10.8174180465884,3280.7747726942343,4782910245069046000,680825.4681139255
-40,61.6,46727.15854093898,118453874868.66736,1,47.135085192995945,10.79696662432772,3274.8961622667284,4408750103080842000,676419.4775000046
-40,61.7,46743.60674224794,113568798464.20901,1,47.32088246937921,10.776625461003702,3269.0510542665947,4052611766479421400,672053.2002580059
-40,61.800000000000004,46760.11888298113,108727552360.73267,1,47.507050262717485,10.756393881535663,3263.2392255252307,3714464070349031400,667726.2335273059
-40,61.900000000000006,46776.69390369952,103935809025.35423,1,47.69358856505288,10.736271213341634,3257.460453975694,3394277464420994600,663438.178335828
-40,62,46793.33075451385,99200015728.0747,1,47.88049737650406,10.716256786384667,3251.714518661132,3092006661817211400,659188.6395800869
-40,62.1,46810.028394986875,94527274164.2985,1,48.06777669812786,10.696349933219318,3246.001199742747,2807573974817363000,654977.2260060089
-40,62.2,46826.78579405695,89925198363.96135,1,48.25542651911244,10.676549989034855,3240.3202785072685,2540854217257981000,650803.550188153
-40,62.300000000000004,46843.601929955184,85401756873.07227,1,48.443446847886406,10.656856291697114,3234.6715373739776,2291661923897990400,646667.228508673
-40,62.400000000000006,46860.475790116005,80965105549.42426,1,48.63183768025178,10.637268181789024,3229.054759901273,2059741463789913300,642567.8811359889
-40,62.5,46877.406371100806,76623417310.01042,1,48.8205990120366,10.617785002648551,3223.4697307928022,1844760424139941400,638505.1320024057
-40,62.6,46894.39267851785,72384714841.9846,1,49.0097308422149,10.59840610040526,3217.9162359031675,1646306430749060900,634478.6087813799
-40,62.7,46911.43372694217,68256711700.84871,1,49.19923317259266,10.579130824015232,3212.3940622432197,1463887367650743800,630487.9428643854
-40,62.800000000000004,46928.52853982709,64246666433.69991,1,49.38910599762109,10.559958525294972,3206.9029979849547,1296934776158320000,626532.7693376618
-40,62.900000000000006,46945.67614942603,60361253451.44971,1,49.579349316946995,10.540888558953068,3201.4428324660053,1144810063069946900,622612.7269581661
-40,63,46962.87559672166,56606453395.18652,1,49.76996313181543,10.521920282619899,3196.0133561937614,1006813036012149100,618727.458128813
-40,63.1,46980.12593133189,52987464761.11933,1,49.96094744043766,10.50305305687739,3190.6143608491225,882192213879997400,614876.6088743747
-40,63.2,46997.426211446524,49508637612.526375,1,50.15230223660515,10.484286245285348,3185.245639289881,770156331149651700,611059.828815761
-40,63.300000000000004,47014.7755037453,46173409266.258545,1,50.3440275231448,10.466226269397813,3179.90698555377,669885879870547500,607311.5655247292
-40,63.400000000000006,47032.17289067991,42984304710.867805,1,50.536123298275044,10.44836878836647,3174.597592590828,580546152802077300,603602.0464464339
-40,63.5,47049.61747157574,39942934159.67631,1,50.728589558787654,10.430606888431061,3169.3171592383105,501299034118147840,599924.7843421501
-40,63.6,47067.10835503042,37050008150.79021,1,50.921426306001315,10.41293994482179,3164.0654913119774,431313999525408200,596279.454677553
-40,63.7,47084.64465754572,34305368904.360832,1,51.114633535996774,10.395367336231413,3158.842395761593,369778048990215940,592665.7362441444
-40,63.800000000000004,47102.22550345678,31708034808.457874,1,51.30821124874979,10.37788844482294,3153.647680671826,315904339315021500,589083.3111330657
-40,63.900000000000006,47119.850024855696,29256255661.17115,1,51.50215944262139,10.360502656236525,3148.481155262892,268939395235603300,585531.8647089896
-40,64,47137.51736152172,26947576287.22332,1,51.696478117505286,10.343209359595333,3143.3426298909408,228168852913568220,582011.0855836609
-40,64.10000000000001,47155.22666085325,24778906223.120373,1,51.89116727104981,10.326007947510492,3138.231916048207,192921754577896540,578520.6655893055
-40,64.2,47172.977077796124,22746593303.506004,1,52.08622690334696,10.308897816085336,3133.1488263629335,162573465847071100,575060.2997520737
-40,64.3,47190.76777477376,20846499170.530075,1,52.28165701208741,10.291878364918746,3128.093174599056,136547327463085360,571629.686265383
-40,64.4,47208.59792162664,19074074948.730526,1,52.47745759863406,10.274948997107545,3123.064775655681,114315181052541460,568228.5264628656
-40,64.5,47226.46669552103,17424435568.196476,1,52.67362866150495,10.25810911924882,3118.063445566355,95396925136787490,564856.5247924153
-40,64.60000000000001,47244.37328090612,15892431466.189274,1,52.87017019628093,10.241358141440381,3113.089001498109,79359264379598460,561513.3887884255
-40,64.7,47262.316869437695,14472716641.369032,1,53.06708220224552,10.224695477281303,3108.141261750321,65813813678654504,558198.8290452734
-40,64.8,47280.296659906395,13159812268.624044,1,53.264364679488196,10.208120543871658,3103.220045753385,54414710969892010,554912.5591906224
-40,64.9,47298.31185817532,11948165299.550528,1,53.462017627331704,10.191632761811354,3098.3251740671844,44855880238277210,551654.2958583977
-40,65,47316.361677116714,10832201670.215872,1,53.66004104505584,10.17523155519838,3093.456468379397,36868070802393430,548423.7586618308
-40,65.10000000000001,47334.44533653837,9806373911.2913,0,2.5317990043677,10.158916351626596,3088.613751503613,30215781837895492,545220.6701669062
-40,65.2,47352.562063127756,8865203105.392467,0,1.4112153100159168,10.142686582182586,3083.7968473772958,24694163469879864,542044.7558652152
-40,65.3,47370.71109038498,8003315261.488628,0,0.9231548518227176,10.126541681442115,3079.005581059571,20125968484577376,538895.7441472738
-40,65.4,47388.89165855665,7215472278.682606,0,0.8308974059357414,10.110481087466038,3074.2397787288683,16358612458167392,535773.3662758599
-40,65.5,47407.10301457718,6496597751.655383,0,0.45273188575659273,10.094504241795446,3069.4992676803963,13261385316611732,532677.3563591624
-40,65.60000000000001,47425.34441200178,5841797930.604892,0,0.5750970316385103,10.078610589446544,3064.7838763234936,10722844302083386,529607.4513243147
-40,65.7,47443.61511094589,5246378190.880032,0,0.5361716164934144,10.062799578904777,3060.0934341788147,8648407144310001,526563.3908907734
-40,65.8,47461.91437801998,4705855394.67317,0,0.6456205211135376,10.047070662118612,3055.427771875391,6958154926933810,523544.91754395585
-40,65.9,47480.241486272775,4215966540.920711,0,0.7552161449225221,10.031423294492651,3050.78672114756,5584846615799937,520551.77650869207
-40,66,47498.59571513627,3772674102.2439036,0,1.0408655112735052,10.015856934880222,3046.170114831759,4472141338100067.5,517583.71572273166
-40,66.10000000000001,47516.97635035403,3372168441.7440386,0,1.3208197184724488,10.000371045575926,3041.577786863214,3573020092594880.5,514640.4858109265
-40,66.2,47535.38268392533,3010867689.154172,0,1.567770649335948,9.984965092307371,3037.0095722724955,2848395435486006.5,511721.84005899617
-40,66.3,47553.81401404925,2685415437.336079,0,0.9377261597197889,9.969638544226488,3032.465307181965,2265895626968973.5,508827.53438741993
-40,66.4,47572.26964506507,2392676597.7008314,0,0.48333522184669636,9.954390873900556,3027.9448288021135,1798808547860517.5,505957.32732559624
-40,66.5,47590.74888739083,2129731728.1392715,0,0.29471917446417434,9.939221557302849,3023.447975427796,1425170226352718.5,503110.97998617875
-40,66.60000000000001,47609.25105747394,1893870120.5436916,0,0.09430145981618104,9.924130073802676,3018.9745864343604,1126982892279822,500288.25603918347
-40,66.7,47627.77547771949,1682581907.8780463,0,0.34428012681940984,9.909115906155511,3014.5245022736894,889547961024230.1,497488.9216869471
-40,66.8,47646.32147644926,1493549423.7704568,0,0.2774512705901136,9.894178540492154,3010.097564470138,700900122973099.6,494712.7456382499
-40,66.9,47664.88838783838,1324638021.1701393,0,0.177331868987339,9.879317466308006,3005.693615616388,551329678950871.75,491959.4990833123
-40,67,47683.4755518632,1173886531.3497021,0,0.12696944164879762,9.864532176451814,3001.312499369218,432981338260978.5,489228.9556686002
-40,67.10000000000001,47702.08231423702,1039497520.6143035,0,0.10641131738268561,9.849822167114349,2996.9540604451936,339518821323837.56,486520.8914721559
-40,67.2,47720.70802636817,919827479.7238227,0,0.3134464716435576,9.835186937816314,2992.618144616266,265845735923708.56,483835.08497840987
-40,67.3,47739.352045292966,813377060.4803548,0,0.45681568223906205,9.820625991396513,2988.304598705314,207874289938155.94,481171.3170539352
-40,67.4,47758.01373363752,718781455.0794195,0,0.555310528172602,9.806138833999123,2984.013270581599,162334439581511.88,478529.37092248024
-40,67.5,47776.69245955255,634800996.8296162,0,0.7546478566447252,9.791724975061301,2979.744009156162,126617034894710.48,475909.03214101354
-40,67.60000000000001,47795.387596662156,560312045.6044946,0,0.4251870207322664,9.777383927300226,2975.496664377153,98645404276807.86,473310.0885755134
-40,67.7,47814.09852402005,494298207.8485383,0,0.31513459129820903,9.763115206699748,2971.2710872250914,76770613400805.52,470732.3303767032
-40,67.8,47832.824626048096,435841929.06295973,0,0.10844597760223995,9.748918332497196,2967.0671297080753,59686340910990.086,468175.5499565131
-40,67.9,47851.56529248692,384116486.32503265,0,0.2189809306171946,9.734792827169706,2962.884644856937,46359936667057.305,465639.54196436616
-40,68,47870.31991835497,338378399.4383492,0,0.19754028265942833,9.720738216420148,2958.7234867203274,35976772722538.38,463124.1032633723
-40,68.10000000000001,47889.0879038861,297960271.64554197,0,0.21414480931695085,9.706754029163356,2954.5835103597774,27895468647282.656,460629.0329073805
-40,68.2,47907.868654480204,262264064.37601212,0,0.26751170224903087,9.692839797511837,2950.464571844686,21611977838495.293,458154.1321178153
-40,68.3,47926.661580669694,230754805.06375256,0,0.2006839836355451,9.67899505676098,2946.366528247269,16730866942057.805,455699.20426022663
-40,68.4,47945.46609804686,202954722.60772032,0,0.16231042447026234,9.665219345374977,2942.2892376374834,12942413226375.334,453264.0548222141
-40,68.5,47964.281627236865,178437801.38330403,0,0.16801409465508088,9.65151220497153,2938.2325590778814,10004391206918.86,450848.49139016424
-40,68.60000000000001,47983.107593837194,156824741.78159752,0,0.24820899402617155,9.637873180307183,2934.1963526184495,7727626109486.664,448452.3236272016
-40,68.7,48001.94342837669,137778306.6582268,0,0.2994248427501755,9.624341080253375,2930.1804792914004,5964562923685.299,446076.974411474
-40,68.8,48020.788566595875,120999012.50081818,0,0.4254932776936872,9.611216959251907,2926.1847726923,4600241068891.627,443734.55462369625
-40,68.9,48039.64245228935,106221293.73717277,0,0.20188368403032836,9.59815782062682,2922.208850314185,3545194870496.73,441410.6915360959
-40,69,48058.50453687273,93209909.7303294,0,0.13459135240555783,9.585163228554705,2918.252579468362,2729864643444.8423,439105.2070708274
-40,69.10000000000001,48077.37427640706,81756690.19287375,0,0.12148929746430569,9.572232750262831,2914.315828394931,2100213963410.3555,436817.92505737185
-40,69.2,48096.25113154575,71677582.2350158,0,0.2369176798042557,9.55936595601223,2910.398466257639,1614297723241.4675,434548.6712122273
-40,69.3,48115.13456751406,62809979.77939393,0,0.28712338210878147,9.546562419080665,2906.500363138691,1239579102641.753,432297.27311788313
-40,69.4,48134.02405404486,55010315.93525981,0,0.30227166126412663,9.53382171574559,2902.621390033563,950835126320.0559,430063.5602032008
-40,69.5,48152.919065335765,48151899.050752595,0,0.2843696301029435,9.521143425267024,2898.7614188457896,728523857650.1342,427847.3637233787
-40,69.60000000000001,48171.819080024026,42122973.49513661,0,0.244761249771337,9.508527129870357,2894.9203223817276,557512976729.6046,425648.51673964167
-40,69.7,48190.72358112782,36824986.72744319,0,0.24880589132493525,9.495972414729152,2891.09797434532,426090780107.4495,423466.85410003015
-40,69.8,48209.63205601275,32171044.853935104,0,0.23566429160491176,9.48347886794787,2887.294249332837,325197554704.1789,421302.21241969423
-40,69.9,48228.54399635084,28084539.639456812,0,0.14157145693530332,9.47104608054456,2883.5090228276063,247828676502.3774,419154.4300615846
-40,70,48247.45889808051,24497930.79009292,0,0.20897899327251296,9.458673646433555,2879.7421711947427,188571365382.43326,417023.3471173138
-40,70.10000000000001,48266.37626136001,21351668.250122063,0,0.2006859559445783,9.446361162408097,2875.993571675862,143245360575.16104,414908.8053883634
-40,70.2,48285.29559053574,18593240.231587857,0,0.3380505149558823,9.43410822812296,2872.263102383786,108624327339.6508,412810.6483671071
-40,70.3,48304.21639410034,16176333.702392463,0,0.3408269331923672,9.421914446077054,2868.5506422972503,82219935882.40181,410728.7212182811
-40,70.4,48323.13818464801,14060095.080832379,0,0.17438378818141062,9.409779421596014,2864.8560712556,62114565856.41743,408662.8707607164
-40,70.5,48342.06047884282,12208479.901981706,0,0.17864301373501815,9.397702762814776,2861.179269953488,46831721680.55475,406612.94544892
-40,70.60000000000001,48360.98279738333,10589681.222990531,0,0.10580189403277028,9.385684080660146,2857.5201199355656,35235684506.37943,404578.79535494465
-40,70.7,48379.9046649551,9175627.50360054,0,0.1351415910589868,9.37372298883339,2853.8785035911815,26453825713.27645,402560.2721507553
-40,70.8,48398.82561019622,7941541.626057167,0,0.1881067707062152,9.361819103792788,2850.254304149075,19816482686.03907,400557.22909044026
-40,70.9,48417.745165659115,6865553.596286106,0,0.1832672344631704,9.349972044736218,2846.6474056720663,14810443462.44929,398569.5209927007
-40,71,48436.662867787294,5928360.289325357,0,0.2561466027075409,9.338181433583733,2843.057693051759,11042975737.344248,396597.0042231676
-40,71.10000000000001,48455.57825685851,5112926.361258731,0,0.23178307188778544,9.32644689496019,2839.485052003247,8214024892.547571,394639.5366777226
-40,71.2,48474.49087695964,4404221.147299301,0,0.1480027808752693,9.314768056177835,2835.929369059813,6094739877.19296,392696.9777652183
-40,71.3,48493.400275947526,3788986.999061382,0,0.20161674141832864,9.303144547218945,2832.3905315676457,4510899684.275203,390769.1883907204
-40,71.4,48512.30600542575,3255535.083977391,0,0.21108359911055716,9.291576000718491,2828.8684276805593,3330133920.3212404,388856.0309385558
-40,71.5,48531.207620688714,2793565.1809858293,0,0.331134070561016,9.280062051946812,2825.36294635472,2452079558.7684793,386957.36925632245
-40,71.60000000000001,48550.104680699296,2394006.4586768784,0,0.32498469230401544,9.26860233879233,2821.873977343383,1800808676.153554,385073.06863826525
-40,71.7,48568.99674805533,2048876.6213408331,0,0.15996266831252878,9.257196501744273,2818.401411191632,1319011411.433133,383202.9958090959
-40,71.8,48587.883388955146,1751157.1582785726,0,0.1273016150137419,9.245844183875466,2814.94513923114,963534315.7833127,381347.0189080265
-40,71.9,48606.764173158444,1494682.735109532,0,0.1099937821507013,9.234545030825117,2811.5050535749297,701964218.2320063,379505.00747306895
-40,72,48625.638673956506,1274043.030614625,0,0.15483345844064478,9.22329869078169,2808.081047112156,510017563.15540665,377676.83242529957
-40,72.10000000000001,48644.50646814052,1084495.5484788036,0,0.1776836643664108,9.212104814465754,2804.6730135028884,369549387.10564035,375862.36605333304
-40,72.2,48663.36713596806,921888.1297662422,0,0.21494986175948042,9.200963055112945,2801.2808471729204,267038195.7324215,374061.4819980182
-40,72.3,48682.22026113048,782590.0578351835,0,0.26930196729237765,9.189873068456912,2797.9044433085787,192435676.71066362,372274.05523727264
-40,72.4,48701.06543072313,663430.7907158706,0,0.19395347461794615,9.178834512712351,2794.5436978515577,138295543.87668929,370499.96207103564
-40,72.5,48719.90223520808,561645.4773456932,0,0.11270603200229427,9.16784704855808,2791.1985074937666,99115476.0167442,368739.08010654594
-40,72.60000000000001,48738.730268387124,474826.5179414982,0,0.107191868914033,9.156910339120149,2787.8687696721863,70841356.63697919,366991.2882435588
-40,72.7,48757.54912736919,400880.5170279073,0,0.1667403314100705,9.14602404995502,2784.55438256375,50494821.19064388,365256.4666598516
-40,72.8,48776.35841254238,337990.05374872807,0,0.27466871474119897,9.135187849032777,2781.255245080231,35894241.40632169,363534.49679678894
-40,72.9,48795.15772753954,284579.7588423503,0,0.24660772876595966,9.124401406720441,2777.9712568631617,25446318.159896098,361825.2613451988
-40,73,48813.946679213084,239286.24332962476,0,0.13847474244517008,9.113664395765285,2774.702318278755,17990879.802246477,360128.6442312005
-40,73.10000000000001,48832.72487759963,200931.4734165464,0,0.12867428492960914,9.10297649127826,2771.448330412856,12685654.433911772,358444.5306024205
-40,73.2,48851.49193589017,168499.2271192091,0,0.1856713507719664,9.092337370717445,2768.2091950659087,8920984.098770881,356772.8068142404
-40,73.3,48870.24747041147,141114.30648797844,0,0.21482863914135428,9.081746713871578,2764.984814747935,6256897.355296083,355113.3604159583
-40,73.4,48888.9911005795,118024.21088796738,0,0.2593625931867771,9.071204202843655,2761.775092673546,4376824.670697864,353466.08013771946
-40,73.5,48907.72244889289,98583.00717790268,0,0.26486577019112845,9.060709522034568,2758.57993275696,3053662.6869290355,351830.8558767204
-40,73.60000000000001,48926.44114088174,82237.15733399114,0,0.3049369563730399,9.050262358126856,2755.3992396070526,2124971.5431173565,350207.5786845545
-40,73.7,48945.14680509735,68513.08888771253,0,0.25039356422627984,9.03986240006848,2752.2329185224203,1474904.9557142698,348596.1407537999
-40,73.8,48963.83907307312,57006.3135963142,0,0.15869781506814032,9.029509339056705,2749.0808754864706,1021087.25174141,346996.4354054029
-40,73.9,48982.5175792994,47371.919694636155,0,0.11710779081220826,9.019202868522008,2745.9430171625254,705113.3019316923,345408.3570758864
-40,74,49001.18196120672,39316.28025745086,0,0.10439799046902973,9.008942684112103,2742.8192508889547,485692.93176918203,343831.8008261744
-40,74.10000000000001,49019.83185912203,32589.83622629077,0,0.19680570389119498,8.99872848370383,2739.7094846827986,333719.2777133859,342266.6567345274
-40,74.2,49038.46691625472,26980.827129714995,0,0.2045839615691321,8.988559967740631,2736.613627342512,228732.2792656273,340712.82966294367
-40,74.3,49057.08677865937,22309.855732133117,0,0.1606720548035034,8.978436838421437,2733.5315882010163,156390.53406256903,339170.21838390676
-40,74.4,49075.691095218994,18425.185171430443,0,0.20262215431251762,8.968358800099207,2730.463277247039,106669.5987071968,337638.72272386326
-40,74.5,49094.27951761708,15198.677466375575,0,0.25484937676074254,8.958325559265322,2727.408605120363,72581.93408860805,336118.243551372
-40,74.60000000000001,49112.851700310595,12522.293592208238,0,0.29354061014803723,8.948336824534055,2724.3674831070925,49270.242819029285,334608.68276537344
-40,74.7,49131.40730050672,10305.082437195955,0,0.32225326058800163,8.93839230662709,2721.339823134948,33367.20884543884,333109.9432835125
-40,74.8,49149.94597812835,8470.596106706038,0,0.3341843130674932,8.928491718358144,2718.3255377685773,22544.72216281187,331621.92903084104
-40,74.9,49168.46739581041,6954.675075037675,0,0.35144002054317547,8.918634774617644,2715.324540204895,15197.446658692372,330144.5449280055
-40,75,49186.97121885512,5703.55423612977,0,0.2891882925641578,8.90882119235752,2712.3367442684503,10221.346013645658,328677.69688043155
-40,75.10000000000001,49205.45711521525,4672.245939761756,0,0.22230218392465573,8.89905069057605,2709.3620644068146,6859.11887267442,327221.2917670549
-40,75.2,49223.92475546803,3823.16255656948,0,0.14953384280117288,8.889322990302803,2706.400415685995,4592.640667843978,325775.2374293795
-40,75.3,49242.373812793754,3124.945030175788,0,0.14584020397961045,8.879637814583644,2703.4517137858707,3068.327435760982,324339.4426605648
-40,75.4,49260.80396295618,2551.4681948515936,0,0.17384822046801032,8.869994888465829,2700.5158749956554,2045.4895117463648,322913.8171946172
-40,75.5,49279.21488426719,2080.998427723472,0,0.23826629010073988,8.860393938983208,2697.592816209391,1360.6939164440985,321498.2716960183
-40,75.60000000000001,49297.60625757184,1695.4805836454952,0,0.17971783340285924,8.850834695141485,2694.6824549214607,903.238789971266,320092.717749071
-40,75.7,49315.97776623536,1379.9364632042766,0,0.1669397864673977,8.841316887903544,2691.7847092221223,598.3222039534243,318697.0678473301
-40,75.8,49334.32909609284,1121.957111681439,0,0.13614997527638573,8.831840250174922,2688.8994977930824,395.5209119457615,317311.23538391147
-40,75.9,49352.65993545111,911.2762887274682,0,0.20286335127903743,8.822404516789298,2686.026739903082,260.9258333568964,315935.134640867
-40,76,49370.96997505892,739.4116776331653,0,0.20862856172919986,8.813009424494098,2683.1663554035113,171.78670483746237,314568.6807793279
-40,76.10000000000001,49389.25890809484,599.3641322153173,0,0.2656175267219201,8.803654711936185,2680.318264724055,112.87517552777759,313211.78982940735
-40,76.2,49407.52643011417,485.36585368743954,0,0.2844610145527784,8.79434011964765,2677.4823888683645,74.02107335359067,311864.3786810355
-40,76.3,49425.772239069454,392.6698911268291,0,0.20512774764558786,8.785065390031637,2674.6586494097423,48.447586070639694,310526.3650734582
-40,76.4,49443.99603525549,317.37419253220764,0,0.20451515409134585,8.775830267348306,2671.846968486871,31.64901198517849,309197.66758633574
-40,76.5,49462.19752130937,256.27563659765184,0,0.15305107811373286,8.76663449770087,2669.0472687995584,20.636288031230038,307878.20562988747
-40,76.60000000000001,49480.376402175985,206.74763021718655,0,0.04271004772812072,8.757477829021697,2666.259473604508,13.430680549977618,306567.89943580976
-40,76.7,49498.53238509502,166.63920997057483,0,0.13256430934483135,8.748360011058498,2663.4835067111158,8.725118516847578,305266.6700478996
-40,76.80000000000001,49516.66517958231,134.19096285977713,0,0.2476598487854884,8.739280795360644,2660.7192924773008,5.658006956881061,303974.4393128961
-40,76.9,49534.77449739911,107.96543509562984,0,0.13361566756778862,8.730239935265532,2657.966755805356,3.662574079239574,302691.12987166346
-40,77,49552.86005254462,86.78954983567097,0,0.10155462626848501,8.721237185885029,2655.2258221378215,2.3667468645074585,301416.6651500363
-40,77.10000000000001,49570.921561229974,69.70721557063152,0,0.09229570811325523,8.712272304092028,2652.4964174533907,1.5267657527441059,300150.9693501321
-40,77.2,49588.95874185208,55.939899450290724,0,0.1603455609447048,8.703345048507094,2649.778468262844,0.9832417288160312,298893.9674417621
-40,77.30000000000001,49606.97131498903,44.85444089976515,0,0.17500927591684579,8.694455179485152,2647.071901604998,0.6321611963864827,297645.5851535501
-40,77.4,49624.95900336746,35.9363535190806,0,0.22867104945232408,8.685602459102315,2644.376645042693,0.4057746882469154,296405.7489646799
-40,77.5,49642.92153184954,28.7683785120961,0,0.24893843762012033,8.67678665114278,2641.692626658805,0.26004452068605444,295174.3860963749
-40,77.60000000000001,49660.85862741899,23.0119973303535,0,0.183825248401088,8.668007521085782,2639.0197750522716,0.16638936673933566,293951.42450350325
-40,77.7,49678.77001915127,18.39321562010141,0,0.19952820786927805,8.659264836092666,2636.35801933416,0.1062997548573488,292736.7928665724
-40,77.80000000000001,49696.65543819964,14.690305080128631,0,0.1608582823727083,8.650558364994064,2633.707289123758,0.06780763059447888,291530.4205835327
-40,77.9,49714.51461778302,11.724154450451204,0,0.04274119539964775,8.641887878277084,2631.067514544678,0.04318968146842364,290332.2377616467
-40,78,49732.347293160856,9.350065633931829,0,0.11618885186827041,8.633253148072674,2628.4386262210064,0.027469215587409165,289142.1752096915
-40,78.10000000000001,49750.1532016173,7.451374343395223,0,0.20623738649291318,8.624653948142994,2625.8205552734617,0.017445752347943013,287960.1644300879
-40,78.2,49767.93208244257,5.9341261358680475,0,0.13953438238078675,8.616090053868936,2623.2132333155932,0.011064466693932375,286786.13761118066
-40,78.30000000000001,49785.68367691245,4.722558253096454,0,0.15114044990948314,8.607561242237683,2620.616592449994,0.0070076368268728794,285620.02761963557
-40,78.4,49803.40772828087,3.7558072166404854,0,0.146363792126396,8.59906729183038,2618.030565264547,0.004432242594928866,284461.76799270505
-40,78.5,49821.103981756605,2.9850309019656227,0,0.21909743632232673,8.590607982809878,2615.455084828694,0.0027997200134223742,283311.292930868
-40,78.60000000000001,49838.772184481844,2.370901501960863,0,0.22583303134763205,8.582183096908569,2612.8900846897313,0.0017662166011140567,282168.53729052015
-40,78.7,49856.4120855201,1.8819808459140057,0,0.2190238677432007,8.573792417416309,2610.335498869134,0.001112877435904219,281033.43657659576
-40,78.80000000000001,49874.02343584038,1.4929307351293672,0,0.23150955776898421,8.565435729168401,2607.791261858895,0.0007003195608272239,279905.9269353418
-40,78.9,49891.60598830227,1.183595276228577,0,0.20666904814748746,8.557112818533696,2605.257308617905,0.0004401729855260021,278785.9451471633
-40,79,49909.159497631714,0.9378397897525689,0,0.1742439800457856,8.548823473402761,2602.7335745683495,0.0002763594044773362,277673.4286197184
-40,79.10000000000001,49926.683720407076,0.7426071103139357,0,0.13255448456824206,8.540567483176124,2600.219995592128,0.00017327469589367188,276568.31538091955
-40,79.2,49944.17841505818,0.5878060996555216,0,0.08224826113765049,8.532344638752608,2597.716508027304,0.00010856381987005958,275470.5440717917
-40,79.30000000000001,49961.643341826275,0.46492626791499675,0,0.027576387192528657,8.524154732517768,2595.2230486645853,0.00006791803417611742,274380.0539401031
-40,79.4,49979.07826276496,0.3676484381199844,0,0.14338812181790184,8.515997558332371,2592.7395547438146,0.00004247001256934863,273296.78483334754
-40,79.5,49996.48294171784,0.2905373035831856,0,0.06302960871246248,8.507872911520982,2590.2659639504964,0.00002652288377308687,272220.6771922353
-40,79.60000000000001,50013.85714430455,0.22948660204056115,0,0.14747176233114703,8.499780588860649,2587.80221441235,0.000016547470286374167,271151.8375417098
-40,79.7,50031.20063794311,0.18112148413934928,0,0.19910031979917642,8.4917203789903,2585.3482417794035,0.000010307583825099657,270090.0812556008
-40,79.80000000000001,50048.51319183782,0.14289567793949706,0,0.26175556468145383,8.483692079251977,2582.903984351391,0.0000064158636439276775,269035.30814988154
-40,79.9,50065.79457693081,0.11277614041673802,0,0.27936531809999726,8.475695490850738,2580.4693816041636,0.000003996238448090437,267987.4610122537
-40,80,50083.04456588067,0.08886454614199198,0,0.2825921236973653,8.467730416398197,2578.044373441805,0.0000024812698202308322,266946.4831910211
-40,80.10000000000001,50100.262933045626,0.07008340903955207,0,0.2829041836494573,8.459796659901633,2575.628900193316,0.0000015432894122008127,265912.31858895335
-40,80.2,50117.449454475194,0.05523980878691612,0,0.27063966531573463,8.451894026753127,2573.2229026093087,0.0000009587850908476461,264884.9116570791
-40,80.30000000000001,50134.60390788503,0.0434450525786296,0,0.2474555214827236,8.444022323718825,2570.826321858735,0.0000005930585797950932,263864.20738883223
-40,80.4,50151.7260726504,0.03415797891114208,0,0.21152259655210923,8.436181358928252,2568.439099525636,0.0000003666074372029485,262850.15131397115
-40,80.5,50168.8157297913,0.02697820273349878,0,0.15036128873454765,8.428370941863715,2566.0611776059122,0.00000022868778434107605,261842.68949269634
-40,80.60000000000001,50185.87266195938,0.021161984237509104,0,0.06718397801705066,8.420590883349789,2563.6924985041264,0.00000014071153867564355,260841.76850981818
-40,80.7,50202.89665341936,0.01671745951843414,0,0.04717590503463102,8.412840995542869,2561.333005030321,0.00000008781273409964036,259847.33546908692
-40,80.80000000000001,50219.8874900341,0.013079640028025223,0,0.17614577894226824,8.405121091920824,2558.9826403968673,0.000000053753719696697734,258859.3379875246
-40,80.9,50236.84495926276,0.010336346819272802,0,0.17186930474947398,8.397430987272681,2556.6413482153243,0.000000033569980177375623,257877.7241896164
-40,81,50253.768850144,0.008124079208138044,0,0.16296275391676632,8.389770497688426,2554.309072493337,0.000000020737922015963403,256902.44270182072
-40,81.10000000000001,50270.65895326808,0.006444057236324456,0,0.2228959849518189,8.382139440548901,2551.985757631557,0.000000013047752716812679,255933.44264731815
-40,81.2,50287.51506077964,0.0048726750049937,0,0.2234408120173168,8.374537634515702,2549.671348420568,0.000000007460223367756637,254970.67364032936
-40,81.30000000000001,50304.33696636371,0.0038752111984689205,0,0.18684131797029133,8.366964899521237,2547.365790037859,0.000000004718540552759878,254014.08578077832
-40,81.4,50321.12446521595,0.003065951617961522,0,0.18799437863482493,8.359421056758793,2545.0690280448002,0.0000000029535718036453245,253063.6296492653
-40,81.5,50337.87735406123,0.0024376343968469483,0,0.18654679567635468,8.351905928672714,2542.781008383654,0.000000001867041957701678,252119.2563013345
-40,81.60000000000001,50354.5954311043,0.001993520088123715,0,0.21793425596212213,8.344419338948653,2540.5016773746024,0.0000000012487001718454728,251180.91726288747
-40,81.7,50371.27849605307,0.0014494102890151334,0,0.20774233939284106,8.336961112503879,2538.2309817128025,0.0000000006600846276391404,250248.56452450642
-40,81.80000000000001,50387.92635007389,0.0012530621964192052,0,0.1364926261453912,8.329531075477677,2535.9688684654598,0.0000000004933580227303986,249322.15053691342
-40,81.9,50404.538795805536,0.0009108647444880587,0,0.12790788200637687,8.32212905522181,2533.7152850689235,0.0000000002606902115651607,248401.62820556664
-40,82,50421.11563732941,0.0007873258870045564,0,0.11243010034746427,8.314754880291053,2531.4701793258077,0.0000000001947717656192912,247486.9508860072
-40,82.10000000000001,50437.65668017231,0.0005722211813224307,0,0.19919402795192573,8.307408380433817,2529.2334994021335,0.00000000010288327921136301,246578.0723787512
-40,82.2,50454.16173127666,0.0004945400723314576,0,0.16673044047863955,8.300089386582808,2527.0051938244897,0.00000000007684576086111463,245674.9469247501
-40,82.30000000000001,50470.63059900142,0.00042737990420486954,0,0.17370054625002807,8.292797730845813,2524.7852114772204,0.00000000005739117728771976,244777.52920043506
-40,82.4,50487.063093109056,0.00036932280876280006,0,0.19796451631007053,8.285533246496481,2522.5735015996265,0.00000000004285773335474338,243885.77431302963
-40,82.5,50503.45902475342,0.000000000000000000000000000000000000000000002979005500202257,0,0.19882342256087135,8.278295767965265,2520.370013783201,0.0000000000000000000000000000000000000000000000000000000000000000000000000000000000000000000027884287319256135,242999.63779591056
-40,82.60000000000001,50519.8182064658,0.000000000000000000000000000000000000000000000874394313112384,0,0.1820979538620247,8.271085130830354,2518.1746979688733,0.00000000000000000000000000000000000000000000000000000000000000000000000000000000000000000000024023240422711364,242119.07560405153
-40,82.7,50536.1404521456,0.00000000000000000000000000000000000000000000025575552348470147,0,0.16498745444290608,8.263901171808731,2515.987504444282,0.000000000000000000000000000000000000000000000000000000000000000000000000000000000000000000000020552610061716663,241244.04410944867
-40,82.80000000000001,50552.425577056594,0.00000000000000000000000000000000000000000000007455521400798297,0,0.1868795526499426,8.256743728747255,2513.808383841064,0.0000000000000000000000000000000000000000000000000000000000000000000000000000000000000000000000017465176595298303,240374.500096521
-40,82.9,50568.673397794366,0.000000000000000000000000000000000000000000000021663089960230442,0,0.2143511760794393,8.249612640613861,2511.6372871321732,0.00000000000000000000000000000000000000000000000000000000000000000000000000000000000000000000000014745440306739481,239510.40075799465
-40,83,50584.88373229932,0.000000000000000000000000000000000000000000000006274898995496137,0,0.21218528466461833,8.242507747488787,2509.474165629211,0.000000000000000000000000000000000000000000000000000000000000000000000000000000000000000000000000012371729561449122,238651.7036901623
-40,83.10000000000001,50601.05639983341,0.000000000000000000000000000000000000000000000001812141012073188,0,0.15867694172359023,8.235428890555887,2507.318970979778,0.000000000000000000000000000000000000000000000000000000000000000000000000000000000000000000000000001031812815428374,237798.36688872956
-40,83.2,50617.191220970824,0.00000000000000000000000000000000000000000000000052183298790777655,0,0.14065892555243178,8.228375912094013,2505.171655164854,0.00000000000000000000000000000000000000000000000000000000000000000000000000000000000000000000000000008556181694288503,236950.348744516
-40,83.30000000000001,50633.28801759053,0.0000000000000000000000000000000000000000000000001498584326997867,0,0.10898531636800814,8.221348655468447,2503.032170496189,0.000000000000000000000000000000000000000000000000000000000000000000000000000000000000000000000000000007056336958690371,236107.60803917056
-40,83.4,50649.34661286138,0.00000000000000000000000000000000000000000000000004292369681422045,0,0.19860441196208478,8.214346965122443,2500.900469613726,0.0000000000000000000000000000000000000000000000000000000000000000000000000000000000000000000000000000005789101661065504,235270.10394105603
-40,83.5,50665.36683123559,0.000000000000000000000000000000000000000000000000012264103538201606,0,0.18886387937275104,8.207370686568767,2498.7765054830256,0.00000000000000000000000000000000000000000000000000000000000000000000000000000000000000000000000000000004725943830720768,234437.79600105298
-40,83.60000000000001,50681.34849843662,0.000000000000000000000000000000000000000000000000003495860097735125,0,0.20581014668015318,8.200419666381366,2496.660231392733,0.000000000000000000000000000000000000000000000000000000000000000000000000000000000000000000000000000000003839945204832424,233610.64414850055
-40,83.7,50697.29144144803,0.0000000000000000000000000000000000000000000000000009942803909852679,0,0.24029898977448308,8.193493752187083,2494.55160095205,0.0000000000000000000000000000000000000000000000000000000000000000000000000000000000000000000000000000000003106237710005839,232788.6086871744
-40,83.80000000000001,50713.195488506,0.00000000000000000000000000000000000000000000000000028220055566408107,0,0.24536503824873868,8.18659279265741,2492.45056808823,0.000000000000000000000000000000000000000000000000000000000000000000000000000000000000000000000000000000000025022613511973057,231971.6502912478
-40,83.9,50729.06046908721,0.00000000000000000000000000000000000000000000000000007993893068866166,0,0.2207998405029527,8.179716637500347,2490.3570870440944,0.0000000000000000000000000000000000000000000000000000000000000000000000000000000000000000000000000000000000020078608329254355,231159.73000138497
-40,84,50744.88621389959,0.000000000000000000000000000000000000000000000000000022603112790948435,0,0.20789430824243896,8.172865137452295,2488.271112375568,0.00000000000000000000000000000000000000000000000000000000000000000000000000000000000000000000000000000000000016052897893295092,230352.80922082593
-40,84.10000000000001,50760.672554869205,0.000000000000000000000000000000000000000000000000000006380368115996226,0,0.23388453344272736,8.166038144270024,2486.1925989492315,0.0000000000000000000000000000000000000000000000000000000000000000000000000000000000000000000000000000000000000127911152242727,229550.84971157974
-40,84.2,50776.419325141236,0.0000000000000000000000000000000000000000000000000000017982452257819378,0,0.251173803032666,8.159235510722707,2484.1215019398983,0.0000000000000000000000000000000000000000000000000000000000000000000000000000000000000000000000000000000000000010160492762568352,228753.81359046444
-40,84.30000000000001,50792.12635906041,0.000000000000000000000000000000000000000000000000000000506099573238499,0,0.23732832608265114,8.152457090584013,2482.0577768282033,0.00000000000000000000000000000000000000000000000000000000000000000000000000000000000000000000000000000000000000008048016926516613,227961.6633254809
-40,84.4,50807.79349216167,0.0000000000000000000000000000000000000000000000000000001422543613668436,0,0.21582310784723222,8.145702738624262,2480.0013793982184,0.000000000000000000000000000000000000000000000000000000000000000000000000000000000000000000000000000000000000000006358404012269691,227174.36173208867
-40,84.5,50823.42056116462,0.000000000000000000000000000000000000000000000000000000039938899548018697,0,0.1440707171742634,8.138972310602641,2477.9522657350826,0.0000000000000000000000000000000000000000000000000000000000000000000000000000000000000000000000000000000000000000005011977674074552,226391.8719694723
-40,84.60000000000001,50839.00740395952,0.000000000000000000000000000000000000000000000000000000011201755545954824,0,0.07935507231474602,8.1322656632595,2475.910392222652,0.000000000000000000000000000000000000000000000000000000000000000000000000000000000000000000000000000000000000000000039426581293319074,225614.1575369695
-40,84.7,50854.553859605454,0.000000000000000000000000000000000000000000000000000000003139020373917996,0,0.14855065307273546,8.12558265430865,2473.875715541161,0.0000000000000000000000000000000000000000000000000000000000000000000000000000000000000000000000000000000000000000000030960303398973945,224841.18227037496
-40,84.80000000000001,50870.059768316336,0.0000000000000000000000000000000000000000000000000000000008789806201266035,0,0.20720006163896634,8.11892314242981,2471.8481926649174,0.00000000000000000000000000000000000000000000000000000000000000000000000000000000000000000000000000000000000000000000024275911106739086,224072.91033845334
-40,84.9,50885.52497144975,0.00000000000000000000000000000000000000000000000000000000024597985177862688,0,0.1548482471397365,8.112286987261049,2469.827780860004,0.000000000000000000000000000000000000000000000000000000000000000000000000000000000000000000000000000000000000000000000019011483627839928,223309.306239459
-40,85,50900.94931150414,0.000000000000000000000000000000000000000000000000000000000068804103454000075,0,0.08729030299044482,8.105674049391302,2467.8144376820014,0.0000000000000000000000000000000000000000000000000000000000000000000000000000000000000000000000000000000000000000000000014874611082049028,222550.3347975777
-5,0.1,90000,158.53038468493872,0,1.6355275801640055,28.444590301352022,7691.6920095646055,7.896633207993708,324980.5823579769
-5,0.2,89874.48783159442,192.68769971525015,0,1.1982148046204475,28.445003906719343,7691.80385245161,11.666079276351631,328639.2273758426
-5,0.30000000000000004,89748.97134944238,233.7346037691677,0,0.8735253497497312,28.44541387364589,7691.914711469078,17.165757202775048,332339.06120885164
-5,0.4,89623.45060015656,283.0116568531353,0,1.1411144514836427,28.445820118975444,7692.0245641307665,25.166660278533612,336080.54322053085
-5,0.5,89497.92563136946,342.11584257256857,0,1.370587870067185,28.44622255767251,7692.133387442256,36.77590005901899,339864.13770139887
-5,0.6000000000000001,89372.3964917548,412.9491853959598,0,0.3226322065278034,28.446621102779876,7692.241157889477,53.5809200128275,343690.31391453487
-5,0.7000000000000001,89246.8632310601,497.77644129329485,0,0.7004099519797286,28.447015665375407,7692.347851427024,77.85483990051483,347559.54614097485
-5,0.8,89121.32590011694,599.293576931634,0,0.8745832202986082,28.44740615452773,7692.4534434661755,112.84860246189993,351472.3137259391
-5,0.9,88995.78455087822,720.7117060711154,0,0.9025767132856719,28.44779247725099,7692.557908862657,163.2074920188551,355429.1861279801
-5,1,88870.23923643678,865.939619679956,0,1.1740250394792848,28.448174538365553,7692.661221878979,235.60915408495538,359433.044007058
-5,1.1,88744.69001107197,1039.4615927562772,0,1.4525321420489379,28.448552237895445,7692.763355480669,339.49535234393784,363481.9637649837
-5,1.2000000000000002,88619.13693026919,1246.6869657759935,0,1.8705633318126036,28.44892547628143,7692.86428274595,488.35065747321823,367576.44642806455
-5,1.3,88493.5800507376,1494.046253196267,0,1.0290376715872513,28.449294151714078,7692.963976144567,701.3665095808921,371716.99833102745
-5,1.4000000000000001,88368.01943043899,1789.1815474603188,0,0.5896901102503656,28.44965816008313,7693.062407524101,1005.8327214875304,375904.13116351253
-5,1.5,88242.45512860734,2141.1719285910845,0,0.2096484195649461,28.450017394925695,7693.159548095959,1440.5224167451647,380138.3620169466
-5,1.6,88116.88720578793,2560.800329359144,0,0.13566226921520344,28.45037174737334,7693.2553684210625,2060.4798552909347,384420.2134308253
-5,1.7000000000000002,87991.31572385691,3060.858460725034,0,0.3690377287006709,28.450721106097905,7693.349838395203,2943.7670103794308,388750.12427709927
-5,1.8,87865.74074606132,3656.3740680616943,0,0.5523167061989136,28.45106535736288,7693.442927262929,4200.6662669375155,393127.5016428363
-5,1.9000000000000001,87740.16233703122,4365.484959496931,0,0.2172462001334997,28.451404386226272,7693.534603942816,5988.001927571183,397554.0709969058
-5,2,87614.58056281973,5209.560580528727,0,0.23089590049123448,28.45173807371536,7693.624836263491,8527.448874090467,402030.37664827844
-5,2.1,87488.99549093563,6213.942416153854,0,0.304738582183411,28.45206629817138,7693.713591327247,12132.530386282895,406556.96858033835
-5,2.2,87363.40719038155,7408.6744494043605,0,0.2605954188916982,28.45238893518913,7693.8008354937165,17246.38043715799,411134.40249704197
-5,2.3000000000000003,87237.81573168468,8829.366988767313,0,0.4716844451823217,28.452705857555365,7693.886534363209,24494.92284472944,415763.23986929376
-5,2.4000000000000004,87112.22118693776,10518.218175785973,0,0.6415683716390395,28.453016935185705,7693.970652759653,34761.72254801725,420444.04798082
-5,2.5,86986.6236298224,12525.34445530044,0,0.8835802627437513,28.453322035060236,7694.053154713176,49294.25360833565,425177.67071800015
-5,2.6,86861.02313566394,14911.109427187877,0,0.5106952207452905,28.453621020803528,7694.134003346547,69861.33068645887,429966.719508129
-5,2.7,86735.41978146881,17744.89747170796,0,0.24786757208725999,28.453913750271965,7694.213160222757,98938.18240812942,434809.5340581541
-5,2.8000000000000003,86609.81364597566,21109.89760009454,0,0.188255715838191,28.45420008108389,7694.290586840432,140019.71592099906,439706.70632286737
-5,2.9000000000000004,86484.20480966847,25104.610263747345,0,0.20493383038578095,28.454479867644594,7694.366243829355,198026.7710334027,444658.83431142714
-5,3,86358.59335481469,29845.651898913846,0,0.2256491080155052,28.454752961074224,7694.440090930976,279884.6480285942,449666.5221323902
-5,3.1,86232.97936550993,35471.07357839245,0,0.406100855691154,28.455019209134196,7694.512086978511,395335.309518466,454730.38003821723
-5,3.2,86107.36292771995,42144.28849406908,0,0.20953668986560897,28.455278456151913,7694.582189876586,558077.3431132702,459851.02446957096
-5,3.3000000000000003,85981.74412931595,49993.01663254522,0,0.16717535120006918,28.45276564704425,7694.650356580455,785300.0509086051,464981.7104772705
-5,3.4000000000000004,85856.12305970676,58830.336982099245,0,0.09893978022257886,28.433999235072264,7694.716561387983,1087475.8245420493,469887.79163763265
-5,3.5,85730.49980732519,69210.20222783182,0,0.1791370742501268,28.415250552991882,7694.780870154369,1505071.65018787,474845.3727509597
-5,3.6,85604.8744599782,81399.39593558651,0,0.1688844509440435,28.39651943022566,7694.843242508843,2081897.3046931676,479854.9805582837
-5,3.7,85479.24710730277,95710.5933757958,0,0.3335415578781596,28.37780569374847,7694.903637228591,2878305.956125259,484917.1466854579
-5,3.8000000000000003,85353.61784079485,112510.24525837037,0,0.576191610252892,28.35910916803354,7694.962012220931,3977416.5977468765,490032.40767164715
-5,3.9000000000000004,85227.98675386235,132227.8160519587,0,0.28784044685955024,28.34042967500085,7695.018324505111,5493670.261129821,495201.3049964017
-5,4,85102.35394185409,155366.60844523687,0,0.14285097023310434,28.321767033960874,7695.07253019376,7584593.505906052,500424.38510723
-5,4.1000000000000005,84976.71950210258,182462.52078034915,0,0.09986597789023999,28.303121979465768,7695.124584473951,10460785.090427035,505691.9951299921
-5,4.2,84851.08353387099,213963.9626365938,0,0.19693808687472014,28.28449745120595,7695.174445877215,14384613.71710431,510969.347440543
-5,4.3,84725.44613795355,250858.0829254228,0,0.2650846085146094,28.26588929065389,7695.22208711783,19773025.980803788,516301.3875394331
-5,4.4,84599.80741678551,294063.29774400155,0,0.3874434076720201,28.247297309471293,7695.26746148674,27170559.744897116,521688.66418544843
-5,4.5,84474.16747491527,344653.9609548709,0,0.2760933523570023,28.228721316520996,7695.310521301019,37323596.60854991,527131.7310117139
-5,4.6000000000000005,84348.52641904727,403886.7170739219,0,0.2445970378591008,28.21016111780816,7695.351217883803,51254981.346146725,532631.1465476168
-5,4.7,84222.88435808942,473231.246257637,0,0.18701353607242602,28.191616516420765,7695.3895015438075,70366145.73574287,538187.4742398529
-5,4.800000000000001,84097.24140319973,554406.1091310732,0,0.15571116624920733,28.173087312468695,7695.425321554429,96576831.59762143,543801.2824728234
-5,4.9,83971.59766782355,649267.8105789005,0,0.053333080447560605,28.154603252479546,7695.458626132428,132453879.42175424,549460.761523066
-5,5,83845.95326762088,759653.1439471381,0,0.18286537505643818,28.13623652736081,7695.489368070946,181320796.47217703,555135.7806055697
-5,5.1000000000000005,83720.30832005478,888696.2955386026,0,0.3981540131598566,28.117884328422043,7695.517513407618,248155370.57119733,560868.8705400552
-5,5.2,83594.66294454318,1039533.4615747522,0,0.46502313098271025,28.09954644751997,7695.543008124517,339542299.6741786,566660.6024394259
-5,5.300000000000001,83469.01726294775,1215822.9659566071,0,0.2695877819845758,28.081222673307153,7695.565797090681,464469952.8215158,572511.5522394729
-5,5.4,83343.37139962055,1421830.4208602265,0,0.20215005122010565,28.062912791165672,7695.585824039492,635203003.3692439,578422.3007130376
-5,5.5,83217.72548145615,1662527.2307960293,0,0.19594579001722562,28.044616583140314,7695.60303154561,868469305.6152644,584393.4334829912
-5,5.6000000000000005,83092.07963794935,1943704.3905349886,0,0.14972097733633022,28.026333827871085,7695.617361001444,1187072844.7668672,590425.541033962
-5,5.7,82966.43400123995,2271441.9686102653,0,0.3353952153804093,28.00809936715997,7695.62875259319,1621138913.2876282,596503.146124129
-5,5.800000000000001,82840.788705986,2651902.683585829,0,0.23293518146241246,27.989973914665022,7695.637153243636,2209693837.573518,602598.0497743302
-5,5.9,82715.14388890471,3095561.3064105553,0,0.1336215509835962,27.971860999701274,7695.642523288665,3010896021.855298,608754.4867151352
-5,6,82589.49968898203,3612770.768791741,0,0.16942181150455857,27.953760391425416,7695.644800406651,4101075377.0949755,614973.0486485923
-5,6.1000000000000005,82463.8562480174,4215537.530935726,0,0.11447673709053957,27.935671855340942,7695.643921007745,5583710063.583374,621254.3319739142
-5,6.2,82338.21371067595,4917774.432522865,0,0.20669257761044846,27.917595153224156,7695.6398202085,7598959823.961531,627598.9377917475
-5,6.300000000000001,82212.57222456392,5735589.640112524,0,0.2791553001628994,27.899530043052042,7695.6324318060115,10336489842.36174,634007.4719060089
-5,6.4,82086.93194027338,6687616.341566806,0,0.39905401900431736,27.881476278924115,7695.621688251553,14052695619.828281,640480.5448259619
-5,6.5,81961.29301144741,7791888.422195714,0,0.5079247334002968,27.863435052899252,7695.607520623711,19076662168.659504,646999.0306895585
-5,6.6000000000000005,81835.65559459478,9066492.044923447,0,0.3088316763527868,27.845407937975036,7695.589869215291,25828281350.812782,653538.1062191059
-5,6.7,81710.01984859165,10546012.013017897,0,0.14605703585346455,27.82739152289737,7695.568687035455,34945677312.57261,660142.2737460682
-5,6.800000000000001,81584.38593495265,12262464.872325044,0,0.019644770775939766,27.80938555021302,7695.543902317993,47246810029.090065,666812.1437034853
-5,6.9,81458.7540184306,14252649.395875169,0,0.13037571944336077,27.79138975832683,7695.515441855031,63827545349.146484,673548.3310114302
-5,7,81333.12426708266,16558814.722512444,0,0.23989613103429835,27.773403881420663,7695.483230968656,86153997359.7409,680351.4550685235
-5,7.1000000000000005,81207.49685233552,19229413.33045373,0,0.15995257914144137,27.755427649370525,7695.4471934820185,116184717955.45126,687222.1397418675
-5,7.2,81081.87194905337,22319948.229947824,0,0.19341922006491022,27.737460787662368,7695.407251689891,156532061480.11566,694161.013355108
-5,7.300000000000001,80956.24973560963,25885505.059613492,0,0.18441864289983595,27.719547554921846,7695.3633263286965,210537870062.87488,701145.5106043067
-5,7.4,80830.63039364293,29986224.38245302,0,0.16016240911567142,27.70172629968626,7695.315350064531,282527360284.7133,708155.1582349064
-5,7.5,80705.01410752069,34716914.59432487,0,0.14377440156123833,27.6839133763554,7695.26326677979,378703379759.5242,715233.5656044614
-5,7.6000000000000005,80579.40106469393,40170048.58766126,0,0.18954924303684753,27.66610849778301,7695.20699395502,507015986372.7396,722381.3597677475
-5,7.7,80453.79145633336,46450823.78063092,0,0.3080294940912241,27.648311372128568,7695.1464474348895,677959545209.7284,729599.1719583581
-5,7.800000000000001,80328.18547740858,53678763.24302324,0,0.41356098491285437,27.630521702767947,7695.081541396543,905361330719.7997,736887.6375646306
-5,7.9,80202.58332675416,61989494.5662527,0,0.23640876312457917,27.6127391882007,7695.01218831743,1207405443711.284,744247.3961042821
-5,8,80076.98520715348,71536722.78179982,0,0.10201940668916148,27.594963521957894,7694.938298942508,1607959181758.1282,751679.091195807
-5,8.1,79951.39132541511,82463120.95536393,0,0.08000474656658141,27.57724360489922,7694.859782250869,2136665185235.1895,759155.7380248881
-5,8.200000000000001,79825.80189204309,94930557.56467713,0,0.15495887730490374,27.55960768279666,7694.776562861401,2831581082909.976,766660.8812264483
-5,8.3,79700.21712067258,109199364.53743409,0,0.2623265198355729,27.541977496536326,7694.6885749878775,3746771094683.6504,774238.4981984358
-5,8.4,79574.63722849824,125514133.41626656,0,0.23955399398659996,27.524352725283325,7694.595723948423,4949965850974.442,781889.2291061557
-5,8.5,79449.06243697461,144149997.88293988,0,0.24842400827450584,27.506733042900898,7694.497913210206,6528993250111.979,789613.7178598735
-5,8.6,79323.49297190923,165416034.46234962,0,0.2601994923314691,27.48911811785251,7694.395044354345,8597499304667.408,797412.612071812
-5,8.700000000000001,79197.92906354368,189658982.65742818,0,0.21468500390350923,27.471507613100517,7694.287017040207,11302220404533.95,805286.5630112704
-5,8.8,79072.37094664387,217267306.2573644,0,0.18863102446451968,27.453901186004142,7694.173728969089,14832204294777.059,813236.225556447
-5,8.9,78946.8188605709,248549262.80379525,0,0.09757108413240125,27.436300089813557,7694.055075847225,19410731295092.645,821229.9114357111
-5,9,78821.27304888703,283887054.1892343,0,0.25837629199178896,27.418704619944855,7693.930973441611,25322589542592.11,829255.5541656213
-5,9.1,78695.73375870474,323958622.00980264,0,0.2700937640581952,27.401112345957646,7693.801344887254,32975851971368.688,837357.3990856213
-5,9.200000000000001,78570.20124124922,369350211.25124985,0,0.132694682741833,27.383522908557932,7693.666081786652,42864093384960.414,845536.0949598732
-5,9.3,78444.67575262394,420713397.36018825,0,0.2088997089643612,27.36593594249807,7693.525073654395,55614703100844.42,853792.2937128625
-5,9.4,78319.15755390469,478771332.5458762,0,0.19640685573739325,27.348351076468212,7693.378207878444,72023333021923.05,862126.6503644974
-5,9.5,78193.64691123273,544325445.2618304,0,0.2715483227763264,27.330767932985562,7693.225369680722,93096683947290.05,870539.8229620242
-5,9.600000000000001,78068.14409591164,618262604.2252971,0,0.29476959465321545,27.313186128282226,7693.06644207707,120105500316422.13,879032.4725083691
-5,9.700000000000001,77942.6493845135,701292665.1444428,0,0.30146315847344884,27.29566198868177,7692.901305836504,154530970517029.22,887568.4279192132
-5,9.8,77817.16305834055,794337256.7301188,0,0.33723801455398156,27.278205651744475,7692.729866647453,198256212134722.78,896140.2989109989
-5,9.9,77691.68540276308,898846818.1722624,0,0.3290333711675408,27.260749358909912,7692.552034682546,253856512701896.8,904792.0923249196
-5,10,77566.21670788806,1016102420.5330403,0,0.28985733104754374,27.2432927080954,7692.367686099784,324408265386800.2,913524.4600524585
-5,10.100000000000001,77440.75726938248,1147509675.2156968,0,0.2534402336182435,27.225835290541575,7692.17669470899,413742039445653.06,922338.0563855143
-5,10.200000000000001,77315.30738858785,1294608267.8762448,0,0.12671294698757,27.20837669069514,7691.97893192926,526615565242329.56,931233.5379239914
-5,10.3,77189.86737262271,1459081848.12965,0,0.18151145213039974,27.190916486087968,7691.7742667457305,668923183755875.4,940211.5634803089
-5,10.4,77064.43753449619,1642768223.1616728,0,0.1507401662033091,27.173454247215574,7691.562565665647,847948596970623.1,949272.7939790911
-5,10.5,76939.01819320954,1846733952.1933951,0,0.2975659827427934,27.155991349190263,7691.343692673742,1071582484987270,958376.6733732634
-5,10.600000000000001,76813.6096731238,2072778042.436654,0,0.22676723809163155,27.138527559444196,7691.11754208825,1349965089651580.3,967520.3428546229
-5,10.700000000000001,76688.21230322868,2324085642.984558,0,0.11771822637113427,27.121060638679847,7690.884009419101,1697153775552093.3,976747.6027386251
-5,10.8,76562.82641794812,2603144112.9133396,0,0.1114887532124133,27.10359013653748,7690.642953482761,2129184826364583.5,986059.1012213487
-5,10.9,76437.45235804375,2912639814.5116963,0,0.14067234647371324,27.08611559521214,7690.394230463223,2665572520504356.5,995455.4879307913
-5,11,76312.09047073405,3255467606.444106,0,0.18230415193963914,27.068636549325564,7690.137693865529,3329995874262526,1004937.4138032031
-5,11.100000000000001,76186.74110981356,3634739774.669806,0,0.22423144911130768,27.051152525796205,7689.8731944686415,4151103729431685,1014505.5309547444
-5,11.200000000000001,76061.40463576652,4053794183.7680044,0,0.2662760180150639,27.033663043706163,7689.600580277548,5163454202795931,1024160.4925487317
-5,11.3,75936.08141590003,4514534811.013645,0,0.24224415659894294,27.016229484465047,7689.319696474678,6403876549772217,1033856.5180830113
-5,11.4,75810.77182354499,5020329352.638997,0,0.17097503836480216,26.998848815387127,7689.030425396316,7919200849166982,1043594.8139910661
-5,11.5,75685.47623724956,5576594190.345521,0,0.07008714842299589,26.981461162178654,7688.732647142312,9771360198776364,1053420.220386376
-5,11.600000000000001,75560.19504177105,6187532936.935406,0,0.1131298636748236,26.964066021116345,7688.426201192222,12029622151036186,1063333.3728646357
-5,11.700000000000001,75434.9286290519,6857587020.388319,0,0.21703937032340784,26.94666288019609,7688.110924086669,14776092243671308,1073334.907241297
-5,11.8,75309.67739836033,7591432988.899287,0,0.3480436402187045,26.929251218996473,7687.786649377032,18107748940512916,1083425.4593901688
-5,11.9,75184.4417564217,8393976804.007389,0,0.22696102491512515,26.91183050853894,7687.453207574418,22138718004699116,1093605.6650772353
-5,12,75059.22211755719,9270344700.77995,0,0.15704715895019394,26.89440021114686,7687.110426097907,27002794089100436,1103876.1597881545
-5,12.100000000000001,74934.01890381146,10222508103.851091,1,0.16115874150570114,26.87702287418167,7686.758129222067,32834610281110984,1114187.643192274
-5,12.200000000000001,74808.83254403621,11255463987.68989,1,0.16530042675823928,26.859691397083044,7686.396184473429,39805560581416890,1124544.5471345545
-5,12.3,74683.66347300727,12377555982.551733,1,0.16947433010587626,26.84234866769703,7686.024453903067,48137855340857780,1134991.9082069132
-5,12.4,74558.5121325748,13594497216.457483,1,0.1736836680828332,26.82499412289428,7685.642755427156,58068851852819350,1145530.339196879
-5,12.5,74433.37897272874,14912106062.148205,1,0.17793262916806704,26.807627190375207,7685.250903693123,69870669840159150,1156160.4516193417
-5,12.600000000000001,74308.26445175242,16336269035.281565,1,0.18222625101230341,26.7902472885244,7684.848710025594,83853789315816660,1166882.8555122507
-5,12.700000000000001,74183.16903635673,17872897927.680225,1,0.18657031106632962,26.772853826260434,7684.435982371623,100370685244338540,1177698.1592275938
-5,12.8,74058.09320185054,19527881063.410934,1,0.19097122934646052,26.755446202888166,7684.012525245192,119819411315391150,1188606.9692125274
-5,12.9,73933.03743227012,21298416582.493977,1,0.19543597678421554,26.738025609662145,7683.578139671044,142531735583503540,1199556.7171298384
-5,13,73808.00221933052,23189524362.96088,1,0.19997200091182007,26.720591365915197,7683.132676466609,168966504963620830,1210553.6854089445
-5,13.100000000000001,73682.98806143645,25213481196.30839,1,0.20458714023062263,26.703141446095277,7682.675978623571,199748057055768580,1221644.1838973977
-5,13.200000000000001,73557.99546499923,27375344887.63123,1,0.20928956160418213,26.685675221430586,7682.207840143396,235470300256488200,1232828.7900247036
-5,13.3,73433.02494561672,29679837407.971554,1,0.21408768638458464,26.668192053059812,7681.728051408247,276783357913357860,1244108.0781353088
-5,13.4,73308.07702825125,32131270868.437542,1,0.21899013079591967,26.65069129187997,7681.236399123429,324393949642749600,1255482.6192343924
-5,13.5,73183.15224737581,34733471865.143326,1,0.22400564809755935,26.63317227838842,7680.732666259226,379064690072577800,1266952.980729132
-5,13.600000000000001,73058.25114714913,37489705660.43215,1,0.2291430686282192,26.615634342526597,7680.216631992016,441612136541228600,1278519.726159664
-5,13.700000000000001,72933.37428157497,40391389194.144035,1,0.23441125071812208,26.598139285946072,7679.688071644738,512618787959840400,1290124.1780164402
-5,13.8,72808.52221320756,43440092108.277794,1,0.23981903058005322,26.580678537605017,7679.146820664736,592923159010443400,1301772.8473290778
-5,13.9,72683.6955119688,46646218948.96306,1,0.24537517233415965,26.563196902288105,7678.592705849459,683675208610557300,1313517.617292324
-5,14,72558.8947566757,50010089567.91471,1,0.2510883296910507,26.54569368000894,7678.025495098128,785836512489467100,1325359.013727634
-5,14.100000000000001,72434.12053648569,53531173929.083115,1,0.2569670069350604,26.52816815974723,7677.444952330272,900389608057507600,1337297.557200538
-5,14.200000000000001,72309.37345106434,57208059508.342766,1,0.26301951855514366,26.510619619287866,7676.850837425433,1028327316365403100,1349333.7627142998
-5,14.3,72184.65411076974,61038433311.72804,1,0.2692539624446089,26.493047325060367,7676.242906162237,1170640903617849600,1361468.1393935638
-5,14.4,72059.96313682292,65019080607.84796,1,0.27567818960421364,26.475450531974957,7675.620910156895,1328307384948668000,1373701.1901608494
-5,14.5,71935.30116149131,69091263886.18457,1,0.2822997748479536,26.45532181941841,7674.984596801086,1499903137320628500,1385841.5566807515
-5,14.600000000000001,71810.66882316116,73248140325.03401,1,0.2891260095549188,26.432856310486724,7674.333932548323,1685815897230627600,1397899.0217409537
-5,14.700000000000001,71686.06676151697,77533088464.92332,1,0.2961638679050291,26.410380487110004,7673.668874836432,1888822324127485000,1410050.372934891
-5,14.8,71561.49562249053,81940100603.60043,1,0.30342000456733365,26.387893605235607,7672.989173727128,2109647642264301800,1422296.0288216986
-5,14.9,71436.95606310572,86462618565.3252,1,0.31090074497873715,26.36539491048718,7672.294575203895,2348949648162247700,1434636.4004679616
-5,15,71312.44875164796,91093637222.18074,1,0.31861207793804014,26.342883638026482,7671.584821115127,2607312130055152000,1447071.8911107958
-5,15.100000000000001,71187.97436784673,95825821994.40808,1,0.3265596456853962,26.320359012416237,7670.859649116824,2885240671642183700,1459602.8958112595
-5,15.200000000000001,71063.53360306378,100651637607.80232,1,0.33474875549327215,26.297820247482814,7670.118792614892,3183161177912023000,1472229.8010987951
-5,15.3,70939.12716046721,105524076608.73466,1,0.34318437131457435,26.274714242718137,7669.3619807070245,3498807590209663500,1484837.890340908
-5,15.4,70814.75575193018,110431760295.87627,1,0.35187113586851543,26.25101964793614,7668.589082100178,3831818490454353400,1497419.656277257
-5,15.5,70690.42009459529,115408077525.06021,1,0.3608133500497607,26.22731358091629,7667.7999749622695,4184941120194904000,1510094.6173984618
-5,15.600000000000001,70566.12091414258,120446379525.28615,1,0.37001500758163997,26.203595239458043,7666.99438552672,4558316108990976500,1522863.0926036956
-5,15.700000000000001,70441.85894835461,125540459463.3741,1,0.3794797892936818,26.179863810850993,7666.172035737162,4952042536634043000,1535725.3907888315
-5,15.8,70317.63494729437,130684653094.43181,1,0.38921108117605113,26.15611847174696,7665.332643192333,5366190889923057000,1548681.8104666476
-5,15.9,70193.44967350084,135873921965.97672,1,0.3992119910457175,26.13235838803431,7664.475921090688,5800816957473120000,1561732.639376634
-5,16,70069.30390216876,141103915969.54153,1,0.40948535464454433,26.10858271470929,7663.601578174807,6255975974389334000,1574878.1540878303
-5,16.1,69945.19842135068,146348626671.9305,1,0.42003374738114296,26.084841243285815,7662.709318675557,6729677333748045000,1588046.668220506
-5,16.2,69821.13402993884,151598658321.55472,1,0.4308595099949797,26.061146518539417,7661.7989388521455,7221171415592313000,1601217.548949587
-5,16.3,69697.11153493077,156880010787.32578,1,0.4419647573479832,26.03743393389428,7660.870261242447,7733073891092611000,1614481.3314217743
-5,16.400000000000002,69573.1317536803,162191262988.37308,1,0.4533513840200442,26.013702621866447,7659.922983764991,8265551768534154000,1627838.2264447713
-5,16.5,69449.195516848,167531614814.38196,1,0.4650210820875876,25.989951703909565,7658.956799780158,8818820199190017000,1641288.4319277108
-5,16.6,69325.3036685884,172900816925.8939,1,0.47697536861525547,25.96618029029455,7657.971398036705,9393145062970943000,1654832.132450394
-5,16.7,69201.45706673898,178299086422.6427,1,0.48921558529329817,25.942387479989584,7656.966462618261,9988842715397542000,1668469.4988235887
-5,16.8,69077.65658303257,183727012603.21463,1,0.501742910597118,25.91857236054399,7655.9416728897595,10606277015764505000,1682200.687637816
-5,16.900000000000002,68953.90310329385,189165113877.36667,1,0.5145583792609401,25.89477603616133,7654.896703443899,11243435460623133000,1695961.579596763
-5,17,68830.19752552081,194599904142.58704,1,0.5276628943220009,25.871026350958708,7653.8313165582385,11898773099335793000,1709706.50426491
-5,17.1,68706.54075639881,200066499281.6203,1,0.5410572283906877,25.847251978315274,7652.745338618292,12576670561046321000,1723543.0388772439
-5,17.2,68582.93371344544,205565956499.71237,1,0.5547420415506911,25.823451983402766,7651.638437975296,13277592193299872000,1737471.2645405694
-5,17.3,68459.3773287125,211099243603.2337,1,0.568717896358438,25.799625419883704,7650.510278186244,14002007091675357000,1751491.24628679
-5,17.400000000000002,68335.87254898157,216667175259.9302,1,0.5829852523325816,25.77577132980372,7649.36051796387,14750379078915041000,1765603.0325932656
-5,17.5,68212.42033598665,222270362364.36505,1,0.5975444902835404,25.75188874348882,7648.188811126768,15523157144796410000,1779806.654891257
-5,17.6,68089.0216666041,227909174980.11758,1,0.6123959206140276,25.727976679438374,7646.994806549791,16320766707445570000,1794102.1270694535
-5,17.7,67965.67753306124,233572243232.2509,1,0.6275397699849846,25.70409421541131,7645.778148114689,17141917569952170000,1808439.0352357368
-5,17.8,67842.38894138392,239240615102.08606,1,0.642976210784263,25.680335776828162,7644.538552413213,17984019285068012000,1822735.3152098507
-5,17.900000000000002,67719.15690684877,244943400119.9651,1,0.6587053516970043,25.65654497035762,7643.27586064556,18851608983201796000,1837120.7667764088
-5,18,67595.98245578539,250679897009.00372,1,0.6747272612118961,25.632720792598146,7641.989710647071,19744946172390253000,1851595.318309913
-5,18.1,67472.86663030274,256449160191.54514,1,0.6910419563327332,25.60886222831143,7640.67973526866,20664243050402190000,1866158.8786889415
-5,18.2,67349.81048851181,262250020601.635,1,0.7076494176362783,25.584968250335844,7639.345562332277,21609663334485620000,1880811.3367699643
-5,18.3,67226.81510473136,268081109910.9865,1,0.7245495912920216,25.561037819498964,7637.98681458689,22581322055743705000,1895552.560854908
-5,18.400000000000002,67103.881569691,273940886599.1998,1,0.7417423839923462,25.537069884531448,7636.603109665009,23579286150225494000,1910382.3981509993
-5,18.5,66981.01099075843,279815893798.35156,1,0.7592276903236508,25.513064178802328,7635.194060039783,24601506209498505000,1925271.2357439126
-5,18.6,66858.20449101739,285651145561.7436,1,0.7770053658746027,25.48902333820406,7633.759321590351,25638279577456490000,1940085.702995773
-5,18.7,66735.46320330631,291508823464.0274,1,0.7950752539642735,25.464942812880174,7632.298767996422,26700558654795325000,1954985.5762353435
-5,18.8,66612.78827130981,297387020388.0399,1,0.8134371724639954,25.440821531390043,7630.812006126336,27788234688913375000,1969970.606955155
-5,18.900000000000002,66490.18085573986,303283778591.7399,1,0.832090937438729,25.416658410367273,7629.298637737376,28901161944730190000,1985040.523551884
-5,19,66367.64213455468,309197106991.4093,1,0.8510363418391037,25.392452354456946,7627.758259439232,30039159887771060000,2000195.0307656222
-5,19.1,66245.1733031664,315124996226.95514,1,0.8702731685429056,25.3682022562538,7626.1904626583155,31202015330204640000,2015433.8091133935
-5,19.200000000000003,66122.7755746562,321065431565.8244,1,0.8898011922353927,25.34390699624441,7624.594833603016,32389484498359185000,2030756.5143145712
-5,19.3,66000.45017997641,327016403827.321,1,0.9096201819165834,25.31956544275031,7622.97095322989,33601295006061752000,2046162.7767110614
-5,19.400000000000002,65878.19836817216,332932992972.8031,1,0.929729901565056,25.295383475993376,7621.3183972108745,34828166250712658000,2061461.2835459416
-5,19.5,65756.02139883488,338855702115.19885,1,0.9501301013693629,25.27115397400152,7619.637075912293,36078339021559923000,2076839.349912444
-5,19.6,65633.92054205667,344782787049.8998,1,0.9708205433566073,25.246875035040567,7617.92656610845,37351503740758470000,2092297.2272674935
-5,19.700000000000003,65511.897086159326,350712377869.45044,1,0.9918009738030282,25.222545507874667,7616.186438171036,38647297187654690000,2107834.43888927
-5,19.8,65389.95233793557,356642641264.3215,1,1.0130711502927048,25.198164229381806,7614.416257280721,39965336492889380000,2123450.4806487397
-5,19.900000000000002,65268.087622852996,362571783644.7588,1,1.03463081477533,25.17373002452405,7612.6155834025785,41305220513042285000,2139144.8204216184
-5,20,65146.30428526923,368498053559.82715,1,1.0564797229012746,25.149241706323433,7610.783971262822,42666531133225670000,2154916.897493289
-5,20.1,65024.60368862096,374419743504.7712,1,1.0786176219779173,25.12469807583818,7608.920970326974,44048834499124370000,2170766.121962327
-5,20.200000000000003,64902.98721565306,380274760620.29736,1,1.1010442658070414,25.10010153518164,7607.0261247794515,45437239902669520000,2186531.341129916
-5,20.3,64781.456261647865,386106442013.12164,1,1.1237594126489174,25.07544915394192,7605.099279030541,46841525920768434000,2202329.503010335
-5,20.400000000000002,64660.012232645415,391928590573.1346,1,1.1467628139199924,25.050739064030555,7603.140054456705,48264835506273940000,2218200.4153032154
-5,20.5,64538.656552362256,397739734182.1172,1,1.170054233009075,25.02597005149527,7601.147990989856,49706696074530120000,2234143.371532966
-5,20.6,64417.390664113685,403538444629.90765,1,1.1936334338455628,25.001140890947045,7599.122623434857,51166624881235910000,2250157.6341221095
-5,20.700000000000003,64296.21603103541,409323337336.8228,1,1.2175001786655228,24.976250345574613,7597.063481459193,52644129857747700000,2266242.4337967513
-5,20.8,64175.13413625769,415093070823.6369,1,1.2416542424897663,24.951297167157165,7594.97008958447,54138710381783564000,2282396.968996081
-5,20.900000000000002,64054.14648311958,420846345965.79724,1,1.2660953939873443,24.926280096088576,7592.8419671797865,55649857985564760000,2298620.4052732657
-5,21,63933.25459536072,426557757878.17,1,1.290823410823479,24.90130812869925,7590.678628457037,57170584033367730000,2314796.840336849
-5,21.1,63812.46001199074,432230665568.1455,1,1.3158380754591674,24.876359239942634,7588.479816243768,58701350137845465000,2330945.2006538715
-5,21.200000000000003,63691.76428296231,437883566072.6743,1,1.3411391720029184,24.85134317618329,7586.245233627203,60246834277724620000,2347157.3979571937
-5,21.3,63571.16897441074,443515347176.8567,1,1.3667264929394842,24.826258666044975,7583.974391857109,61806513246218400000,2363432.473060934
-5,21.400000000000002,63450.6756730983,449124931618.2353,1,1.3925998299447226,24.801104427464093,7581.666797248424,63379858768591405000,2379769.4321952797
-5,21.5,63330.285986587405,454711275504.65204,1,1.4187589815085992,24.77587916774746,7579.321951188568,64966337815066616000,2396167.2464385903
-5,21.6,63210.00154343154,460273366599.6425,1,1.4452037512644964,24.750581583639285,7576.939350147065,66565412841988330000,2412624.851147084
-5,21.700000000000003,63089.82399335317,465810222495.24347,1,1.4719339437838077,24.72521036139319,7574.518485687558,68176541963559210000,2429141.145387275
-5,21.8,62969.7550074216,471302760258.37555,1,1.4989493737624477,24.699765211289805,7572.058844482256,69793809783330350000,2445662.285212372
-5,21.900000000000002,62849.796275624074,476714420747.57684,1,1.5262498543333223,24.67424719601869,7569.560022610288,71405804780308920000,2462081.8061016905
-5,22,62729.94949916378,482098298227.4071,1,1.5538352070138906,24.648653022151883,7567.021844377172,73027786269512270000,2478554.310511997
-5,22.1,62610.21639293898,487453535451.96826,1,1.5817052517642225,24.62298137072787,7564.443794839293,74659209660438270000,2495078.566126033
-5,22.200000000000003,62490.598693318665,492779292943.4234,1,1.6098598208742159,24.597230913283678,7561.82535445663,76299525841220340000,2511653.3029524623
-5,22.3,62371.09815830458,498074747033.7971,1,1.638298746661805,24.571400311970635,7559.165999121106,77948181017946850000,2528277.2128070868
-5,22.400000000000002,62251.716567683965,503339087860.41327,1,1.6670218621478374,24.54548821967681,7556.465200187765,79604616499846890000,2544948.948799975
-5,22.5,62132.45572319254,508571517327.40894,1,1.6960290092779444,24.519493280159164,7553.722424508851,81268268433753280000,2561667.124825823
-5,22.6,62013.31744865328,513771247041.9374,1,1.72532003057239,24.493414128180724,7550.9371344708725,82938567490431750000,2578430.315063734
-5,22.700000000000003,61894.303590139374,518887668795.26544,1,1.7548947708173641,24.467335907251503,7548.108788034742,84598690139520340000,2595044.106563457
-5,22.8,61775.41600591596,523963857720.44946,1,1.7847530867265315,24.44118264578698,7545.237288365158,86262015454737610000,2611673.6834315187
-5,22.900000000000002,61656.656565008685,529005370550.1921,1,1.8148948296827072,24.41494225037918,7542.322154298577,87930005657111580000,2628341.736125616
-5,23,61538.02715725638,534011457834.8219,1,1.8453198670431044,24.388613358465822,7539.362844711799,89602079666520460000,2645046.7036362505
-5,23.1,61419.52969469223,538981369168.8685,1,1.8760280531954037,24.36219459977795,7536.35881445247,91277648981235960000,2661786.9844331983
-5,23.200000000000003,61301.1661116872,543914351397.0485,1,1.907019255043255,24.335684596530378,7533.309514395102,92956117218514030000,2678560.936040304
-5,23.3,61182.938365045935,548809646841.2194,1,1.9382933429319855,24.309081963615167,7530.214391500568,94636879633172740000,2695366.8746281248
-5,23.400000000000002,61064.84843414929,553666491550.2477,1,1.9698501912331396,24.28238530881124,7527.072888879001,96319322616208410000,2712203.0746092196
-5,23.5,60946.89832104463,558467710522.9512,1,2.0016896750692412,24.25567703595634,7523.884445856323,97997066443251150000,2728968.1833248995
-5,23.6,60829.09004496876,563209130820.9819,1,2.033811672031494,24.22897436937246,7520.648745214772,99668130687962200000,2745636.9280018983
-5,23.700000000000003,60711.42563539464,567910199671.5669,1,2.0662160651511443,24.202174372049992,7517.365531094097,101338921102944730000,2762328.6788066574
-5,23.8,60593.90713740606,572570135588.564,1,2.0989027387974764,24.175275662428287,7514.034246363569,103008798878179840000,2779041.5757312453
-5,23.900000000000002,60476.53661855217,577188143095.169,1,2.1318715827406125,24.148276853400002,7510.654330600167,104677114124764170000,2795773.7168972264
-5,24,60359.31616890803,581763411397.0474,1,2.1651224887941716,24.1211765525669,7507.225220172423,106343205392613790000,2812523.158269357
-5,24.1,60242.24790116958,586295113094.6355,1,2.1986553465696277,24.09397336251096,7503.746348328088,108006399189505560000,2829287.913378375
-5,24.200000000000003,60125.33395072073,590782402943.914,1,2.232470055054388,24.066665881072453,7500.217145285716,109666009506708390000,2846065.953064887
-5,24.3,60008.57647569105,595224416672.1665,1,2.2665665083486517,24.039252701637977,7496.63703833028,111321337355636080000,2862855.2052415977
-5,24.400000000000002,59891.97765702568,599557753838.9952,1,2.3009446122535295,24.011735766614038,7493.0054519128,112948114843531530000,2879442.43292323
-5,24.5,59775.53968583327,603839488672.991,1,2.335604273272692,23.984112355139008,7489.322369830945,114567110632135070000,2896018.2631778424
-5,24.6,59659.26476212777,608073699382.7379,1,2.3705453963803476,23.95638096437447,7485.587270308746,116179466552875170000,2912597.2539218804
-5,24.700000000000003,59543.15510724392,612259453395.1285,1,2.4057678889121896,23.92854021393196,7481.799585163108,117784444431999730000,2929177.2058800533
-5,24.8,59427.21296485048,616395794293.9259,1,2.4412716628267965,23.9005887209424,7477.9587439851475,119381291418328040000,2945755.8777528186
-5,24.900000000000002,59311.440600981936,620481741194.8938,1,2.4770566356683035,23.872525100400694,7474.064174258116,120969239720200960000,2962330.9861211977
-5,25,59195.84030404873,624516288166.2554,1,2.513122712565347,23.844347965519002,7470.115301479587,122547506367715500000,2978900.205377216
-5,25.1,59080.41438485589,628498403701.8766,1,2.549469819314742,23.816055928092908,7466.111549287934,124115293004905610000,2995461.167675381
-5,25.200000000000003,58965.165176590905,632412647104.6893,1,2.586097870970399,23.787674748892115,7462.052339593163,125666069529698810000,3011942.8666746733
-5,25.3,58850.095030458644,636239388624.0675,1,2.6230067924652136,23.759238825684957,7457.937286925506,127191486550609260000,3028252.075844109
-5,25.400000000000002,58735.20630533621,640011039219.614,1,2.6601965052058274,23.730685431802122,7453.766268266466,128703947926031070000,3044544.3705840227
-5,25.5,58620.50137182791,643726486681.9775,1,2.6976669396506394,23.702013216463637,7449.538716465388,130202612012470480000,3060817.267856662
-5,25.6,58505.98262220994,647384591948.125,1,2.7354180200428653,23.673220829725008,7445.254063349691,131686621731612490000,3077068.244339355
-5,25.700000000000003,58391.65247039776,650984189071.8069,1,2.7734496749103155,23.64430692289682,7440.911739873988,133155104651220520000,3093294.736550146
-5,25.8,58277.51335189026,654524085240.1119,1,2.811761837658209,23.615270148973288,7436.511176273661,134607173107463590000,3109494.1410052394
-5,25.900000000000002,58163.56772371475,658003060846.378,1,2.85035443621224,23.586109163072653,7432.051802222817,136041924374335770000,3125663.814404096
-5,26,58049.81806435902,661419869615.1492,1,2.889227412162083,23.556822622888017,7427.533046996748,137458440879912620000,3141801.073845766
-5,26.1,57936.26687369868,664747411657.5867,1,2.9283806958110983,23.52745799545391,7422.954339638883,138845001300943570000,3157771.958832827
-5,26.200000000000003,57822.916663976386,667990493441.9225,1,2.9678142255600704,23.498004138810874,7418.315506965015,140203063276984450000,3173601.4464801624
-5,26.3,57709.769952469505,671168227349.2361,1,3.0075279411597013,23.46842251508601,7413.616301269212,141540171380395900000,3189389.253273679
-5,26.400000000000002,57596.82926999405,674279292512.0719,1,3.047521783987025,23.438711837072788,7408.856167800923,142855374435758310000,3205132.6049741483
-5,26.5,57484.09716770053,677322343453.9846,1,3.0877956951730017,23.408870822718587,7404.034552394173,144147708733495260000,3220828.691113187
-5,26.6,57371.576216959395,680296010699.291,1,3.128349617244472,23.378898195625496,7399.150901651522,145416198619478400000,3236474.665408589
-5,26.700000000000003,57259.2690092111,683198901433.6906,1,3.169183498137317,23.34879268555796,7394.204663132356,146659857140510850000,3252067.6462189383
-5,26.8,57147.178155840375,686029600216.3816,1,3.2102972774042375,23.318553028965038,7389.195285545514,147877686746754500000,3267604.7170264684
-5,26.900000000000002,57035.3062880151,688786669750.9148,1,3.2516909111816377,23.288177969509512,7384.122218946267,149068680054952800000,3283082.92696055
-5,27,56923.65605651587,691439030713.9585,1,3.2933643399704895,23.257723682440428,7378.984914937627,150218949745295360000,3298337.672610929
-5,27.1,56812.23011984769,694001749656.4479,1,3.335317521463907,23.227159268458546,7373.783350917229,151334543013289920000,3313452.159969541
-5,27.200000000000003,56701.03113834653,696487244998.0869,1,3.3775503979028563,23.19645768510586,7368.517237864319,152420462054329580000,3328498.125181254
-5,27.3,56590.061785399914,698894033199.7778,1,3.42006293010161,23.165617750067668,7363.18604923018,153475693451270320000,3343472.5593427997
-5,27.400000000000002,56479.324752602726,701220613950.7856,1,3.4628550617166263,23.13463829107581,7357.789260919789,154499218954601040000,3358372.4240783122
-5,27.5,56368.82274954207,703465471369.5813,1,3.5059267549672946,23.103518146477395,7352.326351507195,155490016635683900000,3373194.652276563
-5,27.6,56258.55850357842,705627075245.064,1,3.5492779620137447,23.072256165813172,7346.796802454831,156447062094671700000,3387936.1488644164
-5,27.700000000000003,56148.534759593196,707703882327.3387,1,3.592908640814932,23.040851210401822,7341.200098336728,157369329726769230000,3402593.791622994
-5,27.8,56038.75427975133,709694337659.556,1,3.636818749521083,23.009302153935888,7335.535727065559,158255794042593570000,3417164.4320370597
-5,27.900000000000002,55929.21984323487,711574167750.8506,1,3.6810082441049556,22.977660154927083,7329.803180123459,159095276583966380000,3431505.193428775
-5,28,55819.934235178865,713352713082.0815,1,3.725477086275361,22.945901530789637,7324.0024368357235,159891572442842400000,3445675.786382527
-5,28.1,55710.900240252726,715041077875.4861,1,3.7702252314461124,22.91399737787185,7318.13327327804,160649331576923750000,3459749.5983692957
-5,28.200000000000003,55602.12065286096,716637705183.609,1,3.8152526463157828,22.881946660387264,7312.195207426003,161367565776716100000,3473723.4591416554
-5,28.3,55493.59828269482,718141033767.9065,1,3.8605592936066344,22.849748357914038,7306.187761789258,162045294335375900000,3487594.178403222
-5,28.400000000000002,55385.335954418406,719549499737.9612,1,3.906145130648346,22.817401466014555,7300.110463652402,162681545676119180000,3501358.546874165
-5,28.5,55277.33650734369,720861538213.3715,1,3.9520101250799633,22.784904996861393,7293.962845319005,163275359017144750000,3515013.3373948364
-5,28.6,55169.602795082144,722075585009.1871,1,3.99815424056649,22.752257979868,7287.744444358693,163825786072616200000,3528555.306069966
-5,28.700000000000003,55062.13768520206,723190078342.4836,1,4.0445774423655045,22.719459462327244,7281.454803857157,164331892786631020000,3541981.1934475005
-5,28.8,54954.944058855996,724179905268.2644,1,4.091279696550946,22.68650959460497,7275.093472669026,164782041241942500000,3555184.4602283654
-5,28.900000000000002,54848.024801939726,725035114168.405,1,4.138260971480637,22.653409048196703,7268.660387632839,165171464581836800000,3568122.582747792
-5,29,54741.382792786695,725787083288.7539,1,4.185521235394946,22.62015709878893,7262.155647746522,165514256944349900000,3580934.999026492
-5,29.1,54635.020909948274,726434313573.2582,1,4.233060453381527,22.58675291107235,7255.578836557963,165809587648148280000,3593618.490964
-5,29.200000000000003,54528.94204337988,726975317089.9105,1,4.2808785943721235,22.553195670599397,7248.929544366219,166056649140650740000,3606169.832691669
-5,29.3,54423.14909402281,727408618890.8499,1,4.3289756325773965,22.519484584421484,7242.207368476711,166254658857184170000,3618585.7919384087
-5,29.400000000000002,54317.6449733749,727732758856.8938,1,4.3773515336076,22.48561888172908,7235.411913458309,166402861077964300000,3630863.1314306837
-5,29.5,54212.432603058405,727946293522.2422,1,4.4260062698735,22.451597814495212,7228.542791402129,166500528777860640000,3642998.6103244624
-5,29.6,54107.51491435245,728047797886.475,1,4.4749398174930475,22.417420658118346,7221.599622182006,166546965469050570000,3654988.985675697
-5,29.700000000000003,54002.89484773483,728035867205.8245,1,4.524152144691234,22.383086712069233,7214.582033716347,166541507029691960000,3666831.0139391073
-5,29.8,53898.57535241358,727893037092.4647,1,4.573643222579544,22.34873694461021,7207.489662231309,166476167367038570000,3678297.4029726824
-5,29.900000000000002,53794.559366183355,727634828099.0829,1,4.623413026823374,22.314234833719972,7200.3230425693855,166358078534872560000,3689603.201404853
-5,30,53690.8498141272,727260418970.3147,1,4.673461534403904,22.279575813601266,7193.081867743673,166186921366417470000,3700751.6763865068
-5,30.1,53587.44962745905,726768529495.578,1,4.723788712490838,22.24475931774428,7185.765814563611,165962193193062300000,3711739.6887242245
-5,30.200000000000003,53484.36174358893,726157907749.8337,1,4.774394541596023,22.209784806519632,7178.374569085118,165683431668099800000,3722564.1074389205
-5,30.3,53381.58910557348,725427331752.0852,1,4.825278996281661,22.174651767795254,7170.907826867198,165350216408135100000,3733221.8113989984
-5,30.400000000000002,53279.13466159254,724575611081.0516,1,4.876442053359463,22.139359717555603,7163.365293228616,164962170587642500000,3743709.690970389
-5,30.5,53177.00136440247,723601588452.7631,1,4.927883689173525,22.10390820051693,7155.746683504491,164518962485574530000,3754024.6496936255
-5,30.6,53075.19217077084,722504141258.4963,1,4.979603879891273,22.068296790738632,7148.051723302599,164020306980073340000,3764163.605985536
-5,30.700000000000003,52973.71004091762,721270935746.2262,1,5.0316026052334815,22.03252567018272,7140.280148759195,163460869013327840000,3774068.9129867177
-5,30.8,52872.5579328537,719880451742.3281,1,5.083879839892317,21.99659624685959,7132.431937755873,162831228679886730000,3783636.3715281333
-5,30.900000000000002,52771.73878717981,718364456938.2675,1,5.136435564487557,21.96050858452061,7124.507516115854,162146138887006060000,3793019.7759397267
-5,31,52671.255531324074,716722011553.0171,1,5.189269759405566,21.924262408688517,7116.506665101214,161405535070624940000,3802216.207601052
-5,31.1,52571.11109336186,714952217026.3867,1,5.2423823989748515,21.887857476649824,7108.429177344599,160609405062429050000,3811222.7719755284
-5,31.200000000000003,52471.30840141233,713054217379.0404,1,5.295773468360467,21.851293578011976,7100.274857089506,159757790202986820000,3820036.6003614473
-5,31.3,52371.85038300138,711027200523.353,1,5.349442945917041,21.814570535250585,7092.043520428681,158850786377894330000,3828654.8516603634
-5,31.400000000000002,52272.73996444978,708870399529.4296,1,5.403390816695538,21.77768820425328,7083.734995540525,157888544976214950000,3837074.7141489587
-5,31.5,52173.9800702231,706583093851.1132,1,5.457617053670653,21.74064647485197,7075.349122923191,156871273770788130000,3845293.4072663537
-5,31.6,52075.57362230122,704164610518.92,1,5.5121216419125005,21.703445271349718,7066.885755626211,155799237720969540000,3853308.1834029574
-5,31.700000000000003,51977.52353949752,701634369030.1315,1,5.566904561371327,21.66714098209576,7058.344759479403,154681597209728250000,3861252.55331061
-5,31.8,51879.83275027573,699038190098.0073,1,5.621965797735765,21.63419900098089,7049.725395734039,153539013098101180000,3869443.9396494334
-5,31.900000000000002,51782.5042376183,696306307208.2249,1,5.677305333351527,21.601053560666344,7041.025461573889,152341278869112750000,3877419.019263357
-5,32,51685.541025409475,693438174191.0035,1,5.73292314676744,21.56770454646178,7032.2448310671,151088855432171850000,3885174.94201659
-5,32.1,51588.946132690646,690433299875.2656,1,5.788819229505863,21.534151884886864,7023.3833926298885,149782266401653500000,3892708.8998190337
-5,32.2,51492.72257291246,687291249063.8898,1,5.844993553932156,21.500395544283865,7014.441049268037,148422098443695060000,3900018.128636457
-5,32.300000000000004,51396.87335320935,684011643561.0093,1,5.901446111349513,21.46643553541924,7005.417718814271,147009001563777780000,3907099.9104921534
-5,32.4,51301.40147362836,680594163252.7307,1,5.958176883282934,21.432271912068774,6996.313334161197,145543689332598300000,3913951.5754736657
-5,32.5,51206.30992637761,677038547239.7366,1,6.015185857001518,21.397904771589893,6987.127843489555,144026939046400440000,3920570.503727358
-5,32.6,51111.60169505607,673344595030.8326,1,6.072473011622881,21.3633342554779,6977.861210491497,142459591822383250000,3926954.1274476554
-5,32.7,51017.279753880575,669512167797.5641,1,6.130038339594335,21.32856054990633,6968.513414588644,140842552625804940000,3933099.93285495
-5,32.800000000000004,50923.3470668979,665661537339.359,1,6.18788182051663,21.298575666188878,6959.084451144648,139227128549059610000,3939879.3124737698
-5,32.9,50829.806679575704,661693703637.9021,1,6.246003445216082,21.26945644714428,6949.570054141827,137572282605504790000,3946604.2778636916
-5,33,50736.66173954122,657580495499.8557,1,6.304403196141712,21.240072741112108,6939.9692388117155,135867249976690840000,3953073.718873744
-5,33.1,50643.9154041959,653321919775.8539,1,6.363081058369771,21.210424523343075,6930.281997067745,134113160768483750000,3959284.8759716605
-5,33.2,50551.57081907522,648918057071.9528,1,6.422037019682769,21.18051182548372,6920.5083392500865,132311214929938710000,3965235.056094344
-5,33.300000000000004,50459.6311169453,644369063443.2833,1,6.481271065574943,21.150334736307983,6910.648294364689,130462681878613230000,3970921.6349675697
-5,33.4,50368.0994168818,639675172296.0421,1,6.540783185054476,21.119893402425223,6900.701910314608,128568900078757270000,3976342.0594047583
-5,33.5,50276.97882336099,634836696499.9833,1,6.60057336498683,21.08918802896351,6890.669254123273,126631276565827370000,3981493.8495741505
-5,33.6,50186.27242532931,629854030718.3827,1,6.660641595603234,21.058218880227344,6880.550412149386,124651286412235850000,3986374.601240027
-5,33.7,50095.98329527769,624727653963.5354,1,6.720987861058756,21.026986280328643,6870.34549029309,122630472129116160000,3990981.9879683875
-5,33.800000000000004,50006.11448830366,619458132390.2297,1,6.781612150574617,20.995490613790064,6860.054614193098,120570443000005920000,3995313.763298216
-5,33.9,49916.669041175395,614048846567.6515,1,6.8425144534929725,20.96373232611962,6849.677929414443,118473925558560360000,3999382.4421292404
-5,34,49827.649973046966,608497918205.305,1,6.903694754690971,20.93171168648663,6839.215523905355,116341626858193860000,4003172.1588556888
-5,34.1,49739.06028464902,602805986540.3081,1,6.965153046257517,20.899429244523056,6828.667577252269,114175271320571670000,4006679.826440924
-5,34.2,49650.9029556755,596973997476.2123,1,7.026889313587122,20.866885629850483,6818.03429517738,111976726862494220000,4009903.5320612765
-5,34.300000000000004,49563.180943728425,591003002061.3397,1,7.088903546859667,20.834081535167595,6807.315904012662,109747923732644770000,4012841.453158048
-5,34.4,49475.89718334656,594735566380.1663,1,7.151195739525566,20.80101771666963,6796.512650836915,111138558827949080000,4015491.8593377657
-5,34.5,49389.0545850629,599280763557.5476,1,7.213765874456402,20.767694994433285,6785.624803601529,112843776927450330000,4017853.114207247
-5,34.6,49302.65603445284,603775858599.0161,1,7.276613943990672,20.7341142527665,6774.652651244777,114542966700606690000,4019923.67715016
-5,34.7,49216.704391171224,608221133534.9011,1,7.33973994060547,20.700276440522302,6763.596503794355,116235811360101200000,4021702.1050429153
-5,34.800000000000004,49131.20248801261,612616857569.95,1,7.403143850040314,20.66618257137566,6752.456692457845,117921997029407340000,4023187.0538984356
-5,34.9,49046.15312995482,616963286321.6118,1,7.46682566671574,20.63183372406297,6741.233569700958,119601212184259410000,4024377.2804451752
-5,35,48961.55909321271,621260661235.1191,1,7.530785377468821,20.59723104258307,6729.927509313222,121273147157229620000,4025271.4614906316
-5,35.1,48877.42312427703,625674265907.8103,1,7.5950229740023705,20.56237573954706,6718.538907502497,123002382724188620000,4025868.5270534647
-5,35.2,48793.74793894589,630974528732.2382,1,7.6595384465632215,20.527269093775796,6707.068182109978,125095185310974280000,4026167.765766436
-5,35.300000000000004,48710.53622141201,636235461566.794,1,7.7243317864516685,20.49191244590376,6695.515771173809,127189916428671420000,4026168.3516753195
-5,35.4,48627.79062335659,641457441763.6378,1,7.78940298654436,20.456307202233024,6683.882134188329,129286338107600490000,4025869.566289708
-5,35.5,48545.51376303192,646640821038.6116,1,7.854752036102366,20.420454834733242,6672.167752104059,131384209792827950000,4025270.799687384
-5,35.6,48463.70822434127,651785924682.3868,1,7.9203789245687295,20.384356880999857,6660.373127314058,133483287514687160000,4024371.551534308
-5,35.7,48382.37655593362,656893050951.8502,1,7.986283648321669,20.348014944170025,6648.4987836264445,135583323128563500000,4023171.4320137515
-5,35.800000000000004,48301.52127029374,661962470659.1825,1,8.052466197104748,20.311430692795927,6636.545266223006,137684063635434100000,4021670.16266793
-5,35.9,48221.14484286308,666994426884.9972,1,8.118926561510294,20.274605860675035,6624.5131416037375,139785250556801610000,4019867.5771412007
-5,36,48141.24971114937,671989134847.5057,1,8.185664736146302,20.237542246637208,6612.40299751728,141886619380286910000,4017763.6218343247
-5,36.1,48061.838273853995,676946781898.1921,1,8.252680711119487,20.200241714288133,6600.215442877091,143987899066721000000,4015358.356460629
-5,36.2,47982.912890017964,681867527620.2802,1,8.319974478238302,20.163334142146986,6587.951107663391,146088811611243860000,4012779.3835138376
-5,36.300000000000004,47904.47589466628,686751503993.3701,1,8.387546033219682,20.128439680853145,6575.609851738446,148189071644700800000,4010355.151646701
-5,36.4,47826.52965758927,691598815695.1398,1,8.455395364365437,20.09327505398404,6563.189482331651,150288386107413430000,4007619.201473797
-5,36.5,47749.076565835625,696409540635.3441,1,8.523522466885115,20.05784225159402,6550.690684678566,152386454039744100000,4004571.8348908997
-5,36.6,47672.11896307394,701183730641.334,1,8.591927335391288,20.02214333675433,6538.114166299162,154482966458527880000,4001213.4766226895
-5,36.7,47595.659148713574,705921412231.4713,1,8.660609954709171,19.98618044514119,6525.460656842957,156577606294004600000,3997544.674394181
-5,36.800000000000004,47519.6993770469,710622587439.8849,1,8.729570324284513,19.949955784572133,6512.730907918201,158670048372381450000,3993566.098987264
-5,36.9,47444.24185639061,715287234640.5287,1,8.79880843444352,19.91347163449145,6499.92569290519,160759959421302100000,3989278.544187337
-5,37,47369.28874825779,719915309394.6234,1,8.868324285700155,19.876730345403704,6487.0458067537065,162846998108703420000,3984682.926611609
-5,37.1,47294.84216654487,724506745254.9794,1,8.938117867148712,19.839734338255987,6474.092065764683,164930815084867750000,3979780.285422877
-5,37.2,47220.90417672973,729061454582.3348,1,9.008189169487167,19.802486103769493,6461.065307356197,167011053051679900000,3974571.781929734
-5,37.300000000000004,47147.476795098744,733579329318.8789,1,9.078538191191377,19.764988201719927,6447.966389813906,169087346833693470000,3969058.699069003
-5,37.4,47074.56198797561,738060241759.2567,1,9.149164922459963,19.727243260168247,6434.796192026069,171159323468497300000,3963242.440777328
-5,37.5,47002.161670995876,742504045314.9169,1,9.2200693566422,19.689253974640486,6421.555613203287,173226602314073500000,3957124.531241728
-5,37.6,46930.2777083721,746910575099.735,1,9.291251490231367,19.655689626960235,6408.245572583203,175288795091933760000,3951774.863881946
-5,37.7,46858.91206167545,751279648593.3558,1,9.362711317547683,19.621959164187793,6394.859715337574,177345505983354270000,3946135.2130222456
-5,37.800000000000004,46788.06679288577,755611066582.6201,1,9.434448830667607,19.58791966406569,6381.398781351679,179396331875110780000,3940173.538534252
-5,37.9,46717.74391333293,759904614252.1549,1,9.506464024949171,19.553573890879182,6367.863759336294,181440862698142330000,3933891.5224868683
-5,38,46647.94537824672,764160062340.6898,1,9.578756891901394,19.51892469468608,6354.255660618536,183478681821473470000,3927290.9826174034
-5,38.1,46578.67308597732,768377168305.9396,1,9.651327431518343,19.48397501032746,6340.575518774275,185509366474540420000,3920373.8711688207
-5,38.2,46509.92887722887,772555677417.4406,1,9.724175637886017,19.448727856374074,6326.824389242808,187532488158433700000,3913142.27359381
-5,38.300000000000004,46441.71453433484,776695323788.022,1,9.797301501313044,19.413186334006344,6313.00334892413,189547613049437520000,3905598.407119418
-5,38.400000000000006,46374.03178055864,780795831307.6802,1,9.870705018242154,19.377353625830704,6299.113495759118,191554302375491930000,3897744.6191790705
-5,38.5,46306.88227940444,784856914498.3226,1,9.944386187590506,19.34123299463491,6285.155948293064,193552112772476600000,3889583.385717741
-5,38.6,46240.26763397362,788878279283.272,1,10.018344999884643,19.30482778207966,6271.131845222839,195540596615467630000,3881117.309363545
-5,38.7,46174.189386351034,792859623692.5953,1,10.092581448867113,19.26814140732953,6257.042344928194,197519302333580840000,3872349.1174724475
-5,38.800000000000004,46108.64901700802,796800638497.8756,1,10.167095531345113,19.231177365625864,6242.888624987612,199487774703745930000,3863281.660052668
-5,38.900000000000006,46043.64794424176,800701007807.8844,1,10.24188724504172,19.19393922680104,6228.671881679173,201445555137707970000,3853917.907566324
-5,39,45979.187523643486,804560409604.2024,1,10.316956580794685,19.156443247082116,6214.393329466898,203392181950709800000,3844318.662491395
-5,39.1,45915.26905631088,808378516254.6152,1,10.392303538725272,19.11870523014677,6200.053766965677,205327190629788250000,3834547.5408350215
-5,39.2,45851.89380643144,812154995023.913,1,10.467928109877846,19.08069967277486,6185.653540318686,207250114111086170000,3824484.8058219454
-5,39.300000000000004,45789.06299186405,815889508616.9305,1,10.54383029754854,19.042430438480178,6171.193922400756,209160483083759030000,3814133.8573840642
-5,39.400000000000006,45726.77776536811,819581715721.1167,1,10.620010090670046,19.003901459603913,6156.6762027907935,211057826303907300000,3803498.2073420957
-5,39.5,45665.03921420686,823231271570.2336,1,10.69646748430089,18.965116735498622,6142.101687186602,212941670929435720000,3792581.476549761
-5,39.6,45603.84835977759,826837828479.1028,1,10.773202475193512,18.92608033066382,6127.471696807764,214811542849875350000,3781387.3919393257
-5,39.7,45543.20615727734,830401036379.5779,1,10.850215061545702,18.886796372834418,6112.787567787241,216666967026174800000,3769919.7834706414
-5,39.800000000000004,45483.11349539179,833920543347.7773,1,10.927505243144381,18.847269051025208,6098.0506505523235,218507467834971520000,3758182.5809917254
-5,39.900000000000006,45423.57119604573,837395996102.7693,1,11.005073005576573,18.807502613529735,6083.262309195567,220332569406499360000,3746179.8110056533
-5,40,45364.58001416363,840827040507.4427,1,11.082918353307873,18.767501365880975,6068.423920836444,222141795971648800000,3733915.5933624962
-5,40.1,45306.14063745644,844213322060.9501,1,11.161041278027177,18.727269668774426,6053.536874974381,223934672212302360000,3721394.137876793
-5,40.2,45248.25368628092,847554486353.8467,1,11.239441775319664,18.686811935951102,6038.602572833799,225710723599153270000,3708619.740864132
-5,40.300000000000004,45190.919713499956,850850179547.3522,1,11.318119844537454,18.646132632050204,6023.622426702006,227469476749021800000,3695596.7816206533
-5,40.400000000000006,45134.13920437079,854100048820.4993,1,11.397075481414525,18.605236270431,6008.597859260566,229210459771559120000,3682329.718843531
-5,40.5,45077.912576514296,857303742810.641,1,11.476308685373347,18.56412741096086,5993.530302910826,230933202618314460000,3668823.086984785
-5,40.6,45022.24017986469,860460912054.1718,1,11.55581944922834,18.522810657782266,5978.4211990944605,232637237437503200000,3655081.4925693036
-5,40.7,44967.12229669094,863571209389.953,1,11.635607766641154,18.48129130473366,5963.271997609639,234322098913840700000,3641198.8868281236
-5,40.800000000000004,44912.55915626325,866634290351.5865,1,11.715673637921157,18.439571490207026,5948.083406851302,235987324606893300000,3627147.3226247155
-5,40.900000000000006,44858.55094449874,869649813601.0352,1,11.796017062110966,18.3976539575891,5932.856396204555,237632455316219720000,3612870.060019761
-5,41,44805.09778902773,872617441348.2471,1,11.876638032159493,18.355543499290786,5917.592449905693,239257035443231230000,3598371.9705272852
-5,41.1,44752.19974936079,875536839790.0961,1,11.95753654271654,18.313244942525767,5902.293058358695,240860613367620600000,3583657.982392144
-5,41.2,44699.85681704525,878407679527.2048,1,12.038712595067803,18.27076314692397,5886.959717425626,242442741815441620000,3568733.0766502516
-5,41.300000000000004,44648.06891584024,881229635960.4948,1,12.120166183944717,18.22810300213567,5871.593927716631,244002978219276370000,3553602.2831780612
-5,41.400000000000006,44596.835901963525,884002389660.3391,1,12.201897308633853,18.185269425423204,5856.197193880164,245540885065985820000,3538270.6767234188
-5,41.5,44546.157564336434,886725626706.4916,1,12.283905963088205,18.142267359250695,5840.771023894369,247056030230406630000,3522743.372942063
-5,41.6,44496.03362487536,889399038987.5171,1,12.366192149652838,18.099101768869048,5825.31692836019,248547987288072950000,3507025.5244329683
-5,41.7,44446.46373880934,892022324476.8984,1,12.448755860939606,18.055777639901027,5809.836419797042,250016335815862880000,3491122.316782922
-5,41.800000000000004,44397.44749504514,894595187471.737,1,12.531597094892518,18.012299975926613,5794.331011941654,251460661672151480000,3475038.9646206754
-5,41.900000000000006,44348.98441654537,897117338786.1796,1,12.614715845765069,17.968673796074768,5778.802219050925,252880557251397100000,3458780.7076939996
-5,42,44301.07396074664,899588495926.7024,1,12.698112116774082,17.92490413262109,5763.251555209358,254275621727806060000,3442352.8069683593
-5,42.1,44253.71551999822,902008383220.608,1,12.781785900751249,17.880996028595845,5747.680533641841,255645461271474270000,3425760.5407567294
-5,42.2,44206.90842205472,904376731912.5466,1,12.865737195045135,17.836954535401336,5732.090666032347,256989689244777250000,3409009.200877334
-5,42.300000000000004,44160.651930571534,906693280236.9529,1,12.949966002322567,17.792784710446128,5716.4834618493305,258307926383049830000,3392104.088856392
-5,42.400000000000006,44114.94524562918,908957773439.5706,1,13.034472314795526,17.74849161479551,5700.860427678328,259599800943885120000,3375050.512173929
-5,42.5,44069.78750431724,911169963776.9532,1,13.119256131357133,17.70408031083765,5685.223066562417,260864948841008700000,3357853.7805497916
-5,42.6,44025.17778130341,913329610476.892,1,13.204317446629915,17.659555859974848,5669.572877351201,262103013752679070000,3340519.202291824
-5,42.7,43981.11508946214,915436479661.9901,1,13.289656264129645,17.614944227569076,5653.911354058761,263313647205492620000,3323099.6675007367
-5,42.800000000000004,43937.59838898573,917490344222.7471,1,13.375272579241898,17.570255263268603,5638.239534300469,264496508625385520000,3305613.3270653095
-5,42.900000000000006,43894.62659903243,919490983700.339,1,13.46116638734421,17.52546424648527,5622.5583141225725,265651265390186300000,3288000.67063089
-5,43,43852.19858944602,921438184150.1871,1,13.5473376891469,17.480576266642476,5606.8691873236285,266777592867115300000,3270267.0160701964
-5,43.1,43810.313170040026,923331737986.3136,1,13.63378648383496,17.43559640236807,5591.173640715472,267875174435122740000,3252417.664687377
-5,43.2,43768.96909132041,925171443794.3043,1,13.720512763201944,17.390529719290875,5575.47315351584,268943701484892650000,3234457.897851375
-5,43.300000000000004,43728.165045248345,926957106097.0072,1,13.807516528022397,17.345381267869726,5559.76919675298,269982873387102900000,3216392.9737019436
-5,43.400000000000006,43687.899665998295,928688535089.6222,1,13.894797775354817,17.300156081260965,5544.063232682745,270992397438407440000,3198228.1239415384
-5,43.5,43648.171530761756,930365546325.3268,1,13.98235650687654,17.254859173221185,5528.356714218537,271971988774031720000,3179968.550704289
-5,43.6,43608.97916055843,931987960355.6544,1,14.070192717478127,17.209495536050458,5512.651084374542,272921370249265500000,3161619.423512928
-5,43.7,43570.321021064185,933555602347.3635,1,14.158306403572308,17.164070138576605,5496.947775722651,273840272302496650000,3143185.876324151
-5,43.800000000000004,43532.19552347157,935068301635.4949,1,14.246697567594332,17.118587924180243,5481.248209863345,274728432776188560000,3124673.0046604853
-5,43.900000000000006,43494.601025338285,936525891257.3129,1,14.335366205372615,17.073053808866284,5465.553796910947,275585596721954460000,3106085.862840664
-5,44,43457.535831499845,937928207455.0847,1,14.424312315661398,17.027472679375737,5449.86593499347,276411516182820520000,3087429.461293115
-5,44.1,43420.99819494411,939275089130.9097,1,14.513535895061594,16.98184939134872,5434.186009767421,277205949942909670000,3068708.763976492
-5,44.2,43384.98631773982,940566377294.6573,1,14.603036943122353,16.93618876753084,5418.515393947714,277968663268892670000,3049928.6858882313
-5,44.300000000000004,43349.49835196696,941801914478.4906,1,14.692815456510429,16.890495596028963,5402.855446852985,278699427627861900000,3031094.0906734644
-5,44.400000000000006,43314.532400644384,942981544124.9587,1,14.782871434084702,16.844774628617568,5387.207513966487,279398020385991750000,3012209.7883361024
-5,44.5,43280.086518700235,944105109971.3652,1,14.873204878554247,16.799030579092143,5371.572926512713,280064224501749450000,2993280.533042731
-5,44.6,43246.15871392377,945172455407.9652,1,14.963815782911086,16.75326812167617,5355.953001049943,280697828200759230000,2974311.021032984
-5,44.7,43212.74694795068,946183422830.1045,1,15.054704148417631,16.707491889477335,5340.349039078794,281298624644614060000,2955305.8886254486
-5,44.800000000000004,43179.849137237296,947137852978.4489,1,15.145869969559076,16.661706472997686,5324.762326666916,281866411590605770000,2936269.7103285156
-5,44.900000000000006,43147.4631540617,948035584285.4276,1,15.237313246954708,16.615916418694574,5309.1941340898575,282400991053610320000,2917206.997048069
-5,45,43115.58682752028,948876452197.9016,1,15.32903398268014,16.57012622759574,5293.645715488203,282902168952766530000,2898122.194398182
-5,45.1,43084.21794453263,950703549759.2595,1,15.42103216907558,16.524340353967563,5278.118308540996,283992695558851100000,2879019.681111801
-5,45.2,43053.35425085947,952542820797.5795,1,15.513307809051554,16.478563204036252,5262.613134155437,285092606903834080000,2859903.767549536
-5,45.300000000000004,43022.993452115916,954324281943.8505,1,15.605860901702918,16.43279913476372,5247.131396172871,286159973777505650000,2840778.69430955
-5,45.400000000000006,42993.13321479596,956047601742.5537,1,15.698691439508051,16.387056074920388,5231.674281090998,287194402888787000000,2821663.6878384347
-5,45.5,42963.771170247346,957712450820.0662,1,15.791799426910256,16.341345955306032,5216.242792548677,288195507112524050000,2802596.309571919
-5,45.6,42934.90492523834,959318501735.1407,1,15.885184863187167,16.295659130581388,5200.837542741302,289162905531303600000,2783528.9864618112
-5,45.7,42906.532059626654,960865428825.9689,1,15.978847744556393,16.249999808099183,5185.4596833119385,290096223473864570000,2764465.7342498247
-5,45.800000000000004,42878.65011742804,962352908010.1686,1,16.07278806886986,16.204372140771802,5170.110347592623,290995092523781420000,2745410.493643374
-5,45.900000000000006,42851.25660784636,963780616558.4547,1,16.167005836183183,16.158780226123472,5154.79065039332,291859150510802170000,2726367.129424609
-5,46,42824.34900631476,965148232851.8019,1,16.261501046524064,16.113228105395727,5139.501687806845,292688041490779500000,2707339.4296501568
-5,46.1,42797.92475553416,966455436120.7167,1,16.35627369553794,16.067719762706822,5124.244537029591,293481415713428670000,2688331.1049427083
-5,46.2,42771.9812665144,967701906180.9402,1,16.451323783404924,16.022259124264316,5109.020256197901,294238929586708300000,2669345.787871418
-5,46.300000000000004,42746.515919595025,968887323166.6716,1,16.546651309395262,15.97685005763237,5093.829884239914,294960245638670840000,2650387.0324236876
-5,46.400000000000006,42721.52606549114,970011367264.415,1,16.642256270108494,15.93149637104892,5078.674440742595,295645032478871650000,2631458.3135574968
-5,46.5,42697.00902631506,971073718454.352,1,16.738138667891775,15.886201812796882,5063.554925833861,296292964763762360000,2612563.026841758
-5,46.6,42672.962096598,972074056258.968,1,16.834298498484088,15.840970070626229,5048.472320079461,296903723166152650000,2593704.4881777465
-5,46.7,42649.38254432008,973012059506.0688,1,16.93073576357702,15.795804771225677,5033.427584394421,297476994353346300000,2574885.9335979167
-5,46.800000000000004,42626.26761190873,973887406105.6577,1,17.027450461206907,15.750709479746694,5018.421659968785,298012470973890700000,2556110.519147266
-5,46.900000000000006,42603.614517255686,974699772841.4941,1,17.12444259093344,15.705687699374643,5003.45546820739,298509851653694750000,2537381.3208355284
-5,47,42581.42045472097,975448835184.7557,1,17.221712150112143,15.66074287094886,4988.529910683359,298968841006301900000,2518701.3346637636
-5,47.1,42559.68259612005,976134267126.1694,1,17.3192591411643,15.615878372631386,4973.645869105095,299389149655338800000,2500073.476723492
-5,47.2,42538.39809171669,976755741030.5106,1,17.417083562262846,15.571097519621249,4958.80420529643,299770494271748240000,2481500.5833620015
-5,47.300000000000004,42517.564071191475,977312927513.9917,1,17.515185408523543,15.526403563916022,4944.00576118963,300112597626332200000,2462985.4114165916
-5,47.400000000000006,42497.177644630894,977805495345.0656,1,17.61356468330774,15.481799694115825,4929.2513588309375,300415188658114270000,2444530.6385073843
-5,47.5,42477.23590346612,978233111372.2434,1,17.712221383969297,15.437289035274919,4914.541800398384,300678002560892860000,2426138.86339875
-5,47.6,42457.73592143599,978595440473.2886,1,17.811155511709323,15.392874648793372,4899.877868231484,300900780884660700000,2407812.6064136485
-5,47.7,42438.674755525775,978892145534.1047,1,17.910367065445957,15.348559532351926,4885.260324872503,301083271657111000000,2389554.3099069363
-5,47.800000000000004,42420.04944690224,979122887450.6477,1,18.009856041920365,15.304346619887314,4870.689913118988,301225229521214000000,2371366.3387916423
-5,47.900000000000006,42401.85702182818,979287325155.4655,1,18.10962243934029,15.260238781608322,4856.167356087214,301326415889901400000,2353250.981118398
-5,48,42384.094492575154,979385115674.4387,1,18.209666258929282,15.216238824049938,4841.693357286183,301386599121312940000,2335210.4487026455
-5,48.1,42366.75885831751,979415914202.7212,1,18.30998750120482,15.172349490165809,4827.2686007018565,301405554707827800000,2317246.8777997335
-5,48.2,42349.847106019035,979379374208.9698,1,18.410586163705567,15.128573459457105,4812.893750891277,301383065484438400000,2299362.329823781
-5,48.300000000000004,42333.35621130932,979275147562.8057,1,18.51146224393641,15.084913348136709,4798.5694530862065,301318921853286940000,2281558.79210829
-5,48.400000000000006,42317.28313934896,979102884681.4868,1,18.612615743886863,15.0413717093279,4784.29633330599,301212922021793560000,2263838.1787063205
-5,48.5,42301.62484566588,978862234705.6917,1,18.71404666347331,14.997951033297646,4770.074998479237,301064872260343400000,2246202.331230772
-5,48.6,42286.37827699911,978552845687.3799,1,18.815755003141035,14.954653747720442,4755.906036574013,300874587168899400000,2228653.0197264175
-5,48.7,42271.54037212394,978174364805.304,1,18.917740760567437,14.91148221797374,4741.790016736176,300641889961941500000,2211191.9435758744
-5,48.800000000000004,42257.108062655665,977726438592.9312,1,19.02000393342121,14.868438747464003,4727.727489435536,300366612762154900000,2193820.7324375613
-5,48.900000000000006,42243.07827385049,977208713187.5865,1,19.12254452740807,14.825525577980777,4713.718986619484,300048596908056600000,2176540.9472105238
-5,49,42229.44792538043,976620834591.1487,1,19.22536253285142,14.782744890079476,4699.765021873747,299687693269370000000,2159354.0810276424
-5,49.1,42216.213932115585,975962448950.2385,1,19.328457955514036,14.740098803489008,4685.86609058992,299283762574755560000,2142261.56026994
-5,49.2,42203.373204860836,975233202843.5912,1,19.43183079312795,14.69758937754765,4672.022670139511,298836675744050250000,2125264.745608207
-5,49.300000000000004,42190.92265111208,974432743585.1807,1,19.535481046353528,14.655218611660402,4658.235220054058,298346314229976700000,2108364.9330596854
-5,49.400000000000006,42178.85917576775,973560719535.0703,1,19.63940871290116,14.612988445782268,4644.50418221109,297812570364077800000,2091563.355068048
-5,49.5,42167.179681855254,972616780418.9147,1,19.743613792792512,14.570900760921344,4630.82998102556,297235347707118350000,2074861.1815954382
-5,49.6,42155.88107121922,971600577655.766,1,19.848096284383992,14.52895737966503,4617.213023646456,296614561403403300000,2058259.521232936
-5,49.7,42144.96024520509,970511764689.6221,1,19.952856189941933,14.487160066725542,4603.653700158261,295950138535873700000,2041759.4223225168
-5,49.800000000000004,42134.41410533246,969349997327.8882,1,20.057893507982804,14.445510529504121,4590.152383786959,295242018483567900000,2025361.8740896943
-5,49.900000000000006,42124.23955394421,968114934081.5485,1,20.163208237758358,14.404010418674105,4576.70943111031,294490153277912600000,2009067.8077872999
-5,50,42114.43349485099,966806236507.1664,1,20.268800378534305,14.362661328780167,4563.325182272059,293694507957558970000,1992878.0978457495
-5,50.1,42104.99283395335,965423569551.3501,1,20.374669931883773,14.321464798854231,4549.9999611998155,292855060921791100000,1976793.5630310294
-5,50.2,42095.91447985079,963966601894.1648,1,20.480816891924135,14.28042231304629,4536.734075826324,291971804280004440000,1960814.967607405
-5,50.300000000000004,42087.19534444902,962435006292.1567,1,20.587241264551167,14.239535301268292,4523.52781831382,291044744197299860000,1944943.0225019907
-5,50.400000000000006,42078.8323435178,960828459919.1147,1,20.693943049082858,14.198805139853949,4510.381465281241,290073901234700900000,1929178.3864763472
-5,50.5,42070.82239728421,959146644706.6631,1,20.800922242716762,14.158233152226657,4497.295278033957,289059310684907180000,1913521.6672919532
-5,50.6,42063.16243097186,957389247678.0049,1,20.908178846904423,14.117820609582065,4484.269502795876,288001022899193220000,1897973.4228809113
-5,50.7,42055.84937534481,955555961282.6456,1,21.01571285897575,14.077568731579381,4471.30437094355,286899103609841120000,1882534.1625123618
-5,50.800000000000004,42048.880167230964,953646483724.3425,1,21.123524281099954,14.037478687042796,4458.400099242128,285753634243081240000,1867204.3479569713
-5,50.900000000000006,42042.251750024036,951660519286.1415,1,21.231613111991727,13.997551594672164,4445.55689008288,284564712224537400000,1851984.3946485838
-5,51,42035.961074198596,949597778651.1157,1,21.339979351711055,13.95778852375936,4432.774931722031,283332451276009440000,1836874.672837263
-5,51.1,42030.005097771995,947457979218.0723,1,21.448622998970503,13.918190494914876,4420.054398520759,282056981702825670000,1821875.5087416703
-5,51.2,42024.38078678958,945240845413.8494,1,21.55754405462603,13.87875848079775,4407.3954511860675,280738450672415340000,1806987.1856896873
-5,51.300000000000004,42019.08511576522,942946109000.3564,1,21.666742521754973,13.83949340685342,4394.798237012358,279377022482674580000,1792209.9452553147
-5,51.400000000000006,42014.11506813392,940573509378.0356,1,21.776218396946515,13.800396152054454,4382.262890123492,277972878820813800000,1777543.9883836121
-5,51.5,42009.4676366793,938122793884.9066,1,21.885971676643216,13.761467549646174,4369.789531715132,276526219011870500000,1762989.4765078218
-5,51.6,42005.13982394338,935593718092.4563,1,21.996002366218857,13.722708387896123,4357.378270297215,275037260257325000000,1748546.5326568747
-5,51.7,42001.128642625175,932986046097.8937,1,22.10631046288318,13.684119410846005,4345.029201936319,273506237863218640000,1734215.2425517489
-5,51.800000000000004,41997.43111598212,930299550737.8751,1,22.216895966918898,13.645701361624445,4332.742410497765,271933405413684870000,1719999.1382583545
-5,51.900000000000006,41994.04427895136,927534013883.7303,1,22.32775887843252,13.607454712751563,4320.51791835822,270319034983777040000,1705895.7354555514
-5,52,41990.965178749524,924689226749.2755,1,22.438899199137456,13.569380014389019,4308.355770803323,268663417350262460000,1691903.4700576623
-5,52.1,41988.19087434281,921764990187.8542,1,22.550316926366865,13.53147786292305,4296.2560234488965,266966862186339430000,1678022.3132635613
-5,52.2,41985.71843645163,918761114987.1742,1,22.662012062572703,13.493748813729084,4284.218720487213,265229698244999150000,1664252.203586357
-5,52.300000000000004,41983.54494788218,915677422164.5731,1,22.773984605002205,13.456193381932067,4272.24389492738,263452273532226170000,1650593.0478823797
-5,52.400000000000006,41981.667503851466,912513743260.0616,1,22.886234554106395,13.418812043165344,4260.331568834657,261634955468157500000,1637044.722365187
-5,52.5,41980.08321229741,909269920630.9752,1,22.998761909918176,13.381605234328173,4248.481753568535,259778131038071060000,1623607.073605283
-5,52.6,41978.789194169454,905945807745.9974,1,23.111566674343166,13.344573354341707,4236.694450019444,257882206931557480000,1610279.9195155578
-5,52.7,41977.78258372657,902541269482.3307,1,23.224648845413146,13.30771676490105,4224.9696488439895,255947609671676400000,1597063.0503192025
-5,52.800000000000004,41977.060528801754,899056182424.7698,1,23.33800842263202,13.27103579122592,4213.30733069858,253974785732999870000,1583956.22950446
-5,52.900000000000006,41976.62019107118,895490435168.8988,1,23.451645411573985,13.234530722806712,4201.707466471342,251964201649411000000,1570959.19476158
-5,53,41976.45874630287,891843928628.6115,1,23.565559804345007,13.198201814147433,4190.1700175122305,249916344111356100000,1558071.658904691
-5,53.1,41976.57338460907,888116576348.9814,1,23.67975160571253,13.162049285503294,4178.694935861202,247831720052698700000,1545293.3107756795
-5,53.2,41976.96131065767,884308304826.2344,1,23.794220815269693,13.126073323616007,4167.282164474416,245710856727705700000,1532623.8161349215
-5,53.300000000000004,41977.61974391248,880419053835.3138,1,23.908967434850226,13.090274082441107,4155.931637448294,243554301777957300000,1520062.8185308767
-5,53.400000000000006,41978.54591882788,876448776766.5247,1,24.02399145814096,13.05465168387269,4144.643280241431,241362623289503970000,1507609.9401569339
-5,53.5,41979.73708506767,872397440971.2224,1,24.139292892092463,13.019206218459974,4133.417009894241,239136409839722760000,1495264.7826875
-5,53.6,41981.19050767366,868265028120.8552,1,24.25487173255999,12.983937746120946,4122.252735246285,236876270535684850000,1483026.9281016455
-5,53.7,41982.903467263095,864051534576.4089,1,24.370727985925715,12.948846296846957,4111.1503571511785,234582835041805170000,1470895.9394855222
-5,53.800000000000004,41984.87326018885,859756971773.928,1,24.48686164519548,12.913931871402921,4100.109768689065,232256753599253500000,1458871.3618208007
-5,53.900000000000006,41987.09719871357,855381366624.419,1,24.60327271214538,12.879194442019099,4089.130855376558,229898697035509630000,1446952.7227536256
-5,54,41989.57261115592,850924761931.4113,1,24.719961187949806,12.844633953077343,4078.213495374122,227509356765124600000,1435139.53334862
-5,54.1,41992.296842027456,846387216827.5508,1,24.83692707225044,12.810250321790221,4067.3575596908454,225089444781647800000,1423431.288825983
-5,54.2,41995.267252179794,841768807231.5132,1,24.95417036764238,12.776043438871332,4056.562912386514,222639693640583500000,1411827.4692796941
-5,54.300000000000004,41998.48121892754,837069626328.3239,1,25.071691068554145,12.742013169199325,4045.829410771021,220160856434135040000,1400327.5403806255
-5,54.400000000000006,42001.93613616843,832289785005.626,1,25.18948918287776,12.70815938234604,4035.156905601014,217653706721503770000,1388933.0736161978
-5,54.5,42005.62941495795,827429412358.7036,1,25.307564706570034,12.674481788549983,4024.5452089160494,215119038473863360000,1377643.2285248707
-5,54.6,42009.558484036475,822488656276.0853,1,25.42591764440217,12.640980065197539,4013.994130290066,212557666038207300000,1366455.7181701444
-5,54.7,42013.72078947257,817467684034.81,1,25.544547991711536,12.607653971097065,4003.5034991030793,209970424081374120000,1355369.947145637
-5,54.800000000000004,42018.11379439011,812366682934.321,1,25.663455748192597,12.57450324280168,3993.073139061438,207358167528259550000,1344385.3092723174
-5,54.900000000000006,42022.73497902881,807185860965.5818,1,25.78264091354714,12.541527595217788,3982.7028683777767,204721771491051900000,1333501.1881939077
-5,55,42027.58184082061,801925447521.5746,1,25.902103491169267,12.508726722203495,3972.3924999480773,202062131191191600000,1322716.9579544165
-5,55.1,42032.65189444646,796585694149.0343,1,26.02184348066576,12.476100297159386,3962.141841525867,199380161872401430000,1312031.98356125
-5,55.2,42037.942671899684,791166875345.6942,1,26.14186088260879,12.443647973609744,3951.9506958935103,196676798705292480000,1301445.6215317876
-5,55.300000000000004,42043.451722528785,785669289405.2007,1,26.262155698130236,12.411369385776112,3941.8188610306293,193952996682847700000,1290957.2204260645
-5,55.400000000000006,42049.17661308404,780093259313.5939,1,26.38272792405072,12.379264149141399,3931.7461302796146,191209730506831040000,1280566.1213635635
-5,55.5,42055.11492774915,774439133698.1776,1,26.50357756154291,12.347331861005852,3921.732292508255,188447994463521140000,1270271.658526089
-5,55.6,42061.264268180355,768707287834.1721,1,26.624704615441022,12.315572101033295,3911.7771322694584,185668802289301360000,1260073.1596448347
-5,55.7,42067.62225351855,762898124709.5007,1,26.746109081870724,12.28398443179001,3901.8804299581043,182873187024020180000,1249969.946475116
-5,55.800000000000004,42074.18652042374,757012076152.2251,1,26.86779096202298,12.252568399272834,3892.0419619649874,180062200851953060000,1239961.335254418
-5,55.900000000000006,42080.95472307876,751049604020.6824,1,26.98975025497777,12.221323533430223,3882.2615008279286,177236914927909540000,1230046.637148976
-5,56,42087.924533196725,745011201461.1702,1,27.11198696262574,12.190249348673767,3872.53881537999,174398419188221600000,1220225.1586857773
-5,56.1,42095.09364003036,738897394231.8127,1,27.234501085542323,12.159345344380444,3862.873670894858,171547822143270220000,1210496.2021706703
-5,56.2,42102.45975036919,732708742095.9923,1,27.35729262626215,12.128611005386507,3853.2658292293836,168686250650388460000,1200859.066093916
-5,56.300000000000004,42110.02058852743,726445840285.5125,1,27.48036158251457,12.09804580247292,3843.7150489633186,165814849664364840000,1191313.0455232046
-5,56.400000000000006,42117.77389634866,720109321032.5934,1,27.603707953301665,12.06764919284052,3834.2210855362364,162934781962242520000,1181857.432482225
-5,56.5,42125.71743316762,713699855171.8964,1,27.727331739828333,12.037420620579098,3824.7836913816955,160047227840045840000,1172491.5163200228
-5,56.6,42133.848975805566,707218153809.6941,1,27.851232944949974,12.007359517125112,3815.402616058606,157153384777187800000,1163214.5840650082
-5,56.7,42142.16631854046,700664970058.9376,1,27.975411568345045,11.97746530171223,3806.077606379888,154254467065105740000,1154025.9207687727
-5,56.800000000000004,42150.667273085564,694041100837.6693,1,28.09986760837867,11.947737381812408,3796.808406538399,151351705396138000000,1144924.8098372181
-5,56.900000000000006,42159.34966854844,687347388725.3079,1,28.224601068418593,11.918175153569456,3787.594758230185,148446346407477970000,1135910.5333515336
-5,57,42168.21135139465,680584723873.3667,1,28.349611946208757,11.88877800222352,3778.436400775051,145539652176111500000,1126982.372377265
-5,57.1,42177.250185419805,673754045964.1498,1,28.474900243618062,11.859545302526302,3769.3330712344855,142632899659511600000,1118139.6072614673
-5,57.2,42186.46405169275,666856346210.2933,1,28.600465963450986,11.830476419149681,3760.284504527006,139727380076848330000,1109381.5179212322
-5,57.300000000000004,42195.85084851645,659892669387.0795,1,28.72630910036924,11.801570707084517,3751.2904335408834,136824398225391010000,1100707.3841200261
-5,57.400000000000006,42205.408491375856,652864115887.564,1,28.852429660068836,11.772827512031933,3742.350589244329,133925271726367200000,1092116.4857346
-5,57.5,42215.134912882,645771843792.0894,1,28.978827640184925,11.744246170786454,3733.464700793156,131031330195621740000,1083608.1030119678
-5,57.6,42225.028062722646,638617070938.0376,1,29.10550303904474,11.715826011610456,3724.6324956359394,128143914332541750000,1075181.5168158927
-5,57.7,42235.085907597095,631401076979.7058,1,29.232455863865436,11.687566354601449,3715.853699616715,125264374922970780000,1066836.008864887
-5,57.800000000000004,42245.30643115193,624125205423.2336,1,29.359686115012998,11.659466512051207,3707.1280370752474,122394071750421070000,1058570.8619606025
-5,57.900000000000006,42255.687633924186,616790865623.3329,1,29.4871937837807,11.631525788796392,3698.4552309448836,119534372411345160000,1050385.360206452
-5,58,42266.227533277124,609399534725.909,1,29.61497888159422,11.603743482561816,3689.8350028480577,116686651029907440000,1042278.7892177787
-5,58.1,42276.924163307995,601952759541.2983,1,29.743041400306915,11.57611888429766,3681.2670731894555,113852286868765490000,1034250.4363253502
-5,58.2,42287.77557480987,594452158331.3534,1,29.871381344854488,11.54865127850548,3672.751161246854,111032662832643150000,1026299.590766253
-5,58.300000000000004,42298.77983515896,586899422494.3347,1,29.99999871362529,11.521339943561475,3664.28698525973,108229163862655290000,1018425.5438720215
-5,58.400000000000006,42309.93502827268,579296318129.5094,1,30.128893510849853,11.494184152027591,3655.874262515583,105443175219502660000,1010627.5892434466
-5,58.5,42321.239254507236,571644687465.9609,1,30.258065734212895,11.467183170959244,3647.5127094341096,102676080655594600000,1002905.0229219818
-5,58.6,42332.69063058775,563946450137.4952,1,30.38751538422687,11.440336262203548,3639.202041649169,99929260476155080000,995257.1435510713
-5,58.7,42344.28728953004,556203604287.415,1,30.51724246223006,11.413642682690941,3630.941974088631,97204089491064550000,987683.2525307238
-5,58.800000000000004,42356.027380539104,548418227487.4902,1,30.647246968961888,11.387101684721246,3622.732221052137,94501934860359520000,980182.6541664761
-5,58.900000000000006,42367.90906893648,540592477455.1184,1,30.7775289056047,11.360712516240818,3614.572496286769,91824153837160200000,972754.6558092898
-5,59,42379.93053607177,532728592554.4229,1,30.90808827350872,11.334474421113892,3606.4625130606955,89172091413358790000,965398.5679897746
-5,59.1,42392.08997922763,524828892067.53625,1,31.03892507033113,11.308386639387612,3598.401984234846,86547077874470880000,958113.7045462645
-5,59.2,42404.38561153505,516895776223.522,1,31.170039301866524,11.28244840754968,3590.3906223325853,83950426271317500000,950899.3827457348
-5,59.300000000000004,42416.815661871806,508931725974.00604,1,31.301430961399447,11.256658958780577,3582.42813960749,81383429817536430000,943754.923399686
-5,59.400000000000006,42429.37837478705,500939302505.0476,1,31.433100053910778,11.231017523197652,3574.5142481092043,78847359222792390000,936679.6509721826
-5,59.5,42442.07201038394,492921146477.908,1,31.565046579237322,11.205523328095612,3566.6486597474764,76343459973209420000,929672.8936849255
-5,59.6,42454.894844237715,484879976990.6238,1,31.69727054023086,11.180175598178417,3558.831086354319,73872949570844440000,922733.9836142247
-5,59.7,42467.84516729135,476818590255.95154,1,31.829771933150337,11.154973555786587,3551.061239744414,71437014745639090000,915862.2567840028
-5,59.800000000000004,42480.92128577083,468739857992.0658,1,31.962550764412708,11.129916421117215,3543.338831773737,69036808653855010000,909057.0532521933
-5,59.900000000000006,42494.121521067806,460646725522.7357,1,32.095607028095664,11.10500341244016,3535.663574396484,66673448077349260000,902317.7171941384
-5,60,42507.444209654815,452542209587.90625,1,32.22894073283885,11.080233746306348,3528.035179720268,64348010639424730000,895643.5969788578
-5,60.1,42520.8877029689,444429395865.1212,1,32.36255187196191,11.055606637752406,3520.453360059693,62061532052815380000,889034.0452425599
-5,60.2,42534.4503673343,436311436202.9237,1,32.496440451210255,11.031121300497267,3512.917827988266,59815003415479140000,882488.4189549941
-5,60.300000000000004,42548.13058383204,428191545572.2559,1,32.63060646533475,11.006776947136578,3505.4282963887536,57609368571019930000,876006.0794846918
-5,60.400000000000006,42561.92674822174,420072998738.62213,1,32.765049920935404,10.982572789328524,3497.984478501942,55445521549273375000,869586.3926565124
-5,60.5,42575.83727081213,411959126661.8378,1,32.89977081635337,10.958508037977515,3490.5860879738884,53324304103283540000,863228.728808251
-5,60.6,42589.8605763847,403853312629.9021,1,33.03476915294235,10.934581903409429,3483.232838901652,51246503358239780000,856932.4628398251
-5,60.7,42603.99510406982,395758988134.3062,1,33.170044928422556,10.910793595544773,3475.924445877589,49212849587497780000,850696.9742615526
-5,60.800000000000004,42618.23930725455,387679628492.4257,1,33.30559814784598,10.887142324064818,3468.66062403217,47224014129672190000,844521.6472366432
-5,60.900000000000006,42632.591653459705,379618748223.92737,1,33.44142880825635,10.863627298574862,3461.4410890754334,45280607460369380000,838405.8706219337
-5,61,42647.05062425695,371579896182.12103,1,33.57753691820924,10.840247728760172,3454.265557337019,43383177429891465000,832349.038002687
-5,61.1,42661.61471513752,363566650437.52893,1,33.71392246835938,10.817002824540289,3447.133745804893,41532207676755000000,826350.5477268967
-5,61.2,42676.282435437664,355582612899.4413,1,33.85058546704759,10.79389179621524,3440.045372162721,39728116223732330000,820409.8029329623
-5,61.300000000000004,42691.052308198996,347631403643.2644,1,33.987525910758116,10.770913854611292,3433.0001548259925,37971254259034830000,814526.2115780654
-5,61.400000000000006,42705.92287008371,339716654883.5894,1,34.124743800924776,10.748068211218888,3425.997812976838,36261905099784565000,808699.1864602623
-5,61.5,42720.892671261914,331842004486.76434,1,34.262239137915806,10.725354078328078,3419.0380665976513,34600283326794256000,802928.1452393334
-5,61.6,42735.96027530078,324011088852.0051,1,34.40001192344613,10.702770669159584,3412.1206365034936,32986534069679800000,797212.5104546933
-5,61.7,42751.12425906584,316227534892.09735,1,34.538062157944715,10.680317197991029,3405.2452443733164,31420732407395680000,791551.7095399174
-5,61.800000000000004,42766.38321260363,308494950716.0587,1,34.676389842884106,10.657992880280268,3398.4116127800453,29902882833395240000,785945.1748357418
-5,61.900000000000006,42781.73573904112,300816914445.02625,1,34.81499497602417,10.63579693278377,3391.6194652195295,28432918715849605000,780392.3435996133
-5,62,42797.18045448139,293196960386.14996,1,34.953877563813165,10.613728573671395,3384.868526138402,27010701664761120000,774892.6580130676
-5,62.1,42812.71598789282,285638561558.95483,1,35.09303760035667,10.591787022637778,3378.1585209608666,25636020702740690000,769445.5651871858
-5,62.2,42828.3409810001,278145107336.6518,1,35.23247509142547,10.569971501009947,3371.4891761144404,24308591129169138000,764050.5171657348
-5,62.300000000000004,42844.05408818368,270719874781.85443,1,35.372190034873974,10.548281231850817,3364.860219054668,23028052976511775000,758706.970925731
-5,62.400000000000006,42859.85397637263,263365992181.1364,1,35.51218243557409,10.526715440059599,3358.271378288852,21793968989550260000,753414.388376364
-5,62.5,42875.73932493292,256086393403.40308,1,35.6524522899113,10.505273352469038,3351.7223833988032,20605822121809880000,748172.2363562209
-5,62.6,42891.70882556867,248883762109.49292,1,35.79299960208006,10.483954197938507,3345.212965062641,19463012642835636000,742979.9866279447
-5,62.7,42907.76118220948,241760465615.5731,1,35.93382437505054,10.462757207444696,3338.742855075678,18364855086626245000,737837.1158718847
-5,62.800000000000004,42923.89511090703,234718479411.84976,1,36.07492660295055,10.441681614168514,3332.3117863703906,17310575437623173000,732743.1056775572
-5,62.900000000000006,42940.10933974385,227759304959.5631,1,36.21630629077366,10.420726653578194,3325.919493035515,16299309129743438000,727697.4425328377
-5,63,42956.40260870103,220883885352.07535,1,36.35796343843899,10.399891563511753,3319.5657103342987,15330100600187460000,722699.6178137638
-5,63.1,42972.77366958186,214092525537.3053,1,36.49989804739742,10.37917558425318,3313.2501747218903,14401905257586383000,717749.1277699613
-5,63.2,42989.221285887994,207384825780.82513,1,36.642110116863975,10.358577958608542,3306.972623861943,13513594756760652000,712845.473511103
-5,63.300000000000004,43005.74423272628,200759638380.85803,1,36.7845996496019,10.338099843441494,3300.732796642402,12663966365295518000,707991.3213545679
-5,63.400000000000006,43022.34129738435,194215058535.38455,1,36.92736664638743,10.317741999365792,3294.5303782549354,11851757016588962000,703188.874065149
-5,63.5,43039.011280510575,187748459829.2684,1,37.07041110576167,10.297499762199703,3288.365007787493,11075662285464599000,698431.6118303689
-5,63.6,43055.75299527217,181356581713.9585,1,37.21373302828463,10.277372390710852,3282.236429682953,10334359894160714000,693719.0577360133
-5,63.7,43072.56526597403,175948058320.8218,1,37.357332416894266,10.257359146511124,3276.1443896572987,9727156336481456000,689050.7396100449
-5,63.800000000000004,43089.44692793954,170646080562.71692,1,37.50120927660096,10.237459294115167,3270.0886347114065,9149757300157488000,684426.1900013603
-5,63.900000000000006,43106.39682742022,165378683931.22696,1,37.6453636037454,10.21767210099483,3264.068913142147,8593617154884077000,679844.9461561644
-5,64,43123.413821497,160143706775.07013,1,37.78979539745095,10.197996837631822,3258.084974552861,8058174955110950000,675306.5499938789
-5,64.10000000000001,43140.49677797966,154939144427.61697,1,37.934504662927935,10.178432777568188,3252.136569863212,7542915557818185000,670810.5480822979
-5,64.2,43157.64457530063,149763299921.6368,1,38.07949139633089,10.158979197454913,3246.223451318423,7047380827849834000,666356.4916121801
-5,64.3,43174.85610242933,144614938048.10547,1,38.22475560349902,10.139635377097203,3240.345372497917,6571178289718213000,661943.9363701298
-5,64.4,43192.13025876507,139493434871.06998,1,38.37029728585531,10.120400599498927,3234.502088323403,6113986504603341000,657572.4427117972
-5,64.5,43209.465954039246,134398914542.98265,1,38.51611643904709,10.101274150904498,3228.6933550663853,5675556629523386000,653241.5755339317
-5,64.60000000000001,43226.86210823711,129332365594.36572,1,38.662213065918934,10.082255320837639,3222.9189303551293,5255709851647199000,648950.9042449555
-5,64.7,43244.31765147578,124295729784.17433,1,38.80858716923347,10.063343402140784,3217.1785731811306,4854330665284954000,644700.0027369483
-5,64.8,43261.83152392227,119291958009.93417,1,38.95523874974121,10.044537691010245,3211.472043905032,4471356247253123600,640488.4493552386
-5,64.9,43279.40267570317,114325029570.76372,1,39.10216780525129,10.025837487030097,3205.7991042620597,4106762462099066000,636315.8268678859
-5,65,43297.03006680682,109399933096.05147,1,39.24937434289103,10.007242093204713,3200.1595173669853,3760547266625004500,632181.7224350296
-5,65.10000000000001,43314.71266698092,104522609531.27478,1,39.39685835982064,9.988750815989833,3194.553047718617,3432712461929599000,628085.7275780109
-5,65.2,43332.449455652386,99699859551.84958,1,39.544619855215934,9.970362965320666,3188.9794612038154,3123244845907384300,624027.4381470695
-5,65.3,43350.23942183331,94939219519.6466,1,39.692658832752215,9.952077854639217,3183.438525101094,2832097842685716500,620006.4542893317
-5,65.4,43368.081564020365,90248811496.24657,1,39.84097529299663,9.933894800920356,3177.9300080837793,2559174628581376000,616022.3804166962
-5,65.5,43385.97489011567,85637173819.7125,1,39.98956923303509,9.91581312469517,3172.453680222756,2304313645717146600,612074.8251725199
-5,65.60000000000001,43403.91841733176,81113079307.99356,1,40.13844065869872,9.897832150073695,3167.0093129888123,2067277209037973800,608163.4013986761
-5,65.7,43421.91117209755,76685348278.58334,1,40.287589569172255,9.879951204766163,3161.5966792545955,1847743688899588400,604287.7261023363
-5,65.8,43439.952189973556,72362663315.5882,1,40.437015966639784,9.862169620102305,3156.2155532961847,1645303510727289600,600447.4204221119
-5,65.9,43458.040515567176,68153392123.55141,1,40.58671985184387,9.844486731049306,3150.8657107942995,1459458975226763500,596642.1095940011
-5,66,43476.175202436745,64065423964.2395,1,40.73670122391911,9.826901876229025,3145.5469288351537,1289627685591982300,592871.4229176355
-5,66.10000000000001,43494.35531301703,60106024153.98317,1,40.88696008573392,9.809414397932796,3140.25898591097,1135149185910534100,589134.9937214685
-5,66.2,43512.57991851773,56281709984.581696,1,41.03749643945042,9.792023642136428,3135.0016619201565,995294276960223000,585432.459328957
-5,66.3,43530.84809885267,52598150294.17842,1,41.18831028576173,9.774728958512279,3129.774738167155,869276386398471200,581763.4610233586
-5,66.4,43549.158942540176,49060089817.57532,1,41.33940162315743,9.757529700441822,3124.577997362,756264329871363000,578127.6440136381
-5,66.5,43567.51154663507,45671298436.60626,1,41.49077045165509,9.740425225025254,3119.411223619545,655395803857893000,574524.6573989957
-5,66.60000000000001,43585.90501663368,42434544569.98431,1,41.64241677410242,9.72341489309152,3114.274202458425,565790993435188160,570954.1541344567
-5,66.7,43604.33846638817,39351591208.53226,1,41.794340592613175,9.706498069206766,3109.166720799727,486565749888949600,567415.7909960494
-5,66.8,43622.81101803947,36423212528.10095,1,41.94654190944164,9.689674121680671,3104.0885669653735,416843884906199300,563909.228545197
-5,66.9,43641.32180192042,33649228601.254932,1,42.099020723680894,9.672942422573506,3099.039530676272,355768230832894660,560434.1310943492
-5,67,43659.86995648593,31028555469.441345,1,42.25177703312367,9.656302347700652,3094.0194030501866,302510221775663400,556990.1666715192
-5,67.10000000000001,43678.45462822355,28559267717.279545,1,42.40481084576733,9.639753276637299,3089.0279765993773,256277851298652700,553577.0069856467
-5,67.2,43697.07497158088,26238670692.015034,1,42.55812215793775,9.623294592721281,3084.065045227993,216321953829015140,550194.327391341
-5,67.3,43715.73014888447,24063379612.692707,1,42.7117109725192,9.60692568305554,3079.130404229248,181940835031859040,546841.8068540259
-5,67.4,43734.41933026351,22029402993.779976,1,42.86557728940266,9.590645938509423,3074.2238502823725,152483339373296860,543519.1279149709
-5,67.5,43753.14169356879,20132228045.951565,1,43.0197211130274,9.574454753719426,3069.3451814493405,127350490286293900,540225.9766565899
-5,67.60000000000001,43771.89642429631,18366905993.640583,1,43.174142441789826,9.558351527088906,3064.4941971714147,105995870349236670,536962.042667665
-5,67.7,43790.68271551933,16728135545.99445,1,43.32884127208057,9.54233566078656,3059.6706982654764,87924927045766180,533727.019008369
-5,67.8,43809.49976780079,15210343062.044584,1,43.483817610462246,9.526406560745192,3054.874486920173,72693395949730380,530520.602176141
-5,67.9,43828.34678912349,13807758248.138735,1,43.639071455363805,9.510563636658839,3050.105366691887,59905029751215910,527342.4920710359
-5,68,43847.222994820215,12514484508.154072,1,43.7946028132651,9.494806301979175,3045.3631425005196,49208810702753880,524192.39196121326
-5,68.10000000000001,43866.12760749459,11324563326.854454,1,43.950411681268555,9.479133973911756,3040.6476206251123,40295807977776790,521070.0084489255
-5,68.2,43885.05985695124,10232032299.791689,1,44.106498061478284,9.463546073411129,3035.9586086993063,32895822057936532,517975.0514363388
-5,68.3,43904.01898012776,9230976626.57361,0,1.480699624683647,9.448042025175202,3031.2959157066452,26773937270963456,514907.23409142863
-5,68.4,43923.00422101561,8315574057.390386,0,0.4480690623877136,9.432621257639616,3026.6593519757303,21727082342733164,511866.2728144931
-5,68.5,43942.01483059209,7480133425.608176,0,1.070516102409731,9.417283202970927,3022.0487291752306,17580678341822852,508851.88720442564
-5,68.60000000000001,43961.050066749565,6719127013.502732,0,1.144154769775809,9.402027297059396,3017.463860308755,14185434423413730,505863.8000252761
-5,68.7,43980.10919423122,6027217086.104177,0,1.0758104891655014,9.386852979510877,3012.9045597095896,11414334800503850,502901.7371727999
-5,68.8,43999.19148455374,5399276991.718948,0,1.343814173559988,9.371759693638896,3008.3706430353204,9159845639177208,499965.4276416628
-5,68.9,44018.296215953305,4830406739.294054,0,0.27132721550920236,9.356757643678673,3003.8619272623255,7331356563752751,497061.4995321493
-5,69,44037.42267474439,4315945399.320313,0,0.7848359638940587,9.341835591658972,2999.378107982184,5852869253408228,494182.96234372054
-5,69.10000000000001,44056.57015530579,3851478484.0486283,0,0.8212132814499045,9.326992503722487,2994.9190009879558,4660922600047975,491329.2471382152
-5,69.2,44075.73795854207,3432841878.476752,0,1.046649387644074,9.312227842845202,2990.484428826596,3702751258914334,488500.09715744754
-5,69.3,44094.92539175041,3056122655.589381,0,1.0453118832183639,9.297541075617184,2986.0742153246442,2934664778334377,485695.2585469527
-5,69.4,44114.13176856283,2717657212.6824794,0,0.996747352801863,9.282931672230985,2981.688185582259,2320632085331785,482914.48032428336
-5,69.5,44133.356408867985,2414027145.1877093,0,0.9336354333911339,9.268399106470767,2977.3261659671803,1831054359332729.8,480157.514348253
-5,69.60000000000001,44152.59863876831,2142053243.4842052,0,0.7404440288194872,9.253942855699215,2972.9879841085867,1441708510322713,477424.1152872197
-5,69.7,44171.85779050924,1898787965.3523347,0,0.6767624881728566,9.239562400845587,2968.673468890897,1132843402811626.5,474714.04058856016
-5,69.8,44191.133202403784,1681506703.0504827,0,0.6951531467581068,9.225257226393591,2964.382450447487,888411444979405.8,472027.0504485508
-5,69.9,44210.4242187934,1487698130.4303348,0,0.42309602418588255,9.211026820367138,2960.1147601543244,695419034024820.6,469362.9077812746
-5,70,44229.73018997256,1315053882.7532442,0,0.5634258532475135,9.196870674317633,2955.8702306235523,543380482011780.2,466721.37818901165
-5,70.10000000000001,44249.05047213938,1161457790.4633477,0,0.5090752046873259,9.182788283309646,2951.648695697,423861334978468.7,464102.2299320038
-5,70.2,44268.38442732766,1024974858.5282968,0,0.7670103167475336,9.168779145907253,2947.4499904396434,330098358327786.25,461505.2338991109
-5,70.3,44287.731423351914,903840155.3058923,0,0.7180622855065509,9.15484276415944,2943.2739511329937,256684830122838.22,458930.1635782807
-5,70.4,44307.090833744034,796447749.4200722,0,0.36325859776201624,9.140978643585685,2939.120415268449,199311114533975.38,456376.79502756504
-5,70.5,44326.46203770954,701339809.9314833,0,0.36751065369436486,9.127186293160312,2934.9892215405825,154551748075211.25,453844.9068457721
-5,70.60000000000001,44345.844420053065,617195964.140026,0,0.21943289713929354,9.113465225298187,2930.880209840401,119691440556979.56,451334.2801443559
-5,70.7,44365.23737113178,542822988.6517788,0,0.267660108003948,9.099814955838744,2926.7932212485434,92583459043213.02,448844.6985187008
-5,70.8,44384.640286803246,477144892.78798866,0,0.3507207152121209,9.086235004030135,2922.7280980284463,71534821564388.42,446375.94801983144
-5,70.9,44404.052568355575,419193438.89377576,0,0.2975763452089508,9.07272489251404,2918.68468361948,55213578058586.05,443927.8171269596
-5,71,44423.473622471094,368099131.51193947,0,0.3631267028492688,9.059284147308642,2914.662822630034,42574202791884.11,441500.09671924816
-5,71.10000000000001,44442.90286115836,323082696.55765027,0,0.3756882394985174,9.045912297792988,2910.66236083059,32797771580782.39,439092.58004883333
-5,71.2,44462.33970170282,283447062.4111814,0,0.23484029484461183,9.03260887669026,2906.683145146746,25244156258351.625,436705.0627135203
-5,71.3,44481.7835666202,248569847.10269496,0,0.3358308999624905,9.019373420050785,2902.725023652235,19413946535689.344,434337.3426297004
-5,71.4,44501.23388358671,217896349.3094998,0,0.35299155013951705,9.00620546723602,2898.7878455619093,14918214488365.756,431989.2200062115
-5,71.5,44520.69008541014,190933035.60085586,0,0.529602090109829,8.993104560900367,2894.8714612246936,11454577993190.422,429660.4973172413
-5,71.60000000000001,44540.151609955356,167241512.0723565,0,0.47196694509971476,8.980070246975169,2890.9757221165455,8788304778510.724,427350.9792768806
-5,71.7,44559.61790011544,146432965.106099,0,0.21896228913560958,8.967102074650287,2887.1004808333732,6737435985164.2295,425060.47281256743
-5,71.8,44579.08840373997,128163053.31462519,0,0.1680027156141631,8.954199596357704,2883.2455910839612,5161104227254.748,422788.78704008856
-5,71.9,44598.56257360242,112127230.70483667,0,0.13920081858201774,8.941362367753095,2879.4109076828636,3950382341500.88,420535.7332376724
-5,72,44618.039867345244,98056479.58692342,0,0.1984385325731837,8.9285899476984,2875.5962865433007,3021130833655.1235,418301.12482102786
-5,72.10000000000001,44637.51974742394,85713430.71980909,0,0.21353655815504216,8.915881898244375,2871.80158467005,2308419293855.6406,416084.7773186728
-5,72.2,44657.00168106612,74888847.51346183,0,0.2537935906863151,8.903237784612323,2868.0266601523213,1762183916995.5532,413886.50834708055
-5,72.3,44676.48514022026,65398450.78091921,0,0.30972714487644243,8.89065717517623,2864.271372156631,1343853293083.7656,411706.1375864012
-5,72.4,44695.96960152034,57080060.472945645,0,0.21898776740361056,8.87813964144414,2860.5355809196776,1023730843248.3539,409543.4867559925
-5,72.5,44715.45454621222,49791031.023920774,0,0.11869364025921454,8.865684758041244,2856.8191477412206,778967211385.4796,407398.3795913036
-5,72.60000000000001,44734.939460135065,43405957.33818758,0,0.14534067964485425,8.8532921026903,2853.121934976944,591991699484.5245,405270.6418194502
-5,72.7,44754.42383365985,37814629.04307129,0,0.23791898336809542,8.840961256194095,2849.443806031344,449300216309.6592,403160.1011362822
-5,72.8,44773.90716165397,32920211.39104609,0,0.3731420463928663,8.828691802416568,2845.7846253506045,340519643077.8526,401066.58718295
-5,72.9,44793.388943422586,28637632.09389057,0,0.30757952552026685,8.816483328265054,2842.1442584154915,257686193236.05566,398989.93152341264
-5,73,44812.86868267786,24892154.391721554,0,0.15594250367582083,8.80433542367116,2838.522571734246,194689222579.09674,396929.96762139763
-5,73.10000000000001,44832.345887488686,21618117.772900447,0,0.10866942899167283,8.792247681572551,2834.91943283549,146842813144.5709,394886.5308181758
-5,73.2,44851.82007023599,18757828.946818218,0,0.17635446332408158,8.780219697894433,2831.3347102611424,110555939950.72685,392859.45831042656
-5,73.3,44871.290747569874,16260586.903926076,0,0.19959147402444968,8.768251071530976,2827.7682735593467,83078638860.98692,390848.5891283078
-5,73.4,44890.75744037703,14081827.152686758,0,0.25332803339102483,8.756341404326227,2824.219993277409,62306729767.73927,388853.76411350287
-5,73.5,44910.21967371926,12182371.480714865,0,0.2523515270955733,8.744490301056386,2820.6897409547573,46631632083.119965,386874.82589829504
-5,73.60000000000001,44929.67697680928,10527770.8241214,0,0.30670155635862606,8.732697369410332,2817.177389115909,34824892430.39206,384911.6188838803
-5,73.7,44949.128882959485,9087730.030652704,0,0.2427287280628512,8.720962219971433,2813.6828112634576,25949427023.92525,382963.9892196614
-5,73.8,44968.574929553084,7835604.4509440055,0,0.13494586777464948,8.709284466198325,2810.2058818710775,19291320105.724953,381031.78478218726
-5,73.9,44988.0146579789,6747959.377899546,0,0.11584663675470724,8.697663724407393,2806.7464763765506,14307437517.041985,379114.855155294
-5,74,45007.447613624856,5804184.060107821,0,0.13353344358916522,8.68609968269342,2803.3044711748057,10585205438.541965,377215.1466909239
-5,74.10000000000001,45026.873346243054,4986153.988315941,0,0.24780135833539635,8.674591889040055,2799.879706314151,7811749575.28073,375333.7340286305
-5,74.2,45046.291410593316,4277935.348620494,0,0.23019577067371652,8.663139673651074,2796.472000871134,5750232073.489389,373467.06014887436
-5,74.3,45065.70136596821,3665524.917344334,0,0.135102098846828,8.65174266792761,2793.081235314263,4221718689.295107,371614.98268266756
-5,74.4,45085.10277544707,3136621.7248271885,0,0.1519396173128104,8.640400505993695,2789.7072910281654,3091300550.271865,369777.3608473468
-5,74.5,45104.49520587362,2680426.2261442174,0,0.20827922945389657,8.629112824677302,2786.3500503068585,2257483870.70814,367954.055427338
-5,74.60000000000001,45123.878227796406,2287463.4456340917,0,0.24160020926001127,8.617879263493187,2783.0093963470586,1644088774.9490898,366144.9287561181
-5,74.7,45143.25141545758,1949427.041214908,0,0.2725014091489413,8.606699464623532,2779.6852132415065,1194073089.7868338,364349.8446971453
-5,74.8,45162.61434673704,1659041.6511856553,0,0.28285754521442213,8.595573072900677,2776.3773859723233,864831535.8543967,362568.66862616583
-5,74.9,45181.96660312638,1409941.2487318835,0,0.3128107245597336,8.584499735788567,2773.085800404393,624624437.705376,360801.267412976
-5,75,45201.30776969157,1196561.541545481,0,0.24048062754749885,8.573479103364734,2769.8103432787693,449869985.94901645,359047.50940368127
-5,75.10000000000001,45220.63743503764,1014044.7215429264,0,0.16623099301558764,8.562510828302276,2766.5509022061146,323095683.82461023,357307.26440313185
-5,75.2,45239.95519127138,858155.0998762173,0,0.09503658790670032,8.55159456585197,2763.3073656601673,231392093.0332974,355580.4036576163
-5,75.3,45259.260633973405,725204.356312813,0,0.12188372244800029,8.54072997382402,2760.079622971235,165248584.25482488,353866.7998375336
-5,75.4,45278.553362157196,611985.2999105088,0,0.18748459713196464,8.52991671257049,2756.8675643197257,117678986.57041062,352166.32702060253
-5,75.5,45297.832978241146,515713.17750914965,0,0.27584436302195126,8.51915444496714,2753.6710807296918,83566727.65952083,350478.8606749478
-5,75.60000000000001,45317.099088008516,433973.68766533927,0,0.18911464643527892,8.508442836395982,2750.490064062428,59175745.23705632,348804.277642703
-5,75.7,45336.351300586015,364676.95965029823,0,0.14242834475661384,8.497781554726975,2747.3244070100814,41786268.42039446,347142.4561233547
-5,75.8,45355.58922839817,306016.84391054045,0,0.07936508507206744,8.48717027030095,2744.17400308931,29424399.095359925,345493.27565787354
-5,75.9,45374.81248714216,256434.93560711414,0,0.14398475111298978,8.476608655911644,2741.0387466349557,20661950.727684557,343856.617112564
-5,76,45394.02069575898,214588.81691084083,0,0.1432907840911059,8.466096386787992,2737.918532793761,14468753.23128288,342232.3626631816
-5,76.10000000000001,45413.21347639337,179324.05989009666,0,0.20951124163153267,8.455633140577007,2734.813257518117,10104016.90947609,340620.39577953494
-5,76.2,45432.390454367734,149649.57988702616,0,0.24254667105723954,8.445218597326122,2731.7228175598475,7036682.290664165,339020.60120993335
-5,76.3,45451.551258155145,124715.97234167178,0,0.1488420957944019,8.434852439465613,2728.6471104640136,4887211.037609242,337432.86496585695
-5,76.4,45470.69551934302,103796.50376289386,0,0.15764432901169842,8.424534351791575,2725.5860345627702,3385184.855376053,335857.0743070356
-5,76.5,45489.82287259959,86270.46088148536,0,0.12078931736075785,8.414264021448835,2722.5394889692475,2338520.4670397355,334293.11772664584
-5,76.60000000000001,45508.93295565713,71608.59220971966,0,0.06991217412103497,8.404041137913175,2719.50737357146,1611191.6797619718,332740.8849363079
-5,76.7,45528.02540926915,59360.40318710763,0,0.16978651651130233,8.393865392974863,2716.4895890262665,1107160.6019173143,331200.26685187255
-5,76.80000000000001,45547.09987718798,49143.09034522618,0,0.2875509244689167,8.383736480721325,2713.486036753354,758825.4110480532,329671.1555789146
-5,76.9,45566.156006133184,40631.92231665178,0,0.1649444859548515,8.3736540975203,2710.4966189292545,518742.3175020112,328153.44439861696
-5,77,45585.19344576541,33551.8951962529,0,0.09975064121563462,8.363617942002888,2707.521238481406,353713.02468115516,326647.0277537174
-5,77.10000000000001,45604.21184865944,27670.507912685272,0,0.05506902465731534,8.353627715046693,2704.559799082243,240575.39135166557,325151.80123463867
-5,77.2,45623.21087027062,22791.520364626358,0,0.1079090289296972,8.343683119759383,2701.6122051433285,163216.30154518958,323667.6615659572
-5,77.30000000000001,45642.190168914385,18749.571325422705,0,0.11314774672641599,8.333783861461722,2698.6783618095133,110458.62291561716,322194.50659273344
-5,77.4,45661.14940572716,15405.547373668956,0,0.1706240351399189,8.323929647671557,2695.758174953139,74571.21283529306,320732.2352674396
-5,77.5,45680.08824465424,12642.605841801693,0,0.20027163999954742,8.314120188086674,2692.851551168268,50221.55265122309,319280.74763645476
-5,77.60000000000001,45699.00635241438,10362.766782467164,0,0.12432838095918687,8.30435519456884,2689.958397764967,33741.81093115733,317839.944827243
-5,77.7,45717.90339847561,8483.99781871466,0,0.15498541359091353,8.294634381127368,2687.078622763606,22616.116639164527,316409.7290354463
-5,77.80000000000001,45736.7790550217,6937.726178363553,0,0.1315412912514533,8.28495746390325,2684.2121348892088,15123.463019591074,314990.0035123485
-5,77.9,45755.63299693912,5666.718854791305,0,0.0659742806659575,8.275324161152463,2681.3588435658326,10089.746887679268,313580.67255205207
-5,78,45774.46490178816,4623.2804883097015,0,0.15519154233112598,8.265734193230063,2678.518658910984,6716.104168585622,312181.6414791575
-5,78.10000000000001,45793.274449767545,3767.723927084622,0,0.25399746383552974,8.25618728257471,2675.6914917300833,4460.413126938524,310792.8166367492
-5,78.2,45812.06132369675,3067.074857952623,0,0.16357644374034408,8.246683153692441,2672.8772535109465,2955.736337265727,309414.10537414235
-5,78.30000000000001,45830.82520899642,2493.9767543992275,0,0.13937609663636452,8.237221533140701,2670.075856418318,1954.3472921186558,308045.416034837
-5,78.4,45849.565793651156,2025.7666803805084,0,0.11024578640073922,8.227802149513199,2667.2872132884377,1289.4241089935701,306686.6579449925
-5,78.5,45868.28276820015,1643.6968661426113,0,0.174683127961805,8.218424733423658,2664.5112376236375,848.9075442751558,305337.7414014683
-5,78.60000000000001,45886.97582570184,1332.2804229918288,0,0.17288397925455315,8.209089017490829,2661.747843586987,557.7097428860689,303998.57766055746
-5,78.7,45905.64466170687,1078.741758638937,0,0.1642311220080831,8.199794736323206,2658.996945996967,365.6385016334971,302669.07892669435
-5,78.80000000000001,45924.28897424787,872.5566679578602,0,0.1780051862973292,8.190541626503132,2656.258460322181,239.22371051940078,301349.1583409515
-5,78.9,45942.90846381802,705.0671622129668,0,0.15604565739013132,8.181329426571477,2653.5323026760993,156.19888002204652,300038.72996992443
-5,79,45961.50283332169,569.1600666046595,0,0.12056831214713101,8.17215787701368,2650.8183898118587,101.78546897116766,298737.7087953315
-5,79.10000000000001,45980.07178808376,458.99910732553406,0,0.08714399696879427,8.163026720243288,2648.1166391170727,66.19735252306518,297446.01070253435
-5,79.2,45998.61503580492,369.80196158906995,0,0.07710150178509079,8.153935700587965,2645.426968608697,42.96901121091914,296163.5524703225
-5,79.30000000000001,46017.132286548615,297.65478228919125,0,0.08734995946898688,8.144888977999381,2642.749296927923,27.838297265584668,294893.8960994749
-5,79.4,46035.62325345818,239.35872520158105,0,0.1978275649807081,8.135882027929359,2640.0834791205903,18.001780639055248,293633.55092271796
-5,79.5,46054.08765277825,192.30252853272955,0,0.08264378761470594,8.12691422968119,2637.4294306927645,11.619486302327001,292382.1395569706
-5,79.60000000000001,46072.52520308085,154.3569708908765,0,0.11909320209974263,8.117985337720143,2634.7870729749197,7.48633804331709,291139.583088789
-5,79.7,46090.93562520202,123.78828338059232,0,0.16121125459371838,8.10909510832354,2632.1563278926114,4.814775254729788,289905.8034342942
-5,79.80000000000001,46109.31864219997,99.18628153545076,0,0.21950223905792654,8.100243299567548,2629.537117961644,3.0911505475300682,288680.72332985984
-5,79.9,46127.67397935316,79.40520822304393,0,0.23313806343645208,8.091429671312358,2626.929366283281,1.9811388602107622,287464.2663221311
-5,80,46146.0013641268,63.51524452700924,0,0.2368906348157705,8.082653985188816,2624.3329965394882,1.2675727310444518,286256.3567587942
-5,80.10000000000001,46164.30052616075,50.76277171369118,0,0.2347669421656089,8.073916004584238,2621.7479329882067,0.8096691519524563,285056.9197790444
-5,80.2,46182.571197242476,40.53755105573761,0,0.225695836039299,8.06521549462896,2619.1741004586675,0.5163354652851069,283865.8813044676
-5,80.30000000000001,46200.81311129406,32.34604225149665,0,0.200505725666687,8.056552222182402,2616.611424346736,0.3287450618607039,282683.16802976164
-5,80.4,46219.02600434702,25.78952751668184,0,0.1675389124047986,8.047925955819741,2614.0598306102975,0.20897951173712487,281508.70741382247
-5,80.5,46237.20961452834,20.546137471026764,0,0.11532743018006278,8.039336465818208,2611.51924576467,0.13264085665753436,280342.4276707171
-5,80.60000000000001,46255.363682034425,16.356429200488197,0,0.04428973369504939,8.030783524144015,2608.9895968780584,0.08406088058580924,279184.257761013
-5,80.7,46273.487949122675,13.011474327933081,0,0.10323742509830718,8.022266904438588,2606.470811567032,0.05319489516006448,278034.1273828727
-5,80.80000000000001,46291.58216007985,10.343042659526095,0,0.22781139804113662,8.01378638200596,2603.9628179920564,0.03361348723726914,276891.96696371876
-5,80.9,46309.646061220206,8.21604824631139,0,0.19307884834571998,8.005341733798923,2601.4655448530343,0.02121010901282659,275757.70765142504
-5,81,46327.67940084543,6.521894066363909,0,0.1594796937810714,7.996932738406953,2598.978921384904,0.013364860181746008,274631.28130635235
-5,81.10000000000001,46345.68192924373,5.173580014874323,0,0.20394249294287933,7.988559176042544,2596.5028773532517,0.008410063588662763,273512.6204927477
-5,81.2,46363.653398669325,4.101298764179658,0,0.1931720213699153,7.980220828528489,2594.0373430499726,0.0052851796393356765,272401.6584706183
-5,81.30000000000001,46381.593563319184,3.249205559337557,0,0.14296668285653916,7.971917479285371,2591.582249288958,0.0033171973838019616,271298.32918776746
-5,81.4,46399.502179315314,2.572464594113619,0,0.1386864894691346,7.963648913318912,2589.1375274018164,0.0020792932854707792,270202.5672718191
-5,81.5,46417.379004697315,2.035485560880097,0,0.14207626818430957,7.955414917206983,2586.7031092336274,0.0013018261494910806,269114.3080221651
-5,81.60000000000001,46435.22379939072,1.609555476768869,0,0.18549019532405722,7.947215279087753,2584.278927138734,0.0008140083114001772,268033.487402458
-5,81.7,46453.036325203255,1.2720589604692687,0,0.1837129644652192,7.939049788646741,2581.8649139765607,0.0005084302969940645,266960.04203268397
-5,81.80000000000001,46470.816345799714,1.0047379076286194,0,0.12153634721919407,7.930918237104863,2579.4610031074662,0.00031719221154178755,265893.90918173414
-5,81.9,46488.56362668704,0.7932176416924515,0,0.13866365787036208,7.9228204172061645,2577.067128388634,0.00019769772340415826,264835.02675988246
-5,82,46506.27793519851,0.6258417422576767,0,0.15911212350923185,7.91475612320567,2574.683224169989,0.0001230682404659584,263783.3333113726
-5,82.10000000000001,46523.959040480666,0.493565081035781,0,0.2591077618699616,7.906725150857208,2572.309225290145,0.00007654305499182169,262738.76800706104
-5,82.2,46541.606713471934,0.3889977287843753,0,0.20070584489541982,7.898727297401702,2569.945067072393,0.000047545680782072154,261701.27063728866
-5,82.30000000000001,46559.22072688956,0.3065060493023028,0,0.18215033689624877,7.890762361555204,2567.590685320716,0.000029518551301151812,260670.78160470971
-5,82.4,46576.80085520912,0.24129873764862167,0,0.18588015068284663,7.882830143497299,2565.246016315832,0.000018294773571853514,259647.24191733287
-5,82.5,46594.346874662675,0.1899561611352872,0,0.1741505716174138,7.874930444858873,2562.9109968112725,0.000011337667268782787,258630.59318132806
-5,82.60000000000001,46611.858563204296,0.1494607753346726,0,0.1496641275662283,7.867063068711301,2560.585564029495,0.00000701893790986076,257620.77759449987
-5,82.7,46629.335700506344,0.11753328169986538,0,0.12096801998662636,7.859227819554476,2558.2696556580245,0.000004340489038946762,256617.73793929978
-5,82.80000000000001,46646.77806794271,0.09242797728294903,0,0.15147386136244184,7.851424503305427,2555.9632098456177,0.000002684255408164101,255621.41757616124
-5,82.9,46664.185448576696,0.07267253122832455,0,0.18588078622446527,7.843652927286895,2553.6661651984723,0.0000016594245593202902,254631.76043683526
-5,83,46681.55762713496,0.05707233600230402,0,0.19094216422639698,7.835912900216538,2551.3784607764596,0.0000010234537852456023,253648.71101805803
-5,83.10000000000001,46698.89439000841,0.04481612906943491,0,0.14502778309555678,7.828204232195115,2549.1000360893836,0.0000006310817532484645,252672.21437482422
-5,83.2,46716.19552522432,0.035191734740242404,0,0.14609526417449106,7.820526734695975,2546.830831093278,0.0000003891332039424866,251702.21611425426
-5,83.30000000000001,46733.46082244441,0.027613706572053746,0,0.14738499787213402,7.812880220553531,2544.570786186727,0.0000002395887105721624,250738.66238908024
-5,83.4,46750.690072936006,0.021576448852838867,0,0.2481349422341168,7.8052645039529756,2542.319842207226,0.00000014627727968495937,249781.49989168957
-5,83.5,46767.88306956738,0.01700427953827391,0,0.20979617186812619,7.797679400419036,2540.077940427555,0.00000009085177373261389,248830.67584782082
-5,83.60000000000001,46785.039606794715,0.013309938909860724,0,0.2045089784044993,7.790124726805206,2537.845022552194,0.00000005566331452191522,247886.13801048612
-5,83.7,46802.159480647184,0.010394032908123027,0,0.22531338901150846,7.782600301283133,2535.621030713771,0.00000003394572697749187,246947.83465400795
-5,83.80000000000001,46819.24248870555,0.008192500222399271,0,0.22165705988030102,7.775105943332358,2533.405907469526,0.000000021088702615645167,246015.7145682329
-5,83.9,46836.2884301031,0.006395618779537511,0,0.1889011265158951,7.767641473729203,2531.199595797811,0.000000012852336184409074,245089.7270524473
-5,84,46853.29710549768,0.00499211526146565,0,0.16909442645861536,7.7602067145369755,2529.002039094623,0.000000007830439656105756,244169.8219098576
-5,84.10000000000001,46870.26831706893,0.004012502208190363,0,0.20053588126851396,7.752801489095196,2526.813181170158,0.000000005058799975223901,243255.9494417124
-5,84.2,46887.201868504286,0.0030283422924338066,0,0.22532004932551344,7.745425622009368,2524.632966245394,0.000000002881554662191499,242348.0604416933
-5,84.30000000000001,46904.097564978525,0.00240399266722259,0,0.21335797290345973,7.738078939141126,2522.4613389487126,0.0000000018158635712887819,241446.10619048457
-5,84.4,46920.955213140696,0.0019629991343700025,0,0.20005045005510633,7.730761267598138,2520.298244312533,0.000000001210757464175339,240550.03845027782
-5,84.5,46937.774621121585,0.00157709838445413,0,0.1340676032183053,7.723472435723249,2518.143627769979,0.000000000781509951641866,239659.8094590251
-5,84.60000000000001,46954.55559848808,0.0012301917105339499,0,0.10324973860005371,7.716212273085917,2515.9974351515857,0.0000000004755131498864691,238775.37192562316
-5,84.7,46971.29795626365,0.0008929356455975852,0,0.196061069642139,7.708980610470996,2513.8596126820134,0.00000000025052856985405877,237896.67902408438
-5,84.80000000000001,46988.00150689669,0.0007707217751891708,0,0.2627943668168137,7.7017772798697255,2511.730106976801,0.00000000018664321101861067,237023.68438862995
-5,84.9,47004.66606424656,0.0005593642221919053,0,0.19715894200709136,7.694724353826184,2509.608865039152,0.00000000009831194957591044,236160.61500089857
-5,85,47021.29144445155,0.00048275919149244086,0,0.1122679483671534,7.688011969510388,2507.495760111097,0.0000000000732281464607159,235314.01269958334
5,0.1,90000,12841.245140482093,0,1.6355275801640514,27.693726947431042,7691.6920095646055,51812.102076290146,427856.81807920855
5,0.2,89874.48857169133,15497.538383188028,0,1.198214805010782,27.694013532641712,7691.771606116531,75464.44462470985,432668.17795230204
5,0.30000000000000004,89748.97432600427,18655.319251139957,0,0.8735253488182594,27.69429395161331,7691.849490049136,109350.88698082828,437533.45993046596
5,0.4,89623.45734259672,22408.099696673264,0,1.141114460256616,27.694568064255208,7691.925622453467,157770.93344827785,442453.25643215165
5,0.5,89497.93770290446,26866.680668242097,0,1.3705878707048944,27.694835727320736,7691.999963544007,226801.00034770512,447428.1659131938
5,0.6000000000000001,89372.41549015883,32162.301956691892,0,0.3226321879184932,27.695096794336646,7692.072472639083,325020.82544446754,452458.79291202856
5,0.7000000000000001,89246.89078943804,38450.37520938861,0,0.7004100618970753,27.695351115530862,7692.143108140803,464534.6385250179,457545.7480933032
5,0.8,89121.3636877099,45914.90629096412,0,0.8745833187066835,27.69559853775878,7692.211827514583,662406.1310476159,462689.64829148015
5,0.9,88995.83427387197,54773.93057587113,0,0.9025767209496088,27.695838904427795,7692.278587268188,942680.9980431101,467891.2271340554
5,1,88870.30263878964,65292.05092292972,0,1.1740250485319366,27.696072055265244,7692.3433428872795,1339484.0922042592,473154.26372826356
5,1.1,88744.76887538563,77770.28023202809,0,1.4525321743635886,27.696297821922734,7692.406047614554,1900396.6958410956,478476.20889493055
5,1.2000000000000002,88619.23307866417,92570.68801174738,0,1.8705639484803827,27.69651603677872,7692.466654894583,2692550.900340219,483857.7058253916
5,1.3,88493.69534575008,110121.89648424432,0,1.0290354609584385,27.696726528437914,7692.525117123815,3810345.0288246255,489299.40410924767
5,1.4000000000000001,88368.15577592328,130931.31193630479,0,0.5896857893634326,27.696929121647052,7692.58138562718,5386466.683919586,494801.9597758289
5,1.5,88242.6144706728,155599.60566991958,0,0.20964088374600226,27.697123637208847,7692.635410634188,7607359.199863116,500366.03533425165
5,1.6,88117.07153374143,184837.85536484764,0,0.13566214917304595,27.697309891893987,7692.687141254488,10734919.217289876,505992.2998132489
5,1.7000000000000002,87991.52707118355,219487.0886517866,0,0.3690432397498339,27.697487698351235,7692.736525452905,15136828.651678724,511681.31429816573
5,1.8,87865.98119140882,260532.0695223139,0,0.552320571168356,27.69765686519121,7692.783510072699,21327468.90774279,517432.2730230693
5,1.9000000000000001,87740.43400522321,309159.8997512876,0,0.21725157756405927,27.69781719902982,7692.8280414031215,30031930.796928667,523247.42880733585
5,2,87614.88562588673,366765.39320475794,0,0.2309093302255512,27.697968499711326,7692.8700638526525,42266242.412175275,529127.4765074027
5,2.1,87489.3361691786,434999.28962175717,0,0.30475155320856934,27.69811056258253,7692.909520580646,59455773.61890404,535073.1176772879
5,2.2,87363.78575344943,515814.96759151807,0,0.26059574142276487,27.698243178392882,7692.94635346958,83599719.26778103,541085.0606033581
5,2.3000000000000003,87238.23449969478,611523.5460209826,0,0.4716975395202935,27.698366133192305,7692.98050309668,117501471.75102186,547164.0203370865
5,2.4000000000000004,87112.6825315943,724858.8244186154,0,0.6415885490987313,27.698479208226807,7693.011908704925,165091152.62005654,553310.7187284644
5,2.5,86987.12997558806,859061.6607731144,0,0.8836258080061625,27.698582179831888,7693.040508173444,231881239.63440698,559526.2272629826
5,2.6,86861.57696093805,1018031.1743695805,0,0.5106923311154616,27.698674818748913,7693.066237827644,325641010.2864413,565813.9814879899
5,2.7,86736.02361981384,1206233.09100235,0,0.24782552679219325,27.69875688599215,7693.089031291313,457171781.1709639,572171.7566867769
5,2.8000000000000003,86610.47008737084,1429012.1756609825,0,0.1882408140658509,27.698828142243336,7693.108822095885,641636110.0230641,578600.303434983
5,2.9000000000000004,86484.91650177725,1692679.4316163065,0,0.2049809763492247,27.698888342814964,7693.12554228153,900256722.0421541,585100.3792661038
5,3,86359.36300427467,2004682.6184143634,0,0.22575275746336929,27.6989372375314,7693.13912236414,1262723283.6989655,591672.748696572
5,3.1,86233.80973926559,2373805.5321019646,0,0.40617181055161977,27.69897457060748,7693.149491301608,1770545998.5964055,598318.1832479808
5,3.2,86108.25685436092,2810400.5487363013,0,0.2096608311119915,27.699000080524467,7693.156576459378,2481723436.765153,605037.461469817
5,3.3000000000000003,85982.70450046845,3322557.2260536673,0,0.16733234284577597,27.69659650598005,7693.16030357526,3468661168.34593,611772.3264313656
5,3.4000000000000004,85857.15283117536,3896958.2390411384,0,0.098995327025149,27.679064838391298,7693.160626779946,4771648481.459881,618207.7586695468
5,3.5,85731.60199837293,4569516.2849471895,0,0.17918432517349944,27.66154364729145,7693.15766200471,6560809046.9381895,624710.0427752922
5,3.6,85606.05215281062,5356698.926398063,0,0.16892199994026802,27.644032683466946,7693.15133964652,9015948326.305824,631279.8391537506
5,3.7,85480.50344838202,6277650.123110893,0,0.33370189562832114,27.626531693482548,7693.1415886443365,12382580307.628288,637917.8135586798
5,3.8000000000000003,85354.95604219381,7354603.462039011,0,0.5765884565001245,27.609040419595114,7693.128336449074,16995559356.748783,644624.6370950215
5,3.9000000000000004,85229.41009463184,8613354.426214496,0,0.28792969000636026,27.591558599665362,7693.111508993024,23311036006.25637,651400.9862199994
5,4,85103.86576943379,10083799.233482637,0,0.14285915338688301,27.574085967068434,7693.091030658624,31949592230.009056,658247.542742212
5,4.1000000000000005,84978.32323374972,11797296.701888693,0,0.100217933902886,27.556621483062536,7693.066824246649,43730248276.23451,665152.4963819433
5,4.2,84852.78265806288,13777869.574153565,0,0.19746158465577224,27.539161992989545,7693.03881786094,59645966113.56621,672068.2705221876
5,4.3,84727.24421547353,16083646.168240193,0,0.2656776762076639,27.52171102046326,7693.006965172293,81280423822.15665,679054.8118479971
5,4.4,84601.70808189921,18766204.583059616,0,0.38791531579645794,27.504268285576295,7692.971185761128,110654691578.19426,686112.8010012195
5,4.5,84476.17443688959,21884887.683215804,0,0.276739448463415,27.486833503627704,7692.931397546348,150489286490.72693,693242.9236971708
5,4.6000000000000005,84350.64346370194,25507887.73037576,0,0.24517161230652776,27.46940638502699,7692.887516751751,204440028385.67172,700445.8707116462
5,4.7,84225.11534937471,29713467.370156467,0,0.18739240587126677,27.451986635195713,7692.839457871783,277410954841.1687,707722.3378659447
5,4.800000000000001,84099.5902848132,34591331.68433379,0,0.15583486289867837,27.434573954468867,7692.787133636644,375968536813.57874,715073.0260090176
5,4.9,83974.06846485846,40235499.14079949,0,0.05360549084061804,27.41719282139964,7692.730454976721,508669532349.22565,722483.7750236463
5,5,83848.55008816905,46730717.42411482,0,0.18331898777490233,27.399913169968954,7692.669339925249,686154373608.4136,729912.1762950137
5,5.1000000000000005,83723.03535649367,54236829.113896586,0,0.3991853229104798,27.38263951027644,7692.603731118227,924284183102.6392,737415.4425471742
5,5.2,83597.52447491419,62903181.69545191,0,0.46659773740411054,27.36537152769967,7692.533535705348,1243260583341.0066,744994.2729499942
5,5.300000000000001,83472.01765269879,72899654.73753741,0,0.27050182441728615,27.348108902167635,7692.458658944039,1669813169070.1604,752649.3713590165
5,5.4,83346.51510339975,84419218.05128083,0,0.20282532624687985,27.330851308055628,7692.379004161899,2239234564064.1807,760381.4462823546
5,5.5,83221.01704492606,97680767.13542898,0,0.19652318932284574,27.313598414074566,7692.294472718437,2998023703938.868,768191.2108464696
5,5.6000000000000005,83095.52369963843,112932259.92002356,0,0.14995727364480202,27.296349883161266,7692.204963966122,4007310339624.754,776079.3827578063
5,5.7,82970.03529443685,130421313.59638648,0,0.3356924547371824,27.279133690356367,7692.110375210666,5344586115379.068,784027.8254350693
5,5.800000000000001,82844.55206057243,150367585.05486435,0,0.2336469912399055,27.2620112985077,7692.0106139803875,7104367006793.839,791995.0128080642
5,5.9,82719.07423281018,173211411.97706753,0,0.1341747449212676,27.2448921094557,7691.905613919378,9426922633908.818,800041.1767696395
5,6,82593.60204976145,199345672.84283423,0,0.16994560689945146,27.22777576927298,7691.795268114102,12486207986746.826,808167.0301786434
5,6.1000000000000005,82468.13575485162,229211824.87901977,0,0.1145127226622584,27.210661917866293,7691.679467503976,16507867583938.676,816373.2900281274
5,6.2,82342.6755964281,263305189.35910434,0,0.20737442004328022,27.193550188860105,7691.558100839618,21783907084129.953,824660.6773886151
5,6.300000000000001,82217.22182784602,302180707.1135166,0,0.27998909090907415,27.176440209474887,7691.431054640349,28691311802273.543,833029.9173494691
5,6.4,82091.77470758464,346459190.63850063,0,0.4004887260860547,27.159331600407267,7691.298213150939,37715607887283.125,841481.7389547564
5,6.5,81966.33449933399,396693114.1006527,0,0.5102091997019479,27.142222844612725,7691.159458297581,49445441926091.67,849994.3183083043
5,6.6000000000000005,81840.90147173777,453322144.7268428,0,0.309990850217199,27.125111660167263,7691.014685613372,64570003290071.03,858528.3919407709
5,6.7,81715.47589746863,517519655.7776276,0,0.14647290230245144,27.10800089321716,7690.863817320784,84153200464930.08,867145.5685551337
5,6.800000000000001,81590.0580536453,590213390.0000243,0,0.019156607308953556,27.090890145021593,7690.706730589993,109454861281530.67,875846.5691978657
5,6.9,81464.6482229149,672432134.5582334,0,0.13202717426347252,27.07377900990008,7690.543300162637,142073754696840.72,884632.1183093278
5,7,81339.24669356924,765314895.7905257,0,0.24075046030129718,27.056667075104215,7690.373398305673,184033663523416,893502.9436386544
5,7.1000000000000005,81213.85375964269,870120639.7973816,0,0.16119953696598563,27.03955392068441,7690.196894764417,237889832182307.28,902459.7761558045
5,7.2,81088.46972104162,988238589.7639235,0,0.19458156773128946,27.02243911935849,7690.0136567148065,306860194696206.06,911503.3499570864
5,7.300000000000001,80963.09488364868,1120920348.9459207,0,0.18499239223481276,27.00535660626551,7689.823548714807,394790274604233.44,920608.7086512626
5,7.4,80837.72955898475,1269305727.6429052,0,0.16030943386817442,26.988353834638485,7689.626452371054,506231794973843.56,929739.5806647053
5,7.5,80712.37406321988,1435795914.0826335,0,0.14414615027648942,26.97134803179653,7689.422275859619,647742458242316.9,938957.6876421265
5,7.6000000000000005,80587.02871766966,1622370096.0478187,0,0.19020878359028343,26.954338748754815,7689.210878334071,827021508201204.4,948263.7523385773
5,7.7,80461.6938499799,1831190872.873613,0,0.3096800028513339,26.937325528727868,7688.992116208562,1053620395716995.3,957658.4999421452
5,7.800000000000001,80336.36979425605,2064616515.8337376,0,0.4163049959843728,26.920307906989187,7688.765843107045,1339355092229026.5,967142.6579545175
5,7.9,80211.0568911871,2325213308.655115,0,0.23763260096390354,26.903285410727637,7688.5319098116815,1698801121343593.8,976716.9560669501
5,8,80085.75548817031,2615767818.809924,0,0.1020338765251635,26.886257558901484,7688.290164210396,2149885466478981.8,986382.1260309492
5,8.1,79960.46593944076,2938512395.105655,0,0.08064700474454645,26.869260142029002,7688.04045124358,2713138679499517.5,996109.4130314251
5,8.200000000000001,79835.18860563636,3295421186.7717376,0,0.1572023379186428,26.852334967270693,7687.782637356559,3412233936655574.5,1005863.8850489494
5,8.3,79709.92385267187,3691463411.8506184,0,0.26404435895248973,26.835402926607355,7687.516616615004,4281678709656683.5,1015709.6177500613
5,8.4,79584.67205236945,4130332489.101018,0,0.2419032091340915,26.81846351471828,7687.242227937271,5360273702588179,1025647.3266319912
5,8.5,79459.43358377647,4615986430.3403635,0,0.2504042979250148,26.80151621755237,7686.959307163849,6694929156672341,1035677.7283968899
5,8.6,79334.20883331914,5152654427.026365,0,0.2619127321537833,26.784560512177062,7686.667687001916,8342168777158091,1045801.5407910274
5,8.700000000000001,79208.99819492921,5744841434.506991,0,0.21550991676342424,26.767595866621406,7686.367196969062,10369863292575548,1056019.4824400903
5,8.8,79083.80207019299,6397330322.638902,0,0.1894079306939587,26.750621739719282,7686.057663336123,12859215978675682,1066332.2726765058
5,8.9,78958.62086848915,7112885516.828122,0,0.09943295545509552,26.73363645741423,7685.738909069153,15896758491141340,1076707.6335625309
5,9,78833.45500646532,7893580095.293185,0,0.26290031171461853,26.716638416844248,7685.410783447972,19577849202651916,1087111.1905153324
5,9.1,78708.30490674637,8749081708.756884,0,0.2749584641982585,26.699629542893938,7685.073165092734,24051484329785492,1097609.8503427585
5,9.200000000000001,78583.17099868972,9685072445.048658,0,0.13434610940874314,26.6826092673602,7684.725870291875,29472887486173650,1108204.3102390673
5,9.3,78458.05371989869,10707460348.52213,1,0.13859868449696147,26.665577012334342,7684.368711890783,36023830336740070,1118895.267062304
5,9.4,78332.9535163464,11822357287.691643,1,0.14278789374460277,26.64853219003436,7684.001499231791,43916234890607450,1129683.4171299
5,9.5,78207.87084256858,13036050995.459099,1,0.14690117890806734,26.631474202643147,7683.624038093278,53396038845052616,1140569.4560011222
5,9.600000000000001,78082.80616178922,14354970809.222673,1,0.15092877980591418,26.614402442135933,7683.236130627936,64747285616252984,1151554.0782580853
5,9.700000000000001,77957.759946106,15782061028.270733,1,0.1548632990516018,26.59735441945213,7682.837575300153,78260816715234240,1162602.4408536053
5,9.8,77832.73267584108,17319280056.704533,1,0.15869937273108714,26.58036604089641,7682.428201384934,94248969140731260,1173679.7922052774
5,9.9,77707.7248381069,18979542583.534035,1,0.16243338627501172,26.563362070051657,7682.007870177257,113184881874283860,1184855.8332834407
5,10,77582.73692767229,20769218280.540035,1,0.16606325363532484,26.546341868984953,7681.576372732786,135536803910844860,1196131.2297898196
5,10.100000000000001,77457.76944865845,22694546081.036304,1,0.16958823436043557,26.52930478900516,7681.133496273018,161830337703200600,1207506.6451936844
5,10.200000000000001,77332.82291470189,24761560474.434826,1,0.1730087907030991,26.51225017048763,7680.679024120913,192651750649899360,1218982.7404707232
5,10.3,77207.89784912858,26976011862.678177,1,0.17632646400162771,26.495177342697833,7680.212735635682,228650642871362700,1230560.1738325807
5,10.4,77082.99478512723,29343281841.019703,1,0.1795437913158417,26.478085623612493,7679.7344061467475,270541758748556540,1242239.600447964
5,10.5,76958.1142659355,31860221940.72529,1,0.18266422033088087,26.46097319441949,7679.243806886846,318944070466734200,1253984.6283017558
5,10.600000000000001,76833.25684412103,34521237694.62905,1,0.18569205034667088,26.44383838561515,7678.740743857496,374446396254735800,1265758.1973000076
5,10.700000000000001,76708.42307992838,37344968578.3485,1,0.18863238523313053,26.426682987735706,7678.225059990862,438208841316489540,1277633.6809168651
5,10.8,76583.61354226153,40334342824.31386,1,0.19149109296535355,26.40950628593404,7677.69651833962,511171826566020000,1289611.6974597413
5,10.9,76458.82881060429,43491503926.84115,1,0.19427477311662458,26.392307553522798,7677.1548777081925,594327451452072100,1301692.8606997086
5,11,76334.06947520096,46817735284.44095,1,0.1969907290817034,26.37508605179067,7676.599892584479,688712146309430700,1313877.7795479493
5,11.100000000000001,76209.33613725193,50313394204.48439,1,0.19964694498463503,26.357841029818548,7676.0313130708455,795397408466407400,1326167.057721222
5,11.200000000000001,76084.629409099,53977858245.590836,1,0.2022520683159685,26.340571724291976,7675.448884814298,915478682301277600,1338561.293398575
5,11.3,75959.94991443586,57800460070.54771,1,0.20481538507264094,26.323312853271545,7674.852348935929,1049734641937686000,1351023.0584717696
5,11.4,75835.2982874997,61766872093.13464,1,0.20734680457191018,26.306103079320618,7674.2414851098565,1198748721281678800,1363509.2164934494
5,11.5,75710.67517112382,65891708605.5879,1,0.2098568376149456,26.288866829198213,7673.616119702173,1364201357217424400,1376099.9731064911
5,11.600000000000001,75586.08121780679,70170346383.73903,1,0.21235657000301555,26.271603303844866,7672.975984977445,1547120638512248000,1388795.8797453335
5,11.700000000000001,75461.5170919653,74597224935.39911,1,0.21485764255646556,26.254311691237916,7672.320808523151,1748486495645065000,1401597.4805499355
5,11.8,75336.98347014282,79165918326.10953,1,0.21737221624450126,26.236991166203243,7671.650313178369,1969216412863179500,1414505.311971527
5,11.9,75212.48104120884,83869231751.98662,1,0.21991294387082097,26.219640890224053,7670.964216961806,2210152641095059000,1427519.902368716
5,12,75088.01050658338,88699321884.24895,1,0.22249292538935955,26.202260011250935,7670.2622329991855,2472051636806613000,1440641.7715899087
5,12.100000000000001,74963.5725804437,93637800587.40404,1,0.22512566786382698,26.184879699823423,7669.544069449952,2754985689863851500,1453835.4581299492
5,12.200000000000001,74839.16798892617,98660749466.8281,1,0.22782503258774464,26.167544387908393,7668.809473487833,3058480805987864600,1467049.1327722543
5,12.3,74714.79746783711,103783162129.45792,1,0.2306051802127366,26.150176058924842,7668.058253150292,3384314672061338600,1480369.450515647
5,12.4,74590.46176374517,108996358995.20174,1,0.23348050731337344,26.13277382189394,7667.290106932331,3732853279404561000,1493796.8736600908
5,12.5,74466.16163660865,114291850499.6133,1,0.2364655792626214,26.11533677174343,7666.504728212615,4104379103141519400,1507331.8539510393
5,12.600000000000001,74341.89785998501,119661512079.30338,1,0.23957505766748663,26.097863989115204,7665.7018051803,4499102751178733600,1520974.8321105985
5,12.700000000000001,74217.6712212665,125097747884.8474,1,0.2428236246929452,26.080354540174525,7664.881020761301,4917177903866498000,1534726.2373539677
5,12.8,74093.48252189625,130593636410.68887,1,0.2462259030501307,26.0628074764158,7664.04205254412,5358718814090835000,1548586.4868960832
5,12.9,73969.33257761877,136130461218.82646,1,0.24979637352771633,26.045221086927857,7663.184572705181,5822742314142921000,1562524.2653595828
5,13,73845.22221773956,141676582997.4097,1,0.25354929223957945,26.027593009932943,7662.308289823254,6306858489949778000,1576473.6242714045
5,13.100000000000001,73721.15228235256,147265815684.91928,1,0.25749861005586355,26.00992497903153,7661.412996558975,6814293471140925000,1590530.8309491428
5,13.200000000000001,73597.12362340279,152894902422.6423,1,0.26165789362720515,25.992216004522216,7660.498354692486,7345188593596563000,1604696.2323975333
5,13.3,73473.13710779604,158561502383.99692,1,0.26604024982129615,25.974465081531548,7659.564020450025,7899733549581031000,1618970.1612715595
5,13.4,73349.19361764286,164264142578.78125,1,0.2706582564466599,25.95667118982673,7658.609644430462,8478177038788730000,1633352.9353238214
5,13.5,73225.2940504849,170002139211.59216,1,0.2755238999221521,25.938833293625716,7657.634871531584,9080833474203488000,1647844.856841455
5,13.600000000000001,73101.43931955658,175775493385.29782,1,0.28064852127983786,25.920950341410993,7656.63934087612,9708085447303150000,1662446.2120658187
5,13.700000000000001,72977.63035401981,181576859421.41785,1,0.2860427696239047,25.90304054218306,7655.622685737573,10359479595601787000,1677131.4159598895
5,13.8,72853.8680983847,187378836534.13995,1,0.29171656782940647,25.88517087548471,7654.584570258706,11032095557862167000,1691807.9260501512
5,13.9,72730.15350884106,193218272892.97452,1,0.2976790859846828,25.867253296564787,7653.524786926547,11730413746750480000,1706592.286628422
5,14,72606.48755419254,199096544646.0027,1,0.30393872598723837,25.84928671106148,7652.4429584360905,12455018719474440000,1721484.698368947
5,14.100000000000001,72482.87121986598,205015041523.19083,1,0.31050311613653464,25.83127000844739,7651.338701519139,13206519894336274000,1736485.3432719316
5,14.200000000000001,72359.3055081563,210975054173.01175,1,0.317379117301907,25.813202061850617,7650.211626873016,13985537209962440000,1751594.3840297768
5,14.3,72235.79143849015,216977678851.45145,1,0.3245728328681913,25.795081727878404,7649.0613390893195,14792686617968396000,1766811.9633777712
5,14.4,72112.33004768286,223023741950.42065,1,0.3320896294617448,25.776907846440665,7647.887436582786,15628566154250279000,1782138.2034323637
5,14.5,71988.92239020299,229099226325.5228,1,0.3399341664628207,25.758280022134883,7646.689511520297,16491652840559264000,1797530.6000836242
5,14.600000000000001,71865.5695369374,235069501765.35425,1,0.3481104250556737,25.73555722422437,7645.4672150364695,17362390212364376000,1812595.6666782142
5,14.700000000000001,71742.27256002277,241080030669.2319,1,0.3566217528199188,25.712794522393036,7644.22080233116,18261624775341404000,1827762.2470662252
5,14.8,71619.03253402654,247130243156.16754,1,0.36547089737419974,25.689990793107576,7642.949872073902,19189724151866560000,1843030.3376422997
5,14.9,71495.85055109113,253219247959.5456,1,0.37466005163360566,25.667144898166576,7641.654017013301,20146999153809440000,1858399.9125710004
5,15,71372.72772116959,259345855464.30933,1,0.38419089911305726,25.644255684570343,7640.332823917418,21133701208580088000,1873870.9231329206
5,15.100000000000001,71249.6651722882,265508607072.63812,1,0.3940646602410975,25.6213219843964,7638.985873514632,22150021266305230000,1889443.2970557557
5,15.200000000000001,71126.66405078676,271705808436.42102,1,0.40428213465426305,25.59834261467354,7637.612740435049,23196089959334846000,1905116.9378368119
5,15.3,71003.72552157845,277935564400.88763,1,0.41484374439361976,25.575316377260734,7636.212993152478,24271978765859940000,1920891.7240513798
5,15.4,70880.8507684134,284089568345.3278,1,0.42574957798820684,25.551231026270646,7634.7861939270815,25358730760729936000,1936473.6962949806
5,15.5,70758.04098298121,290266982485.12994,1,0.43699942607286474,25.527070341867617,7633.332386839982,26473552003496063000,1952142.9681211715
5,15.600000000000001,70635.29736445472,296468920322.0296,1,0.4485928250373246,25.502864848589113,7631.851153386823,27616922579427725000,1967908.4493739142
5,15.700000000000001,70512.62113051862,302693127158.3535,1,0.46052908571793505,25.47861334117465,7630.342054049986,28788700340486000000,1983769.8999877763
5,15.8,70390.0135179665,308937302526.35547,1,0.4728073283716109,25.4543145999436,7628.804643258786,29988699977998725000,1999727.0528181402
5,15.9,70267.47578293923,315199120279.52576,1,0.48542651493970396,25.42996739070419,7627.238469341607,31216695802172064000,2015779.6129409412
5,16,70145.00920118112,321476245732.69934,1,0.4983854717843023,25.40557046466832,7625.643074479006,32472424426229420000,2031927.25694001
5,16.1,70022.61506829038,327766350078.4818,1,0.5116829156369468,25.38112255836898,7624.0179946579265,33755587326162305000,2048169.6321853977
5,16.2,69900.29469998181,334012834749.43884,1,0.5253174754012829,25.35670325229638,7622.36275962702,35054457429261836000,2064336.183565133
5,16.3,69778.049425398,340254968961.43207,1,0.5392877120685892,25.332249373311438,7620.677196173969,36376917181917688000,2080555.4540193349
5,16.400000000000002,69655.88058558106,346502851600.4295,1,0.5535921329834194,25.30774150151123,7618.96090120083,37725114366104030000,2096865.34542318
5,16.5,69533.78954034764,352754341396.5063,1,0.5682292146394785,25.283178348781576,7617.2133978100655,39098642021117240000,2113265.3793590283
5,16.6,69411.7776700994,359007342119.8938,1,0.5831974067414666,25.258558612636513,7615.434202959956,40497069736490040000,2129755.045608182
5,16.7,69289.8463760661,365259806460.6751,1,0.5984951463519669,25.233880976167136,7613.62282742981,41919945393219080000,2146333.8014145736
5,16.8,69167.99708055705,371509738997.04596,1,0.6141208702161314,25.209144107996394,7611.778775786706,43366796811307336000,2163001.0707393535
5,16.900000000000002,69046.23122720048,377755198407.93335,1,0.6300730227348069,25.184346662237047,7609.9015463538835,44837133313302950000,2179756.2435096744
5,17,68924.55028119963,383951492347.32135,1,0.6463500625607312,25.1595476265945,7607.990631180841,46320118185819595000,2196462.4526743046
5,17.1,68802.95572364517,390113226591.6233,1,0.662950466936677,25.134722774705114,7606.045776316738,47818757686455200000,2213169.431133151
5,17.2,68681.44904789608,396264909690.07996,1,0.6798727349463708,25.10983423257478,7604.066631398708,49338753262957690000,2229959.4339377326
5,17.3,68560.03176546097,402404879257.571,1,0.697115395237418,25.084880633658436,7602.052682980233,50879567967118180000,2246831.712766297
5,17.400000000000002,68438.70540982671,408531527341.47437,1,0.7146770136811137,25.059860597453934,7600.003411509092,52440653404045900000,2263785.4827823765
5,17.5,68317.47153667826,414643299964.64905,1,0.7325561855570333,25.034772729498084,7597.918291309829,54021450789419810000,2280819.9218895584
5,17.6,68196.33172415197,420738696347.82275,1,0.7507515418849968,25.009615621374135,7595.796790568357,55621391920352860000,2297934.1699762475
5,17.7,68075.28757307772,426816267854.87787,1,0.769261751291798,24.98438785072435,7593.638371318864,57239900061211345000,2315127.32815772
5,17.8,67954.34070720151,432855573601.3086,1,0.788085524969315,24.959162037836304,7591.44248943307,58871210658232530000,2332311.971216645
5,17.900000000000002,67833.49276939966,438842907298.81165,1,0.8072216099305607,24.93398474094127,7589.208771629872,60511108113015430000,2349429.0213816985
5,18,67712.74541505147,444808490112.3913,1,0.8266687945575066,24.908733158215714,7586.936963172785,62167453057268680000,2366619.29178952
5,18.1,67592.10031598154,450751100603.5929,1,0.8464259055373886,24.883405851119676,7584.626515976932,63839654883688860000,2383881.7344387844
5,18.2,67471.55916724075,456669559459.7953,1,0.8664918087759481,24.858001367977575,7582.276876049365,65527117789238436000,2401215.260327083
5,18.3,67351.123687312,462562727395.79144,1,0.8868654091899784,24.832518244035093,7579.887483493275,67229241126214800000,2418618.738725804
5,18.400000000000002,67230.79561834224,468429502896.1772,1,0.9075456485823942,24.806955001528106,7577.457772515042,68945419658888380000,2436090.996450214
5,18.5,67110.57672636025,474268819821.4083,1,0.9285315106394623,24.781310149758163,7574.987171434235,70675043728140310000,2453630.8171318346
5,18.6,66990.46880148258,480072971248.3706,1,0.9498220104721189,24.75558182181127,7572.47510269664,72415485970498780000,2471217.9743948337
5,18.7,66870.47365719825,485770272087.3794,1,0.9714162037835203,24.72976479767021,7569.921024434412,74144476989423060000,2488648.5282240957
5,18.8,66750.5931194257,491437398884.64215,1,0.9933131813080107,24.70386336971839,7567.32483767204,75884547055869850000,2506140.0881105135
5,18.900000000000002,66630.82902733982,497073430738.7125,1,1.015512062880709,24.67787604046322,7564.685963028884,77635086131388860000,2523691.2803671034
5,19,66511.18324436527,502677466534.8594,1,1.0380120018214039,24.651801300672226,7562.003815606105,79395479168856690000,2541300.6863366542
5,19.1,66391.65765837673,508248622462.9192,1,1.0608121888254205,24.625637629504492,7559.27780501725,81165105848678220000,2558966.8417237983
5,19.200000000000003,66272.25418187305,513786029475.46155,1,1.083911838708264,24.599383494648514,7556.507335422379,82943340242918560000,2576688.235936476
5,19.3,66152.97475219332,519288830722.12665,1,1.1073102028465245,24.573037352476454,7553.6918055658125,84729550418371330000,2594463.3114256687
5,19.400000000000002,66033.82133167423,524756178962.5766,1,1.1310065593596013,24.546597648200734,7550.83060881766,86523097979654880000,2612290.4630416217
5,19.5,65914.7959078569,530154249795.1503,1,1.1550002073235224,24.520197012611323,7547.923133219181,88312348300122340000,2629997.6543401354
5,19.6,65795.90048451815,535502385887.04376,1,1.17929048182193,24.493753471624363,7544.9691639268485,90103105403513110000,2647683.8554634093
5,19.700000000000003,65677.13707793783,540812959002.1506,1,1.203876737983912,24.46721262922488,7541.9682518923355,91899070381227640000,2665414.68451886
5,19.8,65558.50772583485,546085160433.86676,1,1.2287583580370711,24.440572930210312,7538.919785693586,93699589639722710000,2683188.372611416
5,19.900000000000002,65440.014491108246,551318178491.9814,1,1.2539347466716195,24.413832809744214,7535.823149052764,95504000571572900000,2701003.102106288
5,20,65321.65946199093,556511196277.3121,1,1.2794053325453734,24.3869906935799,7532.677720901898,97311630925593540000,2718857.0060805753
5,20.1,65203.444752184674,561663389489.7559,1,1.305169564508555,24.360044998293944,7529.482875452892,99121798150784800000,2736748.1677906085
5,20.200000000000003,65085.37250102218,566773924292.7656,1,1.3312269135167891,24.332994131535774,7526.2379822719295,100933808724320300000,2754674.620147393
5,20.3,64967.44487359468,571820827766.018,1,1.357576869938018,24.305835391651332,7522.942406358451,102739365358030590000,2772566.037404684
5,20.400000000000002,64849.66405697726,576769168464.4481,1,1.3842189437226227,24.278565953530435,7519.59568056276,104525201310619340000,2790307.9957882357
5,20.5,64732.03224990517,581673730353.7572,1,1.4111526662825638,24.25118858049155,7516.197623724623,106310421500263280000,2808076.8811546084
5,20.6,64614.55166641064,586533640559.5571,1,1.4383775812493156,24.223701694590552,7512.747604882577,108094299404282310000,2825870.5636730986
5,20.700000000000003,64497.22454604134,591348006658.5592,1,1.465893253667813,24.19610371094036,7509.244989108837,109876094282447160000,2843686.862958073
5,20.8,64380.053153968416,596115915223.9562,1,1.4936992630653307,24.16839303802705,7505.689137610493,111655050586520440000,2861523.5476885918
5,20.900000000000002,64263.039781062864,600836430424.1857,1,1.52179520523518,24.140568078035358,7502.07940783565,113430397377572930000,2879378.335253731
5,21,64146.18674399797,605508592676.611,1,1.5501806884918883,24.112627227191723,7498.415153584581,115201347754075290000,2897248.891413589
5,21.1,64029.49638532847,610131417370.5311,1,1.5788553411626314,24.084568876118418,7494.695725125996,116967098298753580000,2915132.829986471
5,21.200000000000003,63912.971073558554,614671983403.4758,1,1.6078188004685854,24.0565244828089,7490.920469318567,118714502270198560000,2932837.671142644
5,21.3,63796.61319156829,619150851732.7003,1,1.6370707192899032,24.028405284931722,7487.089245644681,120450855334452130000,2950484.8415358937
5,21.400000000000002,63680.42513238266,623577919255.4572,1,1.6666107618712351,24.00016507486507,7483.20158500525,122179514757657760000,2968136.0720032575
5,21.5,63564.40931049362,627952121571.6742,1,1.6964386027679947,23.971802270697523,7479.256842933963,123899628175885040000,2985788.8222448668
5,21.6,63448.5681657996,632272364788.8618,1,1.7265539319969785,23.943315287315155,7475.254372303752,125610325002369780000,3003440.5011254917
5,21.700000000000003,63332.90416362602,636537524850.2969,1,1.7569564502468198,23.91470253682638,7471.193523471888,127310716120701200000,3021088.466553297
5,21.8,63217.419794747606,640746446927.3679,1,1.7876458694543877,23.885962429002106,7467.073644430524,128999893615911080000,3038730.0253868904
5,21.900000000000002,63102.11757540796,644897944882.3914,1,1.8186219099722247,23.85709337173073,7462.894080962786,130676930548431470000,3056362.4333724943
5,22,62987.000047316775,648982902657.5012,1,1.8498843018934732,23.828093368904014,7458.654176804478,132337659646024500000,3073954.4211535407
5,22.1,62872.06977578625,652946114888.8267,1,1.8814327862213451,23.798958342382683,7454.353356237606,133958915567115000000,3091306.8665035744
5,22.200000000000003,62757.329334914684,656848731279.8629,1,1.9132671076100791,23.769691959904627,7449.991616747183,135565028504531370000,3108640.1138780788
5,22.3,62642.78130904958,660689462131.6725,1,1.9453870294855993,23.74029267546169,7445.568315073204,137155017163305650000,3125951.279701486
5,22.400000000000002,62528.428307145834,664466985423.6196,1,1.9777923150146584,23.71075894400276,7441.08280678355,138727881421923700000,3143237.4317623354
5,22.5,62414.27296273876,668179946948.5209,1,2.0104827398538436,23.681089221960686,7436.534446459327,140282602518777230000,3160495.589377046
5,22.6,62300.31793386303,671826960505.5004,1,2.043458087545911,23.651281967787437,7431.922587885918,141818143295352800000,3177722.7236004355
5,22.700000000000003,62186.56590299122,675406608156.9418,1,2.0767181417088727,23.621335642507304,7427.246584249727,143333448500620480000,3194915.7574694767
5,22.8,62073.01957695559,678917440556.7968,1,2.1102627016244924,23.59124871028359,7422.50578834072,144827445161517530000,3212071.5662884885
5,22.900000000000002,61959.681686843745,682339255708.9429,1,2.1440915733890713,23.5610488932965,7417.699552760754,146291015209794600000,3229095.3968065334
5,23,61846.55498151202,685655761591.8046,1,2.178204564377662,23.530758927374002,7412.827514827914,147716564461464750000,3245908.7768020066
5,23.1,61733.642215634696,688899717803.3619,1,2.2126014936529974,23.500325874709628,7407.88955541696,149117616271705340000,3262674.163051164
5,23.200000000000003,61620.94615557697,692069588747.3646,1,2.247282180225703,23.46974826558691,7402.8850464864345,150493059108792700000,3279388.3212223332
5,23.3,61508.469590710476,695163810794.2709,1,2.2822464535876574,23.43902463666875,7397.813360822324,151841767164916660000,3296047.9735803474
5,23.400000000000002,61396.21533325873,698180793192.824,1,2.3174941482787648,23.408153531626727,7392.673872268305,153162601212709770000,3312649.799539105
5,23.5,61284.18621812947,701118919041.3281,1,2.3530250993618873,23.37713350178351,7387.465955961544,154454409533813420000,3329190.4362599724
5,23.6,61172.38510274608,703976546323.0281,1,2.388839155269031,23.345963106770018,7382.188988574092,155716028922192920000,3345666.479294197
5,23.700000000000003,61060.81486684084,706752009014.6224,1,2.4249361640039564,23.314640915192438,7376.842348559862,156946285766905330000,3362074.483278122
5,23.8,60949.478412269615,709429793559.4574,1,2.461315978232908,23.283239189351626,7371.4254164071235,158137833868676660000,3378293.672693745
5,23.900000000000002,60838.37865403574,712006012915.298,1,2.497978460765711,23.251771955335954,7365.93796601915,159288440914371350000,3394295.926362084
5,24,60727.51850925386,714496034047.228,1,2.53492347137222,23.220150460113675,7360.379866858581,160404513320996300000,3410218.910804688
5,24.1,60616.900905294344,716898147733.4528,1,2.5721508754634215,23.18837336006038,7354.75052567393,161484876425520550000,3426059.1132325293
5,24.200000000000003,60506.52878993936,719210627619.3105,1,2.609660548629964,23.15643932408719,7349.04935237752,162528351882681550000,3441812.9862511777
5,24.3,60396.40513111465,721431731790.0842,1,2.6474523649536215,23.12434703436006,7343.275760315893,163533759211857900000,3457476.948837577
5,24.400000000000002,60286.53291661665,723559704398.8654,1,2.6855262024051876,23.09209518703142,7337.429166545182,164499917414986200000,3473047.387364875
5,24.5,60176.91515380889,725592777346.9492,1,2.7238819473278415,23.05968249298076,7331.5089921114295,165425646663550500000,3488520.656681447
5,24.6,60067.554869307205,727529172019.3002,1,2.762519478775751,23.027107678566285,7325.514662335746,166309770054778780000,3503893.0812403513
5,24.700000000000003,59958.45510866959,729343111573.1082,1,2.8014386948425227,22.99436832370819,7319.445607104241,167140120133032100000,3519061.72565858
5,24.8,59849.6189281391,731018260945.2745,1,2.8406394826348382,22.96146358827554,7313.30161574353,167908773997362580000,3533960.3433322357
5,24.900000000000002,59741.049381222576,732592274221.2615,1,2.8801217425779977,22.928395986959433,7307.0827172127565,168632627794479200000,3548746.7492734455
5,25,59632.74952582363,734063388317.7576,1,2.9198853714286974,22.895164363057905,7300.788375273049,169310568107020350000,3563417.2571306257
5,25.1,59524.722436621785,735429839306.9395,1,2.959930275070554,22.861767579107273,7294.418059452439,169941494343037060000,3577968.158446036
5,25.200000000000003,59416.97120466083,736689864529.1572,1,3.0002563525129866,22.82820451765835,7287.971245346947,170524320860548960000,3592395.7240657466
5,25.3,59309.49893695116,737841704715.7426,1,3.04086351796852,22.794474082063818,7281.447414925451,171057979126364770000,3606696.205592993
5,25.400000000000002,59202.30875603482,738883606128.0625,1,3.0817516792309334,22.76057519727007,7274.846056838248,171541419909023800000,3620865.8368964293
5,25.5,59095.403799563646,739813822706.8257,1,3.1229207496866183,22.726506810619313,7268.166666729145,171973615499960500000,3634900.8356616218
5,25.6,58988.78721983638,740626395575.4039,1,3.1643706455852407,22.692275634267958,7261.40874755097,172351596640445630000,3648770.65667979
5,25.700000000000003,58882.46218107082,741288282591.294,1,3.2061012836041725,22.657938739126017,7254.571912191579,172659790513278450000,3662270.454498541
5,25.8,58776.43183944095,741834512385.0234,1,3.248112584923955,22.623431878749507,7247.65655890743,172914338363489700000,3675624.528725124
5,25.900000000000002,58670.69934451021,742263428916.1443,1,3.290404474849895,22.588754140095745,7240.6622318618,173114348629074180000,3688829.152608441
5,26,58565.267857876606,742573394345.7219,1,3.3329768726226647,22.553904636253577,7233.588483742085,173258962159277640000,3701880.5931994524
5,26.1,58460.140552656725,742762791244.2596,1,3.3758297085245745,22.518882507241624,7226.434876077297,173347354485480460000,3714775.1131422673
5,26.200000000000003,58355.320612939075,742830024773.2805,1,3.4189629121019802,22.483686920807337,7219.200979557616,173378738076606460000,3727508.9725125604
5,26.3,58250.81123324763,742773524835.8569,1,3.4623764127151273,22.448317073231124,7211.886374355777,173352364572613050000,3740078.430693219
5,26.400000000000002,58146.61561798304,742591748194.5665,1,3.506070140379637,22.412772190131232,7204.490650450153,173267526991052080000,3752479.7482938175
5,26.5,58042.73698083591,742283180562.0319,1,3.5500440377754745,22.37705152726789,7197.013407949237,173123561904773070000,3764709.1891142796
5,26.6,57939.1785441963,741824643707.6255,1,3.594298033043209,22.34119551714964,7189.454257417345,172909737810552720000,3776613.2354194415
5,26.700000000000003,57835.9435249744,741222046750.7437,1,3.6388320661501625,22.305192700101077,7181.813437281625,172628936780138770000,3788233.220053834
5,26.8,57733.03512415942,740489662036.2172,1,3.68364607870393,22.26901482993913,7174.091026485619,172287963833004900000,3799671.1281389347
5,26.900000000000002,57630.45653949864,739626145838.1135,1,3.728740009897235,22.232661329394045,7166.286685301206,171886373616050040000,3810923.3674709504
5,27,57528.21097434126,738630192599.758,1,3.774113805214682,22.19613165475952,7158.400085595389,171423773607117600000,3821986.360374107
5,27.1,57426.301636992954,737500536807.309,1,3.8197674081642132,22.15942529665497,7150.430911144741,170899825960798220000,3832856.5458081705
5,27.200000000000003,57324.73174005095,736235954800.5912,1,3.8657007631494174,22.122541780782814,7142.378857949335,170314249279028630000,3843530.3815067615
5,27.3,57223.504499731585,734835266523.9695,1,3.911913816576691,22.085480668681647,7134.243634545937,169666820303727330000,3854004.3461422618
5,27.400000000000002,57122.623135174625,733297337217.6637,1,3.958406519606905,22.04824155847274,7126.0249623202135,168957375527700040000,3864274.9415193694
5,27.5,57022.09086774569,731621079053.0703,1,4.005178820662994,22.010824085601463,7117.72257581762,168185812721607100000,3874338.694790585
5,27.6,56921.9109203266,729779796018.594,1,4.052230672117055,21.973279643322908,7109.33622305274,167340325878895100000,3883997.494060847
5,27.700000000000003,56822.08649770636,727792078457.2952,1,4.09956202559244,21.935573017951427,7100.8665284004965,166429990139861100000,3893388.743808108
5,27.8,56722.620780282654,725664517192.2897,1,4.147172831861287,21.897690080594785,7092.313524808282,165458359770286980000,3902564.498682488
5,27.900000000000002,56623.51694193203,723396256648.0853,1,4.195063048945955,21.85963065604784,7083.677017137771,164425606740910700000,3911521.5219067233
5,28,56524.77815457154,720986494680.1024,1,4.243232630584204,21.821394609180924,7074.956824672222,163331969279134630000,3920256.6137337293
5,28.1,56426.40758739412,718434483940.7638,1,4.291681533644984,21.782981845590964,7066.152781399613,162177752816100500000,3928766.6136795366
5,28.200000000000003,56328.40840611793,715739533195.5037,1,4.3404097208399435,21.74439231224359,7057.264736292353,160963330829882920000,3937048.4027582807
5,28.3,56230.783772178926,712901008598.77,1,4.38941714494853,21.705625998097567,7048.292553583282,159689145586470400000,3945098.90573393
5,28.400000000000002,56133.536841974594,709918334934.1354,1,4.438703766592376,21.66668293472279,7039.2361130375975,158355708777557000000,3952915.093360935
5,28.5,56036.67076603975,706790996832.2003,1,4.488269553527206,21.627563196897746,7030.095310220495,156963602058496700000,3960493.984639706
5,28.6,55940.1886882456,703503192864.2437,1,4.538114462866323,21.58830565340966,7020.8700567600945,155506692573103420000,3967696.150159374
5,28.700000000000003,55844.09373088647,700061416829.6465,1,4.588238455351592,21.548896983940956,7011.5609302000585,153988831741030560000,3974572.8876442094
5,28.8,55748.388985060155,696475178358.1598,1,4.6386415007095225,21.509314826212453,7002.168282383965,152415180731766240000,3981205.67639259
5,28.900000000000002,55653.0775237456,692744233801.251,1,4.689323558711293,21.469559457212057,6992.692085899545,150786610179950350000,3987591.849711407
5,29,55558.16240962315,688868404483.9031,1,4.740284596094347,21.42963119895665,6983.132330078952,149104060564499660000,3993728.7999498798
5,29.1,55463.646694207564,684847578013.3403,1,4.79152457827696,21.389530418958284,6973.48902122187,147368542172706570000,3999613.980620346
5,29.200000000000003,55369.5334170321,680681709626.0889,1,4.843043473714028,21.349257530677644,6963.762182812168,145581134971597320000,4005244.908487204
5,29.3,55275.82560479734,676370823595.4342,1,4.8948412506864365,21.30881299395437,6953.95185572782,143742988392533570000,4010619.1656422946
5,29.400000000000002,55182.52627051715,671915014713.307,1,4.946917879088864,21.268197315417034,6944.058098443784,141855321031153880000,4015734.4015560616
5,29.5,55089.638412671164,667314449865.5414,1,4.999273321175732,21.227411048873243,6934.08098722759,139919420266438700000,4020588.335100182
5,29.6,54997.16501434147,662568000248.1598,1,5.051907555178571,21.18645473553854,6924.020616327283,137936071597479360000,4025171.40005775
5,29.700000000000003,54905.10904153064,657634426676.1979,1,5.104820548886515,21.14532731177452,6913.8771356961115,135889537076590640000,4029257.1061660144
5,29.8,54813.473416683264,652558625953.4716,1,5.15801227698724,21.10403502032857,6903.651867577412,133799967702394650000,4033077.8898566677
5,29.900000000000002,54722.26101849601,647341100225.1145,1,5.2114827037802005,21.062578626873268,6893.344971277773,131668928738091780000,4036631.87144739
5,30,54631.47470654454,641982432545.0339,1,5.265231806587622,21.02095894456085,6882.956624318411,129498049458991420000,4039917.249149429
5,30.1,54541.117320423946,636483289464.7167,1,5.319259560658318,20.97917683424099,6872.487022569103,127289022343499960000,4042932.300780047
5,30.200000000000003,54451.19167889375,630844423827.4851,1,5.373565935534551,20.937233204654106,6861.936380373104,125043602185344010000,4045675.3854290145
5,30.3,54361.700579034165,625066677794.533,1,5.428150908282379,20.895129012600176,6851.3049306627545,122763605128586890000,4048144.9450751427
5,30.400000000000002,54272.646795369685,619150986120.9911,1,5.483014453765744,20.852865263078098,6840.592925065656,120450907622795980000,4050339.506161223
5,30.5,54184.033079032786,613098379700.4689,1,5.538156547411094,20.810443009402395,6829.800634001071,118107445294937740000,4052257.6811076016
5,30.6,54095.8621568894,606909989396.9614,1,5.593577168604378,20.767863353288774,6818.928346766407,115735211733852440000,4053898.1697807987
5,30.700000000000003,54008.136730696075,600587050176.2113,1,5.649276289686539,20.725127444915177,6807.976371613553,113336257179678670000,4055259.7608984574
5,30.8,53920.859476250596,594126457200.8607,1,5.705253886235271,20.682335388725715,6796.9450358148615,110911026276044000000,4056148.5526795085
5,30.900000000000002,53834.03301981464,593235696743.5997,1,5.761509937837864,20.63940185346513,6785.835753426227,110578702762743090000,4056739.4249216868
5,31,53747.65993490163,598426608219.3326,1,5.818044423767855,20.596318282591646,6774.649005535534,112522333521614240000,4057051.5363832824
5,31.1,53661.74276411161,603562471366.173,1,5.87485732518062,20.553086028037992,6763.385182549879,114462017165459600000,4057084.1273073484
5,31.200000000000003,53576.28402066324,608643650128.2407,1,5.931948616192037,20.509706488797175,6752.044693573707,116397359897765000000,4056836.531041099
5,31.3,53491.28618757147,613670487663.4719,1,5.9893182802068266,20.466181110791283,6740.62796641251,118327970217162980000,4056308.174979386
5,31.400000000000002,53406.75171684194,618643304825.1687,1,6.046966292806753,20.422511386712284,6729.135447565483,120253457877674100000,4055498.5814358005
5,31.5,53322.68302868586,623562398909.735,1,6.10489263834445,20.37869885583519,6717.567602207105,122173432936437480000,4054407.368439557
5,31.6,53239.08251070697,628428042644.3704,1,6.1630972946350475,20.33474510379828,6705.924914157529,124087504885192470000,4053034.2504677647
5,31.700000000000003,53155.95251713134,633240483439.4939,1,6.221580247462227,20.290651762357427,6694.2078858416435,125995281881182670000,4051379.0390952947
5,31.8,53073.29536802415,637999942847.4429,1,6.280341474084351,20.24642050910875,6682.417038236782,127896370060153110000,4049441.6435741605
5,31.900000000000002,52991.113348529674,642706616235.0765,1,6.339380956893904,20.202052897963465,6670.552910808988,129790372939181520000,4047202.286167648
5,32,52909.40870562103,647360672647.0522,1,6.3986986794022425,20.157549840921565,6658.616179296653,131676890904521770000,4044519.081264897
5,32.1,52828.1836269442,651962254838.5258,1,6.458294627580929,20.112917489978695,6646.608392311508,133555520779730260000,4041557.33246336
5,32.2,52747.440242598765,656511479472.9993,1,6.518168779382879,20.068157700801617,6634.530146523828,135425855475698350000,4038317.404905177
5,32.300000000000004,52667.180644892156,661008437444.8357,1,6.578321121452629,20.023272371749112,6622.382056251697,137287483708936720000,4034799.760939096
5,32.4,52587.40688762348,665453194329.9834,1,6.638751634559424,19.978263443408835,6610.16475333552,139139989791827350000,4031004.960171728
5,32.5,52508.120985410176,669845790948.6853,1,6.699460306656669,19.933132898109154,6597.878887001342,140982953490217450000,4026933.659431739
5,32.6,52429.32491300721,674186244000.2902,1,6.760447119162253,19.88788275940103,6585.525123713054,142815949933247950000,4022586.6126589235
5,32.7,52351.02060466353,678474546824.3892,1,6.821712055851163,19.842515091514628,6573.104147013481,144638549599486770000,4017964.670707174
5,32.800000000000004,52273.20995345991,682710670204.3408,1,6.883255106968148,19.797031998785197,6560.616657354453,146450318345263920000,4013068.7810746436
5,32.9,52195.89481067844,686894563251.213,1,6.945076254899348,19.751435625053677,6548.063371915925,148250817491882540000,4007899.9875491885
5,33,52119.07698519807,691026154350.3776,1,7.0071754849569325,19.705728153041477,6535.445024414177,150039603964914070000,4002459.4297707444
5,33.1,52042.7582428772,695105352157.9214,1,7.069552782160269,19.659911803696197,6522.762364899299,151816230480509600000,3996748.3427200923
5,33.2,51966.94030597061,699132046623.2096,1,7.1322081358473435,19.615343772084458,6510.016159541969,153580245768591440000,3990975.1515406966
5,33.300000000000004,51891.62488031667,703106110063.7064,1,7.195141528028415,19.572387802724744,6497.205849444708,155331194844266270000,3985195.389920609
5,33.4,51816.81369041558,707027398263.9714,1,7.2583529500083825,19.529284168598508,6484.3305022837585,157068619315220680000,3979139.0384642323
5,33.5,51742.50845076144,710895751605.7743,1,7.321842386460016,19.486035333665583,6471.390935029273,158792057727913720000,3972807.5887608347
5,33.6,51668.71082930453,714710996246.691,1,7.385609822240974,19.44264380467432,6458.387981196216,160501045960173520000,3966202.6312570437
5,33.7,51595.422446863726,719011776464.6482,1,7.449655249375357,19.399112130345788,6445.32249058011,162438490911947200000,3959325.8543594577
5,33.800000000000004,51522.64487658255,724040377080.8391,1,7.51397865535009,19.355442900530353,6432.195328981777,164718550044655200000,3952179.0434467974
5,33.9,51450.37964340206,729029181027.4525,1,7.578580025022428,19.31163874533571,6419.007377921282,166996267134658540000,3944764.079799058
5,34,51378.62822354864,733978136026.6001,1,7.643459349798563,19.267702334226936,6405.7595343413,169271243776432500000,3937082.939445359
5,34.1,51307.392044033855,738887160499.5825,1,7.708616612966996,19.22363637509903,6392.452710300127,171543070299961920000,3929137.6919325273
5,34.2,51236.672482186,743756144272.9999,1,7.774051809098015,19.179443613323777,6379.08783265456,173811325665598180000,3920930.499011407
5,34.300000000000004,51166.470865193754,748584949333.466,1,7.839764923990114,19.135126830770563,6365.66584273291,176075577405727470000,3912463.613246958
5,34.4,51096.788469680585,753373410561.4636,1,7.90575594775031,19.090688844802937,6352.187695998403,178335381581083870000,3903739.376549775
5,34.5,51027.62652128283,758121336503.2039,1,7.972024871508374,19.046132507250288,6338.654361703268,180590282778998400000,3894760.2186369197
5,34.6,50958.98619426973,762828510074.3855,1,8.038571683004358,19.003757681937334,6325.0668225337695,182839814103213870000,3885989.84498305
5,34.7,50890.86867745221,767494689259.521,1,8.10539637369852,18.96276404684828,6311.422811408366,185083497184272480000,3877265.5382526326
5,34.800000000000004,50823.27521765046,772119607947.102,1,8.17249893035129,18.921597232069857,6297.721160466358,187320842278190020000,3868274.451620286
5,34.9,50756.2070520455,776702976934.4326,1,8.239879345512948,18.880260378114986,6283.96291497229,189551348472419840000,3859019.234699493
5,35,50689.66536296625,781244485014.1306,1,8.307537607722049,18.838756668860693,6270.1491346236835,191774503958980030000,3849502.6304673273
5,35.1,50623.65127749927,785743800099.7217,1,8.37547370847152,18.79708933029843,6256.28089313511,193989786354928940000,3839727.4733214267
5,35.2,50558.16586712748,790200570353.706,1,8.443687635957277,18.755261629256005,6242.3592778128,196196663052321600000,3829696.687058573
5,35.300000000000004,50493.21014739573,794614425290.4453,1,8.512179385479635,18.713276872092223,6228.385389120189,198394591583409270000,3819413.2827781006
5,35.4,50428.785077597015,798984976848.4893,1,8.580948946272155,18.671138403365507,6214.360340234774,200583019997415440000,3808880.3567145113
5,35.5,50364.89156048745,803311820431.5195,1,8.649996309824866,18.628849604477665,6200.285256596736,202761387247413920000,3798101.088000416
5,35.6,50301.53044202924,807594535901.7645,1,8.719321467064452,18.586413892294175,6186.161275449706,204929123578061700000,3787078.7363629974
5,35.7,50238.70251115039,811832688545.9552,1,8.788924407679712,18.543834717742204,6171.989545374158,207085650923081660000,3775816.639759885
5,35.800000000000004,50176.40849952772,816025830023.6466,1,8.85880512504222,18.501115564387746,6157.77122581382,209230383316591400000,3764318.21195612
5,35.9,50114.64908142574,820173499264.4236,1,8.92896361262128,18.458259946993042,6143.507486595546,211362727300267840000,3752586.9400377823
5,36,50053.42487350665,824275223385.2029,1,8.99939985846521,18.415271410056068,6129.199507443203,213482082361882050000,3740626.3818857814
5,36.1,49992.736434732564,828330518560.9147,1,9.070113859825245,18.372153526332916,6114.848477485881,215587841370422770000,3728441.3564260164
5,36.2,49932.5842664158,832338890901.7284,1,9.141105605747322,18.328909867494442,6100.455585491463,217679391034358860000,3716042.994172649
5,36.300000000000004,49872.96881350037,836299837327.1415,1,9.212375091040178,18.285543854947953,6086.021970215254,219756112377648150000,3703426.1226163474
5,36.4,49813.8904642947,840212846434.0157,1,9.283922302861603,18.242059139155067,6071.548846649261,221817381231463700000,3690594.5566201983
5,36.5,49755.3495490849,844077399364.7335,1,9.355747240464652,18.198459392885965,6057.0374372105,223862568744360200000,3677552.16870178
5,36.6,49697.34634012263,847892970676.7064,1,9.427849894049334,18.154748309677426,6042.488971227789,225891041911082650000,3664302.8862561765
5,36.7,49639.881051660515,851659029216.8729,1,9.500230254722126,18.110929602282592,6027.904684425774,227902164121512840000,3650850.6887459354
5,36.800000000000004,49582.95383999683,855375038978.4857,1,9.57288831658907,18.06700700111397,6013.285818406708,229895295717146820000,3637199.6048706206
5,36.9,49526.56480355002,859040459983.1224,1,9.645824073661743,18.022984252681148,5998.633620130477,231869794577486770000,3623353.7097148662
5,37,49470.71398296021,862654749127.696,1,9.719037518838178,17.978865118024675,5983.949341393341,233825016703590860000,3609317.1218792596
5,37.1,49415.401361214,866217361052.5586,1,9.792528644353782,17.93465337114758,5969.234238305894,235760316828222600000,3595094.000598454
5,37.2,49360.6268637944,869727748982.8729,1,9.866297446832203,17.89035279744592,5954.489570770698,237675049026249950000,3580688.54284984
5,37.300000000000004,49306.390358860604,873185365572.7166,1,9.94034391938154,17.845967192139874,5939.716601960104,239568567340489340000,3566104.980455296
5,37.4,49252.691657447256,876589663730.6158,1,10.014668053986544,17.801500358706885,5924.916597794746,241440226410734130000,3551347.577181877
5,37.5,49199.53051368613,879940097439.5818,1,10.08926984615206,17.756956107318125,5910.0908264231475,243289382112341600000,3536420.6258442695
5,37.6,49146.90662506223,883236122544.1135,1,10.164149287214926,17.712338253279775,5895.240557702932,245115392188427700000,3521328.445409955
5,37.7,49094.81963268109,886477197539.889,1,10.239306373644116,17.667650615480554,5880.367062684108,246917616894501520000,3506075.378115434
5,37.800000000000004,49043.26912156399,889662784323.1898,1,10.314741097064442,17.622897014846785,5865.471613094859,248695419630972080000,3490665.7865933045
5,37.9,48992.254620976746,892792348929.026,1,10.3904534575607,17.578081272806315,5850.5554808303,250448167578619740000,3475104.019328901
5,38,48941.775604754686,895865362242.9929,1,10.466443442789659,17.533207210585612,5835.619937718516,252175232327861040000,3459394.329631594
5,38.1,48891.83149164729,898881300677.2435,1,10.542711049508549,17.48827865059233,5820.666255980729,253875990495430300000,3443541.3047204344
5,38.2,48842.42164570466,901839646827.8204,1,10.619256275405872,17.443299406578767,5805.6957049573775,255549824337195960000,3427549.36037308
5,38.300000000000004,48793.545376712456,904739890093.8751,1,10.69607911247836,17.398273286768347,5790.7095521487145,257196122345226470000,3411422.918685947
5,38.400000000000006,48745.20194063522,907581527269.9398,1,10.773179555047586,17.353204092383613,5775.70906272487,258814279834427230000,3395166.4053367632
5,38.5,48697.39054004848,910364063094.1877,1,10.85055760023905,17.308095616190823,5760.695499041449,260403699508104230000,3378784.246887558
5,38.6,48650.110324616544,913087010775.4558,1,10.928213241180048,17.262951641061953,5745.670120160918,261963792014452230000,3362280.8681184775
5,38.7,48603.3603915805,915749892471.2769,1,11.006146473071531,17.217775938555587,5730.634181380281,263493976477234820000,3345660.689402737
5,38.800000000000004,48557.13978626672,918352239734.186,1,11.084357291870528,17.172572267517513,5715.58893376531,264993681009549970000,3328928.124122792
5,38.900000000000006,48511.44750260562,920893593920.7654,1,11.162845693027275,17.12734437270223,5700.535623691739,266462343206652020000,3312087.576132278
5,39,48466.28248369228,923373506556.3396,1,11.241611669247499,17.08209598341618,5685.475492393691,267899410612854330000,3295143.437259284
5,39.1,48421.64362232946,925791539666.4359,1,11.320655218884859,17.036830812183922,5670.409775519728,269304341168078880000,3278100.084865475
5,39.2,48377.529761618,928147266058.8221,1,11.399976338917446,16.99155255343789,5655.339702696771,270676603623870800000,3260961.8794494565
5,39.300000000000004,48333.939695548266,930440269580.0824,1,11.479575020240937,16.94626488223282,5640.266497102212,272015677942015820000,3243733.162306033
5,39.400000000000006,48290.872169611044,932670145314.3779,1,11.559451263455637,16.90097145298554,5625.191375044481,273321055656214920000,3226418.2532389485
5,39.5,48248.32588141877,934836499752.202,1,11.639605059578008,16.855675898241046,5610.11554555235,274592240212289950000,3209021.4483308876
5,39.6,48206.299481355585,936938950916.558,1,11.720036405938815,16.810381827465477,5595.0402099732,275828747278972260000,3191547.017768346
5,39.7,48164.79157322273,938977128450.7402,1,11.800745299940253,16.76509282586678,5579.966561580501,277030105031121100000,3173999.2037294977
5,39.800000000000004,48123.8007149091,940950673660.081,1,11.88173173967164,16.71981245324373,5564.895785190722,278195854400318340000,3156382.2183302534
5,39.900000000000006,48083.325419066474,942859239519.1827,1,11.962995718502178,16.674544242863856,5549.829056789877,279325549299107500000,3138700.241633827
5,40,48043.3641538145,944702490640.7914,1,12.044537228495395,16.629291700370835,5534.767543169864,280418756816190800000,3120957.419719658
5,40.1,48003.91534343455,946480103203.2474,1,12.126356274914265,16.584058302722042,5519.712401574852,281475057380363530000,3103157.8628209303
5,40.2,47964.977369078435,948191764770.9545,1,12.208452847881041,16.53986500450475,5504.664779357798,282494044853752000000,3085506.4706664924
5,40.300000000000004,47926.54860584531,949837174142.3757,1,12.290826945815343,16.495785077203568,5489.623847154019,283475326633849700000,3067820.2482551434
5,40.400000000000006,47888.627426530235,951416041207.0316,1,12.373478562409503,16.45170748185629,5474.590553646234,284418523753542900000,3050080.375423046
5,40.5,47851.21216499619,952928086814.0211,1,12.456407696317918,16.407635868960114,5459.566058143317,285323270980756830000,3032290.9446181688
5,40.6,47814.301112812944,954373042618.0088,1,12.5396143419436,16.36357385799175,5444.551509089052,286189216897421930000,3014456.0064969403
5,40.7,47777.89252001792,955750650886.667,1,12.623098498649991,16.31952503635124,5429.548043737448,287016023948059400000,2996579.5682639126
5,40.800000000000004,47741.98459589202,957060664274.869,1,12.706860162551985,16.27549295833958,5414.556787839248,287803368461018560000,2978665.592080129
5,40.900000000000006,47706.57550973911,958302845548.9167,1,12.790899325480861,16.23148114417079,5399.578855339714,288550940632231770000,2960717.9935427173
5,41,47671.663391673006,959476967266.7244,1,12.875215989745179,16.18749307901865,5384.615348087796,289258444474941540000,2942740.640234919
5,41.1,47637.24633340724,960582811415.8053,1,12.959810150116347,16.143532212098414,5369.667355556705,289925597736496960000,2924737.350347509
5,41.2,47603.32238905877,961620169008.8398,1,13.04468180836839,16.09960195578332,5354.735954575971,290552131782130000000,2906711.8913692455
5,41.300000000000004,47569.88957594987,962588839630.3087,1,13.129830955905732,16.055705684756543,5339.822209074978,291137791441871800000,2888667.9788491474
5,41.400000000000006,47536.94587542955,963488630955.9554,1,13.215257589760316,16.011846735198088,5324.927169838049,291682334833915720000,2870609.2752262247
5,41.5,47504.489233676344,964319358238.0165,1,13.300961707632585,15.968028404007738,5310.051874271056,292185533160423520000,2852539.388733348
5,41.6,47472.51756252162,965080843753.882,1,13.386943308730391,15.924253948062898,5295.197346179525,292647170474644600000,2834461.8723674165
5,41.7,47441.02874027006,965772916230.5496,1,13.473202386006005,15.880526583512015,5280.364595558254,293067043427178480000,2816380.222929423
5,41.800000000000004,47410.02061253134,966395410255.0123,1,13.559738938092782,15.83684948510308,5265.554618392373,293444960997950880000,2798297.8801313015
5,41.900000000000006,47379.49099304248,966948165651.2849,1,13.646552966363604,15.793225785547708,5250.768396469838,293780744202645340000,2780218.2257723706
5,42,47349.4376644874,967431026846.0366,1,13.733644466044161,15.74965857492041,5236.00689720526,294074225787397770000,2762144.5829832503
5,42.1,47319.85837934818,969336354315.0488,1,13.821013430331693,15.70615090009186,5221.271073474999,295233707837641850000,2744080.2155302176
5,42.2,47290.75086071249,971223237901.2684,1,13.90865985933666,15.662705764198225,5206.561863463497,296384214212705100000,2726028.327192419
5,42.300000000000004,47262.1128031183,973041670888.2059,1,13.996583752597639,15.619326126143775,5191.880190520667,297495100683904160000,2707992.061196329
5,42.400000000000006,47233.94187337719,974791140591.0535,1,14.084785104090688,15.576014900138295,5177.226963030305,298565818531822500000,2689974.499716892
5,42.5,47206.235711399466,976471142263.8921,1,14.173263914815502,15.532774955268264,5162.603074289375,299595830575849140000,2671978.663439749
5,42.6,47178.99193103053,978081179259.0737,1,14.262020181637304,15.489609115101173,5148.009402398052,300584611535313700000,2654007.5111819026
5,42.7,47152.20812086202,979620763174.1207,1,14.351053899276232,15.446520157323622,5133.446810160392,301531648380240270000,2636063.939575656
5,42.800000000000004,47125.88184507005,981089413980.8671,1,14.440365067539753,15.403510813411295,5118.916144995474,302436440668150700000,2618150.782805464
5,42.900000000000006,47100.01064421609,982486660136.627,1,14.529953681958148,15.360583768332269,5104.418238858901,303298500866449800000,2600270.8124074666
5,43,47074.59203607403,983812038681.9257,1,14.61981974443853,15.317741660281197,5089.95390817443,304117354662882400000,2582426.73711914
5,43.1,47049.6235164376,985065095322.537,1,14.709963252048237,15.274987080445422,5075.523953775645,304892541262398600000,2564621.20278567
5,43.2,47025.102559931576,986245384494.5514,1,14.800384200406665,15.232322572801625,5061.12916085744,305623613669375500000,2546856.7923173294
5,43.300000000000004,47001.02662081085,987352469416.0203,1,14.89108258735809,15.18975063394312,5046.770298937188,306310138957145300000,2529136.0256992592
5,43.400000000000006,46977.39313375112,988385919936.54,1,14.98205841353267,15.148397118116783,5032.448121825347,306951697165224100000,2511681.5277460436
5,43.5,46954.199558136985,989345313156.0015,1,15.073311674745197,15.107156510322385,5018.160855364528,307547881905522150000,2494274.3754135733
5,43.6,46931.44337917119,990230233889.7273,1,15.164842367547385,15.065980206349085,5003.909184294235,308098300871571400000,2476906.9357274007
5,43.7,46909.12206354365,991040275010.007,1,15.256650494697208,15.024871051930628,4989.693892108151,308602576268240000000,2459581.7524209023
5,43.800000000000004,46887.23305822909,991775037702.4783,1,15.348736048721387,14.983831843515242,4975.51574600147,309060345184968500000,2442301.305272274
5,43.900000000000006,46865.77379131969,992434131650.6864,1,15.441099030287104,14.942865328043109,4961.37549685121,309471259920184840000,2425068.0102050016
5,44,46844.74167281855,993017175162.8358,1,15.533739437571047,14.901974202759394,4947.273879206258,309834988265131930000,2407884.219442667
5,44.1,46824.134095437825,993523795250.7135,1,15.626657269315963,14.861161115058595,4933.211611286839,310151213752951200000,2390752.221708973
5,44.2,46803.948435401544,993953627666.0421,1,15.719852523623988,14.820428662359662,4919.189394993213,310419635876016950000,2373674.242471242
5,44.300000000000004,46784.18205321394,994306316907.3145,1,15.813325199415145,14.779779392014257,4905.207915923423,310639970279458870000,2356652.444232289
5,44.400000000000006,46764.83229445014,994581516197.3007,1,15.907075291993252,14.739215801242876,4891.267843399759,310811948930850100000,2339688.9268593616
5,44.5,46745.89649051614,994778887442.2104,1,16.001102803062395,14.69874033710243,4877.369830503804,310935320272824700000,2322785.72795731
5,44.6,46727.37195941433,994898101171.1184,1,16.095407727427055,14.658355396481607,4863.514514119764,311009849357702400000,2305944.82327825
5,44.7,46709.25600649044,994938836464.3293,1,16.189990066038156,14.618063326125212,4849.702514985862,311035317969518400000,2289168.1271699215
5,44.800000000000004,46691.54592518136,994900780870.4213,1,16.28484981592061,14.577866422685185,4835.934437753562,311011524733296900000,2272457.4930578806
5,44.900000000000006,46674.23899775371,994783630316.2185,1,16.379986976036008,14.53776693279839,4822.210871054349,310938285214246200000,2255814.7139616515
5,45,46657.332496021874,994587089009.7994,1,16.475401546806104,14.497767053191234,4808.532387573889,310815432006974500000,2239241.5230445773
5,45.1,46640.82368206326,994310869342.5739,1,16.571093523826004,14.457868930808967,4794.899544133231,310642814818545100000,2222739.5941932816
5,45.2,46624.70980892982,993954691787.0009,1,16.66706290622664,14.418074662968957,4781.31288177687,310420300543277330000,2206310.542624902
5,45.300000000000004,46608.988121341914,993518284794.3885,1,16.76330969445699,14.378386297538333,4767.772925867412,310147773332125600000,2189955.925523008
5,45.400000000000006,46593.655856377445,993001384692.0969,1,16.8598338856539,14.338805833134115,4754.280186186585,309825134656272300000,2173677.242698279
5,45.5,46578.71024414059,992403735584.2396,1,16.956635479702943,14.299335219346295,4740.83515704237,309452303367550200000,2157475.9372749436
5,45.6,46564.14850843232,991725089253.1595,1,17.053714471575358,14.259976356981372,4727.438317381972,309029215754050000000,2141353.396398003
5,45.7,46549.967867412604,990965205064.567,1,17.151070861966716,14.220731098326457,4714.0901309104365,308555825592770300000,2125310.951961331
5,45.800000000000004,46536.16553422809,990123849877.4409,1,17.248704651457018,14.181601247434964,4700.791046214642,308032104200045600000,2109349.8813588917
5,45.900000000000006,46522.738717658445,989200797958.2999,1,17.346615840006056,14.14258856042925,4687.541496892423,307458040479550200000,2093471.4082499312
5,46,46509.68462273851,988195830901.317,1,17.444804421309755,14.10369474582261,4674.341901686597,306833640968832160000,2077676.7033428873
5,46.1,46497.00045137014,987108737555.238,1,17.543270395432916,14.06492146485891,4661.192664623685,306158929885000760000,2061966.8851947333
5,46.2,46484.683402915485,985939313957.2408,1,17.642013763109716,14.026270331869584,4648.09417515706,305433949169668060000,2046343.0210254488
5,46.300000000000004,46472.730674793944,984687363273.456,1,17.741034523665867,13.98774291464563,4635.046808314273,304658758532980300000,2030806.1275430664
5,46.400000000000006,46461.13946306147,983352695750.9579,1,17.840332673670634,13.949340734825617,4622.050924848415,303833435499710100000,2015357.1717813527
5,46.5,46449.906962972134,981935128676.8315,1,17.939908212580324,13.911065268298726,4609.106871393191,302958075454661000000,1999997.0719484803
5,46.6,46439.030369539745,980434486346.4495,1,18.039761140547476,13.87291794562101,4596.214980621562,302032791688674800000,1984726.6982832996
5,46.7,46428.50687808264,978850600044.6172,1,18.139891455584113,13.834900152445293,4583.375571407706,301057715447445500000,1969546.8739202013
5,46.800000000000004,46418.33368475363,977183308035.404,1,18.24029915923414,13.79701322996385,4570.5889489920755,300032995980483040000,1954458.3757612354
5,46.900000000000006,46408.50798705872,975432455565.8806,1,18.34098424826201,13.759258475363037,4557.855405149383,298958800593356200000,1939461.9353538451
5,47,46399.02698438428,973597894880.4991,1,18.441946721417597,13.721637142287584,4545.17521835924,297835314701092000000,1924558.2397705594
5,47.1,46389.88787847385,971679485248.6533,1,18.543186578989182,13.68415044131838,4532.548653979356,296662741884162150000,1909747.9324974394
5,47.2,46381.08787393756,969677093005.9144,1,18.64470381768988,13.646799540456833,4519.975964420969,295441303947205200000,1895031.6143192612
5,47.300000000000004,46372.62417871039,967590591608.2535,1,18.746498439139465,13.609585565621456,4507.457389326443,294171240979886050000,1880409.8442116317
5,47.400000000000006,46364.494004533626,965419861700.9215,1,18.848570440878262,13.572509601150552,4494.993155748741,292852811420717780000,1865883.1402292398
5,47.5,46356.69456740003,963164791202.4108,1,18.95091982175687,13.53557269031468,4482.583478332659,291486292123876130000,1851451.98039723
5,47.6,46349.223088002764,960825275401.9624,1,19.05354658078713,13.498775835835527,4470.22855949762,290071978427828200000,1837116.8035996566
5,47.7,46342.07679216005,958401217071.9105,1,19.15645071893626,13.46212000041243,4457.928589621832,288610184226298100000,1822878.0104677533
5,47.800000000000004,46335.25291124266,955892526597.4899,1,19.2596322331472,13.425606107254215,4445.683747227671,287101242042857460000,1808735.964263868
5,47.900000000000006,46328.74868258741,953299122119.7157,1,19.36309112580057,13.38923504061694,4433.494199168121,285545503106169080000,1794690.9917624935
5,48,46322.561349883676,950620929695.2765,1,19.466827396571478,13.35300764634783,4421.360100814081,283943337427924900000,1780743.3841292174
5,48.1,46316.688163575716,947857883471.7324,1,19.570841039619637,13.316924732432007,4409.281596242426,282295133882079700000,1766893.3977917004
5,48.2,46311.126381234266,945009925877.8505,1,19.67513205681935,13.280987069544658,4397.258818424631,280601300284897460000,1753141.2553078213
5,48.300000000000004,46305.87326792907,942077007830.2063,1,19.77970044719627,13.245195391606,4385.291889415844,278862263476076120000,1739487.1462264555
5,48.400000000000006,46300.92609657254,939059088955.3887,1,19.8845462110841,13.209550396340573,4373.380920544255,277078469400117900000,1725931.2279439634
5,48.5,46296.282148276456,935956137826.7821,1,19.989669350437563,13.1740527458375,4361.5260126006,275250383186890980000,1712473.626550795
5,48.6,46291.938712683506,932768132217.7928,1,20.095069860147117,13.138703067113902,4349.727256027691,273378489232012480000,1699114.4376723997
5,48.7,46287.8930883063,929495059369.3699,1,20.20074774211521,13.103501952678888,4337.984731109867,271463291275290020000,1685853.7272999908
5,48.800000000000004,46284.14258282166,926136916272.2765,1,20.306702994691438,13.068449961101074,4326.298508162205,269505312476987650000,1672691.5326169382
5,48.900000000000006,46280.6845133882,922693709964.7887,1,20.41293561568114,13.033547617574714,4314.668647719365,267505095491780180000,1659627.8628123768
5,49,46277.516206940636,919165457844.0745,1,20.51944560905688,12.99879541448718,4303.095200724009,265463202538833200000,1646662.6998871064
5,49.1,46274.63500047196,915552187991.6968,1,20.626232971164857,12.964193811986648,4291.578208714621,263380215467710600000,1633795.9994501749
5,49.2,46272.03824132029,911853939513.6251,1,20.73329769985684,12.929743238548495,4280.117704012662,261256735819757160000,1621027.6915038778
5,49.300000000000004,46269.72328742128,908070762893.2739,1,20.840639794319163,12.895444091542693,4268.713709908963,259093384883509330000,1608357.681221286
5,49.400000000000006,46267.687507580966,904202720357.9216,1,20.948259256534786,12.861296737798153,4257.366240849225,256890803743743440000,1595785.8497099418
5,49.5,46265.92828170583,900249886259.39,1,21.056156087096333,12.827301514167944,4246.075302618567,254649653324040930000,1583312.0547684003
5,49.6,46264.44300105423,896212347466.4684,1,21.164330282452344,12.793458728090776,4234.840892525016,252370614420809300000,1570936.1316284714
5,49.7,46263.229068469256,892090203771.8434,1,21.272781848085405,12.759768658151112,4223.662999581854,250054387729685870000,1558657.8936871898
5,49.800000000000004,46262.28389858641,887883568311.2615,1,21.381510774879658,12.726231554638105,4212.541604688771,247701693862373600000,1546477.1332291656
5,49.900000000000006,46261.604918061756,883592567996.9579,1,21.490517066968838,12.692847640099943,4201.4766808116865,245313273354381500000,1534393.6221341772
5,50,46261.18956576474,879217343963.7144,1,21.59980072715249,12.659617109897216,4190.46819316125,242889886662057160000,1522407.1125758933
5,50.1,46261.03529298026,874758052029.3159,1,21.70936174916589,12.62654013275192,4179.51609936988,240432314149191650000,1510517.337706804
5,50.2,46261.13956359215,870214863170.2053,1,21.81920013712644,12.593616851293822,4168.620349667307,237941356062896130000,1498724.0123322885
5,50.300000000000004,46261.49985426385,865587964011.1093,1,21.929315887577772,12.56084738260286,4157.780887054564,235417832497312600000,1487026.833571986
5,50.400000000000006,46262.11365461163,860877557331.3109,1,22.03970900266962,12.528231818747738,4146.997647476363,232862583345847300000,1475425.4815090224
5,50.5,46262.97846736666,856083862588.333,1,22.15037948178222,12.495770227320682,4136.270559991792,230276468241512070000,1463919.6198273282
5,50.6,46264.091808525845,851207116458.6381,1,22.261327324868088,12.463462651968207,4125.599546943296,227660366484302300000,1452508.8964370433
5,50.7,46265.45120751206,846247573399.2631,1,22.37255252916668,12.431309112916363,4114.9845241238845,225015176956830780000,1441192.9440859465
5,50.800000000000004,46267.05420730822,841205506230.139,1,22.484055096203623,12.39930960749267,4104.4254009425385,222341818027117770000,1429971.3809605048
5,50.900000000000006,46268.898364586756,836081206738.688,1,22.595835023888064,12.367464110643052,4093.922080587756,219641227438395850000,1418843.8112742882
5,51,46270.98124984279,830874986310.4275,1,22.70789231379826,12.335772575443182,4083.4744601892035,216914362186841400000,1407809.8258430709
5,51.1,46273.30044751521,825587176586.5885,1,22.820226965946848,12.304234933605114,4073.082430977437,214162198386619480000,1396869.0026481973
5,51.2,46275.85355608724,820218130149.883,1,22.93283898047253,12.272851095979583,4062.7458784416876,211385731121640400000,1386020.9073890124
5,51.300000000000004,46278.63818820845,814768221244.4606,1,23.045728356765256,12.241620953051155,4052.4646824856213,208585974285887800000,1375265.0940204414
5,51.400000000000006,46281.65197078977,809237846528.4542,1,23.158895092934927,12.210544375429304,4042.238717581118,205763960410101940000,1364601.1052804484
5,51.5,46284.89254509378,803627425865.583,1,23.27233918971356,12.179621214333773,4032.067852920003,202920740476689300000,1354028.4732052383
5,51.6,46288.35756682046,797937403156.3494,1,23.38606064936471,12.148851302074199,4021.9519525637115,200057383721551500000,1343546.7196323732
5,51.7,46292.04470619187,792168247211.8876,1,23.5000594692708,12.118234452523616,4011.8908755908715,197174977422728430000,1333155.356691516
5,51.800000000000004,46295.95164803229,786320452675.982,1,23.614335648904973,12.087770461586114,4001.8844762427993,194274626676849020000,1322853.8872833028
5,51.900000000000006,46300.07609182689,780394540993.8503,1,23.72888918921424,12.057459107659506,3991.9326040668852,191357454160791760000,1312641.805547934
5,52,46304.41575179156,774391061435.0254,1,23.843720089491832,12.027300152090994,3982.0351040578535,188424599880216120000,1302518.597320712
5,52.1,46308.96835693065,768310592169.134,1,23.95882835005971,11.99729333962716,3972.191816796878,185477220902247660000,1292483.7405766465
5,52.2,46313.73165109195,762153741399.6285,1,24.074213970489623,11.967438398857718,3962.402578588574,182516491072598700000,1282536.705863589
5,52.300000000000004,46318.70339301322,755921148555.907,1,24.189876950104857,11.937735042653335,3952.6672215958356,179543600715020730000,1272676.9567244016
5,52.400000000000006,46323.88135636039,749613485546.6846,1,24.305817291309097,11.908182968597417,3942.985573972525,176559756312078300000,1262903.950108344
5,52.5,46329.26332976576,743231458074.9476,1,24.422034993703598,11.878781859411351,3933.357459993993,173566180164932800000,1253217.1367710868
5,52.6,46334.847116869874,736775807015.8923,1,24.53853005534934,11.84953138337302,3923.78270018546,170564110030278160000,1243615.9616632375
5,52.7,46340.63053634204,730247309857.3618,1,24.655302479970228,11.82043119472999,3914.2611114482343,167554798731635560000,1234099.864309647
5,52.800000000000004,46346.6114219008,723646782202.434,1,24.772352258700767,11.791480934106188,3904.792507183787,164539513742274900000,1224668.2791778324
5,52.900000000000006,46352.78762234468,716975079332.4344,1,24.8896794002627,11.76268022890131,3895.376697415668,161519536736407320000,1215320.6360348344
5,53,46359.15700154845,710233097828.4354,1,25.007283898592345,11.734028693685763,3886.013488909287,158496163105254870000,1206056.360296416
5,53.1,46365.717438493855,703421777247.7903,1,25.125165761583016,11.705525930586925,3876.7026852895465,155470701434003300000,1196874.8733630257
5,53.2,46372.466827257536,696542101850.9021,1,25.243324983246097,11.677171529671465,3867.4440871563693,152444472935190300000,1187775.5929491336
5,53.300000000000004,46379.40307702776,689595102374.4065,1,25.361761566714158,11.648965069319294,3858.2374921980736,149418810834699850000,1178757.9334001371
5,53.400000000000006,46386.52411209326,682581857842.0311,1,25.480475510206062,11.620906116592739,3849.0826953026735,146395059704602800000,1169821.3060017377
5,53.5,46393.82787184324,675503497408.745,1,25.599466816139678,11.59299422759847,3839.9794886670547,143374574739295200000,1160965.1192787606
5,53.6,46401.312310756184,668361202225.9514,1,25.718735479851336,11.565228947843675,3830.9276619040893,140358720968318440000,1152188.7792853587
5,53.7,46408.97539839335,661156207321.8961,1,25.838281502311336,11.537609812585416,3821.9270021476564,137348872402444120000,1143491.6898855716
5,53.800000000000004,46416.81511936709,653889803482.942,1,25.958104884670917,11.510136347175143,3812.97729415563,134346411106428860000,1134873.2530267541
5,53.900000000000006,46424.82947333623,646563339126.6597,1,26.078205629968995,11.48280806739516,3804.0783204108034,131352726194654220000,1126332.8690018787
5,54,46433.01647497434,639178222152.3453,1,26.198583736415856,11.455624479790334,3795.229861219798,128369212744208920000,1117869.9367052673
5,54.1,46441.3741539577,631735921756.3956,1,26.319239207152687,11.428585081992393,3786.4316948099627,125397270621399060000,1109483.8538781723
5,54.2,46449.900554919615,624237970197.4949,1,26.440172037032735,11.401689363039932,3777.683597424292,122438303217367480000,1101174.0173485712
5,54.300000000000004,46458.5937374318,616685964496.5995,1,26.56138222912609,11.374936803690579,3768.9853434143606,119493716089295160000,1092939.8232606365
5,54.400000000000006,46467.45177595876,609081568056.8165,1,26.682869783080246,11.348326876728628,3760.3367053313095,116564915504503390000,1084780.6672982117
5,54.5,46476.472759837285,601426512187.1215,1,26.80463469863657,11.321859047265047,3751.7374540148912,113653306885163750000,1076695.9448985585
5,54.6,46485.65479321871,593722597512.8893,1,26.92667697680636,11.2955327730337,3743.187358680632,110760293151843430000,1068685.0514611686
5,54.7,46494.995995036326,585971695259.5177,1,27.04899661512003,11.269347504679972,3734.686187005056,107887272966273840000,1060747.3825471653
5,54.800000000000004,46504.49449895881,578175748389.6885,1,27.171593620345778,11.243302686044377,3726.2337052090766,105035638872474480000,1052882.3340724118
5,54.900000000000006,46514.14845334273,570336772582.6,1,27.294467986568936,11.217397754440293,3717.829678139517,102206775339219900000,1045089.3024935191
5,55,46523.95602118876,562456857036.6807,1,27.417619716149442,11.191632140925693,3709.4738693488166,99402056705192310000,1037367.6849865606
5,55.1,46533.91538007837,554538165084.2067,1,27.541048809661284,11.166005270570212,3701.166041172926,96622845031612280000,1029716.8796203589
5,55.2,46544.024722128175,546582934601.86346,1,27.664755267367866,11.140516562715556,3692.905954807418,93870487866401050000,1022136.2855218095
5,55.300000000000004,46554.28225393966,538593478206.07947,1,27.788739089037797,11.115165431230498,3684.693370381838,91146315926483680000,1014625.3030350662
5,55.400000000000006,46564.68619653303,530572183221.75604,1,27.913000274417463,11.089951284761321,3676.5280470323405,88451640705510920000,1007183.3338755036
5,55.5,46575.23478528764,522521511412.72266,1,28.037538824551195,11.064873526976296,3668.4097429725784,85787752014907310000,999809.7812769534
5,55.6,46585.926269887015,514443998467.2428,1,28.162354740576458,11.03993155680454,3660.3382155629315,83155915468490740000,992504.05013269
5,55.7,46596.75891424809,506342253228.7933,1,28.28744801879914,11.015124768670416,3652.3132213780586,80557369920412780000,985265.5471315534
5,55.800000000000004,46607.730996468104,498218956667.6636,1,28.412818665091727,10.990452552721646,3644.334516272807,77993324868427380000,978093.6808871855
5,55.900000000000006,46618.840808747336,490076860588.1572,1,28.53846667591704,10.965914295053587,3636.401855446511,75464957834597090000,970987.862063328
5,56,46630.0866573276,481918786068.52026,1,28.664392052235197,10.941509377927488,3628.5149935056993,72973411736586890000,963947.503492632
5,56.1,46641.46686242055,473747621631.9006,1,28.7905947938943,10.917237179984262,3620.6736845252276,70519792263238250000,956972.0202908729
5,56.2,46652.979758143425,465566321148.3742,1,28.917074902772413,10.893097076452843,3612.877682107871,68105165268719730000,950060.8299655619
5,56.300000000000004,46664.623692437075,457377901469.4219,1,29.043832379905425,10.869088439354622,3605.1267394423985,65730554199914480000,943213.3525206918
5,56.400000000000006,46676.397027001716,449185439797.29144,1,29.17086722650855,10.845210637702067,3597.4206093601556,63396937571870160000,936429.0105555332
5,56.5,46688.29813721962,440992070792.7753,1,29.298179438144984,10.821463037693261,3589.7590443901613,61105246506212450000,929707.2293595009
5,56.6,46700.32541208062,432800983427.41956,1,29.42576901882682,10.797845002901633,3582.141796812777,58856362347769940000,923047.4370023196
5,56.7,46712.47725410573,424615417584.5781,1,29.55363596893805,10.77435589446114,3574.568618711943,56651114373744410000,916449.0644198236
5,56.800000000000004,46724.75207927171,416438660417.83136,1,29.681780285523544,10.750995071246866,3567.039262026018,54490277610356810000,909911.545495389
5,56.900000000000006,46737.14831693005,408274042472.6211,1,29.8102019732869,10.72776189005145,3559.553478597251,52374570770513770000,903434.3171375472
5,57,46749.66440972872,400124933580.53656,1,29.938901033303214,10.70465570575695,3552.1110202198915,50304654326293820000,897016.8193533098
5,57.1,46762.298813531175,391994738531.6599,1,30.06787745841137,10.681675871502526,3544.711638686986,48281128728213890000,890658.4953177761
5,57.2,46775.04999735113,383886892533.73346,1,30.197131256203697,10.658821738847024,3537.35508583586,46304532783313764000,884358.7914389031
5,57.300000000000004,46787.9164432371,375804856461.44037,1,30.326662424310463,10.636092657930138,3530.0411135923455,44375342201885140000,878117.1574216693
5,57.400000000000006,46800.89664622489,367752111894.2429,1,30.456470966700312,10.613487977625658,3522.769474013711,42493968320808650000,871933.0463244638
5,57.5,46813.98911423702,359732155936.4972,1,30.58655688036782,10.591007045693683,3515.5399193303992,40660757009799900000,865805.9146152613
5,57.6,46827.19236800168,351748495794.6757,1,30.71692016585998,10.568649208927726,3508.352201986536,38875987762237250000,859735.2222231972
5,57.7,46840.50494097546,343804643067.1186,1,30.847560825049342,10.546413813297777,3501.2060746792595,37139872968299320000,853720.4325866883
5,57.800000000000004,46853.92537925113,335904107664.58624,1,30.978478857114265,10.524300204090299,3494.101290396888,35452557361249090000,847761.0126992686
5,57.900000000000006,46867.45224147849,328050391224.1712,1,31.109674264582807,10.50230772604378,3487.0376024559364,33814117618536444000,841856.4331515728
5,58,46881.08409877401,320246979801.7746,1,31.24114704734667,10.480435723481207,3480.014764537029,32224562088184558000,836006.1681710491
5,58.1,46894.81953463983,312497335519.3243,1,31.37289720445348,10.458683540438406,3473.0325307197013,30683830596655444000,830209.6956582383
5,58.2,46908.657144874334,304804886696.3484,1,31.504924735100392,10.43705052078929,3466.09065551614,29191794277309270000,824466.4972207798
5,58.300000000000004,46922.595537493005,297173015820.4694,1,31.637229643357756,10.415536008367075,3459.1888939038577,27748255341934543000,818776.0582041807
5,58.400000000000006,46936.633332626894,289605044503.08,1,31.769811926879242,10.394139347083286,3452.3270013573538,26352946701779513000,813137.8677212263
5,58.5,46950.76916245464,282104214352.89294,1,31.902671589011447,10.372859881041595,3445.5047338787404,25005531335154830000,807551.418677035
5,58.6,46965.00167110283,274673662513.82016,1,32.03580862671294,10.351696954650084,3438.7218480273987,23705601301327880000,802016.2077934832
5,58.7,46979.32951456029,267916609320.50162,1,32.16922304494999,10.330649912729573,3431.9781009486683,22553617745508536000,796531.7356305058
5,58.800000000000004,46993.751360593364,261682161108.2164,1,32.30291484057365,10.309718100618674,3425.2732504015653,21516180277732106000,791097.5066051115
5,58.900000000000006,47008.265888660215,255493454437.6057,1,32.43688401844283,10.289179838652716,3418.6070547855907,20510511707178020000,785738.2132083514
5,59,47022.871795245446,249352415862.14426,1,32.571130576882716,10.26896663115776,3411.9788509554055,19536380240222642000,780446.7387152343
5,59.1,47037.5677977968,243260815827.24823,1,32.70565451586254,10.248865505571601,3405.3880831821434,18593504650591138000,775203.2178674769
5,59.2,47052.3526290711,237220230566.93994,1,32.8404558323658,10.228875785120918,3398.834518722953,17681552150708695000,770007.180432064
5,59.300000000000004,47067.22503288835,231232003491.77295,1,32.97553453255969,10.20899679490318,3392.31792559344,16800136994796579000,764858.160093941
5,59.400000000000006,47082.183764037676,225297203553.8027,1,33.11089061358093,10.189227861952746,3385.8380725873476,15948819438524609000,759755.6944586725
5,59.5,47097.22758820746,219416582608.0513,1,33.24652407791091,10.169568315304279,3379.3947292955095,15127105378254617000,754699.32505241
5,59.6,47112.355281887576,213590534496.97473,1,33.382434926271834,10.150017486054493,3372.987666124122,14334447025767016000,749688.5973218525
5,59.7,47127.565632289276,207819059257.0423,1,33.51862315642871,10.130574707421301,3366.616654312285,13570244983022432000,744723.0606319078
5,59.800000000000004,47142.85743726138,202101736395.6301,1,33.65508877377746,10.111239314800997,3360.281465948895,12833852057207474000,739802.2682622647
5,59.900000000000006,47158.229505197145,196437711502.34866,1,33.791831778964635,10.09201064582346,3353.9818739888638,12124579090935128000,734925.7774031332
5,60,47173.680654961616,190825700449.32138,1,33.9288521683294,10.072888040405,3347.7176522686923,11441702973651614000,730093.1491487842
5,60.1,47189.20971580222,185264015013.08612,1,34.06614994381715,10.053870840799478,3341.4885755214145,10784476849027277000,725303.9484907405
5,60.2,47204.81552725937,179750612878.21222,1,34.20372510816826,10.03495839164754,3335.2944193909307,10152142348118639000,720557.7443098623
5,60.300000000000004,47220.496939086355,174283173665.98853,1,34.34157765632446,10.016150040023721,3329.1349604457214,9543943473532987000,715854.109366901
5,60.400000000000006,47236.25281116646,168859200934.1494,1,34.47970759446594,9.997445135481794,3323.009976191996,8959141554934501000,711192.6202921919
5,60.5,47252.08201342635,163476148142.30954,1,34.61811492522741,9.978843030098362,3316.91924508625,8397030514101081000,706572.8575745389
5,60.6,47267.98342575412,158131564542.4715,1,34.756799643735455,9.9603430785146,3310.862546547272,7856951541386732000,701994.4055489466
5,60.7,47283.955937922,152823255034.9318,1,34.89576175184019,9.94194463797618,3304.8396609675974,7338306215418607000,697456.8523832759
5,60.800000000000004,47299.99844949506,147549446433.63818,1,35.03500125233198,9.92364706837181,3298.8503697244455,6840567109198686000,692959.7900646755
5,60.900000000000006,47316.10986975115,142308951487.31912,1,35.17451814501372,9.905449732269869,3292.894455190116,6363285024545292000,688502.8143846871
5,61,47332.28911760077,137101321539.11139,1,35.31431242977886,9.887351994953478,3286.9717007418917,5906092180197840000,684085.5249236109
5,61.1,47348.53512150794,131926978938.52686,1,35.454384108723595,9.869353224453983,3281.081890771445,5468700933359531000,679707.5250340834
5,61.2,47364.84681940079,126787321236.46112,1,35.59473318386012,9.851452791583108,3275.2248106937623,5050897918303613000,675368.4218244163
5,61.300000000000004,47381.223158597015,121684790713.7196,1,35.73535964872545,9.833650069963324,3269.400246955594,4652533810878408000,671067.8261406275
5,61.400000000000006,47397.663095729426,116622904773.54688,1,35.876263509504234,9.815944436056801,3263.607987043454,4273509243438249000,666805.3525478399
5,61.5,47414.16559665091,111606244991.90991,1,36.01744477024292,9.798335269193327,3257.847819491178,3913757671343993000,662580.6193119916
5,61.6,47430.729636357166,106640404964.13683,1,36.15890342466234,9.780821951596463,3252.119533887029,3573226203920926000,658393.2483801956
5,61.7,47447.354198924266,101731899330.6417,1,36.30063948018992,9.76340386840817,3246.422920880395,3251855542128356000,654242.8653599572
5,61.800000000000004,47464.0382774109,96888038338.1815,1,36.44265293342714,9.74608040771272,3240.757772188072,2949560202694948000,650129.0994993896
5,61.900000000000006,47480.78087378759,92116773879.24281,1,36.58494378552843,9.728850960558844,3235.1238806001443,2666210155191654000,646051.583665814
5,62,47497.58099885844,87426524068.84918,1,36.72751203999678,9.71171492098082,3229.5210399854755,2401614863593007000,642009.9543242373
5,62.1,47514.43767218292,82825984037.74312,1,36.87035769118398,9.694671686018275,3223.949045296816,2155510524157823000,638003.8515154016
5,62.2,47531.349922003224,78323930755.60297,1,37.013480744507106,9.677720655734797,3218.407692575544,1927551048296140300,634032.9188332242
5,62.300000000000004,47548.316785154864,73929029395.68347,1,37.15688120060268,9.66086123323563,3212.8967789560475,1717303075939729400,630096.803402566
5,62.400000000000006,47565.337307001464,69649648083.74892,1,37.300559058759944,9.644092824683861,3207.416102669753,1524245044549706800,626195.1558556384
5,62.5,47582.41054136306,65493686928.53686,1,37.44451432229183,9.627414839315632,3201.9654630488126,1347770101407179500,622327.630308399
5,62.6,47599.53555042483,61468426100.1137,1,37.58874699254727,9.610826689454633,3196.5446605294687,1187192447783697000,618493.8843374269
5,62.7,47616.711404672824,57580396496.12108,1,37.733257065948315,9.5943277905251,3191.153496655085,1041756553237448000,614693.5789554215
5,62.800000000000004,47633.93718282599,53835275294.94724,1,37.87804454660762,9.577917561063867,3185.791774078868,910648581374637200,610926.3785866298
5,62.900000000000006,47651.2119717421,50237807509.90692,1,38.023109432419126,9.56159542273194,3180.459296566299,793009324689962600,607191.9510430568
5,63,47668.53486637026,46791753578.5136,1,38.16845172673814,9.545360800324245,3175.155868997239,687947950809929700,603489.967498635
5,63.1,47685.904969653115,43499862090.0031,1,38.314071430163885,9.52921312177942,3169.8812973677864,594555908170560500,599820.1024651795
5,63.2,47703.32139247097,40363865987.2938,1,38.45996854467739,9.513151818187911,3164.6353887918203,511920416043386240,596182.0337665133
5,63.300000000000004,47720.7832535645,37384499993.58469,1,38.606143067565874,9.4971763237996,3159.4179515022934,439137061901038600,592575.4425132876
5,63.400000000000006,47738.28967946675,34561536600.873276,1,38.75259500207778,9.481286076030454,3154.228794852256,375321138232128500,589000.0130773021
5,63.5,47755.83980442025,31893837709.798443,1,38.89932434826381,9.465480515468593,3149.0677293156355,319617462284409900,585455.4330662596
5,63.6,47773.43277032394,29379418910.16525,1,39.046331106060215,9.449759085879016,3143.934566487741,271208528496046460,581941.3932972775
5,63.7,47791.06772665214,27015523416.485916,1,39.193615280131176,9.434121234208094,3138.8291190855603,229320939021157540,578457.5877713904
5,63.800000000000004,47808.74383037817,24798702801.154858,1,39.34117687053448,9.418566410587212,3133.751200947809,193230139150244130,575003.7136477552
5,63.900000000000006,47826.46024593152,22724901874.794018,1,39.48901587298743,9.40309406833507,3128.7006270347397,162263549609097500,571579.4712165764
5,64,47844.21614510752,20789545326.71314,1,39.637132291602825,9.387703663960181,3123.677213427766,135802236248076940,568184.5638737336
5,64.10000000000001,47862.01070700027,18987624037.34878,1,39.78552612984995,9.372394657162204,3118.680777328851,113281290218141740,564818.6980945129
5,64.2,47879.84311794303,17313779291.287266,1,39.934197384802836,9.357166510832526,3113.7111370596926,94189109939028420,561481.5834070205
5,64.3,47897.71257143654,15762383438.272898,1,40.08314605500472,9.342018691054395,3108.76811206071,78065782085716500,558172.9323660466
5,64.4,47915.6182680903,14327615859.108843,1,40.23237214736544,9.326950667102203,3103.8515228898436,64500754818772850,554892.4605264423
5,64.5,47933.55941554159,13003533383.385588,1,40.38187566254563,9.311961911440582,3098.961191221169,53129984943037624,551639.886417318
5,64.60000000000001,47951.53522840608,11784134571.002737,1,40.531656595748466,9.297051899722318,3094.0969398433167,43632723872184240,548414.9315151187
5,64.7,47969.544928209856,10663417504.640318,1,40.68171495362712,9.28222011078607,3089.2585926577353,35728087213529990,545217.3202173997
5,64.8,47987.58774331678,9635430943.753769,0,2.0035628402281116,9.267466026653596,3084.4459746767775,29171531180079700,542046.7798167933
5,64.9,48005.66290887073,8694317920.700243,0,1.6355089888340635,9.252881170926967,3079.658912021617,23751332116210612,538908.7121817037
5,65,48023.76966792438,7834353393.278659,0,0.6914606109730242,9.238574334449845,3074.8971328908046,19285160369780140,535809.4526756092
5,65.10000000000001,48041.90727395564,7049978751.316266,0,0.8565367908037006,9.224342300686635,3070.1602505289325,15616818214440422,532736.1231466597
5,65.2,48060.074989556335,6335827240.315704,0,0.9822042813245558,9.210184568467556,3065.448098130445,12613150928131114,529688.467318611
5,65.3,48078.27208372671,5686744557.194457,0,1.01332329111849,9.196100639832721,3060.760509958144,10161185508504224,526666.2316109691
5,65.4,48096.497831815854,5097804464.153812,0,1.1253129803744581,9.182090020023702,3056.09732134038,8165509444662144,523669.16511361056
5,65.5,48114.75151546672,4564319915.723713,0,0.9315906438419026,9.168152217474645,3051.4583686680958,6545895870368488,520697.01956130314
5,65.60000000000001,48133.03242255375,4081850193.4029813,0,0.7265905677041959,9.154286743803091,3046.843489391771,5235173297270849,517749.54930861556
5,65.7,48151.33984712325,3646204531.1757607,0,0.5189834196345164,9.140493113800423,3042.2525220182442,4177331989623831.5,514826.5113048222
5,65.8,48169.67308934312,3253442696.271664,0,0.2365948071529909,9.126770845421976,3037.685306107419,3325854628659673,511927.6650686303
5,65.9,48188.03145543765,2899872964.4588895,0,0.3632596100019479,9.113119459776883,3033.141682268884,2642255952993383.5,509052.7726635184
5,66,48206.41425763443,2582047900.0710015,0,0.5544429211083183,9.09953848111753,3028.621492158406,2094814292274074,506201.5986728024
5,66.10000000000001,48224.82081410568,2296758318.8937306,0,0.7083818643986917,9.086027436828784,3024.1245784743423,1657477093281446.5,503373.91017501417
5,66.2,48243.25044891611,2041025778.6670976,0,1.0092904580587587,9.072585857416907,3019.6507849539526,1308922457067300,500569.4767192095
5,66.3,48261.70249197353,1812093908.1309397,0,0.4956674394624157,9.059213276498207,3015.1999563696186,1031759175210233.8,497788.07030034164
5,66.4,48280.176278956234,1607418852.0487077,0,0.33117888597669387,9.045909230787446,3010.77193852499,811848614609288.8,495029.46533549286
5,66.5,48298.67115127761,1424659077.2092688,0,0.40162804719201484,9.03267326008593,3006.3665782510193,637732922932678.1,492293.43863909325
5,66.60000000000001,48317.18645602092,1261664753.5466738,0,0.3241108645295245,9.019504907269473,3001.983723401951,500155305550721.8,489579.76939923107
5,66.7,48335.721545889974,1116466895.4271839,0,0.5297266388152428,9.006403718276008,2997.623222851206,391659476799714.7,486888.23915361456
5,66.8,48354.27577915788,987266421.1771215,0,0.47534819357341723,8.993369242093054,2993.2849264872048,306256751134055.94,484218.63176575257
5,66.9,48372.848519613035,872423264.1832474,0,0.2871593525379344,8.980401030744957,2988.9686852091227,239150567060546.8,481570.7334013888
5,67,48391.43913650699,770445646.3916636,0,0.250879394968846,8.967498639279924,2984.6743509225726,186509496532212.78,478944.33250503405
5,67.10000000000001,48410.04700449854,679979604.7535408,0,0.12111742800042,8.954661625756854,2980.401776535226,145280963811789.97,476339.2197767874
5,67.2,48428.6715036137,599798843.1584299,0,0.3405364066338567,8.941889551231986,2976.1508159523646,113038968673161.4,473755.18814883224
5,67.3,48447.31201918516,528794966.3934448,0,0.4147169060321834,8.929181979745401,2971.921324072389,87860073817082.42,471192.0327627379
5,67.4,48465.96794181317,465968138.7542459,0,0.41545493713408593,8.916538478307325,2967.7131567822616,68222775424668.71,468649.5509462938
5,67.5,48484.638667302206,410418197.7863957,0,0.6131914226508837,8.903958616884282,2963.5261709528963,52926132155763.09,466127.5421912178
5,67.60000000000001,48503.32359662186,361336243.2709943,0,0.32199761827070333,8.891441968385099,2959.360224434501,41024187543377.88,463625.8081303453
5,67.7,48522.02213585656,317996712.714882,0,0.15372303663623657,8.87898810864676,2955.2151760518686,31773290970555.008,461144.1525153189
5,67.8,48540.73369615059,279749947.19358474,0,0.08043351818363002,8.866596616420154,2951.0908855996336,24589911481237.168,458682.3811945931
5,67.9,48559.45769367367,246015245.22572115,0,0.21004951469816102,8.854267073355613,2946.9872138374617,19016955054420.43,456240.30209102645
5,68,48578.19354955852,216274397.30980197,0,0.2784617377089252,8.84199906398845,2942.9040224852306,14696948075705.598,453817.725180458
5,68.10000000000001,48596.94068986736,190065689.68748796,0,0.286854561542314,8.829792175724263,2938.8411742181447,11350745615741.873,451414.46246965206
5,68.2,48615.69854553696,166978362.66586077,0,0.2663121795550697,8.817645998824215,2934.798532661831,8760670278846.404,449030.32797502604
5,68.3,48634.4665523367,146647506.33424145,0,0.2140221469748912,8.805560126390178,2930.775962387397,6757192693240.883,446665.13770119334
5,68.4,48653.24415082112,128749374.62786,0,0.16818615892551933,8.793534154349766,2926.77332890645,5208434361226.637,444318.70961986046
5,68.5,48672.03078628518,112997097.32776625,0,0.22852802289281424,8.781567681441313,2922.7904986660947,4011913066966.654,441990.86364882585
5,68.60000000000001,48690.82590872329,99136768.65593801,0,0.2772147026384847,8.769660309198745,2918.8273390439,3088065169971.191,439681.42163105553
5,68.7,48709.62897277437,86943890.56154403,0,0.2751829587037643,8.757811641936396,2914.8837183428445,2375172077664.9365,437390.20731434907
5,68.8,48728.43943769205,76220148.52994405,0,0.39322554045592606,8.7460212867337,2910.959505786223,1825393586950.4617,435117.0463304852
5,68.9,48747.25676729344,66790497.7394512,0,0.19528951716472917,8.7342888534199,2907.054571512553,1401671680225.7651,432861.76617515396
5,69,48766.080429912545,58500537.596514285,0,0.0674916978332342,8.722613954558616,2903.168786570445,1075317350020.6969,430624.1961879436
5,69.10000000000001,48784.90989836678,51214153.06837311,0,0.1548380312041737,8.710996205432393,2899.302022913453,824132287811.9375,428404.1675321614
5,69.2,48803.744649908505,44811401.77853442,0,0.25348739215377675,8.699435224027216,2895.454153394925,630948624852.5465,426201.513175254
5,69.3,48822.58416618593,39186626.50891661,0,0.322973376252993,8.687930631016927,2891.6250517628155,482494863323.4918,424016.0678691546
5,69.4,48841.42793320306,34246773.55020048,0,0.3329504275128469,8.676482049747658,2887.814592654501,368515927519.6806,421847.6681308561
5,69.5,48860.27544127032,29909898.232525747,0,0.29260366979588404,8.665089106222187,2884.022651591579,281090915277.33606,419696.1522234043
5,69.60000000000001,48879.126184979454,26103839.94206811,0,0.2546491688175419,8.653751429084274,2880.2491049746495,214104470114.46927,417561.36013645265
5,69.7,48897.97966314573,22765049.96489579,0,0.23327392418100976,8.642468649602977,2876.4938300780987,162837398182.2222,415443.1335678559
5,69.8,48916.835378782824,19837556.57652029,0,0.2005497150801322,8.63124040165693,2872.756705044863,123649765100.45874,413341.31590459606
5,69.9,48935.6928390488,17272052.903405495,0,0.10826866510470613,8.620066321718618,2869.0376088811954,93735663537.44875,411255.75220464554
5,70,48954.551555225626,15025094.19681308,0,0.17184315741584782,8.608946048838604,2865.336421451419,70933492879.57523,409186.2891781571
5,70.10000000000001,48973.41104266327,13058392.268929888,0,0.1812091476431674,8.597879224629787,2861.653023472685,53579216670.458496,407132.77516974165
5,70.2,48992.27082074992,11338195.927966112,0,0.31968068311495373,8.586865493251626,2857.987296509721,40392883213.04018,405095.0601402647
5,70.3,49011.13041287474,9834747.30238714,0,0.30720205053896416,8.575904501394353,2854.3391229695803,30390885189.615105,403072.99036803504
5,70.4,49029.98934638966,8521804.946117183,0,0.14379112405592598,8.564995898544009,2850.708386189849,22818133564.757042,401066.42071750935
5,70.5,49048.84715256188,7376225.575509218,0,0.1493019298338445,8.554139336595684,2847.094970309925,17095638198.459887,399075.20960344205
5,70.60000000000001,49067.70336654782,6377597.176798235,0,0.08881883978511426,8.543334469731537,2843.4987602304172,12780007493.328741,397099.2132732455
5,70.7,49086.55752735678,5507917.046047633,0,0.11566996372301676,8.532580954601482,2839.9196416732816,9532168713.7668,395138.2895032803
5,70.8,49105.40917781368,4751309.083482587,0,0.15452395374961714,8.521878450307415,2836.3575011765756,7093221230.838949,393192.2975819446
5,70.9,49124.257864520885,4093775.352752861,0,0.14625926433453093,8.511226618387509,2832.8122260892255,5265807185.393781,391261.09829295176
5,71,49143.10313782655,3522977.538055511,0,0.22032028507197535,8.500625122800452,2829.2837045657866,3899749286.808143,389344.5538986368
5,71.10000000000001,49161.944551784545,3028044.4892414007,0,0.20202830887111392,8.490073629909787,2825.7718255612267,2880987953.4772,387442.52812362916
5,71.2,49180.78166412469,2599402.5408353913,0,0.13147328149939708,8.479571808468206,2822.276478825699,2123068550.8808618,385554.88613847585
5,71.3,49199.614036219195,2228625.7279818933,0,0.20513270535951775,8.469119329601895,2818.7975548993336,1560598620.2816496,383681.4945435031
5,71.4,49218.441233040765,1908303.4072711263,0,0.23680068456568046,8.458715866794932,2815.3349451070435,1144225943.251015,381822.22135307937
5,71.5,49237.26282314025,1631923.1249221624,0,0.36111545654245486,8.448361095873674,2811.8885415533273,836789711.9759579,379976.9359795694
5,71.60000000000001,49256.07837860193,1393766.8666163937,0,0.334584278800281,8.43805469499118,2808.458237117087,610375665.7249373,378145.5092179871
5,71.7,49274.887475023046,1188819.0742856695,0,0.16485549476566244,8.427796344611718,2805.043925446467,444066966.819211,376327.81323026755
5,71.8,49293.68969146814,1012685.0321117367,0,0.11113159394871527,8.41758572749524,2801.6455009536935,322229814.2010521,374523.72153027746
5,71.9,49312.48461044207,861518.4094358449,0,0.0611586135002785,8.407422528681952,2798.2628588099324,233209406.23652118,372733.108968572
5,72,49331.27181786671,731956.9074410219,0,0.1056743126052417,8.397306435476864,2794.8958949401513,168340249.3146823,370955.8517172257
5,72.10000000000001,49350.0509030316,621065.09168958,0,0.12364589815953417,8.387237137434475,2791.5445060180195,121196806.89392282,369191.8272554382
5,72.2,49368.821458580904,526283.6091767827,0,0.16437778522306945,8.377214326343392,2788.2085894607912,87027523.99060868,367440.914354467
5,72.3,49387.58308046404,445384.08645512874,0,0.22834415041768547,8.367237696211097,2784.888043424233,62328450.48342152,365702.9930635555
5,72.4,49406.335367925465,376429.0903149477,0,0.16133872506486824,8.357306943248673,2781.582766797542,44522884.71783598,363977.9446951252
5,72.5,49425.077923455276,317736.6049280527,0,0.09343672778337529,8.347421765855646,2778.2926591983,31721333.82717848,362265.6518110343
5,72.60000000000001,49443.810352773406,267848.5407308407,0,0.1369382682270812,8.337581864604857,2775.0176209674382,22542158.971562706,360565.99820821907
5,72.7,49462.53226478584,225502.84480629864,0,0.2147512367668257,8.327786942227371,2771.757553164216,15977947.469867377,358878.8689051373
5,72.8,49481.24327157345,189608.82821984912,0,0.33055252933005913,8.318036703597459,2768.5123575612183,11296243.55546984,357204.1501276291
5,72.9,49499.94298833888,159225.36682201357,0,0.27410835857268123,8.308330855717633,2765.281936639382,7966021.149117794,355541.7292958744
5,73,49518.63103340287,133541.66717734828,0,0.13379648661520208,8.298669107703725,2762.0661935830212,5603385.817121416,353891.49501040514
5,73.10000000000001,49537.30702815764,111860.32113049246,0,0.07022843598490201,8.289051170770042,2758.865032274893,3931597.610746854,352253.33703922364
5,73.2,49555.970597044565,93582.39993396415,0,0.13260776627594711,8.279476758214566,2755.6783572912686,2751726.688575445,350627.146304535
5,73.3,49574.6213675281,78194.36415777802,0,0.14907700238333405,8.269945585404237,2752.506073897035,1921179.058051993,349012.81486971496
5,73.4,49593.25897006225,65256.587936894866,0,0.20494980065583254,8.260457369760262,2749.3480880408065,1338029.421850288,347410.23592658737
5,73.5,49611.88303807564,54393.31596700138,0,0.20131801321043966,8.251011830743504,2746.204306350061,929625.4607721339,345819.3037824484
5,73.60000000000001,49630.49320792314,45283.890618048186,0,0.25485615886161933,8.241608689839971,2743.0746361263095,644324.1423141699,344239.9138479647
5,73.7,49649.08911888115,37655.1021258425,0,0.2112892001598049,8.232247670546297,2739.9589853402654,445517.32629437634,342671.9626242628
5,73.8,49667.67041310575,31274.530908649635,0,0.11371677810034873,8.222928498355355,2736.857262627055,307325.4651791173,341115.3476909808
5,73.9,49686.23673561122,25944.763849447434,0,0.11995458850879089,8.213650900741897,2733.7693772814387,211502.92753838203,339569.9676940059
5,74,49704.78773424961,21498.379584428152,0,0.1466334448308895,8.204414607148276,2730.695239253057,145220.65535910742,338035.7223333497
5,74.10000000000001,49723.32305967156,17793.6084018557,0,0.2579007471427148,8.195219348970248,2727.6347591417075,99482.111799393,336512.5123515456
5,74.2,49741.84236531146,14710.58340071901,0,0.22285354179867298,8.18606485954281,2724.5878481926293,67994.96147672643,335000.2395216855
5,74.3,49760.3453073632,12148.108213318805,0,0.11169915174336342,8.176950874126145,2721.554418291826,46369.695362498984,333498.80663578183
5,74.4,49778.831544747576,10020.875290709038,0,0.12223223396165375,8.167877129891613,2718.5343819614036,31552.098838236532,332008.1174934435
5,74.5,49797.30073908903,8257.07669377347,0,0.18339494253013608,8.158843365907828,2715.5276523549346,21422.471603414233,330528.0768904988
5,74.60000000000001,49815.752554696985,6796.35522881166,0,0.21542326211199328,8.14984932312679,2712.5341432528453,14513.397146628695,329058.5906076442
5,74.7,49834.18665853143,5588.051251396505,0,0.2515365665473553,8.140894744370115,2709.5537690578276,9811.55178085723,327599.5653995589
5,74.8,49852.602720193565,4589.704683265698,0,0.2572441949573246,8.131979374315302,2706.5864447902745,6618.909208536247,326150.90898363903
5,74.9,49871.00041188765,3765.7776284901447,0,0.28384677751255905,8.123102959482113,2703.6320860837427,4455.806073071017,324712.53002944076
5,75,49889.3794084033,3086.5670010498816,0,0.2240277042140917,8.114265248218999,2700.6906091804362,2993.4248280494835,323284.3381478456
5,75.10000000000001,49907.73938708659,2527.280213685605,0,0.1437674075864833,8.105465990689614,2697.761930926717,2006.89076001892,321866.2438805661
5,75.2,49926.08002783079,2067.2515524261603,0,0.07810464532672796,8.096704938859393,2694.8459687686377,1342.7760682923931,320458.15868939954
5,75.3,49944.40101304185,1689.2778071819444,0,0.11630312590758128,8.08798184648222,2691.9426407475066,896.6420290802769,319059.9949460976
5,75.4,49962.70202761516,1379.0571443237855,0,0.1962685381918243,8.079296469087156,2689.051865495467,597.5599248202,317671.6659221439
5,75.5,49980.98275892064,1124.7150014310828,0,0.29776936364053114,8.070648563965248,2686.1735622311085,397.4677666202505,316293.0857784806
5,75.60000000000001,49999.24289677385,916.4048670729735,0,0.1986171690753983,8.062037890156434,2683.307650755108,263.87103047819977,314924.16955564247
5,75.7,50017.48213341646,745.9721810563452,0,0.13986384193055942,8.053464208436488,2680.4540514458863,174.84861754789836,313565.0746139785
5,75.8,50035.700163543224,606.6718621733853,0,0.05638548615013983,8.04492726846101,2677.6126809807083,115.64440980783958,312215.4828184584
5,75.9,50053.896684286185,492.9316695812448,0,0.12497046320782919,8.03642683403796,2674.783460747203,76.34671963735443,310875.3012758288
5,76,50072.07139513176,400.1538248241722,0,0.12606931710603114,8.027962671230624,2671.9663128836473,50.311919139719066,309544.44850032637
5,76.10000000000001,50090.22399791889,324.5489256575572,0,0.19243522573507046,8.01953454778515,2669.161160088427,33.09613585473365,308222.843836407
5,76.2,50108.354196789674,262.9978958455611,0,0.22182108926145724,8.01114223311794,2666.367925615842,21.733090408812558,306910.4074499781
5,76.3,50126.461698194034,212.93583789598014,0,0.13369992782824888,8.002785498303053,2663.586533271917,14.246705958224181,305607.0603186958
5,76.4,50144.54621085152,172.25643691532863,0,0.14378141572145406,7.994464116059765,2660.816907410255,9.323261344814233,304312.72422320023
5,76.5,50162.607445742935,139.23174640583025,0,0.11272395801754498,7.986177860740123,2658.0589729279013,6.091068451275437,303027.32173788414
5,76.60000000000001,50180.645116084255,112.44570669341806,0,0.09417592947010105,7.97792650831666,2655.3126552612493,3.9728548241030732,301750.7762221185
5,76.7,50198.65893730987,90.73920366104677,0,0.19372480730704958,7.969709836370123,2652.577880381959,2.5870621732466987,300483.01181139256
5,76.80000000000001,50216.648627045564,73.16448438239762,0,0.318691278063814,7.961527624077318,2649.85457479291,1.6819673903944476,299223.95340876916
5,76.9,50234.61390510574,58.94746291293344,0,0.18221916169907984,7.953379652199012,2647.1426655241767,1.091810268894759,297973.52667597885
5,77,50252.55449345056,47.45641891821934,0,0.10038606755789153,7.945265703067936,2644.4420801290325,0.7076310240731744,296731.6580253733
5,77.10000000000001,50270.47011618409,38.17643465631131,0,0.03406642504867565,7.937185560576814,2641.7527466799684,0.45793904303266797,295498.27461121004
5,77.2,50288.360499533825,30.6883408722149,0,0.08717576368832061,7.929139010166536,2639.074593764755,0.2959128043947954,294273.30432139296
5,77.30000000000001,50306.225371829234,24.65098170025193,0,0.09914861818698366,7.92112583881437,2636.407550482518,0.19093492612638033,293056.6757693267
5,77.4,50324.064463480376,19.787103775611346,0,0.1577888380719115,7.9131458350222665,2633.7515464398493,0.12302160872377141,291848.31828587246
5,77.5,50341.87750695739,15.871836336939282,0,0.18872295220356297,7.9051987888052215,2631.106511746929,0.07915371304086717,290648.16191137495
5,77.60000000000001,50359.664236785844,12.722468079307927,0,0.11344624275209629,7.897284491679732,2628.4723770136866,0.05085804698956348,289456.1373875103
5,77.7,50377.424389516,10.191103491399998,0,0.14141526645332722,7.8894027366523405,2625.8490733459876,0.03263317746490841,288272.17614969594
5,77.80000000000001,50395.15770371165,8.158033950828099,0,0.11924730657067684,7.881553318208222,2623.236532341833,0.02091163334833858,287096.2103192459
5,77.9,50412.863919924945,6.526308690979868,0,0.07094617654359964,7.873736032299884,2620.6346860876006,0.013382959466639465,285928.1726958631
5,78,50430.54278069362,5.217609660706307,0,0.16377398525444933,7.865950676335926,2618.0434671543026,0.00855382005976709,284767.9967498361
5,78.10000000000001,50448.19403050095,4.168795669222682,0,0.2691243676353532,7.858197049169876,2615.46280859387,0.005460572239715636,283615.6166149829
5,78.2,50465.81741578318,3.3287707193672547,0,0.16451958463393443,7.8504749510891045,2612.892643935463,0.0034816467418718887,282470.96708083706
5,78.30000000000001,50483.412684900686,2.656445799288969,0,0.12735508330260226,7.8427841838038175,2610.332907181809,0.0022172714111529774,281333.98358558555
5,78.4,50500.97958811093,2.118678983867688,0,0.09013484079001408,7.835124550436133,2607.783532805563,0.0014104160980443045,280204.60220903537
5,78.5,50518.5178775806,1.6888262584930558,0,0.156992282862099,7.827495855509203,2605.244455745692,0.0008961627432949985,279082.7596650045
5,78.60000000000001,50536.02730733808,1.3454839535499796,0,0.15763152360353572,7.819897904936462,2602.7156114038926,0.0005688188556080187,277968.3932948267
5,78.7,50553.50763327535,1.0713456306382103,0,0.16094802590432206,7.812330506010909,2600.1969356410254,0.0003606418684307609,276861.4410600894
5,78.80000000000001,50570.95861312747,0.852628312101125,0,0.17822926371198045,7.804793467394468,2597.6883647735744,0.0002284212154430902,275761.84153583617
5,78.9,50588.38000645861,0.6782048616291089,0,0.1564292528726781,7.7972865991074425,2595.1898355701355,0.000144523588402188,274669.5339037516
5,79,50605.77157464251,0.5392469903512529,0,0.10902662365911758,7.789809712518054,2592.701285247936,0.00009136763818205903,273584.4579455144
5,79.10000000000001,50623.13308084756,0.42846456684651535,0,0.07255894304423553,7.782362620332018,2590.222651469364,0.00005768285716633713,272506.55403615447
5,79.2,50640.46429002471,0.34038059249169805,0,0.08125339877226202,7.774945136582212,2587.7538723385305,0.00003640378315459923,271435.76313744945
5,79.30000000000001,50657.764968889765,0.27024428318363486,0,0.09227664779848929,7.767557076618428,2585.2948863978586,0.00002294721422376159,270372.026791482
5,79.4,50675.03488590848,0.21443156294941065,0,0.20458660751382532,7.760198257097184,2582.845632624692,0.000014447555154705801,269315.2871142439
5,79.5,50692.27381128259,0.17010832607461918,0,0.07378817524431114,7.752868495971632,2580.4060504279355,0.000009092181171059543,268265.4867892942
5,79.60000000000001,50709.48151693307,0.13491940020242085,0,0.10154887276900251,7.745567612481505,2577.976079644711,0.0000057196011205155586,267222.56906153756
5,79.7,50726.65777648613,0.1068813799047801,0,0.14799895708674887,7.738295427143151,2575.5556605370384,0.000003589393262504224,266186.47773104074
5,79.80000000000001,50743.802365258336,0.08471369965468158,0,0.20369317794561084,7.731051761739659,2573.1447337885506,0.000002254884164330724,265157.1571469315
5,79.9,50760.915060248226,0.06712377450381617,0,0.219442242421437,7.723836439311037,2570.7432405012237,0.0000014156949355263096,264134.5522012696
5,80,50777.99564011581,0.05312893345389314,0,0.23045152718834824,7.716649284144458,2568.3511221921303,0.0000008869091476698622,263118.60832318803
5,80.10000000000001,50795.04388516676,0.042042935883684684,0,0.2306517588337785,7.709490121764597,2565.9683207902253,0.000000555396335367097,262109.27147302983
5,80.2,50812.05957734119,0.03330827729065743,0,0.22111534737518093,7.70235877892402,2563.594778633143,0.0000003485951029866191,261106.48813647917
5,80.30000000000001,50829.04250019975,0.02633936544746103,0,0.19032368716154852,7.6952550835936515,2561.2304384640297,0.00000021798547430540596,260110.20531881062
5,80.4,50845.992438915186,0.020848101542140243,0,0.1570293963105354,7.688178864953323,2558.8752434283933,0.0000001365683197619096,259120.37053911787
5,80.5,50862.90918024443,0.016365988821768467,0,0.11255985560735325,7.681129953382371,2556.5291370709765,0.00000008415916915537224,258136.93182492506
5,80.60000000000001,50879.792512539774,0.012986173945074066,0,0.034349711293939086,7.674108180450317,2554.192063332654,0.000000052988224847669323,257159.83770623774
5,80.7,50896.64222570509,0.010287294205487284,0,0.10179849493393003,7.66711337890763,2551.8639665473584,0.00000003325211391629566,256189.03721054737
5,80.80000000000001,50913.458111209795,0.008071474992876538,0,0.20960608471956502,7.660145382676524,2549.5447914390165,0.000000020470231306289147,255224.47985696595
5,80.9,50930.23996205442,0.006331959532532202,0,0.17418790386839683,7.653204026841862,2547.234483118523,0.000000012597756224307718,254266.11565121607
5,81,50946.987572778016,0.004966619846720158,0,0.1447007508592902,7.646289147642098,2544.9329870807246,0.00000000775066164575135,253313.89508000552
5,81.10000000000001,50963.70073942561,0.004011561746597058,0,0.1871439432277016,7.639400582460306,2542.6402492014354,0.000000005056428861496156,252367.76910610378
5,81.2,50980.379259550944,0.003145745964124643,0,0.1783894951908299,7.632538169815279,2540.3562157344727,0.000000003109311514204765,251427.68916293132
5,81.30000000000001,50997.022932196036,0.002540222512171931,0,0.1363585671469795,7.625701749352668,2538.080833308709,0.000000002027498119236395,250493.60714956638
5,81.4,51013.63155788183,0.0019915234598807457,0,0.13447492714869086,7.61919728387589,2535.8140489251596,0.0000000012462001303296286,249575.32034309875
5,81.5,51030.204940618016,0.0016078472058776697,0,0.13633898671272746,7.612783466035523,2533.555636766287,0.0000000008122813640429007,248664.93015545767
5,81.60000000000001,51046.74288830906,0.0012603101340647564,0,0.17234800174871978,7.606393120755337,2531.305508925419,0.0000000004990818723738842,247760.2226889189
5,81.7,51063.2452106867,0.0009192649340418478,0,0.1694134992606633,7.600026100344545,2529.0636158651505,0.00000000026552066487875987,246861.15374494754
5,81.80000000000001,51079.71171885263,0.0007973162938734592,0,0.11011314787027349,7.593682258128502,2526.8299083857005,0.0000000001997460582039487,245967.67953902046
5,81.9,51096.14222527016,0.0005814818123711482,0,0.1217643087185477,7.587361448440889,2524.604337622323,0.00000000010624028075060564,245079.75669618283
5,82,51112.536543751135,0.0005042850260036898,0,0.1427759158425013,7.581063526615865,2522.3868550427474,0.0000000000799041036747681,244197.34224672994
5,82.10000000000001,51128.89448944107,0.00043731748081440647,0,0.24036450294500727,7.5747883489802215,2520.1774124446297,0.00000000006009116367291347,243320.39362196956
5,82.2,51145.21587881632,0.00037922968266208135,0,0.1859402072612727,7.5685357728458635,2517.9759619530237,0.000000000045187840191623635,242448.86864985104
5,82.30000000000001,51161.50052967016,0.000000000000000000000000000000000000000000002971959511774149,0,0.17444297237916573,7.562305656502122,2515.782456017879,0.000000000000000000000000000000000000000000000000000000000000000000000000000000000000000000002775253864267728,241582.72555081395
5,82.4,51177.74826110061,0.000000000000000000000000000000000000000000000896277239793096,0,0.17558847372962777,7.556097859208126,2513.596847411545,0.0000000000000000000000000000000000000000000000000000000000000000000000000000000000000000000002524071626993344,240721.92293365631
5,82.5,51193.95889350027,0.00000000000000000000000000000000000000000000026941584201771466,0,0.16535941055116005,7.549912241185324,2511.419089226308,0.000000000000000000000000000000000000000000000000000000000000000000000000000000000000000000000022806739256382347,239866.41979143026
5,82.60000000000001,51210.132248546,0.00000000000000000000000000000000000000000000008072991199380131,0,0.14713557530758886,7.54374866361001,2509.2491348719363,0.0000000000000000000000000000000000000000000000000000000000000000000000000000000000000000000000020477922592698347,239016.17549737627
5,82.7,51226.268149192445,0.00000000000000000000000000000000000000000000002411716628678099,0,0.11928397561747715,7.537606988606028,2507.0869380732493,0.0000000000000000000000000000000000000000000000000000000000000000000000000000000000000000000000001827550954908873,238171.14980086105
5,82.80000000000001,51242.366419658996,0.000000000000000000000000000000000000000000000007183710434613729,0,0.14841028587269905,7.531487079237369,2504.9324528677053,0.0000000000000000000000000000000000000000000000000000000000000000000000000000000000000000000000000162149112264032,237331.30282345443
5,82.9,51258.42688541394,0.0000000000000000000000000000000000000000000000021337960724091883,0,0.17622684127922122,7.525388799500769,2502.785633603005,0.0000000000000000000000000000000000000000000000000000000000000000000000000000000000000000000000000014306149585781203,236496.59505508916
5,83,51274.449373178184,0.0000000000000000000000000000000000000000000000006321058688391894,0,0.18003362490653058,7.519312014318779,2500.646434934712,0.00000000000000000000000000000000000000000000000000000000000000000000000000000000000000000000000000012554417991069904,235666.9873499928
5,83.10000000000001,51290.433710907586,0.0000000000000000000000000000000000000000000000001867717448186081,0,0.1374405947471116,7.513256589532451,2498.5148118239017,0.000000000000000000000000000000000000000000000000000000000000000000000000000000000000000000000000000010960725233628369,234842.44092296713
5,83.2,51306.37972777337,0.00000000000000000000000000000000000000000000000005505149139263556,0,0.13198315546030254,7.507222391894002,2496.3907195348165,0.0000000000000000000000000000000000000000000000000000000000000000000000000000000000000000000000000000009522590673726249,234022.91734574147
5,83.30000000000001,51322.28725417238,0.000000000000000000000000000000000000000000000000016188849373721567,0,0.1312149371299381,7.501209289060197,2494.274113632539,0.00000000000000000000000000000000000000000000000000000000000000000000000000000000000000000000000000000008234721265570653,233208.37854294622
5,83.4,51338.156121702865,0.000000000000000000000000000000000000000000000000004750120804695596,0,0.23091981389110644,7.495217149585055,2492.164949980697,0.000000000000000000000000000000000000000000000000000000000000000000000000000000000000000000000000000000007089673715751665,232398.78678861877
5,83.5,51353.986163160764,0.0000000000000000000000000000000000000000000000000013908750553055004,0,0.19757557585661323,7.489245842913012,2490.0631847391696,0.0000000000000000000000000000000000000000000000000000000000000000000000000000000000000000000000000000000006078454575882345,231594.10470246497
5,83.60000000000001,51369.77721252479,0.00000000000000000000000000000000000000000000000000040646180657155536,0,0.19847568461668857,7.4832952393719285,2487.9687743618197,0.00000000000000000000000000000000000000000000000000000000000000000000000000000000000000000000000000000000005191064500327196,230794.2952463192
5,83.7,51385.52910496574,0.00000000000000000000000000000000000000000000000000011856409120014722,0,0.21617955600108849,7.477365210166673,2485.881675594243,0.000000000000000000000000000000000000000000000000000000000000000000000000000000000000000000000000000000000004416958231782411,229999.32172031156
5,83.80000000000001,51401.24167680275,0.000000000000000000000000000000000000000000000000000034525686184176495,0,0.21294361465006853,7.471455627371589,2483.8018454715375,0.0000000000000000000000000000000000000000000000000000000000000000000000000000000000000000000000000000000000003745429065953527,229209.1477598088
5,83.9,51416.91476553213,0.000000000000000000000000000000000000000000000000000010037857598997079,0,0.18444105677707823,7.465566363924586,2481.729241316077,0.000000000000000000000000000000000000000000000000000000000000000000000000000000000000000000000000000000000000031659131704250285,228423.73733139955
5,84,51432.54820978921,0.000000000000000000000000000000000000000000000000000002914096485329371,0,0.16386743824264555,7.459697293619866,2479.6638207353217,0.0000000000000000000000000000000000000000000000000000000000000000000000000000000000000000000000000000000000000026682394020274267,227643.0547298407
5,84.10000000000001,51448.1418493567,0.0000000000000000000000000000000000000000000000000000008448608010994705,0,0.19489652222116674,7.453848291101664,2477.605541619629,0.00000000000000000000000000000000000000000000000000000000000000000000000000000000000000000000000000000000000000022427830244055193,226867.06457440162
5,84.2,51463.69552514888,0.0000000000000000000000000000000000000000000000000000002446466277366844,0,0.22297142253203198,7.448019231857546,2475.554362140091,0.00000000000000000000000000000000000000000000000000000000000000000000000000000000000000000000000000000000000000001880595559793228,226095.73180558856
5,84.30000000000001,51479.20907920506,0.00000000000000000000000000000000000000000000000000000007076535648856069,0,0.21100259859945916,7.442209992211946,2473.5102407463846,0.000000000000000000000000000000000000000000000000000000000000000000000000000000000000000000000000000000000000000001573469527389402,225329.0216817726
5,84.4,51494.68235467188,0.00000000000000000000000000000000000000000000000000000002044957677015977,0,0.19959061261270808,7.436420449319507,2471.4731361646386,0.00000000000000000000000000000000000000000000000000000000000000000000000000000000000000000000000000000000000000000013139704161300216,224566.89977601278
5,84.5,51510.115195817314,0.000000000000000000000000000000000000000000000000000000005904526458348259,0,0.13131327978576876,7.430650481159173,2469.443007395318,0.000000000000000000000000000000000000000000000000000000000000000000000000000000000000000000000000000000000000000000010954361908517443,223809.33197249277
5,84.60000000000001,51525.50744799711,0.0000000000000000000000000000000000000000000000000000000017036384499210898,0,0.0963899808679243,7.424899966527284,2467.419813711125,0.0000000000000000000000000000000000000000000000000000000000000000000000000000000000000000000000000000000000000000000009119516330910295,223056.28446362648
5,84.7,51540.858957661316,0.0000000000000000000000000000000000000000000000000000000004912652529205926,0,0.1858329773566108,7.419168785031605,2465.4035146549163,0.00000000000000000000000000000000000000000000000000000000000000000000000000000000000000000000000000000000000000000000007583139306076535,222307.7237466746
5,84.80000000000001,51556.16957233474,0.00000000000000000000000000000000000000000000000000000000014159764221957926,0,0.24616871839871712,7.413456817084821,2463.394070037639,0.000000000000000000000000000000000000000000000000000000000000000000000000000000000000000000000000000000000000000000000006299832210790511,221563.6166207399
5,84.9,51571.43914062437,0.00000000000000000000000000000000000000000000000000000000004079916996553108,0,0.18723752038297672,7.407763943898679,2461.391439936274,0.0000000000000000000000000000000000000000000000000000000000000000000000000000000000000000000000000000000000000000000000005230215631778947,220823.9301834411
5,85,51586.66751219984,0.000000000000000000000000000000000000000000000000000000000011753242442836315,0,0.10386598866437223,7.402090047477583,2459.395584691806,0.0000000000000000000000000000000000000000000000000000000000000000000000000000000000000000000000000000000000000000000000000434042572132413,220088.63182798284
