leg,t,altitude,mach,gnss_denied,nav_err,throttle,propellant,descent_rate,speed,ne_peak,heat_flux
#units,-,s,m,-,-,m,-,kg,m/s,m/s,m^-3,W/m2
4,297.6,18484.563918413594,0.598772206384901,0,0.11277196936046567,0.37364478432120934,1283.2630769387285,147.03928946161653,163.13037508448136,0,714.3201257446945
4,297.7,18469.871154082008,0.5976731979974108,0,0.1610886942939735,0,1283.2630769387285,146.8159979994564,162.83095963306172,0,711.3243422380106
4,297.8,18455.194830139168,0.5970546839883574,0,0.19168753916510084,0,1283.2630769387285,146.7104816779231,162.66245077240322,0,710.0433797479263
4,297.90000000000003,18440.529092226177,0.5964351388542101,0,0.21656650250149975,0,1283.2630769387285,146.60427739368524,162.49366099051704,0,708.7556989886691
4,298,18425.874008336104,0.5958146090048453,0,0.2467599061739696,0,1283.2630769387285,146.4974012869971,162.32460293137774,0,707.4615074013197
4,298.1,18411.22964484524,0.5951931403339862,0,0.20965767642970484,0,1283.2630769387285,146.3898693203092,162.1552890983383,0,706.1610101666334
4,298.2,18396.596066558734,0.5945707782190132,0,0.18509577090553053,0,1283.2630769387285,146.2816972785782,161.9857318540786,0,704.8544101918228
4,298.3,18381.973336697556,0.593947567520939,0,0.15530331869709407,0,1283.2630769387285,146.17290076962098,161.81594342059856,0,703.5419081022146
4,298.40000000000003,18367.361516940407,0.5933235525845001,0,0.09961454538079939,0,1283.2630769387285,146.06349522449773,161.6459358792429,0,702.2237022305194
4,298.5,18352.76066742651,0.592698777238401,0,0.07284887326040161,0,1283.2630769387285,145.9534958979361,161.475721170768,0,700.899988609676
4,298.6,18338.170846781693,0.5920732847956844,0,0.09467925019453613,0,1283.2630769387285,145.84291786878703,161.30531109544248,0,699.5709609652902
4,298.7,18323.59211212769,0.5914471180542323,0,0.1951096242124877,0,1283.2630769387285,145.7317760405156,161.13471731318393,0,698.2368107101479
4,298.8,18309.024519109167,0.5908203192973946,0,0.10341523212019815,0,1283.2630769387285,145.62008514172376,160.96395134372995,0,696.8977269386583
4,298.90000000000003,18294.468121907674,0.5901929302947421,0,0.0891299518552179,0,1283.2630769387285,145.50785972670596,160.79302456684343,0,695.5538964230877
4,299,18279.922973254696,0.5895649923029417,0,0.10404056813357102,0,1283.2630769387285,145.39511417603626,160.62194822255108,0,694.2055036108153
4,299.1,18265.389124453068,0.5889365460667448,0,0.14219239283646562,0,1283.2630769387285,145.2818626971839,160.4507334114125,0,692.8527306219987
4,299.2,18250.86662539281,0.5883076318200929,0,0.18650403469612797,0,1283.2630769387285,145.1681193251597,160.2793910948215,0,691.4957572485074
4,299.3,18236.355524572544,0.587678289287335,0,0.23036708224930286,0,1283.2630769387285,145.05389792319045,160.10793209533776,0,690.134760953412
4,299.40000000000003,18221.85586910881,0.5870485576845549,0,0.1804584338588385,0,1283.2630769387285,144.9392121834218,159.93636709704853,0,688.7699168720636
4,299.5,18207.36770475842,0.5864184757209997,0,0.1502364469951225,0,1283.2630769387285,144.82407562764647,159.76470664595763,0,687.4013978132193
4,299.6,18192.891075936146,0.5857880816006145,0,0.12466962672676839,0,1283.2630769387285,144.7085016080596,159.59296115040368,0,686.0293742612847
4,299.7,18178.42602573242,0.5851574130236765,0,0.0717933232434278,0,1283.2630769387285,144.59250330803948,159.42114088150538,0,684.6540143793474
4,299.8,18163.972595920786,0.5845265071885294,0,0.08978799293634443,0,1283.2630769387285,144.47609374295283,159.2492559736338,0,683.275484013581
4,299.90000000000003,18149.530826986767,0.5838954007934009,0,0.13445745690880187,0,1283.2630769387285,144.35928576098183,159.07731642490774,0,681.8939466971211
4,300,18135.100758138113,0.5832641300383234,0,0.22359392664482236,0,1283.2630769387285,144.24209204397624,158.90533209771695,0,680.5095636557886
4,300.1,18120.682427324355,0.5826327306271388,0,0.12979640297800504,0,1283.2630769387285,144.12452510832685,158.7333127192683,0,679.1224938139577
4,300.2,18106.275871242397,0.5820012377695885,0,0.08646891435103399,0,1283.2630769387285,144.0065973058602,158.56126788215516,0,677.7328938019001
4,300.3,18091.88112537749,0.5813696861834804,0,0.11707757184620517,0,1283.2630769387285,143.88832082475176,158.3892070449479,0,676.3409179617552
4,300.40000000000003,18077.498223993927,0.5807381100969546,0,0.15413904513017596,0,1283.2630769387285,143.76970769046432,158.21713953281107,0,674.9467183570566
4,300.5,18063.127200159244,0.5801065432508075,0,0.18496154974539905,0,1283.2630769387285,143.65076976669982,158.0450745381365,0,673.5504447808942
4,300.6,18048.76808577217,0.5794750189008973,0,0.24234191345981215,0,1283.2630769387285,143.5315187563715,157.8730211211988,0,672.1522447644988
4,300.7,18034.42091156263,0.5788435698206292,0,0.18723929482389803,0,1283.2630769387285,143.4119662025953,157.70098821083246,0,670.752263587987
4,300.8,18020.085707119666,0.5782122283035017,0,0.1559356737009816,0,1283.2630769387285,143.29212348969605,157.52898460512534,0,669.3506442900583
4,300.90000000000003,18005.762500893325,0.5775810261657275,0,0.11932566096015441,0,1283.2630769387285,143.17200184423152,157.35701897213292,0,667.9475276797026
4,301,17991.45132022351,0.5769499947489097,0,0.10435679114670555,0,1283.2630769387285,143.05161233602956,157.18509985060743,0,666.5430523468864
4,301.1,17977.152191353962,0.5763191649227912,0,0.06512796261998863,0,1283.2630769387285,142.93096587924285,157.0132356507467,0,665.1373546745932
4,301.2,17962.865139436908,0.5756885670880618,0,0.1154935997444613,0,1283.2630769387285,142.81007323341683,156.8414346549591,0,663.7305688518336
4,301.3,17948.5901885638,0.5750582311792175,0,0.22300258704137849,0,1283.2630769387285,142.6889450045703,156.66970501864245,0,662.3228268856626
4,301.40000000000003,17934.327361770906,0.5744281866674845,0,0.12466538020333533,0,1283.2630769387285,142.5675916462908,156.49805477098073,0,660.9142586150374
4,301.5,17920.076681054197,0.5737984625637909,0,0.10904687287077287,0,1283.2630769387285,142.44602346084085,156.32649181575357,0,659.5049917245548
4,301.6,17905.838167389855,0.5731690874217904,0,0.12333292426620637,0,1283.2630769387285,142.32425060027637,156.15502393216016,0,658.0951517582957
4,301.7,17891.611840748228,0.5725400893409368,0,0.16640722752301282,0,1283.2630769387285,142.20228306757605,155.9836587756567,0,656.684862134405
4,301.8,17877.397720097564,0.5719114959696069,0,0.20747426057432752,0,1283.2630769387285,142.08013071778223,155.8124038788074,0,655.2742441605809
4,301.90000000000003,17863.195823439397,0.5712833345082586,0,0.2566336208151518,0,1283.2630769387285,141.95780325914887,155.64126665214482,0,653.8634170481963
4,302,17849.006167804822,0.570655631712649,0,0.21225634986199357,0,1283.2630769387285,141.83531025430295,155.47025438504642,0,652.4524979288802
4,302.1,17834.828769274987,0.5700284138970759,0,0.1911508745826706,0,1283.2630769387285,141.7126611214113,155.29937424661807,0,651.0416018700737
4,302.2,17820.66364300158,0.5694017069376681,0,0.15771779492391313,0,1283.2630769387285,141.5898651353566,155.12863328659006,0,649.6308418909122
4,302.3,17806.510803213343,0.5687755362757116,0,0.13519128549179008,0,1283.2630769387285,141.46693142892252,154.95803843622355,0,648.2203289791277
4,302.40000000000003,17792.37026323378,0.5681499269210083,0,0.08467478032561697,0,1283.2630769387285,141.3438689939841,154.7875965092255,0,646.8101721076131
4,302.5,17778.242035491392,0.5675249034552685,0,0.09525936095473034,0,1283.2630769387285,141.22068668270586,154.61731420267304,0,645.4004782516329
4,302.6,17764.126131534576,0.5669004900355342,0,0.18269064020956047,0,1283.2630769387285,141.09739320874533,154.44719809794594,0,643.9913524060179
4,302.7,17750.02256205585,0.5662767103976301,0,0.1704298243016721,0,1283.2630769387285,140.97399714846213,154.27725466166703,0,642.5828976021136
4,302.8,17735.93133688718,0.565653587859651,0,0.09182214321063627,0,1283.2630769387285,140.85050694213456,154.1074902466521,0,641.1752149264272
4,302.90000000000003,17721.852465034463,0.5650311453254608,0,0.06834217485880884,0,1283.2630769387285,140.72693089517685,153.93791109286335,0,639.768403537438
4,303,17707.78595467098,0.5644094052882321,0,0.0999268855975581,0,1283.2630769387285,140.60327717936528,153.76852332837356,0,638.3625606847135
4,303.1,17693.731813160703,0.5637883898339928,0,0.12564031788301733,0,1283.2630769387285,140.4795538340637,153.59933297033248,0,636.9577817266355
4,303.2,17679.69004706852,0.5631681206452024,0,0.19824173984695562,0,1283.2630769387285,140.35576876745475,153.43034592594103,0,635.5541601489632
4,303.3,17665.660662180744,0.5625486190043429,0,0.14812024258803166,0,1283.2630769387285,140.231929757773,153.26156799342976,0,634.1517875830209
4,303.40000000000003,17651.643663507886,0.5619299057975353,0,0.1051458927472923,0,1283.2630769387285,140.1080444545423,153.09300486304397,0,632.7507538249105
4,303.5,17637.639055307023,0.5613120015181637,0,0.09018253789814837,0,1283.2630769387285,139.98412037981296,152.9246621180312,0,631.3511468538512
4,303.6,17623.64684108086,0.5606949262705205,0,0.05456676379322943,0,1283.2630769387285,139.8601649294027,152.7565452356342,0,629.9530528517892
4,303.7,17609.667023603804,0.5600786997734573,0,0.07442177983109478,0,1283.2630769387285,139.73618537413606,152.5886595880858,0,628.5565562217495
4,303.8,17595.699604929425,0.5594633413640555,0,0.1111879733004394,0,1283.2630769387285,139.61218886108745,152.42101044360868,0,627.1617396072162
4,303.90000000000003,17581.74458640348,0.5588488700013045,0,0.17676251907290103,0,1283.2630769387285,139.48818241482346,152.2536029674176,0,625.7686839112985
4,304,17567.801968672313,0.5582353042697881,0,0.20648627437061973,0,1283.2630769387285,139.3641729386457,152.0864422227238,0,624.3774683161856
4,304.1,17553.871751703322,0.557622662383379,0,0.11775491291084754,0,1283.2630769387285,139.24016721583266,151.91953317174134,0,622.9881703020683
4,304.2,17539.95393478591,0.5570109621889422,0,0.04672301717782867,0,1283.2630769387285,139.1161719108822,151.7528806766962,0,621.6008656670544
4,304.3,17526.048516551033,0.5564002211700398,0,0.03519174774497873,0,1283.2630769387285,138.99219357075208,151.58648950083563,0,620.2156285462097
4,304.40000000000003,17512.155494979583,0.5557904564506424,0,0.09346142048781804,0,1283.2630769387285,138.8682386260996,151.42036430943915,0,618.8325314311672
4,304.5,17498.274867415428,0.5551816847988416,0,0.14882543409555682,0,1283.2630769387285,138.74431339251956,151.25450967083017,0,617.4516451895271
4,304.6,17484.406630581245,0.5545739226305666,0,0.1039633447187397,0,1283.2630769387285,138.6204240717809,151.08893005738847,0,616.0730390841405
4,304.7,17470.550780579448,0.5539671860133024,0,0.09804248055322275,0,1283.2630769387285,138.49657675306136,150.92362984656307,0,614.6967807930931
4,304.8,17456.707312909886,0.5533614906698023,0,0.08210168121825442,0,1283.2630769387285,138.37277741417853,150.75861332188396,0,613.3229364288786
4,304.90000000000003,17442.87622248009,0.5527568519818016,0,0.06480037682825354,0,1283.2630769387285,138.24903192281855,150.5938846739735,0,611.95157055791
4,305,17429.057503622025,0.5521532849937301,0,0.051233952270661035,0,1283.2630769387285,138.1253460377625,150.42944800155814,0,610.5827462197161
4,305.1,17415.251150087453,0.5515508044164223,0,0.08210242954669307,0,1283.2630769387285,138.00172541010994,150.26530731247922,0,609.2165249470949
4,305.2,17401.457155074924,0.550949424630815,0,0.1478494683815658,0,1283.2630769387285,137.87817558449626,150.1014665247001,0,607.8529667847399
4,305.3,17387.67551123444,0.550349159691649,0,0.18709879563376489,0,1283.2630769387285,137.75470200030946,149.93792946731494,0,606.4921303088917
4,305.40000000000003,17373.90621067118,0.5497500233311611,0,0.10207664453435245,0,1283.2630769387285,137.63130999290163,149.77469988155437,0,605.1340726469549
4,305.5,17360.149244972505,0.5491520289627629,0,0.027695908816431643,0,1283.2630769387285,137.50800479479474,149.6117814217879,0,603.7788494959898
4,305.6,17346.404605194926,0.5485551896847243,0,0.03836207608139977,0,1283.2630769387285,137.38479153688561,149.44917765652727,0,602.4265151429881
4,305.7,17332.6722818939,0.5479595182838307,0,0.08660726006936494,0,1283.2630769387285,137.26167524964114,149.28689206942306,0,601.0771224830919
4,305.8,17318.952265124768,0.547365027239046,0,0.1462956871803597,0,1283.2630769387285,137.13866086429303,149.12492806026236,0,599.730723039087
4,305.90000000000003,17305.244544457644,0.5467717287251552,0,0.12942684198845944,0,1283.2630769387285,137.015753214025,148.96328894596144,0,598.3873669801611
4,306,17291.549108982086,0.5461796346164016,0,0.12667022575921733,0,1283.2630769387285,136.8929570351561,148.80197796155645,0,597.0471031410472
4,306.1,17277.865947319195,0.5455887564901075,0,0.1315768614037738,0,1283.2630769387285,136.7702769683172,148.64099826119005,0,595.7099790407326
4,306.2,17264.195047629997,0.5449991056302844,0,0.10920184479130862,0,1283.2630769387285,136.64771755962292,148.4803529190948,0,594.3760409012439
4,306.3,17250.536397627555,0.5444106930312277,0,0.09145320614687216,0,1283.2630769387285,136.5252832618365,148.3200449305726,0,593.0453336661619
4,306.40000000000003,17236.88998458162,0.5438235294010996,0,0.04295923415334527,0,1283.2630769387285,136.40297843552997,148.16007721297083,0,591.7179010193672
4,306.5,17223.255795328878,0.5432376251654941,0,0.1246501864819063,0,1283.2630769387285,136.28080735023693,148.0004526066536,0,590.393785403419
4,306.6,17209.633816289715,0.542652990470988,0,0.127043320759282,0,1283.2630769387285,136.15877418559933,147.84117387596902,0,589.0730280375468
4,306.7,17196.024033466354,0.5420696351886773,0,0.05642303162474262,0,1283.2630769387285,136.0368830325086,147.68224371021302,0,587.7556689363385
4,306.8,17182.42643245682,0.5414875689176953,0,0.10642584831391927,0,1283.2630769387285,135.91513789423908,147.5236647245874,0,586.4417469276115
4,306.90000000000003,17168.840998467058,0.5409068009887121,0,0.10996273198768494,0,1283.2630769387285,135.79354268757484,147.36543946115364,0,585.1312996702468
4,307,17155.267716309056,0.5403273404674206,0,0.1537503024198618,0,1283.2630769387285,135.67210124393048,147.20757038978232,0,583.8243636724966
4,307.1,17141.70657041855,0.5397491961579977,0,0.1709570723899384,0,1283.2630769387285,135.55081731046312,147.0500599090963,0,582.5209743093121
4,307.20000000000005,17128.15754486341,0.5391723766065512,0,0.1780155481630908,0,1283.2630769387285,135.42969455117844,146.89291034740964,0,581.2211658399509
4,307.3,17114.62062334735,0.5385968901045489,0,0.19920679867468621,0,1283.2630769387285,135.30873654803008,146.736123963662,0,579.9249714256466
4,307.40000000000003,17101.095789215527,0.5380227446922244,0,0.19666274006106263,0,1283.2630769387285,135.18794680201015,146.57970294834635,0,578.6324231470453
4,307.5,17087.583025475033,0.5374499481619606,0,0.17886148502250607,0,1283.2630769387285,135.06732873423238,146.42364942443083,0,577.3435520208789
4,307.6,17074.082314787433,0.536878508061661,0,0.16019628474916686,0,1283.2630769387285,134.94688568700943,146.26796544827738,0,576.0583880176828
4,307.70000000000005,17060.593639495783,0.5363084316980914,0,0.09292062786291616,0,1283.2630769387285,134.82662092491995,146.1126530105519,0,574.776960077911
4,307.8,17047.116981604137,0.5357397261402088,0,0.09943397189415695,0,1283.2630769387285,134.70653763587126,145.95771403713135,0,573.4992961298889
4,307.90000000000003,17033.652322812937,0.5351723982224558,0,0.06512487014232836,0,1283.2630769387285,134.58663893214944,145.80315039000132,0,572.2254231052804
4,308,17020.199644510634,0.5346064545480458,0,0.14958981133210258,0,1283.2630769387285,134.4669278514657,145.6489638681509,0,570.9553669562382
4,308.1,17006.758927788585,0.5340419014922185,0,0.1261547341032981,0,1283.2630769387285,134.34740735799247,145.49515620845972,0,569.689152671428
4,308.20000000000005,16993.330153440125,0.5334787452054771,0,0.07804376317660483,0,1283.2630769387285,134.22808034339286,145.34172908657982,0,568.426804292551
4,308.3,16979.913301976398,0.5329169916167955,0,0.08544052562686172,0,1283.2630769387285,134.10894962783976,145.18868411780954,0,567.1683449300157
4,308.40000000000003,16966.508353632875,0.53235664643681,0,0.09245370331991591,0,1283.2630769387285,133.99001796102917,145.036022857963,0,565.9137967788498
4,308.5,16953.115288369358,0.5317977151609853,0,0.12479386107363258,0,1283.2630769387285,133.8712880231844,144.8837468042326,0,564.6631811347098
4,308.6,16939.734085884877,0.5312402030727524,0,0.15615193073229297,0,1283.2630769387285,133.75276242605082,144.73185739604406,0,563.4165184091194
4,308.70000000000005,16926.364725613967,0.5306841152466296,0,0.17653357963049884,0,1283.2630769387285,133.6344437138844,144.5803560159065,0,562.173828145309
4,308.8,16913.007186746225,0.5301294565513092,0,0.16516762261176307,0,1283.2630769387285,133.51633436442881,144.42924399025355,0,560.9351290329458
4,308.90000000000003,16899.66144822631,0.52957623165273,0,0.1299119955416998,0,1283.2630769387285,133.39843678988728,144.27852259028052,0,559.7004389235042
4,309,16886.327488753945,0.5290244450171214,0,0.06465737624774294,0,1283.2630769387285,133.2807533378842,144.12819303277334,0,558.4697748454528
4,309.1,16873.005286809057,0.5284741009140165,0,0.04315560888557057,0,1283.2630769387285,133.1632862924174,143.97825648092987,0,557.2431530182895
4,309.20000000000005,16859.694820637815,0.5279252034192522,0,0.11245373380315324,0,1283.2630769387285,133.04603787480465,143.82871404517715,0,556.0205888679662
4,309.3,16846.396068269387,0.527377756417934,0,0.19484035862777765,0,1283.2630769387285,132.92901024461895,143.67956678397897,0,554.8020970409209
4,309.40000000000003,16833.109007515945,0.5268317636073792,0,0.13843238036622618,0,1283.2630769387285,132.81220550061587,143.5308157046378,0,553.5876914186092
4,309.5,16819.833615991287,0.5262872285000314,0,0.1058129424964035,0,1283.2630769387285,132.69562568165222,143.382461764089,0,552.3773851311472
4,309.6,16806.56987110339,0.5257441544263582,0,0.07412756686730479,0,1283.2630769387285,132.57927276759747,143.23450586968997,0,551.1711905718125
4,309.70000000000005,16793.31775006838,0.5252025445377139,0,0.09170252100202264,0,1283.2630769387285,132.46314868023472,143.08694888000025,0,549.969119410534
4,309.8,16780.077229905874,0.5246624018091814,0,0.1321654438864415,0,1283.2630769387285,132.34725528415413,142.93979160555585,0,548.7711826079385
4,309.90000000000003,16766.848287459463,0.5241237290423821,0,0.18803171562469628,0,1283.2630769387285,132.23159438763582,142.79303480963458,0,547.5773904282617
4,310,16753.630899389274,0.5235865288682694,0,0.1938609771687121,0,1283.2630769387285,132.1161677435267,142.6466792090172,0,546.3877524531798
4,310.1,16740.425042186864,0.5230508037498874,0,0.18753881859170216,0,1283.2630769387285,132.00097705010674,142.50072547473908,0,545.2022775946077
4,310.20000000000005,16727.230692175217,0.5225165559851092,0,0.17154069189746352,0,1283.2630769387285,131.88602395194744,142.35517423283605,0,544.0209741079086
4,310.3,16714.04782550875,0.521983787709346,0,0.10262196031129478,0,1283.2630769387285,131.77131004076136,142.21002606508276,0,542.8438496049283
4,310.40000000000003,16700.87641820032,0.5214525008982271,0,0.06620762060681007,0,1283.2630769387285,131.65683685624134,142.06528150972252,0,541.670911065857
4,310.5,16687.71644609887,0.5209226973702661,0,0.11619879412486608,0,1283.2630769387285,131.54260588689556,141.9209410621938,0,540.5021648527902
4,310.6,16674.567884911783,0.5203943787894846,0,0.19569944567284225,0,1283.2630769387285,131.4286185708686,141.7770051758451,0,539.3376167214284
4,310.70000000000005,16661.43071020581,0.5198675466680198,0,0.15526587028158964,0,1283.2630769387285,131.31487629675703,141.63347426264525,0,538.1772718334342
4,310.8,16648.30489740614,0.5193422023687044,0,0.13150184664600403,0,1283.2630769387285,131.201380404416,141.49034869388643,0,537.0211347686877
4,310.90000000000003,16635.190421813168,0.5188183471076152,0,0.11160983848466416,0,1283.2630769387285,131.08813218575537,141.34762880087834,0,535.8692095367245
4,311,16622.087258595973,0.5182959819566033,0,0.11702682813149552,0,1283.2630769387285,130.97513288553014,141.20531487563773,0,534.7214995888817
4,311.1,16608.995382804424,0.5177751078457922,0,0.1713606678188409,0,1283.2630769387285,130.86238370212007,141.0634071715687,0,533.5780078295908
4,311.20000000000005,16595.91476936266,0.5172557255660519,0,0.22411266172830138,0,1283.2630769387285,130.74988578830155,140.92190590413713,0,532.438736628189
4,311.3,16582.84539309796,0.516737835771443,0,0.237950564003362,0,1283.2630769387285,130.63764025201,140.7808112515362,0,531.3036878292966
4,311.40000000000003,16569.78722871188,0.5162214389816465,0,0.23226590816521897,0,1283.2630769387285,130.5256481570968,140.64012335534855,0,530.1728627651312
4,311.5,16556.74025081657,0.5157065355843492,0,0.2040827800880744,0,1283.2630769387285,130.4139105240731,140.49984232119616,0,529.046262265291
4,311.6,16543.70443391055,0.5151931258376221,0,0.14010339713542352,0,1283.2630769387285,130.30242833084964,140.35996821938826,0,527.9238866685863
4,311.70000000000005,16530.679752401076,0.5146812098722553,0,0.058635686355516706,0,1283.2630769387285,130.19120251346442,140.22050108555752,0,526.805735833016
4,311.8,16517.666180610657,0.5141707876940784,0,0.1316349364745923,0,1283.2630769387285,130.08023396680412,140.0814409212921,0,525.6918091461905
4,311.90000000000003,16504.663692770526,0.5136618591862552,0,0.1974678605485447,0,1283.2630769387285,129.96952354531783,139.94278769476105,0,524.5821055360552
4,312,16491.672263024375,0.5131544241115474,0,0.1709232385273096,0,1283.2630769387285,129.85907206372087,139.8045413413308,0,523.4766234810864
4,312.1,16478.691865440458,0.5126484821145524,0,0.18756187419345322,0,1283.2630769387285,129.74888029769014,139.66670176417492,0,522.3753610200453
4,312.20000000000005,16465.722474013455,0.5121440327239208,0,0.18424830615332502,0,1283.2630769387285,129.63894898455274,139.5292688348783,0,521.2783157619596
4,312.3,16452.76406265702,0.5116410753545453,0,0.16812239021594372,0,1283.2630769387285,129.5292788239659,139.39224239403347,0,520.1854848962603
4,312.40000000000003,16439.816605228,0.5111396093097197,0,0.19078379008282573,0,1283.2630769387285,129.41987047858692,139.25562225182878,0,519.0968652016772
4,312.5,16426.880075512454,0.5106396337832837,0,0.20431091167859547,0,1283.2630769387285,129.3107245747384,139.1194081886327,0,518.0124530563262
4,312.6,16413.954447231255,0.510141147861732,0,0.23079482076526714,0,1283.2630769387285,129.20184170306268,138.98359995556854,0,516.9322444469509
4,312.70000000000005,16401.03969405964,0.5096441505262999,0,0.22674356460050554,0,1283.2630769387285,129.0932224191683,138.84819727508253,0,515.8562349775563
4,312.8,16388.135789612308,0.5091486406550332,0,0.18401242286804034,0,1283.2630769387285,128.9848672442713,138.71319984150787,0,514.7844198790945
4,312.90000000000003,16375.242707451805,0.508654617024822,0,0.16318802715957556,0,1283.2630769387285,128.87677666582545,138.57860732161868,0,513.7167940181834
4,313,16362.360421095975,0.5081620783134136,0,0.1314252371582806,0,1283.2630769387285,128.76895113814558,138.44441935517855,0,512.6533519057366
4,313.1,16349.488904018886,0.5076710231014027,0,0.03822060204255357,0,1283.2630769387285,128.66139108302363,138.31063555548255,0,511.59408770567205
4,313.20000000000005,16336.628129653633,0.5071814498741954,0,0.06275359586160402,0,1283.2630769387285,128.5540968903366,138.17725550989255,0,510.5389952434255
4,313.3,16323.778071396984,0.5066933570239495,0,0.13105495463155517,0,1283.2630769387285,128.44706891864683,138.04427878036563,0,509.4880680142582
4,313.40000000000003,16310.938702613115,0.5062067428514901,0,0.08152920630008699,0,1283.2630769387285,128.3403074957943,137.9117049039762,0,508.44129919146866
4,313.5,16298.109996625222,0.5057216055682037,0,0.05859219629800731,0,1283.2630769387285,128.23381291948215,137.77953339343162,0,507.39868163486614
4,313.6,16285.291926739737,0.5052379432978992,0,0.08211386414888179,0,1283.2630769387285,128.12758545785243,137.6477637375798,0,506.3602078980277
4,313.70000000000005,16272.484466234222,0.5047557540786592,0,0.15120699098144266,0,1283.2630769387285,128.02162535005766,137.51639540191303,0,505.3258702366476
4,313.8,16259.68758835923,0.5042750358646588,0,0.13806587736001438,0,1283.2630769387285,127.91593280682254,137.38542782906376,0,504.2956606162755
4,313.90000000000003,16246.901266353205,0.5037957865279593,0,0.1564076538724734,0,1283.2630769387285,127.81050801099842,137.25486043929328,0,503.26957071950306
4,314,16234.125473428518,0.503318003860286,0,0.1583146551602948,0,1283.2630769387285,127.70535111811179,137.12469263097603,0,502.247591953975
4,314.1,16221.360182794742,0.502841685574775,0,0.12426045753600072,0,1283.2630769387285,127.60046225690343,136.99492378107544,0,501.2297154590547
4,314.20000000000005,16208.60536763724,0.5023668293077056,0,0.13787128987248223,0,1283.2630769387285,127.49584152986303,136.86555324561598,0,500.2159321138258
4,314.3,16195.861001143232,0.5018934326201991,0,0.15375319556152856,0,1283.2630769387285,127.39148901375336,136.73658036014604,0,499.2062325434197
4,314.40000000000003,16183.127056489699,0.5014214929999058,0,0.05251078803710921,0,1283.2630769387285,127.28740476013023,136.60800444019728,0,498.20060712647245
4,314.5,16170.403506845236,0.5009510078626631,0,0.07520903312711882,0,1283.2630769387285,127.18358879585419,136.47982478173674,0,497.1990460019985
4,314.6,16157.690325383097,0.5004819745541297,0,0.14188695815120844,0,1283.2630769387285,127.08004112359397,136.3520406616118,0,496.201539075787
4,314.70000000000005,16144.98748527281,0.5000143903514045,0,0.09093841376122787,0,1283.2630769387285,126.97676172232556,136.22465133799128,0,495.20807602737824
4,314.8,16132.294959692284,0.499548252464617,0,0.0735550970265318,0,1283.2630769387285,126.87375054782215,136.09765605079878,0,494.2186463162627
4,314.90000000000003,16119.612721825019,0.49908355803850063,0,0.09106777084919343,0,1283.2630769387285,126.77100753313887,135.97105402214132,0,493.2332391884468
4,315,16106.940744852647,0.49862030415394265,0,0.18291731829622512,0,1283.2630769387285,126.66853258909008,135.84484445673155,0,492.25184368304
4,315.1,16094.279001977295,0.4981584878295067,0,0.15067848817159804,0,1283.2630769387285,126.56632560471851,135.7190265423026,0,491.2744486377929
4,315.20000000000005,16081.627466409467,0.49769810602294556,0,0.14437802648900794,0,1283.2630769387285,126.46438644776066,135.59359945002018,0,490.30104269562565
4,315.3,16068.986111370847,0.49723915563268434,0,0.13595842749744855,0,1283.2630769387285,126.36271496510342,135.46856233488668,0,489.3316143105601
4,315.40000000000003,16056.354910106398,0.49678163349928284,0,0.13982319953331734,0,1283.2630769387285,126.26131098323448,135.34391433613962,0,488.3661517532619
4,315.5,16043.733835875988,0.49632553640688376,0,0.12796471999023423,0,1283.2630769387285,126.16017430868739,135.21965457764614,0,487.40464311712367
4,315.6,16031.122861958109,0.4958708610846346,0,0.16152942800526102,0,1283.2630769387285,126.05930472847949,135.09578216829036,0,486.44707632385257
4,315.70000000000005,16018.521961653605,0.49541760420808706,0,0.10271944485246542,0,1283.2630769387285,125.95870201054234,134.97229620235478,0,485.4934391289533
4,315.8,16005.931108292192,0.49496576240058215,0,0.07053856484227054,0,1283.2630769387285,125.85836590414752,134.84919575989747,0,484.54371912703897
4,315.90000000000003,15993.350275223143,0.4945153322346133,0,0.13894446108618994,0,1283.2630769387285,125.75829614032614,134.72647990712352,0,483.59790375751675
4,316,15980.77943582926,0.49406631023316677,0,0.047047344245927415,0,1283.2630769387285,125.65849243228077,134.60414769675023,0,482.6559803094616
4,316.1,15968.218563516624,0.4936186928710467,0,0.051108914588001056,0,1283.2630769387285,125.5589544757929,134.4821981683681,0,481.7179359271323
4,316.20000000000005,15955.667631729506,0.4931724765761745,0,0.11846660514287355,0,1283.2630769387285,125.45968194962263,134.36063034879479,0,480.7837576146224
4,316.3,15943.126613941044,0.4927276577308777,0,0.2008252986289127,0,1283.2630769387285,125.36067451590438,134.23944325242633,0,479.85343224116156
4,316.40000000000003,15930.59548365511,0.4922842326731514,0,0.17608533161266424,0,1283.2630769387285,125.26193182053528,134.1186358815808,0,478.9269465459647
4,316.5,15918.074214424007,0.49184219769790266,0,0.1809333285881336,0,1283.2630769387285,125.163453493557,133.9982072268372,0,478.0042871425307
4,316.6,15905.56277982425,0.49140154905818306,0,0.17204703494482393,0,1283.2630769387285,125.06523914953495,133.87815626737145,0,477.0854405241003
4,316.70000000000005,15893.061153480783,0.49096228296639083,0,0.1750808738039864,0,1283.2630769387285,124.96728838792748,133.7584819712838,0,476.17039306756874
4,316.8,15880.569309056737,0.4905243955954648,0,0.15983676554384255,0,1283.2630769387285,124.86960079345285,133.6391832959241,0,475.2591310383485
4,316.90000000000003,15868.087220252492,0.49008788308005463,0,0.18092408126825854,0,1283.2630769387285,124.77217593644875,133.52025918821067,0,474.3516405948523
4,317,15855.614860820584,0.4896527415176724,0,0.10738621184594781,0,1283.2630769387285,124.67501337322625,133.40170858494398,0,473.44790779243345
4,317.1,15843.152204553597,0.48921896696983164,0,0.03402634742811819,0,1283.2630769387285,124.57811264641957,133.283530413117,0,472.5479185880355
4,317.20000000000005,15830.699225290678,0.48878655546316346,0,0.08679502084878321,0,1283.2630769387285,124.48147328532927,133.16572359021936,0,471.65165884420463
4,317.3,15818.255896919407,0.48835550299051655,0,0.04283747458527719,0,1283.2630769387285,124.38509480625987,133.04828702453685,0,470.75911433315696
4,317.40000000000003,15805.822193374857,0.48792580551204096,0,0.10059887773257264,0,1283.2630769387285,124.28897671285308,132.93121961544685,0,469.8702707408484
4,317.5,15793.398088647053,0.4874974589562525,0,0.1543974241491808,0,1283.2630769387285,124.19311849641484,132.81452025370828,0,468.9851136707192
4,317.6,15780.983556775376,0.4870704592210843,0,0.24042549943168803,0,1283.2630769387285,124.09751963623822,132.698187821748,0,468.10362864773924
4,317.70000000000005,15768.57857184764,0.4866448021749185,0,0.22910240031087453,0,1283.2630769387285,124.00217959992054,132.58222119394208,0,467.22580112223636
4,317.8,15756.183108008467,0.48622048365759857,0,0.22467561335975805,0,1283.2630769387285,123.90709784367432,132.46661923689132,0,466.3516164733727
4,317.90000000000003,15743.797139456496,0.4857974994814302,0,0.2263456882727569,0,1283.2630769387285,123.8122738126351,132.3513808096942,0,465.48106001287897
4,318,15731.420640453696,0.4853758454321634,0,0.21784125911235022,0,1283.2630769387285,123.71770694116289,132.2365047642143,0,464.61411698836616
4,318.1,15719.053585306741,0.48495551726996244,0,0.21651590982855012,0,1283.2630769387285,123.62339665314056,132.12198994534452,0,463.7507725873541
4,318.20000000000005,15706.695948388427,0.48453651073035126,0,0.22118535730171462,0,1283.2630769387285,123.52934236226409,132.00783519126483,0,462.89101194008583
4,318.3,15694.347704129294,0.4841188215251516,0,0.1292015796768216,0,1283.2630769387285,123.43554347233137,131.89403933369766,0,462.0348201231255
4,318.40000000000003,15682.008827018552,0.48370244534340173,0,0.08152144778425165,0,1283.2630769387285,123.34199937752422,131.78060119815828,0,461.1821821626149
4,318.5,15669.679291608743,0.48328737785226,0,0.04457847674514643,0,1283.2630769387285,123.2487094626864,131.667519604201,0,460.3330830373607
4,318.6,15657.359072512947,0.4828736146978945,0,0.09709174824262655,0,1283.2630769387285,123.15567310359721,131.55479336566148,0,459.4875076820589
4,318.70000000000005,15645.048144406639,0.48246115150635616,0,0.020392361368905102,0,1283.2630769387285,123.06288966723977,131.44242129089463,0,458.64544099032213
4,318.8,15632.746482032351,0.4820499838844371,0,0.08932154316376247,0,1283.2630769387285,122.97035851206536,131.3304021830085,0,457.80686781756555
4,318.90000000000003,15620.454060191289,0.4816401074205166,0,0.15966701991414967,0,1283.2630769387285,122.87807898825345,131.21873484009467,0,456.9717729841872
4,319,15608.170853752643,0.48123151768538824,0,0.14380207309971146,0,1283.2630769387285,122.78605043796622,131.10741805545368,0,456.1401412781908
4,319.1,15595.896837653592,0.4808242102330755,0,0.16036256726464232,0,1283.2630769387285,122.69427219559974,130.99645061781717,0,455.31195745801057
4,319.20000000000005,15583.631986897439,0.4804181806016342,0,0.15882671830744566,0,1283.2630769387285,122.60274358803083,130.8858313115666,0,454.4872062553226
4,319.3,15571.37627655454,0.4800134243139392,0,0.15891745993568926,0,1283.2630769387285,122.51146393485935,130.77555891694738,0,453.66587237771563
4,319.40000000000003,15559.12968176324,0.47960993687845704,0,0.15106397208596,0,1283.2630769387285,122.42043254864609,130.66563221027963,0,452.8479405113041
4,319.5,15546.89217773173,0.4792077137900056,0,0.16300816290711515,0,1283.2630769387285,122.32964873514683,130.5560499641649,0,452.03339532325435
4,319.6,15534.663739737123,0.47880675053049976,0,0.07495819129916569,0,1283.2630769387285,122.23911179354212,130.44681094768953,0,451.2222214643301
4,319.70000000000005,15522.444343129173,0.4784070425696841,0,0.055675638292545654,0,1283.2630769387285,122.14882101666313,130.33791392662405,0,450.41440357125595
4,319.8,15510.233963326551,0.4780085853658534,0,0.07562439171207472,0,1283.2630769387285,122.05877569121377,130.2293576636197,0,449.60992626922655
4,319.90000000000003,15498.032575817779,0.47761137436655754,0,0.13336378735960203,0,1283.2630769387285,121.96897509798804,130.1211409184003,0,448.80877417422613
4,320,15485.84015617147,0.47721540500929455,0,0.047059354064996374,0,1283.2630769387285,121.879418512084,130.01326244795115,0,448.0109318950573
4,320.1,15473.656680016778,0.47682067272219514,0,0.049699070063489934,0,1283.2630769387285,121.79010520311489,129.90572100670548,0,447.2163840361042
4,320.20000000000005,15461.482123066671,0.4764271729246851,0,0.12648866283581423,0,1283.2630769387285,121.70103443541375,129.79851534672497,0,446.4251151988997
4,320.3,15449.316461103037,0.47603490102814583,0,0.12169352455183902,0,1283.2630769387285,121.6122054682374,129.69164421787966,0,445.63710998466416
4,320.40000000000003,15437.159669986926,0.4756438524365559,0,0.13879832912808093,0,1283.2630769387285,121.52361755596469,129.58510636802274,0,444.8523529961225
4,320.5,15425.011725644581,0.47525402254712434,0,0.15151152377830632,0,1283.2630769387285,121.43526994829232,129.47890054316315,0,444.07082883990597
4,320.6,15412.872604085132,0.47486540675090677,0,0.14777443497578963,0,1283.2630769387285,121.34716189042531,129.3730254876333,0,443.2925221280738
4,320.70000000000005,15400.742281392217,0.4744780004334156,0,0.15583849153626614,0,1283.2630769387285,121.25929262326592,129.26747994425548,0,442.5174174802776
4,320.8,15388.620733723976,0.47409179897521636,0,0.14553292063587148,0,1283.2630769387285,121.17166138359813,129.1622626545042,0,441.74549952565127
4,320.90000000000003,15376.507937313057,0.47370679775251157,0,0.12030511132576704,0,1283.2630769387285,121.08426740426869,129.0573723586653,0,440.97675290465537
4,321,15364.403868478723,0.4733229921377127,0,0.06766693751169722,0,1283.2630769387285,120.99710991436416,128.95280779599182,0,440.21116227056433
4,321.1,15352.30850360915,0.4729403775000076,0,0.09521297315455118,0,1283.2630769387285,120.9101881393869,128.84856770485854,0,439.4487122916859
4,321.20000000000005,15340.22181916982,0.47255894920590746,0,0.1702745736053763,0,1283.2630769387285,120.82350130142493,128.74465082291096,0,438.6893876528439
4,321.3,15328.143791706301,0.47217870261978645,0,0.09235117476829732,0,1283.2630769387285,120.73704861931925,128.64105588721242,0,437.9331730569745
4,321.40000000000003,15316.074397844262,0.47179963310441353,0,0.10452597086946301,0,1283.2630769387285,120.65082930882924,128.53778163438892,0,437.18005322675623
4,321.5,15304.01361428015,0.4714217360214708,0,0.11788834309738812,0,1283.2630769387285,120.56484258279363,128.43482680077037,0,436.43001290642144
4,321.6,15291.961417800747,0.4710450067320601,0,0.1381279568491708,0,1283.2630769387285,120.4790876512882,128.33219012252854,0,435.68303686280393
4,321.70000000000005,15279.91778526362,0.4706694405972047,0,0.18086581613763436,0,1283.2630769387285,120.39356372178192,128.22987033581384,0,434.93910988733603
4,321.8,15267.882693608291,0.47029503297833475,0,0.1883307940392032,0,1283.2630769387285,120.30826999928826,128.12786617688752,0,434.1982167972226
4,321.90000000000003,15255.856119853444,0.46992177923776646,0,0.1880135336015343,0,1283.2630769387285,120.2232056865143,128.02617638225226,0,433.4603424369348
4,322,15243.838041103445,0.4695496747391692,0,0.19529921021323407,0,1283.2630769387285,120.13836998400683,127.92479968877932,0,432.72547167942923
4,322.1,15231.828434530646,0.4691787148480273,0,0.1679048728803164,0,1283.2630769387285,120.05376209029636,127.82373483383451,0,431.99358942793674
4,322.20000000000005,15219.8272773996,0.4688088949320834,0,0.15596744659763231,0,1283.2630769387285,119.96938120203563,127.72298055539883,0,431.2646806166605
4,322.3,15207.834547043778,0.46844021036178235,0,0.11424143593690339,0,1283.2630769387285,119.88522651413874,127.62253559218956,0,430.5387302126305
4,322.40000000000003,15195.850220887922,0.4680726565106971,0,0.11757183853165173,0,1283.2630769387285,119.80129721991422,127.52239868377612,0,429.81572321638185
4,322.5,15183.874276430346,0.46770622875595314,0,0.15978948748584354,0,1283.2630769387285,119.71759251119822,127.42256857069582,0,429.0956446635972
4,322.6,15171.906691257842,0.4673409224786374,0,0.17437144176144231,0,1283.2630769387285,119.63411157848277,127.32304399456523,0,428.37847962590416
4,322.70000000000005,15159.947443030775,0.4669767330642045,0,0.1076116654444267,0,1283.2630769387285,119.55085361104332,127.22382369819087,0,427.66421321237755
4,322.8,15147.996509491466,0.4666136559028672,0,0.030000413168642125,0,1283.2630769387285,119.46781779706149,127.12490642567558,0,426.9528305704263
4,322.90000000000003,15136.053868465126,0.4662516863899817,0,0.058478553331683544,0,1283.2630769387285,119.38500332374643,127.02629092252344,0,426.244316886839
4,323,15124.11949785985,0.46589081992642467,0,0.10947356314825225,0,1283.2630769387285,119.3024093774537,126.9279759357426,0,425.5386573888207
4,323.1,15112.193375663832,0.46553105191896277,0,0.1338813653528519,0,1283.2630769387285,119.22003514380162,126.82996021394584,0,424.83583734506766
4,323.20000000000005,15100.275479945354,0.4651723777806115,0,0.13085126194918875,0,1283.2630769387285,119.13787980778473,126.73224250744839,0,424.1358420667368
4,323.3,15088.36578885559,0.46481479293098604,0,0.11561450662080656,0,1283.2630769387285,119.05594255388496,126.63482156836353,0,423.4386569083206
4,323.40000000000003,15076.464280630462,0.46445829279664547,0,0.0792095537082847,0,1283.2630769387285,118.97422256618032,126.53769615069633,0,422.74426726851914
4,323.5,15064.570933582261,0.46410287281142953,0,0.09394477179119273,0,1283.2630769387285,118.89271902845198,126.44086501043542,0,422.05265859132555
4,323.6,15052.685726106167,0.46374852841678416,0,0.12094830608716926,0,1283.2630769387285,118.81143112428745,126.34432690564164,0,421.3638163667221
4,323.70000000000005,15040.808636677451,0.46339525506208185,0,0.1545557369667719,0,1283.2630769387285,118.73035803718285,126.24808059653542,0,420.6777261315754
4,323.8,15028.939643859863,0.46304304820493364,0,0.1841703174596626,0,1283.2630769387285,118.64949895064194,126.15212484558164,0,419.99437347024053
4,323.90000000000003,15017.078726287931,0.4626919033114963,0,0.22129425375100528,0,1283.2630769387285,118.56885304827426,126.05645841757342,0,419.31374401575385
4,324,15005.225862690248,0.46234181585676526,0,0.12892449532039033,0,1283.2630769387285,118.48841951388899,125.96108007971195,0,418.635823450029
4,324.1,14993.381031868048,0.4619820755290681,0,0.08273448027925906,0,1283.2630769387285,118.40819753158927,125.86598860168688,0,418.12643191276544
4,324.20000000000005,14981.544254672714,0.4616120128507909,0,0.08680298751960919,0,1283.2630769387285,118.32734702635264,125.77037764325209,0,417.74091951942376
4,324.3,14969.7156262137,0.4612378114505358,0,0.14882102547090276,0,1283.2630769387285,118.24522276211975,125.67362706441585,0,417.34176337636774
4,324.40000000000003,14957.895272419788,0.46085956778062914,0,0.14662642711963514,0,1283.2630769387285,118.16185372330413,125.57576295994619,0,416.9292413134858
4,324.5,14946.083316337317,0.4604773772701159,0,0.1442153629396111,0,1283.2630769387285,118.07726856956005,125.47681115176385,0,416.5036293252387
4,324.6,14934.279878160916,0.4600913343201148,0,0.14462950371437872,0,1283.2630769387285,117.99149563507261,125.3767971875973,0,416.0652014962782
4,324.70000000000005,14922.485075262375,0.4597015322996736,0,0.08723683864200277,0,1283.2630769387285,117.9045629279802,125.27574633977433,0,415.6142299304022
4,324.8,14910.699022240005,0.4593080635421508,0,0.1316267572389656,0,1283.2630769387285,117.81649812992535,125.17368360414757,0,415.15098468174983
4,324.90000000000003,14898.921830936335,0.4589110193420421,0,0.15159273257398698,0,1283.2630769387285,117.72732859573632,125.07063369915504,0,414.67573369068725
4,325,14887.153610468842,0.45851048995228844,0,0.18313891149048536,0,1283.2630769387285,117.63708135322828,124.9666210650054,0,414.18874272214305
4,325.1,14875.39446727559,0.4581065645820658,0,0.20940799953558542,0,1283.2630769387285,117.5457831031249,124.86166986298812,0,413.6902753063035
4,325.20000000000005,14863.644505141303,0.45769933139500346,0,0.23320807567641455,0,1283.2630769387285,117.45346021910025,124.75580397490853,0,413.18059268325027
4,325.3,14851.903825223446,0.4572888775078341,0,0.14137587667411947,0,1283.2630769387285,117.36013874793348,124.64904700264026,0,412.6599537505191
4,325.40000000000003,14840.172526095994,0.45687528898949337,0,0.07902858333683224,0,1283.2630769387285,117.26584440977375,124.54142226779257,0,412.128615012719
4,325.5,14828.450703776442,0.4564586508606167,0,0.11318623301622192,0,1283.2630769387285,117.17060259851638,124.43295281149291,0,411.5868305347811
4,325.6,14816.7384517584,0.45603904709344273,0,0.17355541578322112,0,1283.2630769387285,117.07443838228279,124.32366139427802,0,411.03485189770623
4,325.70000000000005,14805.035861045122,0.45561656061211336,0,0.18440636539784097,0,1283.2630769387285,116.97737650400364,124.21357049609246,0,410.47292815699143
4,325.8,14793.343020182103,0.4551912732933521,0,0.18369278975435344,0,1283.2630769387285,116.87944138210153,124.10270231639096,0,409.9013058037525
4,325.90000000000003,14781.660015287809,0.4547632659675129,0,0.16821727619978835,0,1283.2630769387285,116.78065711127076,123.99107877434226,0,409.320228728533
4,326,14769.986930089071,0.45433261841999206,0,0.11542747962799463,0,1283.2630769387285,116.68104746335081,123.87872150913049,0,408.72993818743424
4,326.1,14758.32384595275,0.4538994093929886,0,0.08912064706007064,0,1283.2630769387285,116.58063588829124,123.76565188035262,0,408.13067277089993
4,326.20000000000005,14746.670841912739,0.45346371658759393,0,0.06967559093095399,0,1283.2630769387285,116.47944551520526,123.6518909685085,0,407.5226683751275
4,326.3,14735.027994710952,0.45302561666622726,0,0.08522973046158826,0,1283.2630769387285,116.37749915350712,123.53745957557884,0,406.9061581751985
4,326.40000000000003,14723.395378817804,0.45258518525536484,0,0.0879501289942581,0,1283.2630769387285,116.27481929413474,123.42237822569268,0,406.2813726014439
4,326.5,14711.773066479713,0.4521424969486093,0,0.1535332719924663,0,1283.2630769387285,116.1714281108494,123.30666716587587,0,405.6485393168238
4,326.6,14700.161127732135,0.45169762531001495,0,0.08083972235787448,0,1283.2630769387285,116.06734746161652,123.19034636688484,0,405.00788319804445
4,326.70000000000005,14688.559630446136,0.45125064287773803,0,0.07384466269435891,0,1283.2630769387285,115.96259889005658,123.07343552411439,0,404.35962631727256
4,326.8,14676.968640349805,0.45080162116793726,0,0.08881105818260464,0,1283.2630769387285,115.85720362697165,122.95595405858538,0,403.7039879270525
4,326.90000000000003,14665.38822107017,0.450350630678967,0,0.1320404725436038,0,1283.2630769387285,115.75118259193913,122.83792111800334,0,403.04118444630757
4,327,14653.81843415089,0.4498977408957982,0,0.18106260358025755,0,1283.2630769387285,115.6445563949742,122.71935557789014,0,402.3714294493557
4,327.1,14642.259339096025,0.44944302029471894,0,0.19556198417151446,0,1283.2630769387285,115.53734533825406,122.60027604278125,0,401.6949336556559
4,327.20000000000005,14630.710993387736,0.4489865363482444,0,0.176238959503746,0,1283.2630769387285,115.4295694179067,122.48070084749146,0,401.0119049225316
4,327.3,14619.173452530056,0.44852835553028675,0,0.18192332391964905,0,1283.2630769387285,115.32124832585583,122.36064805844097,0,400.32254823851576
4,327.40000000000003,14607.646770071238,0.4480685433215246,0,0.18838119344720788,0,1283.2630769387285,115.21240145172591,122.24013547504546,0,399.62706571935877
4,327.5,14596.130997637287,0.44760716421499575,0,0.12074002526921163,0,1283.2630769387285,115.10304788479978,122.11918063116278,0,398.9256566051968
4,327.6,14584.626184951514,0.4471442817218739,0,0.06625235985145247,0,1283.2630769387285,114.99320641602922,121.99780079659631,0,398.2185172599151
4,327.70000000000005,14573.132379882969,0.4466799583774791,0,0.03406943506200943,0,1283.2630769387285,114.88289554009296,121.87601297865022,0,397.50584117082747
4,327.8,14561.649628463201,0.44621425574744,0,0.0711090958706421,0,1283.2630769387285,114.77213345750667,121.75383392374036,0,396.7878189512204
4,327.90000000000003,14550.1779749142,0.4457472344340416,0,0.15490515559675483,0,1283.2630769387285,114.66093807677531,121.63128011905131,0,396.06463834383254
4,328,14538.717461687513,0.4452789540827612,0,0.148115843721768,0,1283.2630769387285,114.54932701658817,121.50836779424068,0,395.33648422526153
4,328.1,14527.268129487522,0.4448094733889501,0,0.05910422419548349,0,1283.2630769387285,114.43731760805761,121.38511292319059,0,394.6035386123858
4,328.20000000000005,14515.830017292872,0.44433885010466223,0,0.05166481959906016,0,1283.2630769387285,114.32492689699524,121.26153122580057,0,393.865980670129
4,328.3,14504.403162396513,0.4438671410456555,0,0.1005345059448755,0,1283.2630769387285,114.21217164622328,121.13763816982014,0,393.1239867196815
4,328.40000000000003,14492.98760042619,0.44339440209850994,0,0.12481705542852606,0,1283.2630769387285,114.09906833792354,121.01344897272241,0,392.37773024873485
4,328.5,14481.583365380764,0.4429206882278985,0,0.11528131993610066,0,1283.2630769387285,113.98563317601757,120.8889786036132,0,391.627381922193
4,328.6,14470.190489646047,0.44244605348395877,0,0.15057698647078482,0,1283.2630769387285,113.87188208857975,120.76424178517685,0,390.8731095948221
4,328.70000000000005,14458.80900403671,0.4419705510098129,0,0.18742155763134913,0,1283.2630769387285,113.75783073027638,120.63925299565231,0,390.11507832386326
4,328.8,14447.438937806524,0.4414942330491635,0,0.10834047394040357,0,1283.2630769387285,113.64349448483568,120.51402647084397,0,389.35345038395076
4,328.90000000000003,14436.080318689346,0.4410171509540284,0,0.062117797349552244,0,1283.2630769387285,113.52888846753932,120.38857620615791,0,388.5883852817129
4,329,14424.733172920533,0.4405393551925551,0,0.05491246807253973,0,1283.2630769387285,113.4140275277405,120.26291595866913,0,387.82003977209763
4,329.1,14413.397525260225,0.4400608953569263,0,0.12364476720227234,0,1283.2630769387285,113.29892625140285,120.13705924921321,0,387.0485678754741
4,329.20000000000005,14402.07339902874,0.4395818201713691,0,0.20192504428864624,0,1283.2630769387285,113.18359896365935,120.0110193645022,0,386.2741208950812
4,329.3,14390.760816123337,0.4391021775002209,0,0.18081660496347782,0,1283.2630769387285,113.06805973139116,119.88480935926428,0,385.4968474360065
4,329.40000000000003,14379.45979704801,0.43862201435608517,0,0.09800816880112787,0,1283.2630769387285,112.95232236582169,119.75844205840319,0,384.716893424382
4,329.5,14368.170360939577,0.43814137690805155,0,0.05299719269658358,0,1283.2630769387285,112.83640042512747,119.63193005917769,0,383.93440212743906
4,329.6,14356.892525584437,0.43766031048996673,0,0.08497796214314285,0,1283.2630769387285,112.7203072170624,119.50528573339928,0,383.1495141745907
4,329.70000000000005,14345.626307462342,0.4371788596087962,0,0.09732161582658885,0,1283.2630769387285,112.60405580159284,119.3785212296443,0,382.3623675780836
4,329.8,14334.371721751988,0.4366970679529969,0,0.13074608722690642,0,1283.2630769387285,112.48765899354835,119.25164847548568,0,381.5730977557596
4,329.90000000000003,14323.128782363608,0.43621497840096257,0,0.1366047664073481,0,1283.2630769387285,112.37112936527697,119.12467917973372,0,380.7818375532897
4,330,14311.897501961328,0.4357326330295018,0,0.18633992793122717,0,1283.2630769387285,112.25447924931123,118.99762483469135,0,379.9887172673468
4,330.1,14300.67789199017,0.43525007312236025,0,0.14129642235104342,0,1283.2630769387285,112.13772074104038,118.87049671841963,0,379.1938646690864
4,330.20000000000005,14289.469962696545,0.4347673391787676,0,0.07971262458609935,0,1283.2630769387285,112.02086570138917,118.74330589701394,0,378.3974050283421
4,330.3,14278.273723152466,0.4342844709220163,0,0.08652497971308565,0,1283.2630769387285,111.9039257594998,118.61606322688768,0,377.5994611380969
4,330.40000000000003,14267.089181277901,0.43380150730806233,0,0.10194030283370437,0,1283.2630769387285,111.78691231541823,118.48877935706378,0,376.8001533394258
4,330.5,14255.916343863122,0.4333184865341437,0,0.1808681516540953,0,1283.2630769387285,111.66983654278118,118.36146473147156,0,375.99959954679787
4,330.6,14244.755216594785,0.4328354460474215,0,0.17606929436763571,0,1283.2630769387285,111.55270939150476,118.23412959124907,0,375.19791527358296
4,330.70000000000005,14233.605804073624,0.43235242255362083,0,0.08421092036373558,0,1283.2630769387285,111.4355415904733,118.10678397704953,0,374.39521365818194
4,330.8,14222.46810984239,0.43186945202569144,0,0.063438201568689,0,1283.2630769387285,111.3183436502258,117.97943773134978,0,373.5916054900523
4,330.90000000000003,14211.342136394233,0.43138656971244727,0,0.11767176946813941,0,1283.2630769387285,111.20112586564146,117.85210050076157,0,372.78719923671855
4,331,14200.227885214612,0.43090381014724605,0,0.1295444345457422,0,1283.2630769387285,111.08389831861898,117.7247817383409,0,371.9821010697609
4,331.1,14189.12535678409,0.4304212071566228,0,0.15956595202329546,0,1283.2630769387285,110.96667088075588,117.59749070590146,0,371.1764148924802
4,331.20000000000005,14178.034550609067,0.4299387938689429,0,0.16090272839365033,0,1283.2630769387285,110.84945321601886,117.4702364763228,0,370.37024236668583
4,331.3,14166.955465235747,0.4294566027230278,0,0.19979523156762682,0,1283.2630769387285,110.73225478340954,117.34302793585843,0,369.5636829402713
4,331.40000000000003,14155.888098285533,0.42897466547679586,0,0.1524058539262987,0,1283.2630769387285,110.61508483962245,117.21587378644016,0,368.7568338741504
4,331.5,14144.832446450368,0.4284930132158346,0,0.08988458236028571,0,1283.2630769387285,110.49795244169802,117.08878254798083,0,367.9497902707598
4,331.6,14133.78850553371,0.42801167636200627,0,0.06367420201582454,0,1283.2630769387285,110.38086644966155,116.96176256066802,0,367.14264510098656
4,331.70000000000005,14122.75627046451,0.427530684682004,0,0.06673043345423298,0,1283.2630769387285,110.26383552915733,116.8348219872563,0,366.3354892321717
4,331.8,14111.735735308379,0.42705006729587697,0,0.13985287676163238,0,1283.2630769387285,110.14686815407151,116.70796881535247,0,365.52841145625626
4,331.90000000000003,14100.726893301122,0.4265698526855526,0,0.14376237106233253,0,1283.2630769387285,110.02997260914212,116.58121085969198,0,364.72149851715983
4,332,14089.729736849666,0.42609006870329186,0,0.10149794511994405,0,1283.2630769387285,109.91315699256069,116.45455576441074,0,363.91483513934867
4,332.1,14078.744257569313,0.42561074258015263,0,0.12030862742947268,0,1283.2630769387285,109.79642921855766,116.32801100530527,0,363.1085040551063
4,332.20000000000005,14067.770446287468,0.42513190093438114,0,0.15307234690489174,0,1283.2630769387285,109.67979701997906,116.2015838920874,0,362.30258603298904
4,332.3,14056.808293065988,0.4246535697797841,0,0.18115425565502982,0,1283.2630769387285,109.56326795084647,116.0752815706268,0,361.49715990557803
4,332.40000000000003,14045.857787226327,0.4241757745340673,0,0.1973316742816217,0,1283.2630769387285,109.44684938890376,115.94911102518401,0,360.69230259710076
4,332.5,14034.918917358853,0.42369854002711566,0,0.2143039308028344,0,1283.2630769387285,109.33054853815084,115.82307908063446,0,359.88808915155096
4,332.6,14023.991671338677,0.423221890509233,0,0.23797936507907522,0,1283.2630769387285,109.21437243136046,115.6971924046795,0,359.08459276049217
4,332.70000000000005,14013.076036348939,0.4227458496593456,0,0.18083624146158192,0,1283.2630769387285,109.09832793257897,115.5714575100454,0,358.281884790521
4,332.8,14002.171998894773,0.4222704405931511,0,0.1459055792517454,0,1283.2630769387285,108.98242173961228,115.44588075667144,0,357.4800348109593
4,332.90000000000003,13991.279544815421,0.4217956858712111,0,0.09650654026334655,0,1283.2630769387285,108.86666038649444,115.32046835388444,0,356.6791106214886
4,333,13980.398659312166,0.42132160750701525,0,0.061588252126544896,0,1283.2630769387285,108.7510502459385,115.19522636255952,0,355.8791782791258
4,333.1,13969.529326952063,0.420848226974966,0,0.06955635649950606,0,1283.2630769387285,108.63559753177199,115.07016069726956,0,355.080302125897
4,333.20000000000005,13958.671531689353,0.42037556521832536,0,0.17052777275756595,0,1283.2630769387285,108.52030830135226,114.94527712841796,0,354.2825448157495
4,333.3,13947.825256880373,0.41990364265710217,0,0.05101594184867346,0,1283.2630769387285,108.40518845796439,114.82058128435821,0,353.4859673415393
4,333.40000000000003,13936.990485299379,0.4194324791958839,0,0.030285683074690647,0,1283.2630769387285,108.29024375320068,114.69607865349873,0,352.69062906182444
4,333.5,13926.167199148796,0.4189620942316028,0,0.10527773055915736,0,1283.2630769387285,108.17547978932102,114.57177458639235,0,351.89658772766546
4,333.6,13915.35538008716,0.41849250666126486,0,0.11825900863320529,0,1283.2630769387285,108.06090202159312,114.44767429780957,0,351.1038995086621
4,333.70000000000005,13904.555009226315,0.418023734889585,0,0.1385900022882626,0,1283.2630769387285,107.946515760616,114.3237828687986,0,350.31261901982424
4,333.8,13893.76606715843,0.41755579683659116,0,0.1421993078058158,0,1283.2630769387285,107.83232617461971,114.2001052487259,0,349.5227993472451
4,333.90000000000003,13882.988533961587,0.4170887099451437,0,0.1704918082874055,0,1283.2630769387285,107.71833829174813,114.07664625730278,0,348.73449207428735
4,334,13872.222389224917,0.4166224911884154,0,0.12049181612879947,0,1283.2630769387285,107.60455700231874,113.95341058659366,0,347.94774730691415
4,334.1,13861.467612052336,0.4161571570772849,0,0.09573086200544972,0,1283.2630769387285,107.49098706106552,113.83040280301009,0,347.1626136995138
4,334.20000000000005,13850.724181071855,0.4156927236676643,0,0.05826359443884435,0,1283.2630769387285,107.37763308935766,113.707627349285,0,346.37913848029433
4,334.3,13839.992074467242,0.4152292065677933,0,0.04285262136660913,0,1283.2630769387285,107.26449957739715,113.5850885464295,0,345.59736747574203
4,334.40000000000003,13829.27126997523,0.4147666209454286,0,0.07372558101827983,0,1283.2630769387285,107.15159088639896,113.46279059567533,0,344.81734513596894
4,334.5,13818.561744895764,0.4143049815349761,0,0.17028715941527167,0,1283.2630769387285,107.03891125074678,113.34073758039688,0,344.0391145593773
4,334.6,13807.863476119936,0.4138443026445778,0,0.06523912540827548,0,1283.2630769387285,106.92646478012635,113.21893346801451,0,343.2627175165238
4,334.70000000000005,13797.176440137438,0.4133845981631134,0,0.05262527659913066,0,1283.2630769387285,106.81425546164087,113.09738211188328,0,342.48819447441264
4,334.8,13786.50061303284,0.4129258815671135,0,0.09719677415060873,0,1283.2630769387285,106.70228716190354,112.97608725316219,0,341.71558462086597
4,334.90000000000003,13775.835970520042,0.4124681659276477,0,0.11881499209820698,0,1283.2630769387285,106.59056362910492,112.85505252266213,0,340.944925887431
4,335,13765.18248794321,0.41201146391711096,0,0.12756831912532424,0,1283.2630769387285,106.47908849506297,112.73428144267994,0,340.1762549731109
4,335.1,13754.5401402805,0.4115557878159378,0,0.14601727960122585,0,1283.2630769387285,106.3678652772494,112.61377742881179,0,339.409607367723
4,335.20000000000005,13743.908902173862,0.41110114951927806,0,0.16805309814475242,0,1283.2630769387285,106.25689738079171,112.49354379174648,0,338.64501737418635
4,335.3,13733.288747929968,0.41064756054357326,0,0.12149691710218091,0,1283.2630769387285,106.14618810045742,112.37358373904353,0,337.88251813145865
4,335.40000000000003,13722.679651521146,0.4101950320330574,0,0.13713773450013414,0,1283.2630769387285,106.03574062261397,112.25390037689074,0,337.1221416371823
4,335.5,13712.081586617045,0.4097435747662223,0,0.11679967640538953,0,1283.2630769387285,105.92555802716429,112.13449671184088,0,336.3639187691188
4,335.6,13701.494526579045,0.4092931991621747,0,0.04938970785578466,0,1283.2630769387285,105.81564328946436,112.01537565253356,0,335.6078793074715
4,335.70000000000005,13690.918444477022,0.4088439152869434,0,0.07913825833157889,0,1283.2630769387285,105.70599928221587,111.8965400113952,0,334.85405195623576
4,335.8,13680.353313101456,0.40839573285971237,0,0.1381601777169378,0,1283.2630769387285,105.59662877733717,111.77799250632118,0,334.10246436442907
4,335.90000000000003,13669.799104968086,0.40794866125897467,0,0.10867970545973331,0,1283.2630769387285,105.48753444781308,111.65973576233955,0,333.35314314727094
4,336,13659.25579233002,0.4075027095286216,0,0.1325966029778691,0,1283.2630769387285,105.37871886952097,111.54177231325461,0,332.60611390685716
4,336.1,13648.723347187974,0.40705788638396045,0,0.14162518559765588,0,1283.2630769387285,105.27018452303567,111.42410460327216,0,331.86140125261966
4,336.20000000000005,13638.20174129866,0.4066142002176592,0,0.18635353823332773,0,1283.2630769387285,105.16193379541183,111.30673498860581,0,331.11902882156676
4,336.3,13627.690946186893,0.4061716591056244,0,0.18602586096370877,0,1283.2630769387285,105.05396898194448,111.18966573906413,0,330.3790192981369
4,336.40000000000003,13617.190933152102,0.4057302708128033,0,0.1637748545162609,0,1283.2630769387285,104.94629228790801,111.07289903961957,0,329.6413944339464
4,336.5,13606.701673272997,0.40529004279890923,0,0.16594149886104093,0,1283.2630769387285,104.83890583027215,110.9564369919577,0,328.9061750673061
4,336.6,13596.223137428053,0.40485098222409854,0,0.15382154250781532,0,1283.2630769387285,104.73181163939617,110.84028161600712,0,328.173381142005
4,336.70000000000005,13585.755296290852,0.40441309595454883,0,0.15506454594476485,0,1283.2630769387285,104.62501166070292,110.72443485145278,0,327.4430317265615
4,336.8,13575.29812034592,0.4039763905679856,0,0.13684870503559843,0,1283.2630769387285,104.51850775632863,110.60889855922773,0,326.7151450325873
4,336.90000000000003,13564.851579898968,0.4035408723591386,0,0.09155854271814597,0,1283.2630769387285,104.41230170675264,110.49367452298777,0,325.9897384330561
4,337,13554.415645082481,0.4031065473451214,0,0.05221026863288245,0,1283.2630769387285,104.30639521240555,110.37876445056784,0,325.2668284804345
4,337.1,13543.99028585665,0.4026734212707356,0,0.0809175270975538,0,1283.2630769387285,104.20078989525632,110.26416997541945,0,324.5464309246685
4,337.20000000000005,13533.57547202427,0.40224149961371886,0,0.10081007489923656,0,1283.2630769387285,104.09548730037564,110.14989265802804,0,323.8285607304923
4,337.3,13523.171173240058,0.4018107875899226,0,0.16487379695485652,0,1283.2630769387285,103.99048889747988,110.03593398731343,0,323.1132320946421
4,337.40000000000003,13512.777359019034,0.40138129015842083,0,0.19757795212589305,0,1283.2630769387285,103.88579608245426,109.92229538201227,0,322.40045846283283
4,337.5,13502.393998733722,0.40095301202653494,0,0.2430550552545189,0,1283.2630769387285,103.78141017885514,109.80897819204219,0,321.69025254677683
4,337.6,13492.021061629057,0.40052595765481164,0,0.248627673685385,0,1283.2630769387285,103.6773324393895,109.69598369984637,0,320.98262634043556
4,337.70000000000005,13481.658516832627,0.4001001312619289,0,0.2289753483263474,0,1283.2630769387285,103.57356404737482,109.58331312172082,0,320.277591136147
4,337.8,13471.306333350018,0.39967553682951784,0,0.22382280250480427,0,1283.2630769387285,103.47010611817926,109.47096760912478,0,319.57515754091014
4,337.90000000000003,13460.964480087161,0.39925217810694974,0,0.22119123073220995,0,1283.2630769387285,103.36695970063928,109.35894824997115,0,318.87533549165346
4,338,13450.632925841026,0.3988300586160203,0,0.22995898585812835,0,1283.2630769387285,103.26412577845942,109.24725606990164,0,318.17813427113225
4,338.1,13440.311639315449,0.39840918165559475,0,0.2128305039317632,0,1283.2630769387285,103.16160527158897,109.13589203354172,0,317.48356252286385
4,338.20000000000005,13430.00058912579,0.3979895503061777,0,0.15883473404709914,0,1283.2630769387285,103.05939903758062,109.02485704573961,0,316.7916282661278
4,338.3,13419.699743809178,0.3975711674344257,0,0.11451873441967157,0,1283.2630769387285,102.9575078729286,108.91415195278768,0,316.1023389105655
4,338.40000000000003,13409.4090718152,0.39715403569757024,0,0.051260604890476555,0,1283.2630769387285,102.85593251438794,108.80377754362718,0,315.415701271057
4,338.5,13399.128541534767,0.3967381575478197,0,0.13593257516244386,0,1283.2630769387285,102.75467364027101,108.69373455103299,0,314.7317215813092
4,338.6,13388.858121287078,0.3963235352366565,0,0.14987720061512844,0,1283.2630769387285,102.6537318717293,108.58402365278575,0,314.050405508356
4,338.70000000000005,13378.59777933266,0.39591017081909285,0,0.18836751570372853,0,1283.2630769387285,102.5531077740119,108.47464547282323,0,313.37175816608783
4,338.8,13368.347483878024,0.3954980661578601,0,0.19913738178785323,0,1283.2630769387285,102.45280185770669,108.3656005823768,0,312.6957841287821
4,338.90000000000003,13358.10720308125,0.39508722292753456,0,0.1983117504626376,0,1283.2630769387285,102.35281457996182,108.25688950109058,0,312.0224874443655
4,339,13347.876905062236,0.3946776426186108,0,0.19051921353695309,0,1283.2630769387285,102.25314634568923,108.14851269812466,0,311.35187164732736
4,339.1,13337.656557898037,0.3942693265414947,0,0.16070320109247654,0,1283.2630769387285,102.15379750874965,108.0404705932422,0,310.68393977179034
4,339.20000000000005,13327.446129631251,0.3938622758304497,0,0.18721653487773676,0,1283.2630769387285,102.0547683731176,107.93276355787914,0,310.0186943640008
4,339.3,13317.24558828026,0.39345649144748773,0,0.19463001432988458,0,1283.2630769387285,101.95605919402918,107.82539191619823,0,309.35613749454956
4,339.40000000000003,13307.054901839234,0.39305197418618937,0,0.1891817392517712,0,1283.2630769387285,101.85767017911178,107.71835594612779,0,308.69627077063933
4,339.5,13296.874038282782,0.3926487246754693,0,0.15783902657531076,0,1283.2630769387285,101.75960148949585,107.61165588038419,0,308.0390953480052
4,339.6,13286.702965570614,0.3922467433832846,0,0.11382599398155031,0,1283.2630769387285,101.66185324090836,107.50529190747854,0,307.3846119426137
4,339.70000000000005,13276.541651658714,0.39184603062029266,0,0.07291801784537157,0,1283.2630769387285,101.56442550474877,107.39926417270772,0,306.73282084198087
4,339.8,13266.390064493753,0.39144658654343534,0,0.13647147806433974,0,1283.2630769387285,101.4673183091491,107.29357277913157,0,306.08372191671384
4,339.90000000000003,13256.248172021471,0.3910484111594785,0,0.055209421272896894,0,1283.2630769387285,101.3705316400145,107.18821778853281,0,305.43731463146827
4,340,13246.115942195058,0.39065150432849843,0,0.0822248554567925,0,1283.2630769387285,101.27406544204791,107.0831992223628,0,304.79359805570635
4,340.1,13235.993342967704,0.3902558657672943,0,0.09327932777894642,0,1283.2630769387285,101.17791961975823,106.97851706267302,0,304.15257087465193
4,340.20000000000005,13225.880342308432,0.389861495052771,0,0.11690267036048299,0,1283.2630769387285,101.08209403845015,106.87417125303,0,303.51423139944154
4,340.3,13215.776908206753,0.38946839162525815,0,0.14286386317023855,0,1283.2630769387285,100.98658852519917,106.77016169941727,0,302.8785775773727
4,340.40000000000003,13205.68300866615,0.38907655479176406,0,0.16296052486780085,0,1283.2630769387285,100.89140286981076,106.6664882711236,0,302.2456070022348
4,340.5,13195.598611706868,0.38868598372917956,0,0.1473047620365801,0,1283.2630769387285,100.7965368257613,106.56315080161454,0,301.6153169241911
4,340.6,13185.52368538268,0.3882966774874505,0,0.14618858204712942,0,1283.2630769387285,100.701990111123,106.46014908939016,0,300.9877042591285
4,340.70000000000005,13175.458197781816,0.387908634992684,0,0.13746141052894387,0,1283.2630769387285,100.60776240947544,106.35748289883084,0,300.3627655982275
4,340.8,13165.402117016725,0.3875218550501869,0,0.0882775339169126,0,1283.2630769387285,100.51385337080102,106.25515196102874,0,299.7404972176094
4,340.90000000000003,13155.355411243625,0.38713633634748545,0,0.07937087271371374,0,1283.2630769387285,100.42026261236231,106.15315597460342,0,299.12089508705446
4,341,13145.318048654124,0.38675207745726736,0,0.08452154295919519,0,1283.2630769387285,100.3269897195675,106.05149460650647,0,298.5039548792391
4,341.1,13135.289997483604,0.38636907684029004,0,0.1571757924861971,0,1283.2630769387285,100.23403424681828,105.95016749281099,0,297.8896719783713
4,341.20000000000005,13125.271226010285,0.3859873328482301,0,0.06761002387489183,0,1283.2630769387285,100.14139571834426,105.84917423948878,0,297.27804148888146
4,341.3,13115.26170256827,0.3856068437265007,0,0.04632493891367212,0,1283.2630769387285,100.04907362902125,105.74851442317335,0,296.66905824359594
4,341.40000000000003,13105.261395542882,0.385227607617005,0,0.117724070994183,0,1283.2630769387285,99.95706744517769,105.64818759191235,0,296.0627168121824
4,341.5,13095.270273367874,0.38484962256083793,0,0.15751449899151856,0,1283.2630769387285,99.86537660538485,105.54819326590551,0,295.4590115093637
4,341.6,13085.288304536603,0.3844728865009594,0,0.17820793595596393,0,1283.2630769387285,99.77400052123187,105.44853093822913,0,294.85793640262693
4,341.70000000000005,13075.31545760855,0.3840973972848177,0,0.2317428222107245,0,1283.2630769387285,99.6829385780886,105.34920007554959,0,294.2594853198939
4,341.8,13065.351701198146,0.383723152666908,0,0.1946721940761851,0,1283.2630769387285,99.59219013585509,105.25020011882516,0,293.66365185745025
4,341.90000000000003,13055.397003989667,0.38335015031131175,0,0.16964998806835233,0,1283.2630769387285,99.50175452969508,105.15153048399334,0,293.07042938708247
4,342,13045.451334735379,0.3829783877941766,0,0.1439177694540776,0,1283.2630769387285,99.41163107075842,105.05319056264828,0,292.4798110634711
4,342.1,13035.514662255533,0.38260786260615276,0,0.11716424356020963,0,1283.2630769387285,99.32181904688899,104.95517972270557,0,291.89178983137737
4,342.20000000000005,13025.586955443956,0.38223857215479196,0,0.07126626797284279,0,1283.2630769387285,99.23231772331967,104.85749730905499,0,291.3063584325464
4,342.3,13015.668183268048,0.3818705137668993,0,0.08225486519376221,0,1283.2630769387285,99.1431263433546,104.7601426442024,0,290.72350941259594
4,342.40000000000003,13005.758314769715,0.3815036846908401,0,0.17335688001796865,0,1283.2630769387285,99.05424412903831,104.66311502889933,0,290.14323512772916
4,342.5,12995.857319075614,0.38113808209882016,0,0.1693532745920829,0,1283.2630769387285,98.96567028181222,104.56641374276167,0,289.56552775109327
4,342.6,12985.965165387839,0.38077370308910213,0,0.09405698371395452,0,1283.2630769387285,98.87740398316015,104.47003804487844,0,288.9903792794534
4,342.70000000000005,12976.081822995096,0.3804105446882015,0,0.06518606697858234,0,1283.2630769387285,98.78944439523936,104.37398717440746,0,288.4177815392405
4,342.8,12966.207261267118,0.3800486038530269,0,0.09244128086112136,0,1283.2630769387285,98.70179066150148,104.27826035116199,0,287.847726192859
4,342.90000000000003,12956.341449665837,0.3796878774729982,0,0.12350011409668465,0,1283.2630769387285,98.61444190729976,104.18285677618533,0,287.2802047444677
4,343,12946.48435773328,0.37932836237210044,0,0.19535088437000137,0,1283.2630769387285,98.52739724048693,104.08777563231642,0,286.7152085461672
4,343.1,12936.63595510833,0.3789700553109293,0,0.13985838550626936,0,1283.2630769387285,98.44065575199822,103.99301608474279,0,286.15272880338557
4,343.20000000000005,12926.796211521141,0.37861295298867864,0,0.10285984954676676,0,1283.2630769387285,98.3542165164262,103.89857728154571,0,285.5927565806619
4,343.3,12916.965096791275,0.3782570520450905,0,0.07670122384647046,0,1283.2630769387285,98.26807859258291,103.80445835423396,0,285.0352828072063
4,343.40000000000003,12907.14258083608,0.3779023490623809,0,0.05616168674659612,0,1283.2630769387285,98.18224102405024,103.71065841826724,0,284.4802982821052
4,343.5,12897.328633667901,0.3775488405671168,0,0.05825897112542401,0,1283.2630769387285,98.09670283972073,103.61717657357052,0,283.9277936796602
4,343.6,12887.523225399666,0.37719652303206813,0,0.11358964831203366,0,1283.2630769387285,98.01146305432657,103.52401190503839,0,283.3777595544194
4,343.70000000000005,12877.726326241158,0.37684539287801333,0,0.20140150340554439,0,1283.2630769387285,97.92652066895921,103.43116348303026,0,282.83018634629934
4,343.8,12867.937906499952,0.376495446475513,0,0.21335414257492882,0,1283.2630769387285,97.84187467157707,103.33863036385526,0,282.28506438548095
4,343.90000000000003,12858.157936590724,0.37614668014666064,0,0.12531750654700394,0,1283.2630769387285,97.75752403750315,103.24641159024787,0,281.7423838970106
4,344,12848.386387028731,0.3757990901667841,0,0.09811982290335364,0,1283.2630769387285,97.67346772991402,103.15450619183584,0,281.20213500564637
4,344.1,12838.623228433542,0.37545267276612126,0,0.08338604009018503,0,1283.2630769387285,97.58970470031718,103.0629131855974,0,280.66430774035865
4,344.20000000000005,12828.868431527168,0.3751074241314582,0,0.14366237746982022,0,1283.2630769387285,97.50623388901934,102.97163157631043,0,280.12889203885
4,344.3,12819.121967148036,0.37476334040775333,0,0.17991728516835853,0,1283.2630769387285,97.423054225584,102.88066035699201,0,279.59587775162305
4,344.40000000000003,12809.3838062305,0.3744204176996923,0,0.12324447354778133,0,1283.2630769387285,97.34016462928228,102.78999850933158,0,279.0652546467041
4,344.5,12799.653919824399,0.3740786520732516,0,0.13098641618449544,0,1283.2630769387285,97.25756400953024,102.69964500411203,0,278.5370124133746
4,344.6,12789.932279087603,0.3737380395572063,0,0.09133196510555117,0,1283.2630769387285,97.17525126632029,102.60959880162545,0,278.0111406664096
4,344.70000000000005,12780.218855285086,0.37339857614461136,0,0.09728724185743838,0,1283.2630769387285,97.09322529064198,102.51985885207915,0,277.48762895006223
4,344.8,12770.513619800098,0.37306025779426777,0,0.040508256557068585,0,1283.2630769387285,97.01148496489367,102.43042409599344,0,276.9664667416992
4,344.90000000000003,12760.816544122063,0.3727230804321338,0,0.09759154694772446,0,1283.2630769387285,96.9300291632868,102.34129346459264,0,276.44764345584184
4,345,12751.127599851228,0.37238703995272265,0,0.19723889557842428,0,1283.2630769387285,96.84885675223961,102.25246588018652,0,275.9311484477473
4,345.1,12741.446758708917,0.37205213222048045,0,0.19838031412384,0,1283.2630769387285,96.76796659076275,102.1639402565444,0,275.4169710167865
4,345.20000000000005,12731.77399253007,0.3717183530711186,0,0.10949027154437163,0,1283.2630769387285,96.68735753083821,102.07571549926297,0,274.90510041011555
4,345.3,12722.109273255803,0.3713856983129135,0,0.10205800015877504,0,1283.2630769387285,96.60702841778847,101.98779050612553,0,274.39552582624964
4,345.40000000000003,12712.452572956681,0.3710541637280141,0,0.08626543591264484,0,1283.2630769387285,96.52697809063622,101.9001641674523,0,273.8882364178992
4,345.5,12702.803863807581,0.370723745073673,0,0.14680403686515314,0,1283.2630769387285,96.44720538245974,101.81283536644692,0,273.3832212957579
4,345.6,12693.163118106313,0.3703944380834927,0,0.17748187075737556,0,1283.2630769387285,96.36770912073627,101.72580297953185,0,272.8804695312678
4,345.70000000000005,12683.530308269896,0.3700662384686273,0,0.1322789045181212,0,1283.2630769387285,96.28848812768051,101.63906587667955,0,272.37997015979005
4,345.8,12673.905406829901,0.3697391419189553,0,0.14178532291591245,0,1283.2630769387285,96.20954122057475,101.55262292173587,0,271.8817121837094
4,345.90000000000003,12664.288386433385,0.36941314410423004,0,0.10992210902083491,0,1283.2630769387285,96.1308672120908,101.46647297273567,0,271.38568457533563
4,346,12654.679219854996,0.36908824067522206,0,0.10168915123119558,0,1283.2630769387285,96.05246491060434,101.38061488221204,0,270.8918762795077
4,346.1,12645.077879980206,0.3687644272648044,0,0.04638397899692836,0,1283.2630769387285,95.97433312050428,101.2950474975004,0,270.40027621672135
4,346.20000000000005,12635.484339817427,0.3684416994890421,0,0.0700164456042389,0,1283.2630769387285,95.89647064249185,101.20976966103348,0,269.910873285576
4,346.3,12625.89857249707,0.36812005294824884,0,0.14966084694720716,0,1283.2630769387285,95.81887627387479,101.12478021063178,0,269.4236563654317
4,346.40000000000003,12616.320551266894,0.3677994832280126,0,0.15092296309577793,0,1283.2630769387285,95.74154880885446,101.04007797978726,0,268.93861431906504
4,346.5,12606.750249500386,0.3674799859002141,0,0.06111686897127215,0,1283.2630769387285,95.664487038805,100.95566179794017,0,268.4557359949908
4,346.6,12597.187640685588,0.36716155652400195,0,0.04928244100747534,0,1283.2630769387285,95.58768975254776,100.87153049075104,0,267.9750102301173
4,346.70000000000005,12587.632698435336,0.3668441906467653,0,0.08482891918146453,0,1283.2630769387285,95.51115573661662,100.78768288036454,0,267.49642585189036
4,346.8,12578.085396486335,0.36652788380507806,0,0.14168644737879055,0,1283.2630769387285,95.43488377551914,100.70411778566951,0,267.01997168061405
4,346.90000000000003,12568.545708689839,0.3662126315256084,0,0.19519110184411503,0,1283.2630769387285,95.35887265199065,100.62083402255232,0,266.54563653186545
4,347,12559.013609024696,0.3658984293260315,0,0.1758874807133299,0,1283.2630769387285,95.28312114724098,100.53783040414346,0,266.07340921839744
4,347.1,12549.489071591757,0.36558527271590513,0,0.1709371901959557,0,1283.2630769387285,95.20762804119707,100.45510574106052,0,265.6032785523648
4,347.20000000000005,12539.972070608288,0.36527315719752057,0,0.16697805132494298,0,1283.2630769387285,95.1323921127385,100.3726588416442,0,265.135233347479
4,347.3,12530.462580421008,0.3649620782667547,0,0.1446257981761181,0,1283.2630769387285,95.05741213992631,100.29048851218853,0,264.66926242073646
4,347.40000000000003,12520.960575492121,0.364652031413876,0,0.1251988492239266,0,1283.2630769387285,94.98268690022817,100.20859355716753,0,264.20535459463224
4,347.5,12511.466030411422,0.36434301212435455,0,0.08197658264344282,0,1283.2630769387285,94.90821517073547,100.12697277945423,0,263.7434986987906
4,347.6,12501.97891989164,0.3640350158796406,0,0.13145178079305972,0,1283.2630769387285,94.83399572837705,100.04562498053672,0,263.2836835718853
4,347.70000000000005,12492.499218763784,0.36372803815792043,0,0.07416479994792807,0,1283.2630769387285,94.7600273501262,99.96454896072807,0,262.8258980634964
4,347.8,12483.026901979,0.36342207443485924,0,0.13847077222436618,0,1283.2630769387285,94.68630881320189,99.88374351937054,0,262.370131035782
4,347.90000000000003,12473.56194461789,0.3631171201843382,0,0.10387130961608157,0,1283.2630769387285,94.61283889526514,99.80320745503543,0,261.91637136496246
4,348,12464.104321878403,0.3628131708791499,0,0.04407114927965564,0,1283.2630769387285,94.5396163746112,99.72293956571914,0,261.46460794317284
4,348.1,12454.654009082355,0.36251022199169414,0,0.08593204764166111,0,1283.2630769387285,94.46664003035522,99.64293864903298,0,261.01482967989693
4,348.20000000000005,12445.210981675424,0.3622082689946524,0,0.11838663938660296,0,1283.2630769387285,94.3939086426136,99.56320350238897,0,260.5670255034841
4,348.3,12435.775215218775,0.36190730736163323,0,0.1026781972877748,0,1283.2630769387285,94.32142099268052,99.48373292318122,0,260.1211843627773
4,348.40000000000003,12426.346685400233,0.36160733256782385,0,0.11960703268097643,0,1283.2630769387285,94.2491758631986,99.40452570896173,0,259.67729522831803
4,348.5,12416.925368031487,0.3613083400906114,0,0.1267142287326741,0,1283.2630769387285,94.17717203832632,99.32558065761302,0,259.2353470937802
4,348.6,12407.511239039712,0.3610103254101818,0,0.11255987001685937,0,1283.2630769387285,94.10540830390045,99.24689656751643,0,258.7953289774638
4,348.70000000000005,12398.10427447781,0.3607132840101204,0,0.09532716067616753,0,1283.2630769387285,94.03388344759259,99.16847223771462,0,258.3572299233844
4,348.8,12388.704450516962,0.36041721137798205,0,0.03547898371802236,0,1283.2630769387285,93.96259625906319,99.09030646807166,0,257.9210390026653
4,348.90000000000003,12379.311743452214,0.3601221030058571,0,0.09988753357131289,0,1283.2630769387285,93.89154553010952,99.01239805942762,0,257.4867453146355
4,349,12369.926129695028,0.3598279543909105,0,0.0945201969294874,0,1283.2630769387285,93.8207300548107,98.93474581375023,0,257.0543379881369
4,349.1,12360.547585783526,0.35953476103592386,0,0.17063595787290486,0,1283.2630769387285,93.75014862966717,98.85734853428137,0,256.6238061824564
4,349.20000000000005,12351.176088372245,0.3592425184498033,0,0.11281037137002799,0,1283.2630769387285,93.67980005373768,98.78020502568121,0,256.1951390886086
4,349.3,12341.811614237726,0.3589512221480886,0,0.046374886512100706,0,1283.2630769387285,93.60968312877074,98.70331409416707,0,255.76832593027925
4,349.40000000000003,12332.454140272923,0.3586608676534356,0,0.038015209034410684,0,1283.2630769387285,93.53979665933271,98.62667454764919,0,255.34335596494094
4,349.5,12323.103643492796,0.3583714504960987,0,0.09989988414055918,0,1283.2630769387285,93.47013945293176,98.55028519586237,0,254.92021848472518
4,349.6,12313.760101026855,0.3580829662143858,0,0.11688282910553091,0,1283.2630769387285,93.4007103201384,98.47414485049461,0,254.49890281750172
4,349.70000000000005,12304.423490133137,0.3577954103551224,0,0.13028061567174337,0,1283.2630769387285,93.33150807470123,98.3982523253111,0,254.07939832752683
4,349.8,12295.093788174912,0.35750877847406565,0,0.16553704337786523,0,1283.2630769387285,93.2625315336613,98.32260643627697,0,253.66169441674967
4,349.90000000000003,12285.770972646773,0.3572230661363534,0,0.15529134851960896,0,1283.2630769387285,93.19377951745953,98.24720600167302,0,253.2457805251655
4,350,12276.455021152273,0.35693826891689645,0,0.10287991001397465,0,1283.2630769387285,93.12525085004422,98.17204984221229,0,252.83164613204318
4,350.1,12267.14591141697,0.3566543824007898,0,0.05830041180147367,0,1283.2630769387285,93.05694435897212,98.09713678114973,0,252.41928075645666
4,350.20000000000005,12257.843621280976,0.3563714021836939,0,0.044109715330447524,0,1283.2630769387285,92.98885887550799,98.0224656443909,0,252.00867395817065
4,350.3,12248.548128699884,0.3560893238722117,0,0.11713400663830718,0,1283.2630769387285,92.9209932347196,97.94803526059619,0,251.599815338336
4,350.40000000000003,12239.259411747567,0.35580814308425635,0,0.18668237871715546,0,1283.2630769387285,92.85334627557022,97.87384446128236,0,251.19269454012723
4,350.5,12229.977448616177,0.3555278554494064,0,0.11353145809455044,0,1283.2630769387285,92.78591684100756,97.79989208092124,0,250.78730124940233
4,350.6,12220.702217609622,0.3552484566092422,0,0.10837167505363123,0,1283.2630769387285,92.71870377805055,97.72617695703575,0,250.38362519545265
4,350.70000000000005,12211.433697146364,0.35496994221768,0,0.09188824579590738,0,1283.2630769387285,92.65170593787145,97.6526979302919,0,249.98165615155207
4,350.8,12202.171865765005,0.35469230794130024,0,0.09541984818562123,0,1283.2630769387285,92.58492217587593,97.57945384458843,0,249.58138393543572
4,350.90000000000003,12192.916702112183,0.3544155494596468,0,0.1347146109857704,0,1283.2630769387285,92.51835135178061,97.50644354714439,0,249.18279841006856
4,351,12183.66818495281,0.35413966246553846,0,0.17653473505294046,0,1283.2630769387285,92.45199232968656,97.43366588858255,0,248.78588948398667
4,351.1,12174.426293160766,0.3538646426653503,0,0.19686221036783527,0,1283.2630769387285,92.3858439781511,97.3611197230112,0,248.39064711196386
4,351.20000000000005,12165.191005728208,0.3535904857793059,0,0.19029403971274358,0,1283.2630769387285,92.31990517025585,97.28880390810248,0,247.99706129532393
4,351.3,12155.962301756255,0.3533171875417397,0,0.15655329303748028,0,1283.2630769387285,92.25417478367335,97.21671730516903,0,247.6051220825603
4,351.40000000000003,12146.740160455927,0.35304474370136046,0,0.0971824873496015,0,1283.2630769387285,92.18865170072998,97.14485877923735,0,247.21481956974833
4,351.5,12137.524561153725,0.35277315002151005,0,0.0247460313841653,0,1283.2630769387285,92.12333480846603,97.07322719911828,0,246.826143900853
4,351.6,12128.315483286977,0.3525024022804044,0,0.09631984841479158,0,1283.2630769387285,92.05822299869465,97.0018214374762,0,246.4390852682016
4,351.70000000000005,12119.112906402908,0.35223249627136916,0,0.1636799274071446,0,1283.2630769387285,91.9933151680575,96.9306403708953,0,246.05363391286517
4,351.8,12109.916810156778,0.3519634278030638,0,0.12244389856223516,0,1283.2630769387285,91.9286102180779,96.85968287994325,0,245.6697801250332
4,351.90000000000003,12100.727174313739,0.35169519269970206,0,0.1436738163529246,0,1283.2630769387285,91.86410705521142,96.78894784923237,0,245.2875142443048
4,352,12091.543978756294,0.35142778680127235,0,0.147404764216935,0,1283.2630769387285,91.79980459089467,96.71843416747903,0,244.9068266598682
4,352.1,12082.367203465663,0.35116120596372113,0,0.14968475788996863,0,1283.2630769387285,91.73570174159265,96.6481407275617,0,244.52770781111025
4,352.20000000000005,12073.196828529239,0.35089544605915274,0,0.20256802407778102,0,1283.2630769387285,91.67179742884174,96.57806642657461,0,244.15014818774713
4,352.3,12064.032834150828,0.35063050297602705,0,0.24160583878562736,0,1283.2630769387285,91.60809057929114,96.50821016588004,0,243.77413832989797
4,352.40000000000003,12054.875200639479,0.3503663726193307,0,0.2676413422278327,0,1283.2630769387285,91.54458012474427,96.43857085116043,0,243.39966882851581
4,352.5,12045.723908406682,0.3501030509107438,0,0.2625387327358358,0,1283.2630769387285,91.4812650021962,96.36914739246646,0,243.02673032564394
4,352.6,12036.578937971964,0.34984053378881047,0,0.22273836212159992,0,1283.2630769387285,91.41814415386894,96.29993870426333,0,242.65531351451662
4,352.70000000000005,12027.440269962884,0.3495788172090969,0,0.17494023678105197,0,1283.2630769387285,91.3552165272455,96.2309437054756,0,242.28540913974206
4,352.8,12018.307885108516,0.34931789714433564,0,0.09973751021578763,0,1283.2630769387285,91.29248107510232,96.1621613195304,0,241.91700799757865
4,352.90000000000003,12009.181764240377,0.3490577695845689,0,0.11040303252420766,0,1283.2630769387285,91.22993675553872,96.09359047439771,0,241.5501009360643
4,353,12000.061888300814,0.34879843053729515,0,0.14093936944539126,0,1283.2630769387285,91.16758253200483,96.02523010262931,0,241.18467885501147
4,353.1,11990.94823832903,0.3485398760275867,0,0.19607488545659268,0,1283.2630769387285,91.10541737332919,95.95707914139696,0,240.82073270636485
4,353.20000000000005,11981.840795471333,0.34828210209822225,0,0.14313456430962954,0,1283.2630769387285,91.0434402537422,95.88913653252686,0,240.45825349412954
4,353.3,11972.739540976472,0.3480251048098026,0,0.10740440487098563,0,1283.2630769387285,90.9816501529,95.82140122253432,0,240.09723227454623
4,353.40000000000003,11963.644456187263,0.3477688802408522,0,0.11116697506626294,0,1283.2630769387285,90.92004605590567,95.7538721626557,0,239.73766015630414
4,353.5,11954.555522560142,0.34751342448794553,0,0.11693439404888206,0,1283.2630769387285,90.85862695332777,95.68654830887805,0,239.37952830028138
4,353.6,11945.472721642815,0.34725873366578636,0,0.14145226168420155,0,1283.2630769387285,90.79739184122045,95.61942862196955,0,239.0228279199722
4,353.70000000000005,11936.396035086364,0.3470048039073123,0,0.1438748486914625,0,1283.2630769387285,90.73633972113836,95.55251206750569,0,238.66755028132167
4,353.8,11927.325444645248,0.3467516313637854,0,0.1427105957610594,0,1283.2630769387285,90.67546960015243,95.48579761589535,0,238.31368670275614
4,353.90000000000003,11918.260932164267,0.34649921220486257,0,0.12119871656649,0,1283.2630769387285,90.61478049086386,95.41928424240588,0,237.96122855541515
4,354,11909.202479592524,0.34624754261868584,0,0.0883044977635087,0,1283.2630769387285,90.55427141141513,95.35297092718456,0,237.6101672629207
4,354.1,11900.150068975985,0.34599661881195026,0,0.08945040522521017,0,1283.2630769387285,90.49394138550149,95.28685665528096,0,237.26049430149826
4,354.20000000000005,11891.103682461195,0.34574643700997487,0,0.06282848977891804,0,1283.2630769387285,90.43378944238016,95.22094041666668,0,236.9122011998983
4,354.3,11882.06330227945,0.34549699345674995,0,0.08513070856119452,0,1283.2630769387285,90.37381461687917,95.1552212062547,0,236.56527953962592
4,354.40000000000003,11873.028910772875,0.34524828441501904,0,0.16640182751866928,0,1283.2630769387285,90.31401594940189,95.08969802391475,0,236.21972095447404
4,354.5,11864.000490375794,0.3450003061663192,0,0.07819496991798824,0,1283.2630769387285,90.2543924859352,95.02436987449173,0,235.875517130791
4,354.6,11854.978023609146,0.34475305501101994,0,0.01591512637872528,0,1283.2630769387285,90.19494327805273,94.9592357678195,0,235.53265980750362
4,354.70000000000005,11845.961493098177,0.3445065272683866,0,0.0887541490193204,0,1283.2630769387285,90.13566738291716,94.89429471873385,0,235.1911407757684
4,354.8,11836.950881560333,0.3442607192766092,0,0.14896196116796584,0,1283.2630769387285,90.0765638632833,94.82954574708566,0,234.8509518790942
4,354.90000000000003,11827.946171802469,0.34401562739283514,0,0.1340381526308691,0,1283.2630769387285,90.01763178749869,94.76498787775206,0,234.5120850133024
4,355,11818.947346723638,0.34377124799320186,0,0.13443279044541642,0,1283.2630769387285,89.95887022950271,94.70062014064575,0,234.17453212638625
4,355.1,11809.954389324412,0.3435275774728755,0,0.13771353064859382,0,1283.2630769387285,89.90027826882509,94.63644157072383,0,233.83828521826564
4,355.20000000000005,11800.967282682657,0.3432846122460503,0,0.11734266068787817,0,1283.2630769387285,89.84185499058484,94.57245120799685,0,233.50333634106642
4,355.3,11791.986009981483,0.3430423487459944,0,0.13128350595145424,0,1283.2630769387285,89.78359948548467,94.50864809753348,0,233.16967759855524
4,355.40000000000003,11783.010554485954,0.342800783425045,0,0.1581841660754359,0,1283.2630769387285,89.72551084980866,94.44503128946812,0,232.83730114639323
4,355.5,11774.040899557061,0.34255991275463366,0,0.06770531937834844,0,1283.2630769387285,89.66758818541545,94.38159983900432,0,232.50619919178106
4,355.6,11765.077028641477,0.34231973322528486,0,0.06306430550406217,0,1283.2630769387285,89.60983059973302,94.31835280641927,0,232.1763639934862
4,355.70000000000005,11756.118925275281,0.3420802413466251,0,0.12687834006446874,0,1283.2630769387285,89.55223720575066,94.25528925706598,0,231.84778786163906
4,355.8,11747.166573080234,0.34184143364737957,0,0.0724809678079911,0,1283.2630769387285,89.49480712201118,94.19240826137505,0,231.5204631576399
4,355.90000000000003,11738.219955774024,0.3416033066753819,0,0.07481852198625351,0,1283.2630769387285,89.43753947260132,94.12970889485511,0,231.19438229384457
4,356,11729.279057154432,0.34136585699755495,0,0.11386028165203428,0,1283.2630769387285,89.38043338714333,94.06719023809396,0,230.86953773365272
4,356.1,11720.343861107714,0.34112908119990903,0,0.2049096750350501,0,1283.2630769387285,89.3234880007832,94.00485137675649,0,230.54592199120398
4,356.20000000000005,11711.414351607673,0.3408929758875313,0,0.1775614384635627,0,1283.2630769387285,89.26670245417962,93.94269140158328,0,230.22352763122197
4,356.3,11702.49051271379,0.34065753768457013,0,0.17293442627606978,0,1283.2630769387285,89.21007589349203,93.88070940838813,0,229.9023472688654
4,356.40000000000003,11693.572328569368,0.34042276323421633,0,0.16732102891968617,0,1283.2630769387285,89.15360747036777,93.81890449805466,0,229.58237356957207
4,356.5,11684.659783400595,0.3401886491986821,0,0.16997889977604194,0,1283.2630769387285,89.09729634192833,93.757275776532,0,229.26359924888342
4,356.6,11675.75286152307,0.3399551922591851,0,0.16285565751348843,0,1283.2630769387285,89.04114167075494,93.6958223548295,0,228.94601707215108
4,356.70000000000005,11666.85154733155,0.3397223891159149,0,0.18914703587436263,0,1283.2630769387285,88.98514262487424,93.6345433490119,0,228.62961985449837
4,356.8,11657.955825305544,0.3394902364880094,0,0.11543068861565656,0,1283.2630769387285,88.92929837774224,93.57343788019229,0,228.3144004605296
4,356.90000000000003,11649.065680004656,0.339258731113521,0,0.04786493152336721,0,1283.2630769387285,88.87360810822847,93.51250507452536,0,228.00035180419573
4,357,11640.181096074171,0.3390278697493884,0,0.09201084664235162,0,1283.2630769387285,88.81807100059864,93.45174406319911,0,227.6874668484961
4,357.1,11631.30205823481,0.33879764917139316,0,0.03967018364370507,0,1283.2630769387285,88.762686244498,93.39115398242721,0,227.37573860542176
4,357.20000000000005,11622.428551292047,0.3385680661741295,0,0.09874295909488857,0,1283.2630769387285,88.70745303493253,93.3307339734389,0,227.06516013559184
4,357.3,11613.56056013517,0.33833911757096613,0,0.16153336087295728,0,1283.2630769387285,88.65237057225096,93.27048318246995,0,226.7557245480503
4,357.40000000000003,11604.698069724254,0.33811080019399187,0,0.24648437929405476,0,1283.2630769387285,88.59743806212634,93.21040076075288,0,226.44742500023565
4,357.5,11595.841065107845,0.3378831108939875,0,0.22934401029142423,0,1283.2630769387285,88.54265471553526,93.15048586450476,0,226.14025469748324
4,357.6,11586.989531408995,0.3376560465403693,0,0.22794569865791406,0,1283.2630769387285,88.48801974873916,93.09073765491722,0,225.8342068930085
4,357.70000000000005,11578.143453827128,0.3374296040211402,0,0.22506864053617856,0,1283.2630769387285,88.43353238326321,93.03115529814356,0,225.52927488763808
4,357.8,11569.302817638963,0.3372037802428424,0,0.2227963471011053,0,1283.2630769387285,88.37919184587521,92.9717379652864,0,225.22545202955945
4,357.90000000000003,11560.467608202249,0.33697857213050847,0,0.21715629127133346,0,1283.2630769387285,88.32499736856411,92.9124848323842,0,224.92273171402397
4,358,11551.637810947374,0.3367539766276017,0,0.22936801048016472,0,1283.2630769387285,88.27094818851894,92.85339508039861,0,224.6211073832311
4,358.1,11542.813411384821,0.33652999069596695,0,0.14417414594281014,0,1283.2630769387285,88.21704354810588,92.79446789519959,0,224.3205725259691
4,358.20000000000005,11533.994395093992,0.33630661131576384,0,0.0696435340976857,0,1283.2630769387285,88.16328269484636,92.73570246755169,0,224.02112067753464
4,358.3,11525.180747736245,0.33608383548541987,0,0.020473265562047458,0,1283.2630769387285,88.1096648813931,92.67709799309802,0,223.72274541928616
4,358.40000000000003,11516.37245504558,0.3358616602215637,0,0.1217368597073562,0,1283.2630769387285,88.05618936550792,92.61865367234597,0,223.42544037853457
4,358.5,11507.569502829574,0.3356400825589638,0,0.07450473969687722,0,1283.2630769387285,88.00285541003765,92.56036871065099,0,223.12919922827228
4,358.6,11498.771876968443,0.33541909955046445,0,0.14168933995542618,0,1283.2630769387285,87.94966228289015,92.50224231820037,0,222.83401568693085
4,358.70000000000005,11489.979563413188,0.3351987082669194,0,0.19077555528472945,0,1283.2630769387285,87.89660925701003,92.44427370999658,0,222.5398835181485
4,358.8,11481.192548192106,0.33497890579713213,0,0.16489306997903216,0,1283.2630769387285,87.8436956103535,92.38646210583983,0,222.24679653041588
4,358.90000000000003,11472.410817404278,0.3347596892477842,0,0.1905243249979718,0,1283.2630769387285,87.79092062586442,92.3288067303113,0,221.95474857691173
4,359,11463.634357214905,0.3345410557433612,0,0.1757026927231253,0,1283.2630769387285,87.73828359144865,92.27130681275545,0,221.66373355530612
4,359.1,11454.863153868355,0.3343230024260959,0,0.18674580297487206,0,1283.2630769387285,87.68578379994818,92.21396158726107,0,221.37374540730661
4,359.20000000000005,11446.097193672322,0.33410552645588365,0,0.16301191265509055,0,1283.2630769387285,87.63342054911655,92.15677029264403,0,221.0847781186247
4,359.3,11437.336463011801,0.3338886250102225,0,0.18360891038813607,0,1283.2630769387285,87.58119314159173,92.0997321724275,0,220.79682571850586
4,359.40000000000003,11428.580948334187,0.3336722952841279,0,0.11633564718862117,0,1283.2630769387285,87.52910088487121,92.04284647482397,0,220.5098822796785
4,359.5,11419.83063615486,0.3334565344900616,0,0.030011694902201572,0,1283.2630769387285,87.47714309128467,91.98611245271508,0,220.22394191800066
4,359.6,11411.085513068363,0.33324133985786863,0,0.05673986546273685,0,1283.2630769387285,87.42531907796707,91.92952936363153,0,219.93899879203335
4,359.70000000000005,11402.345565728843,0.3330267086346854,0,0.15808084386455648,0,1283.2630769387285,87.37362816683368,91.87309646973502,0,219.65504710305495
4,359.8,11393.610780858435,0.33281263808486755,0,0.08772909129977231,0,1283.2630769387285,87.32206968455182,91.81681303779668,0,219.37208109466414
4,359.90000000000003,11384.88114524819,0.3325991254899138,0,0.1284116713335686,0,1283.2630769387285,87.27064296251382,91.76067833917685,0,219.09009505249657
4,360,11376.156645756215,0.33238616814838723,0,0.16213013878243185,0,1283.2630769387285,87.21934733681005,91.70469164980467,0,218.80908330398105
4,360.1,11367.437269304879,0.3321737633758316,0,0.13733187330298588,0,1283.2630769387285,87.16818214820155,91.64885225015716,0,218.52904021810505
4,360.20000000000005,11358.723002884537,0.3319619085046962,0,0.16837213641373683,0,1283.2630769387285,87.11714674209243,91.59315942523817,0,218.2499602050909
4,360.3,11350.013833547011,0.3317506008842478,0,0.15633851479800667,0,1283.2630769387285,87.06624046850222,91.53761246455699,0,217.9718377162116
4,360.40000000000003,11341.309748411179,0.3315398378804946,0,0.16525651503586944,0,1283.2630769387285,87.01546268203789,91.48221066210678,0,217.69466724344025
4,360.5,11332.61073466111,0.3313296168761028,0,0.1456596383052293,0,1283.2630769387285,86.964812741866,91.42695331634286,0,217.41844331920183
4,360.6,11323.916779546067,0.33111993527031414,0,0.16331658470731403,0,1283.2630769387285,86.91429001168497,91.37183973016114,0,217.14316051610226
4,360.70000000000005,11315.227870374918,0.3309107904788568,0,0.08682873244381682,0,1283.2630769387285,86.8638938596972,91.31686921087608,0,216.8688134467299
4,360.8,11306.543994518928,0.33070217993386375,0,0.03307931515453805,0,1283.2630769387285,86.8136236585803,91.26204107019825,0,216.59539676334197
4,360.90000000000003,11297.865139419213,0.3304941010837957,0,0.05270005665580025,0,1283.2630769387285,86.76347878545882,91.20735462421167,0,216.3229051574887
4,361,11289.191292570904,0.33028655139334223,0,0.12376263987458803,0,1283.2630769387285,86.71345862187694,91.15280919335241,0,216.0513333599609
4,361.1,11280.522441534325,0.33007952834334503,0,0.034128499588649726,0,1283.2630769387285,86.66356255376908,91.09840410238485,0,215.78067614035783
4,361.20000000000005,11271.8585739322,0.3298730294307109,0,0.073662193671534,0,1283.2630769387285,86.61378997143181,91.04413868037935,0,215.51092830685542
4,361.3,11263.199677443132,0.3296670521683183,0,0.1452922602149998,0,1283.2630769387285,86.56414026949567,90.99001226068958,0,215.2420847060214
4,361.40000000000003,11254.545739809051,0.32946159408493736,0,0.14317133993875636,0,1283.2630769387285,86.51461284689594,90.93602418092885,0,214.97414022243822
4,361.5,11245.896748832427,0.32925665272514104,0,0.1629561798280092,0,1283.2630769387285,86.46520710684472,90.88217378294743,0,214.70708977847218
4,361.6,11237.252692376263,0.32905222564921777,0,0.17593859395236408,0,1283.2630769387285,86.41592245680212,90.82846041280935,0,214.44092833400106
4,361.70000000000005,11228.613558361307,0.32884831043308194,0,0.17606344465290868,0,1283.2630769387285,86.36675830844811,90.7748834207693,0,214.1756508861813
4,361.8,11219.979334764183,0.3286449046681821,0,0.18420283203058313,0,1283.2630769387285,86.31771407765368,90.72144216124903,0,213.91125246920038
4,361.90000000000003,11211.350009622984,0.32844200596141954,0,0.17673035636138826,0,1283.2630769387285,86.2687891844519,90.66813599281365,0,213.6477281539309
4,362,11202.725571035407,0.3282396119350578,0,0.14090853779851956,0,1283.2630769387285,86.21998305300987,90.61496427814836,0,213.38507304768783
4,362.1,11194.106007149443,0.32803772022662525,0,0.07911086998397955,0,1283.2630769387285,86.17129511160019,90.56192638403519,0,213.12328229408348
4,362.20000000000005,11185.49130617734,0.3278363284888382,0,0.07213613969081656,0,1283.2630769387285,86.12272479257162,90.50902168132835,0,212.86235107256988
4,362.3,11176.881456382573,0.3276354343895012,0,0.12932821992601018,0,1283.2630769387285,86.07427153232149,90.4562495449315,0,212.60227459834772
4,362.40000000000003,11168.276446091942,0.32743503561142917,0,0.15618430924269822,0,1283.2630769387285,86.02593477126656,90.40360935377339,0,212.3430481219385
4,362.5,11159.676263677888,0.3272351298523407,0,0.10251317652491396,0,1283.2630769387285,85.97771395381534,90.35110049078476,0,212.08466692915258
4,362.6,11151.080897575244,0.327035714824784,0,0.07561618151330156,0,1283.2630769387285,85.92960852833843,90.29872234287345,0,211.82712634059928
4,362.70000000000005,11142.490336274728,0.3268367882560427,0,0.040438822424389516,0,1283.2630769387285,85.881617947141,90.24647430090128,0,211.57042171151232
4,362.8,11133.904568317346,0.32663834788804086,0,0.08593525542103385,0,1283.2630769387285,85.83374166643472,90.19435575966038,0,211.31454843156013
4,362.90000000000003,11125.32358229626,0.32644039147725357,0,0.1017345950429403,0,1283.2630769387285,85.78597914630862,90.14236611784862,0,211.0595019245542
4,363,11116.74736686889,0.3262429167946297,0,0.10320807641724171,0,1283.2630769387285,85.73832985070077,90.0905047780455,0,210.80527764803068
4,363.1,11108.175910734572,0.3260459216254826,0,0.11422847459246087,0,1283.2630769387285,85.69079324737156,90.03877114668958,0,210.55187109328665
4,363.20000000000005,11099.609202652238,0.325849403769415,0,0.10144617951637519,0,1283.2630769387285,85.6433688078739,89.98716463405303,0,210.2992777848824
4,363.3,11091.047231435776,0.32565336104022696,0,0.08811697714982936,0,1283.2630769387285,85.59605600752604,89.93568465421856,0,210.0474932804494
4,363.40000000000003,11082.489985940978,0.325457791265813,0,0.07369744337000933,0,1283.2630769387285,85.54885432538404,89.88433062505567,0,209.7965131705996
4,363.5,11073.937455086038,0.3252626922880911,0,0.11032556053022013,0,1283.2630769387285,85.50176324421238,89.83310196819562,0,209.54633307840064
4,363.6,11065.389627831988,0.32506806196289656,0,0.1611712811033648,0,1283.2630769387285,85.45478225045777,89.78199810900877,0,209.2969486593776
4,363.70000000000005,11056.846493197605,0.3248738981599043,0,0.1999437341410949,0,1283.2630769387285,85.40791083421983,89.73101847657946,0,209.04835560106122
4,363.8,11048.308040251955,0.32468019876253584,0,0.11594399748162759,0,1283.2630769387285,85.36114848922479,89.68016250368319,0,208.80054962283702
4,363.90000000000003,11039.774258114398,0.3244869616678686,0,0.07265916639975074,0,1283.2630769387285,85.31449471279751,89.62942962676252,0,208.55352647569123
4,364,11031.245135948993,0.32429418478654193,0,0.0653441078995031,0,1283.2630769387285,85.26794900583432,89.57881928590336,0,208.30728194203132
4,364.1,11022.720662975684,0.3241018660426779,0,0.08090363046366789,0,1283.2630769387285,85.2215108727747,89.52833092481053,0,208.06181183529083
4,364.20000000000005,11014.20082846377,0.3239100033737877,0,0.12683383107982385,0,1283.2630769387285,85.17517982157489,89.47796399078467,0,207.8171119997685
4,364.3,11005.685621726327,0.32371859473067816,0,0.12363631555000706,0,1283.2630769387285,85.12895536368084,89.42771793469869,0,207.57317831045165
4,364.40000000000003,10997.175032129511,0.32352763807737056,0,0.08578114925101174,0,1283.2630769387285,85.08283701400048,89.37759221097338,0,207.33000667264884
4,364.5,10988.669049084187,0.32333713139100545,0,0.07458847118294575,0,1283.2630769387285,85.03682429087722,89.32758627755436,0,207.08759302185396
4,364.6,10980.167662057094,0.32314707266176596,0,0.0679177429130494,0,1283.2630769387285,84.99091671606273,89.2776995958881,0,206.84593332336146
4,364.70000000000005,10971.670860551298,0.32295745989277147,0,0.12752895531380148,0,1283.2630769387285,84.9451138146913,89.22793163089929,0,206.60502357227315
4,364.8,10963.178634128533,0.32276829110001065,0,0.16017291739521358,0,1283.2630769387285,84.89941511525173,89.17828185096627,0,206.36485979297274
4,364.90000000000003,10954.690972385928,0.322579564312233,0,0.17207010320779598,0,1283.2630769387285,84.85382014956242,89.12874972789878,0,206.12543803918246
4,365,10946.207864975557,0.3223912775708786,0,0.2177883831079083,0,1283.2630769387285,84.80832845274341,89.07933473691328,0,205.88675439347463
4,365.1,10937.729301596992,0.32220342892998727,0,0.12496046290894432,0,1283.2630769387285,84.76293956319127,89.03003635661081,0,205.64880496713485
4,365.20000000000005,10929.255271990784,0.3220160164561047,0,0.03515794335946524,0,1283.2630769387285,84.71765302255318,88.9808540689538,0,205.41158590000714
4,365.3,10920.785765942186,0.3218290382281996,0,0.06482443736068018,0,1283.2630769387285,84.67246837570029,88.93178735924256,0,205.17509336021078
4,365.40000000000003,10912.320773286745,0.32164249233758213,0,0.12452008215667293,0,1283.2630769387285,84.62738517070184,88.8828357160919,0,204.9393235438384
4,365.5,10903.860283900984,0.32145637688781126,0,0.14902783277953777,0,1283.2630769387285,84.58240295879988,88.83399863140883,0,204.70427267484274
4,365.6,10895.404287708923,0.321270689994615,0,0.15076099636125098,0,1283.2630769387285,84.53752129438351,88.78527560036935,0,204.46993700472586
4,365.70000000000005,10886.952774679288,0.3210854297858032,0,0.13313606897107574,0,1283.2630769387285,84.49273973496348,88.73666612139571,0,204.23631281234555
4,365.8,10878.50573482085,0.32090059440117824,0,0.09815643441611678,0,1283.2630769387285,84.4480578411471,88.68816969613398,0,204.00339640374662
4,365.90000000000003,10870.063158192672,0.3207161819924605,0,0.11770033816131026,0,1283.2630769387285,84.40347517661257,88.63978582943075,0,203.77118411180777
4,366,10861.625034890138,0.32053219072319145,0,0.15544350901715262,0,1283.2630769387285,84.35899130808475,88.59151402931144,0,203.53967229619212
4,366.1,10853.19135505613,0.3203486187686596,0,0.1789369485850328,0,1283.2630769387285,84.31460580530927,88.54335380695693,0,203.30885734298386
4,366.20000000000005,10844.762108875439,0.3201654643158133,0,0.17909796045784437,0,1283.2630769387285,84.27031824102862,88.49530467668183,0,203.07873566453893
4,366.3,10836.337286576629,0.3199827255631791,0,0.20511203614711318,0,1283.2630769387285,84.22612819095718,88.44736615591196,0,202.84930369924234
4,366.40000000000003,10827.916878429241,0.31980040072077615,0,0.12192437045023663,0,1283.2630769387285,84.18203523375696,88.39953776516228,0,202.62055791132303
4,366.5,10819.500874740072,0.3196184880100314,0,0.03563551212293142,0,1283.2630769387285,84.13803895101336,88.35181902801489,0,202.39249479068363
4,366.6,10811.089265868999,0.31943698566371076,0,0.12151966769929577,0,1283.2630769387285,84.09413892721012,88.30420947109614,0,202.16511085248987
4,366.70000000000005,10802.682042205706,0.3192558919258188,0,0.17824691083995545,0,1283.2630769387285,84.05033474970696,88.25670862405639,0,201.93840263724545
4,366.8,10794.279194189236,0.3190752050515337,0,0.21422713045746164,0,1283.2630769387285,84.00662600871416,88.20931601954665,0,201.71236671033734
4,366.90000000000003,10785.880712298676,0.3188949233071198,0,0.21984393117896842,0,1283.2630769387285,83.96301229727001,88.162031193198,0,201.48699966194278
4,367,10777.486587044783,0.31871504496983827,0,0.19516069948044965,0,1283.2630769387285,83.91949321121704,88.11485368359983,0,201.2622981069175
4,367.1,10769.096808989532,0.3185355683278842,0,0.1692768063166218,0,1283.2630769387285,83.8760683491775,88.06778303227728,0,201.03825868435072
4,367.20000000000005,10760.711368727498,0.31835649168029245,0,0.1449078333204462,0,1283.2630769387285,83.83273731253165,88.02081878367127,0,200.81487805758724
4,367.3,10752.330256898887,0.318177813336869,0,0.11868109688189003,0,1283.2630769387285,83.78949970539348,87.97396048511628,0,200.59215291386312
4,367.40000000000003,10743.953464178368,0.31799953161810357,0,0.08273856001033461,0,1283.2630769387285,83.74635513458885,87.92720768682,0,200.37007996423927
4,367.5,10735.580981281586,0.3178216448550951,0,0.08944506877955848,0,1283.2630769387285,83.70330320963173,87.88055994184148,0,200.14865594331744
4,367.6,10727.212798965164,0.3176441513894757,0,0.0699510999883709,0,1283.2630769387285,83.66034354270197,87.83401680607057,0,199.9278776090426
4,367.70000000000005,10718.848908022977,0.31746704957333033,0,0.1396274689466059,0,1283.2630769387285,83.6174757486231,87.78757783820734,0,199.70774174254987
4,367.8,10710.489299284294,0.31729033776911664,0,0.1307461719222297,0,1283.2630769387285,83.57469944483984,87.74124259974116,0,199.4882451479862
4,367.90000000000003,10702.13396362029,0.3171140143495943,0,0.04695397235853265,0,1283.2630769387285,83.53201425139538,87.69501065492966,0,199.26938465223665
4,368,10693.782891937532,0.3169380776977443,0,0.0892800961640085,0,1283.2630769387285,83.4894197909101,87.64888157077887,0,199.0511571048092
4,368.1,10685.436075183563,0.3167625262066975,0,0.09227583729475718,0,1283.2630769387285,83.44691568855923,87.60285491702243,0,198.83355937757509
4,368.20000000000005,10677.09350434132,0.31658735827965495,0,0.10793483904111081,0,1283.2630769387285,83.40450157205166,87.55693026610173,0,198.6165883646439
4,368.3,10668.755170429125,0.3164125723298127,0,0.11280902162433772,0,1283.2630769387285,83.36217707160809,87.51110719314558,0,198.40024098217228
4,368.40000000000003,10660.421064505354,0.3162381667802915,0,0.11122349099139917,0,1283.2630769387285,83.31994181993947,87.46538527594994,0,198.18451416812056
4,368.5,10652.091177662835,0.31606414006405825,0,0.14815486787147925,0,1283.2630769387285,83.2777954522262,87.41976409495848,0,197.96940488213224
4,368.6,10643.76550103072,0.31589049062385405,0,0.11085791640149818,0,1283.2630769387285,83.23573760609676,87.37424323324244,0,197.75491010532514
4,368.70000000000005,10635.444025776349,0.31571721691212257,0,0.05677357842936395,0,1283.2630769387285,83.19376792160676,87.32882227648095,0,197.54102684008572
4,368.8,10627.126743100584,0.31554431739093397,0,0.08908000165919358,0,1283.2630769387285,83.1518860412185,87.28350081294184,0,197.32775210994163
4,368.90000000000003,10618.81364424061,0.3153717905319147,0,0.10402968026626143,0,1283.2630769387285,83.11009160978014,87.23827843346183,0,197.11508295934635
4,369,10610.504720466211,0.3151996348161719,0,0.18595313386312193,0,1283.2630769387285,83.06838427450512,87.19315473142728,0,196.90301645354126
4,369.1,10602.199963089079,0.3150278487342312,0,0.1826192566534937,0,1283.2630769387285,83.02676368495173,87.14812930275474,0,196.69154967827086
4,369.20000000000005,10593.8993634535,0.31485643078595876,0,0.08034028643907898,0,1283.2630769387285,82.98522949300374,87.10320174587258,0,196.48067973971555
4,369.3,10585.602912935428,0.3146853794804896,0,0.06073114818867861,0,1283.2630769387285,82.94378135285021,87.05837166170193,0,196.27040376432555
4,369.40000000000003,10577.310602942482,0.3145146933361553,0,0.06958132802694617,0,1283.2630769387285,82.90241892096516,87.01363865363727,0,196.06071889864253
4,369.5,10569.022424925119,0.31434437088042666,0,0.09859757045748242,0,1283.2630769387285,82.86114185608771,86.96900232752759,0,195.85162230900045
4,369.6,10560.73837036267,0.3141744106498331,0,0.10565386073835632,0,1283.2630769387285,82.81994981920354,86.92446229165876,0,195.64311118151807
4,369.70000000000005,10552.458430768922,0.3140048111898972,0,0.14263213391136706,0,1283.2630769387285,82.77884247352493,86.8800181567343,0,195.4351827218603
4,369.8,10544.182597693056,0.3138355710550695,0,0.1901135463978782,0,1283.2630769387285,82.7378194844717,86.83566953585738,0,195.22783415506214
4,369.90000000000003,10535.91086271312,0.31366668880865295,0,0.12059631123612338,0,1283.2630769387285,82.69688051965225,86.79141604451256,0,195.0210627254336
4,370,10527.643217447214,0.3134981630227477,0,0.07109417013468973,0,1283.2630769387285,82.65602524884436,86.74725730054739,0,194.81486569626773
4,370.1,10519.379653538577,0.31332999227816977,0,0.0643342390085217,0,1283.2630769387285,82.61525334397695,86.70319292415499,0,194.60924034984512
4,370.20000000000005,10511.120162667707,0.31316217516439626,0,0.11761101765957342,0,1283.2630769387285,82.57456447911096,86.65922253785558,0,194.4041839871328
4,370.3,10502.864736548625,0.3129947102794958,0,0.19363172277059715,0,1283.2630769387285,82.53395833042114,86.61534576647901,0,194.19969392766532
4,370.40000000000003,10494.613366926089,0.3128275962300623,0,0.18398652602153542,0,1283.2630769387285,82.49343457617815,86.5715622371474,0,193.9957675094175
4,370.5,10486.366045574658,0.3126608316311473,0,0.10515474084738496,0,1283.2630769387285,82.45299289672998,86.52787157925746,0,193.79240208865352
4,370.6,10478.122764302418,0.3124944151061994,0,0.07445952866314172,0,1283.2630769387285,82.41263297448403,86.48427342446286,0,193.58959503972704
4,370.70000000000005,10469.88351494912,0.3123283452869989,0,0.10587231377530848,0,1283.2630769387285,82.37235449388918,86.44076740665712,0,193.3873437549463
4,370.8,10461.648289387114,0.3121626208135952,0,0.12348095654488397,0,1283.2630769387285,82.33215714141834,86.39735316195659,0,193.1856456444095
4,370.90000000000003,10453.417079521343,0.31199724033424436,0,0.15539953001176107,0,1283.2630769387285,82.29204060555091,86.35403032868342,0,192.9844981358514
4,371,10445.18987728469,0.31183220250534227,0,0.168265613752857,0,1283.2630769387285,82.25200457675571,86.31079854734904,0,192.7838986745437
4,371.1,10436.966674640775,0.3116675059913638,0,0.21425782343148353,0,1283.2630769387285,82.2120487474732,86.26765746063678,0,192.58384472310962
4,371.20000000000005,10428.747463585809,0.3115031494648039,0,0.16384188657023352,0,1283.2630769387285,82.1721728120986,86.22460671338548,0,192.38433376135572
4,371.3,10420.532236143015,0.3113391316061105,0,0.10353764156153351,0,1283.2630769387285,82.13237646696497,86.18164595257299,0,192.1853632861837
4,371.40000000000003,10412.320984371938,0.31117545110363276,0,0.08342822979156495,0,1283.2630769387285,82.09265941032622,86.13877482729951,0,191.9869308113416
4,371.5,10404.113700356334,0.31101210665355017,0,0.08571321046437619,0,1283.2630769387285,82.05302134234105,86.09599298877193,0,191.7890338674121
4,371.6,10395.910376210697,0.3108490969598172,0,0.15546313360938635,0,1283.2630769387285,82.01346196505587,86.05330009028698,0,191.5916700015934
4,371.70000000000005,10387.711004083976,0.3106864207341085,0,0.17273432627716345,0,1283.2630769387285,81.97398098238838,86.01069578721538,0,191.39483677751684
4,371.8,10379.515576152131,0.3105240766957536,0,0.1135624825119047,0,1283.2630769387285,81.93457810011208,85.96817973698636,0,191.1985317751884
4,371.90000000000003,10371.32408461906,0.31036206357167845,0,0.11732683116287349,0,1283.2630769387285,81.89525302583992,85.92575159907163,0,191.00275259083583
4,372,10363.136521717533,0.3102003800963481,0,0.15464190523385696,0,1283.2630769387285,81.85600546900802,85.88341103496951,0,190.80749683675776
4,372.1,10354.952879705466,0.31003902501170477,0,0.1774879062677638,0,1283.2630769387285,81.81683514086022,85.84115770818943,0,190.6127621412255
4,372.20000000000005,10346.773150880821,0.30987799706712477,0,0.20236277627510052,0,1283.2630769387285,81.77774175443153,85.79899128423585,0,190.4185461481835
4,372.3,10338.597327564843,0.3097172950193487,0,0.21678871976231529,0,1283.2630769387285,81.73872502453428,85.75691143059436,0,190.22484651730133
4,372.40000000000003,10330.425402099267,0.30955691763242027,0,0.24978590374346032,0,1283.2630769387285,81.69978466774211,85.71491781671588,0,190.03166092386368
4,372.5,10322.257366866805,0.3093968636776483,0,0.19601416231331206,0,1283.2630769387285,81.66092040237365,85.67301011400055,0,189.83898705841415
4,372.6,10314.09321427159,0.30923713193353647,0,0.14570829089460383,0,1283.2630769387285,81.62213194847907,85.63118799578427,0,189.6468226268396
4,372.70000000000005,10305.932936744764,0.30907772118573074,0,0.10083455046407908,0,1283.2630769387285,81.58341902782433,85.58945113732308,0,189.45516535017452
4,372.8,10297.776526747271,0.30891863022696786,0,0.09533946637357339,0,1283.2630769387285,81.54478136387615,85.54779921577824,0,189.26401296444115
4,372.90000000000003,10289.6239767652,0.30875985785701704,0,0.13142271672482794,0,1283.2630769387285,81.50621868178776,85.50623191020192,0,189.07336322057128
4,373,10281.475279316306,0.3086014028826324,0,0.19440752592499475,0,1283.2630769387285,81.46773070838395,85.46474890152243,0,188.88321388420897
4,373.1,10273.330426942557,0.30844326411749245,0,0.12690034552954801,0,1283.2630769387285,81.42931717214712,85.42334987253008,0,188.69356273566405
4,373.20000000000005,10265.189412213862,0.3082854403821513,0,0.09373731275498005,0,1283.2630769387285,81.3909778032028,85.38203450786284,0,188.5044075697469
4,373.3,10257.052227724344,0.30812793050398163,0,0.07355388205623786,0,1283.2630769387285,81.3527123333055,85.34080249399206,0,188.31574619568298
4,373.40000000000003,10248.918866105378,0.30797073331713604,0,0.11650690276515495,0,1283.2630769387285,81.31452049582435,85.29965351920816,0,188.1275764368527
4,373.5,10240.789319998585,0.3078138476624701,0,0.1292125206023084,0,1283.2630769387285,81.27640202573053,85.25858727360786,0,187.93989613095727
4,373.6,10232.66358208377,0.3076572723875151,0,0.17699069113720178,0,1283.2630769387285,81.23835665958153,85.21760344907847,0,187.7527031295961
4,373.70000000000005,10224.541645065881,0.3075010063464178,0,0.21658356823140168,0,1283.2630769387285,81.200384135509,85.17670173928552,0,187.56599529829134
4,373.8,10216.42350167036,0.30734504839988447,0,0.14357412020598326,0,1283.2630769387285,81.16248419320497,85.13588183965902,0,187.37977051641616
4,373.90000000000003,10208.309144652449,0.3071893974151386,0,0.12929132475460625,0,1283.2630769387285,81.12465657390794,85.09514344737921,0,187.1940266769766
4,374,10200.198566795327,0.3070340522658712,0,0.09008636520377232,0,1283.2630769387285,81.08690102039002,85.05448626136376,0,187.00876168651794
4,374.1,10192.091760900803,0.3068790118321818,0,0.035421414546925684,0,1283.2630769387285,81.04921727694403,85.01390998225449,0,186.8239734651056
4,374.20000000000005,10183.988719804212,0.30672427500054383,0,0.10085627289602724,0,1283.2630769387285,81.01160508936985,84.97341431240366,0,186.6396599460543
4,374.3,10175.889436362311,0.30656984066374543,0,0.19152081447714434,0,1283.2630769387285,80.97406420496225,84.93299895586158,0,186.45581907594314
4,374.40000000000003,10167.793903454207,0.3064157077208415,0,0.09315726473312956,0,1283.2630769387285,80.93659437249775,84.89266361836323,0,186.27244881449147
4,374.5,10159.702113990672,0.3062618750771148,0,0.04578389787949799,0,1283.2630769387285,80.89919534222174,84.85240800731519,0,186.08954713435114
4,374.6,10151.614060902968,0.3061083416440196,0,0.06040948146061173,0,1283.2630769387285,80.86186686583673,84.81223183178354,0,185.9071120211147
4,374.70000000000005,10143.52973714564,0.3059551063391357,0,0.09608555336746577,0,1283.2630769387285,80.8246086964893,84.77213480248066,0,185.725141473174
4,374.8,10135.449135701172,0.30580216808612654,0,0.1129349302541202,0,1283.2630769387285,80.78742058875777,84.73211663175256,0,185.5436335015642
4,374.90000000000003,10127.372249578126,0.3056495258146925,0,0.15122587699322712,0,1283.2630769387285,80.75030229864038,84.69217703356684,0,185.36258612987854
4,375,10119.299071803689,0.30549717846051844,0,0.18897877231836135,0,1283.2630769387285,80.71325358354348,84.65231572350048,0,185.1819973942379
4,375.1,10111.22959543392,0.3053451249652358,0,0.12624829476338184,0,1283.2630769387285,80.67627420226886,84.61253241872691,0,185.0018653430781
4,375.20000000000005,10103.163813549094,0.30519336427637594,0,0.12469943467999159,0,1283.2630769387285,80.63936391500259,84.57282683800452,0,184.82218803709677
4,375.3,10095.101719249971,0.305041895347321,0,0.09395864911273243,0,1283.2630769387285,80.60252248330328,84.53319870166452,0,184.64296354918727
4,375.40000000000003,10087.04330566246,0.3048907171372636,0,0.009906883620147576,0,1283.2630769387285,80.56574967009004,84.49364773159868,0,184.46418996428707
4,375.5,10078.988565938547,0.304739828611164,0,0.07860420525551365,0,1283.2630769387285,80.52904523963126,84.45417365124759,0,184.2858653792682
4,375.6,10070.937493249774,0.30458922873970173,0,0.15915794793198626,0,1283.2630769387285,80.49240895753348,84.41477618558925,0,184.10798790290437
4,375.70000000000005,10062.890080791898,0.30443891649923494,0,0.08650095977330594,0,1283.2630769387285,80.4558405907297,84.37545506112693,0,183.93055565572138
4,375.8,10054.846321789548,0.3042888908717634,0,0.08555051637458337,0,1283.2630769387285,80.4193399074683,84.33621000587777,0,183.7535667698539
4,375.90000000000003,10046.806209481321,0.3041391508448731,0,0.09833786293216776,0,1283.2630769387285,80.3829066773027,84.29704074936197,0,183.57701938909958
4,376,10038.769737132825,0.30398969541170323,0,0.14414952345206794,0,1283.2630769387285,80.3465406710794,84.25794702259033,0,183.4009116686859
4,376.1,10030.736898037605,0.30384052357090846,0,0.152706273900323,0,1283.2630769387285,80.31024166092753,84.21892855805356,0,183.2252417751697
4,376.20000000000005,10022.707685504109,0.303691634326605,0,0.15920326052373812,0,1283.2630769387285,80.27400942024877,84.17998508971161,0,183.05000788647345
4,376.3,10014.682092867792,0.3035430266883396,0,0.17570568859125324,0,1283.2630769387285,80.2378437237059,84.14111635298171,0,182.8752081916667
4,376.40000000000003,10006.660113482736,0.30339469967104227,0,0.15602624027244355,0,1283.2630769387285,80.20174434721271,84.10232208472804,0,182.7008408909592
4,376.5,9998.641740731895,0.30324136426303866,0,0.12623593119250176,0,1283.2630769387285,80.16571106792316,84.06360202325024,0,182.53209236728733
4,376.6,9990.626970902085,0.30306221531185873,0,0.09830942771473508,0,1283.2630769387285,80.1296859675816,84.02490063870918,0,182.38877108099288
4,376.70000000000005,9982.615817234851,0.3028822261892927,0,0.08256993325337482,0,1283.2630769387285,80.09338777263362,83.98594838133187,0,182.24363498119453
4,376.8,9974.60830662027,0.3027014249806174,0,0.030387882204092543,0,1283.2630769387285,80.05682491106592,83.94675292082809,0,182.09673623190798
4,376.90000000000003,9966.604465113021,0.30251983920482994,0,0.11378987873333254,0,1283.2630769387285,80.02000563872508,83.90732177521234,0,181.94812599423813
4,377,9958.604317951016,0.3023374958240048,0,0.02682072163829507,0,1283.2630769387285,79.98293804222885,83.8676623132646,0,181.79785444025586
4,377.1,9950.60788956564,0.302154421252503,0,0.10444507694603172,0,1283.2630769387285,79.94563004184151,83.8277817569639,0,181.64597076696424
4,377.20000000000005,9942.615203614347,0.3019706413661809,0,0.16003194896593878,0,1283.2630769387285,79.90808939431153,83.78768718389314,0,181.49252320992528
4,377.3,9934.626282978803,0.3017861815113306,0,0.19673014238624575,0,1283.2630769387285,79.87032369567578,83.74738552961882,0,181.33755905732622
4,377.40000000000003,9926.641149794683,0.30160106651365903,0,0.21100959617351978,0,1283.2630769387285,79.83234038402462,83.70688359004016,0,181.18112466355487
4,377.5,9918.659825460054,0.3014153206870613,0,0.220697103515331,0,1283.2630769387285,79.79414674223302,83.66618802371248,0,181.023265463021
4,377.6,9910.682330648415,0.30122896784230535,0,0.22145112747694115,0,1283.2630769387285,79.75574990065469,83.62530535414167,0,180.86402598384743
4,377.70000000000005,9902.70868533291,0.30104203129566215,0,0.2160922600035618,0,1283.2630769387285,79.71715683977979,83.58424197205018,0,180.70344986134054
4,377.8,9894.738908792846,0.3008545338773458,0,0.19507022429495932,0,1283.2630769387285,79.67837439285863,83.54300413761653,0,180.54157985163314
4,377.90000000000003,9886.773019630462,0.30066649793989264,0,0.1702713332799153,0,1283.2630769387285,79.63940924848828,83.50159798268571,0,180.3784578451025
4,378,9878.811035791412,0.3004779453664509,0,0.13697794616198833,0,1283.2630769387285,79.60026795316404,83.4600295129516,0,180.21412487965637
4,378.1,9870.8529745657,0.3002888975788718,0,0.06231823741403422,0,1283.2630769387285,79.56095691379711,83.418304610113,0,180.0486211541953
4,378.20000000000005,9862.898852619343,0.300099375545836,0,0.04353025552799868,0,1283.2630769387285,79.52148240019473,83.37642903399923,0,179.88198604156022
4,378.3,9854.948685994372,0.2999093997907287,0,0.11341235763458953,0,1283.2630769387285,79.48185054750849,83.33440842467112,0,179.7142581018181
4,378.40000000000003,9847.002490119077,0.29971899039945077,0,0.12120551569523116,0,1283.2630769387285,79.44206735864594,83.29224830449189,0,179.5454750952936
4,378.5,9839.060279835947,0.2995281670282086,0,0.13805510343819685,0,1283.2630769387285,79.40213870664716,83.24995408017007,0,179.37567399526037
4,378.6,9831.122069406323,0.2993369489110936,0,0.17385209418138314,0,1283.2630769387285,79.36207033702979,83.20753104477731,0,179.20489100084333
4,378.70000000000005,9823.187872516923,0.2991453548675601,0,0.17548135007984875,0,1283.2630769387285,79.32186787009861,83.16498437973725,0,179.03316154977134
4,378.8,9815.257702305913,0.2989534033098925,0,0.15646993656274125,0,1283.2630769387285,79.28153680322062,83.12231915678636,0,178.8605203307544
4,378.90000000000003,9807.33157136105,0.2987611122504386,0,0.15467629880796202,0,1283.2630769387285,79.24108251306883,83.07954033990978,0,178.68700129611827
4,379,9799.409491742961,0.2985684993088548,0,0.15756169807550988,0,1283.2630769387285,79.20051025783077,83.03665278724783,0,178.51263767397558
4,379.1,9791.491474991664,0.29837558171917405,0,0.1739215676684042,0,1283.2630769387285,79.15982517938575,82.99366125297753,0,178.33746198050164
4,379.20000000000005,9783.577532137744,0.29818237633679084,0,0.1655399960148055,0,1283.2630769387285,79.11903230544902,82.95057038916669,0,178.1615060320184
4,379.3,9775.667673716322,0.2979888996453588,0,0.1183844899347698,0,1283.2630769387285,79.07813655168304,82.90738474760124,0,177.9848009569121
4,379.40000000000003,9767.76190977171,0.29779516776354464,0,0.08937619371393545,0,1283.2630769387285,79.0371427237778,82.86410878158695,0,177.80737720754428
4,379.5,9759.860249878839,0.29760119645175914,0,0.06747504570393831,0,1283.2630769387285,78.99605551949779,82.82074684772367,0,177.6292645718077
4,379.6,9751.962703147903,0.2974070011187143,0,0.15269197991471825,0,1283.2630769387285,78.95487953069961,82.77730320765542,0,177.45049218477516
4,379.70000000000005,9744.069278231822,0.29721259682789347,0,0.14376883164976012,0,1283.2630769387285,78.9136192453172,82.73378202979387,0,177.2710885401712
4,379.8,9736.17998333741,0.29701799830393943,0,0.1702855100741447,0,1283.2630769387285,78.87227904931608,82.69018739101564,0,177.09108150165665
4,379.90000000000003,9728.294826242141,0.29682321993897415,0,0.17813724173157366,0,1283.2630769387285,78.83086322861685,82.6465232783345,0,176.91049831390686
4,380,9720.413814300671,0.29662827579877726,0,0.17648300485211182,0,1283.2630769387285,78.78937597098988,82.60279359054948,0,176.72936561368928
4,380.1,9712.536954454146,0.29643317962888105,0,0.16757793946064925,0,1283.2630769387285,78.74782136791914,82.5590021398674,0,176.54770944076245
4,380.20000000000005,9704.664253234863,0.29623794486054966,0,0.14453258700893334,0,1283.2630769387285,78.7062034164369,82.51515265350089,0,176.36555524869567
4,380.3,9696.795716783032,0.2960425846167209,0,0.16974751746851252,0,1283.2630769387285,78.66452602092797,82.47124877524102,0,176.18292791539056
4,380.40000000000003,9688.931350851431,0.29584711171780165,0,0.18470325627511885,0,1283.2630769387285,78.62279299490623,82.42729406700694,0,175.99985175362326
4,380.5,9681.071160821244,0.2956515386874237,0,0.1823714285742077,0,1283.2630769387285,78.58100806276215,82.38329201037075,0,175.81635052130167
4,380.6,9673.215151695535,0.29545587775800664,0,0.14671719225717628,0,1283.2630769387285,78.53917486148265,82.33924600805985,0,175.63244743186996
4,380.70000000000005,9665.363328128122,0.29526014087639213,0,0.11161668731565573,0,1283.2630769387285,78.49729694234091,82.29515938543331,0,175.44816516411478
4,380.8,9657.515694412403,0.29506433970920937,0,0.06979109163619725,0,1283.2630769387285,78.45537777256146,82.25103539193796,0,175.26352587235047
4,380.90000000000003,9649.672254505567,0.2948684856483127,0,0.16148590314640943,0,1283.2630769387285,78.41342073695509,82.20687720253875,0,175.07855119600643
4,381,9641.833012031391,0.29467258981603867,0,0.16946199147378524,0,1283.2630769387285,78.371429139529,82.16268791912847,0,174.89326226935535
4,381.1,9633.997970285825,0.29447666307038806,0,0.19957674127996183,0,1283.2630769387285,78.32940620506962,82.11847057191422,0,174.70767973106263
4,381.20000000000005,9626.167132241651,0.2942807160101191,0,0.2172061193328055,0,1283.2630769387285,78.28735508069867,82.07422812078133,0,174.5218237336067
4,381.3,9618.340500568971,0.29408475897982966,0,0.21857860488859204,0,1283.2630769387285,78.24527883740265,82.0299634566347,0,174.33571395236208
4,381.40000000000003,9610.518077624962,0.2938888020748195,0,0.2013949664409703,0,1283.2630769387285,78.20318047153873,81.98567940272036,0,174.14936959493716
4,381.5,9602.699865476228,0.2936928551460155,0,0.18179132510134435,0,1283.2630769387285,78.16106290631248,81.94137871592282,0,173.96280940995558
4,381.6,9594.88586590346,0.29349692780474057,0,0.20991895944432662,0,1283.2630769387285,78.11892899323274,81.89706408804325,0,173.77605169593403
4,381.70000000000005,9587.07608039584,0.29330102942735364,0,0.23817927968281916,0,1283.2630769387285,78.07678151354148,81.8527381470565,0,173.58911431014715
4,381.8,9579.270510182716,0.29310516915998225,0,0.2277411357499793,0,1283.2630769387285,78.03462317961751,81.80840345834551,0,173.40201467689218
4,381.90000000000003,9571.469156211242,0.2929093559229321,0,0.21387075970391897,0,1283.2630769387285,77.99245663635945,81.76406252591842,0,173.21476979629838
4,382,9563.672019174322,0.2927135984152469,0,0.14364979657210833,0,1283.2630769387285,77.95028446254086,81.71971779360183,0,173.0273962523687
4,382.1,9555.879099512473,0.2925179051190777,0,0.07716423119477692,0,1283.2630769387285,77.90810917214517,81.67537164621669,0,172.83991022122345
4,382.20000000000005,9548.09039741382,0.29232228430396734,0,0.12050931096053374,0,1283.2630769387285,77.8659332156765,81.63102641073385,0,172.65232747923184
4,382.3,9540.305912821554,0.292126744031095,0,0.16131704536661254,0,1283.2630769387285,77.82375898144704,81.58668435740948,0,172.46466341091894
4,382.40000000000003,9532.525645453483,0.29193129215750374,0,0.13416555930645085,0,1283.2630769387285,77.78158879684183,81.54234770090108,0,172.27693301659772
4,382.5,9524.749594786204,0.29173593634009803,0,0.07771885390389893,0,1283.2630769387285,77.73942492956364,81.49801860136657,0,172.08915092031282
4,382.6,9516.97776008211,0.2915406840397618,0,0.0662935433483544,0,1283.2630769387285,77.69726958885252,81.4536991655417,0,171.90133137712326
4,382.70000000000005,9509.21014037542,0.2913455425252238,0,0.08997849741896656,0,1283.2630769387285,77.65512492668715,81.4093914478018,0,171.7134882807707
4,382.8,9501.446734499186,0.2911505188770378,0,0.10503854662927833,0,1283.2630769387285,77.61299303896163,81.36509745120237,0,171.52563517071422
4,382.90000000000003,9493.687541069463,0.2909556199913052,0,0.09813675032739484,0,1283.2630769387285,77.5708759666451,81.32081912850528,0,171.3377852395764
4,383,9485.932558506727,0.29076085258349416,0,0.14075367462018679,0,1283.2630769387285,77.52877569691687,81.27655838318353,0,171.14995134000105
4,383.1,9478.181785034016,0.29056622319209247,0,0.12270752039727395,0,1283.2630769387285,77.4866941642841,81.23231707041127,0,170.96214599168508
4,383.20000000000005,9470.435218682513,0.29037173818222717,0,0.12785368748254186,0,1283.2630769387285,77.44463325167813,81.18809699803533,0,170.77438138819488
4,383.3,9462.692857299,0.29017740374922946,0,0.05053054245553774,0,1283.2630769387285,77.4025947915313,81.14389992753006,0,170.58666940364503
4,383.40000000000003,9454.954698549584,0.2899832259221194,0,0.0628674025913933,0,1283.2630769387285,77.36058056683439,81.09972757493541,0,170.39902159930568
4,383.5,9447.220739927143,0.28978921056704676,0,0.17431529845726323,0,1283.2630769387285,77.31859231217483,81.0555816117785,0,170.2114492300499
4,383.6,9439.490978745744,0.28959536339061076,0,0.19569692736754885,0,1283.2630769387285,77.27663171475663,81.01146366597943,0,170.02396325084504
4,383.70000000000005,9431.765412160195,0.28940168994323157,0,0.1284332953608857,0,1283.2630769387285,77.23470041539987,80.96737532273926,0,169.836574322825
4,383.8,9424.044037159532,0.2892081956223492,0,0.04429688724961936,0,1283.2630769387285,77.19280000952426,80.92331812541458,0,169.6492928195727
4,383.90000000000003,9416.326850577258,0.2890148856756355,0,0.02891877191410577,0,1283.2630769387285,77.150932048113,80.87929357637476,0,169.4621288330858
4,384,9408.613849094138,0.28882176520411806,0,0.0736507410337913,0,1283.2630769387285,77.10909803865967,80.83530313784473,0,169.27509217972758
4,384.1,9400.905029239133,0.2886288391652375,0,0.1416209203350325,0,1283.2630769387285,77.06729944609754,80.7913482327325,0,169.0881924060909
4,384.20000000000005,9393.200387401506,0.2884361123758995,0,0.09482538697130904,0,1283.2630769387285,77.0255376937111,80.74743024544118,0,168.90143879462397
4,384.3,9385.499919827096,0.28824358951540174,0,0.0874854554805905,0,1283.2630769387285,76.98381416403174,80.70355052266754,0,168.7148403693436
4,384.40000000000003,9377.803622630425,0.28805127512837775,0,0.06673166124876805,0,1283.2630769387285,76.94213019971585,80.65971037418502,0,168.52840590125524
4,384.5,9370.111491785385,0.2878591736275909,0,0.05781029490034156,0,1283.2630769387285,76.9004871044074,80.61591107361366,0,168.3421439139267
4,384.6,9362.423523142934,0.28766728929679575,0,0.030118240057102966,0,1283.2630769387285,76.85888614358262,80.57215385917415,0,168.1560626886389
4,384.70000000000005,9354.739712426439,0.28747562629345,0,0.08793746546300435,0,1283.2630769387285,76.81732854538069,80.52843993442993,0,167.97017026970744
4,384.8,9347.060055244714,0.28728418865145505,0,0.17822104396229668,0,1283.2630769387285,76.77581550141774,80.48477046901482,0,167.78447446949878
4,384.90000000000003,9339.38454708457,0.2870929802837554,0,0.19488941451857972,0,1283.2630769387285,76.73434816758679,80.44114659934841,0,167.59898287359178
4,385,9331.713183309883,0.28690200498491325,0,0.10521230803651949,0,1283.2630769387285,76.69292766484067,80.39756942933661,0,167.41370284575936
4,385.1,9324.045959192328,0.28671126643378125,0,0.08105317691586228,0,1283.2630769387285,76.65155507995982,80.35404003105911,0,167.22864153249782
4,385.20000000000005,9316.382869885303,0.28652076819587524,0,0.07039424696952505,0,1283.2630769387285,76.61023146630909,80.31055944544724,0,167.04380586812917
4,385.3,9308.723910438828,0.286330513725878,0,0.13566873360548234,0,1283.2630769387285,76.56895784457599,80.2671286829458,0,166.85920257932577
4,385.40000000000003,9301.069075806066,0.2861405063700622,0,0.17557009518702177,0,1283.2630769387285,76.52773520349642,80.22374872416381,0,166.6748381896506
4,385.5,9293.418360839598,0.28595074936862364,0,0.13051046629565383,0,1283.2630769387285,76.48656450056697,80.18042052051374,0,166.49071902412834
4,385.6,9285.771760302596,0.28576124585803453,0,0.13802066080197156,0,1283.2630769387285,76.44544666274255,80.1371449948378,0,166.30685121355776
4,385.70000000000005,9278.129268859513,0.28557199887326234,0,0.10662625469979096,0,1283.2630769387285,76.40438258712155,80.09392304202346,0,166.12324069897454
4,385.8,9270.490881091915,0.28538301135005656,0,0.10126951823048577,0,1283.2630769387285,76.3633731416161,80.05075552960606,0,165.93989323574033
4,385.90000000000003,9262.856591497548,0.2851942861271209,0,0.04972694224318922,0,1283.2630769387285,76.32241916561124,80.0076432983614,0,165.75681439774704
4,386,9255.226394485682,0.28500582594822593,0,0.08294768635904468,0,1283.2630769387285,76.2815214706105,79.964587162887,0,165.57400958157973
4,386.1,9247.60028438922,0.28481763346435335,0,0.16953116887510938,0,1283.2630769387285,76.240680840868,79.92158791217098,0,165.39148401040472
4,386.20000000000005,9239.978255466558,0.28462971123575825,0,0.16036585036013454,0,1283.2630769387285,76.19989803400941,79.87864631015178,0,165.20924273790442
4,386.3,9232.360301895998,0.28444206173395664,0,0.07192411890019555,0,1283.2630769387285,76.15917378164067,79.83576309626679,0,165.02729065221442
4,386.40000000000003,9224.746417785995,0.28425468734374293,0,0.07687930610844607,0,1283.2630769387285,76.11850878994365,79.79293898598964,0,164.84563247960395
4,386.5,9217.136597179808,0.2840675903651474,0,0.0991300811406816,0,1283.2630769387285,76.07790374026082,79.75017467135807,0,164.6642727881499
4,386.6,9209.530834046192,0.283880773015293,0,0.16230283423609893,0,1283.2630769387285,76.03735928966924,79.70747082149214,0,164.48321599149332
4,386.70000000000005,9201.929122297093,0.2836942374303329,0,0.21018310499371481,0,1283.2630769387285,75.99687607154087,79.66482808310073,0,164.30246635221633
4,386.8,9194.331455779262,0.28350798566724034,0,0.17879971935397213,0,1283.2630769387285,75.95645469609445,79.62224708098053,0,164.12202798544877
4,386.90000000000003,9186.737828277983,0.28332201970561266,0,0.17541726485554182,0,1283.2630769387285,75.91609575093452,79.57972841850375,0,163.94190486226168
4,387,9179.148233519867,0.28313634144943667,0,0.15713117392557788,0,1283.2630769387285,75.87579980158006,79.53727267809678,0,163.76210081300457
4,387.1,9171.562665180303,0.2829509527288412,0,0.1386674591242767,0,1283.2630769387285,75.83556739198264,79.49488042170952,0,163.5826195305251
4,387.20000000000005,9163.981116877869,0.2827658553017588,0,0.1171714575385913,0,1283.2630769387285,75.79539904503469,79.45255219127634,0,163.40346457346928
4,387.3,9156.403582182713,0.2825810508556141,0,0.11562633058973283,0,1283.2630769387285,75.75529526306673,79.4102885091669,0,163.22463936935674
4,387.40000000000003,9148.830054610968,0.28239654100891887,0,0.14746663943345661,0,1283.2630769387285,75.71525652833536,79.36808987862932,0,163.04614721775113
4,387.5,9141.260527635925,0.2822123273129078,0,0.12831520461598564,0,1283.2630769387285,75.67528330350025,79.32595678422328,0,162.867991293178
4,387.6,9133.694994686171,0.2820284112530873,0,0.16125294962344155,0,1283.2630769387285,75.63537603209282,79.28388969224608,0,162.69017464813044
4,387.70000000000005,9126.133449147455,0.2818447942507691,0,0.07070868100396681,0,1283.2630769387285,75.59553513897487,79.24188905114978,0,162.51270021597082
4,387.8,9118.57588436082,0.28166147766455607,0,0.05397357512673091,0,1283.2630769387285,75.55576103078775,79.19995529195012,0,162.33557081381252
4,387.90000000000003,9111.022293622606,0.281478462791805,0,0.086709260746704,0,1283.2630769387285,75.51605409639211,79.1580888286267,0,162.15878914531865
4,388,9103.472670203075,0.2812957508701431,0,0.1725683489564291,0,1283.2630769387285,75.47641470729806,79.11629005851537,0,161.98235780324578
4,388.1,9095.927007324994,0.281113343078783,0,0.14026129795254696,0,1283.2630769387285,75.43684321808905,79.07455936269461,0,161.80627927236958
4,388.20000000000005,9088.385298186913,0.28093124054000074,0,0.10931415664407447,0,1283.2630769387285,75.39733996683387,79.03289710636162,0,161.6305559318623
4,388.3,9080.847535943612,0.28074944432040105,0,0.12757803171443743,0,1283.2630769387285,75.35790527549293,78.99130363920328,0,161.45519005808595
4,388.40000000000003,9073.313713724725,0.28056795543231994,0,0.10534516474483188,0,1283.2630769387285,75.3185394503133,78.9497792957574,0,161.2801838269119
4,388.5,9065.783824632876,0.2803867748351142,0,0.05753629787312024,0,1283.2630769387285,75.27924278221816,78.90832439576866,0,161.10553931621894
4,388.6,9058.2578617353,0.2802059034363949,0,0.05464051386532425,0,1283.2630769387285,75.24001554718723,78.86693924453701,0,160.93125850840352
4,388.70000000000005,9050.735818076879,0.2800253420933252,0,0.1307523100155496,0,1283.2630769387285,75.20085800662825,78.82562413325778,0,160.75734329260735
4,388.8,9043.217686675489,0.27984509161382104,0,0.11694470394126422,0,1283.2630769387285,75.16177040774238,78.78437933935666,0,160.58379546709162
4,388.90000000000003,9035.70346052479,0.27966515275775505,0,0.1727310773814084,0,1283.2630769387285,75.12275298388064,78.74320512681672,0,160.41061674147633
4,389,9028.193132598884,0.2794855262381461,0,0.09525706360770135,0,1283.2630769387285,75.08380595489346,78.70210174649921,0,160.23780873891593
4,389.1,9020.686695842072,0.27930621272225986,0,0.03113052061806842,0,1283.2630769387285,75.04492952747334,78.66106943645843,0,160.06537299838587
4,389.20000000000005,9013.184143191203,0.27912721283282566,0,0.05622484074804179,0,1283.2630769387285,75.00612389548843,78.62010842224834,0,159.89331097657237
4,389.3,9005.685467553325,0.27894852714904017,0,0.13842898353846306,0,1283.2630769387285,74.96738924031212,78.57921891722592,0,159.7216240502011
4,389.40000000000003,8998.190661824308,0.2787701562077212,0,0.11761298272569755,0,1283.2630769387285,74.92872573114244,78.53840112284522,0,159.5503135178754
4,389.5,8990.69971888233,0.27859210050433364,0,0.10393238332560088,0,1283.2630769387285,74.89013352531693,78.49765522894755,0,159.37938060214623
4,389.6,8983.212631586008,0.2784143604940121,0,0.13328169200030623,0,1283.2630769387285,74.85161276861983,78.45698141404486,0,159.20882645148453
4,389.70000000000005,8975.72939278651,0.278236936592622,0,0.11824273578606086,0,1283.2630769387285,74.81316359558224,78.41637984559671,0,159.03865214206488
4,389.8,8968.249995318241,0.27805982917770944,0,0.06467036556147346,0,1283.2630769387285,74.77478612977738,78.37585068028312,0,158.86885867973842
4,389.90000000000003,8960.774432007223,0.2778830385895051,0,0.040217305691739556,0,1283.2630769387285,74.73648048410821,78.33539406427046,0,158.69944700177476
4,390,8953.302695665509,0.27770656513184705,0,0.09586251482318699,0,1283.2630769387285,74.69824676108951,78.29501013347249,0,158.53041797871205
4,390.1,8945.834779094905,0.2775304090731248,0,0.10516527202587246,0,1283.2630769387285,74.66008505312341,78.25469901380558,0,158.36177241606998
4,390.20000000000005,8938.3706750907,0.27735457064720254,0,0.1652500244322206,0,1283.2630769387285,74.62199544276893,78.2144608214385,0,158.19351105602422
4,390.3,8930.910376436077,0.2771790500542842,0,0.07692354529058218,0,1283.2630769387285,74.58397800300641,78.17429566303771,0,158.0256345791428
4,390.40000000000003,8923.453875914216,0.2770038474618359,0,0.05217406874068445,0,1283.2630769387285,74.54603279749496,78.13420363600657,0,157.85814360589958
4,390.5,8916.001166298985,0.27682896300539794,0,0.06049201106345088,0,1283.2630769387285,74.50815988082599,78.09418482872083,0,157.69103869837832
4,390.6,8908.552240356803,0.2766543967894258,0,0.12565926256172502,0,1283.2630769387285,74.47035929876981,78.05423932075803,0,157.5243203618197
4,390.70000000000005,8901.107090855949,0.27648014888814576,0,0.11954723483151183,0,1283.2630769387285,74.43263108851698,78.0143671831223,0,157.35798904606065
4,390.8,8893.665710558183,0.2763062193463185,0,0.15685065638838575,0,1283.2630769387285,74.39497527891545,77.97456847846524,0,157.19204514712362
4,390.90000000000003,8886.22809221968,0.2761326081800224,0,0.15582404001508673,0,1283.2630769387285,74.35739189070102,77.93484326130103,0,157.02648900867126
4,391,8878.794228596613,0.275959315377442,0,0.14775849813110425,0,1283.2630769387285,74.31988093672328,77.89519157821721,0,156.86132092338372
4,391.1,8871.364112448879,0.2757863408996323,0,0.13754548893115312,0,1283.2630769387285,74.28244242216651,77.85561346808124,0,156.6965411343241
4,391.20000000000005,8863.937736528926,0.27561368468120334,0,0.07656956587807141,0,1283.2630769387285,74.24507634476662,77.81610896224339,0,156.53214983642656
4,391.3,8856.51509359572,0.27544134663109493,0,0.0884752788605239,0,1283.2630769387285,74.20778269502134,77.77667808473355,0,156.36814717769124
4,391.40000000000003,8849.0961764073,0.27526932663324616,0,0.038652043659008435,0,1283.2630769387285,74.17056145639758,77.73732085245562,0,156.20453326057446
4,391.5,8841.680977723561,0.2750976245472924,0,0.11604014428364703,0,1283.2630769387285,74.13341260553324,77.69803727537675,0,156.04130814324014
4,391.6,8834.269490304403,0.2749262402092268,0,0.07260281770791557,0,1283.2630769387285,74.09633611243429,77.65882735671251,0,155.8784718408301
4,391.70000000000005,8826.86170692183,0.274755173432108,0,0.07353447667340716,0,1283.2630769387285,74.05933194066759,77.61969109310814,0,155.71602432656695
4,391.8,8819.45762034133,0.274584424006624,0,0.10532154093217914,0,1283.2630769387285,74.02240004755068,77.58062847481715,0,155.5539655331416
4,391.90000000000003,8812.057223337702,0.2744139917017834,0,0.16413612272032274,0,1283.2630769387285,73.9855403843345,77.54163948587343,0,155.39229535371678
4,392,8804.660508691333,0.27424387626551516,0,0.18227099628216728,0,1283.2630769387285,73.94875289638449,77.50272410426203,0,155.23101364311162
4,392.1,8797.267469190992,0.27407407742528067,0,0.22231102273287834,0,1283.2630769387285,73.91203752335636,77.46388230208514,0,155.07012021888988
4,392.20000000000005,8789.878097622655,0.2739045948886123,0,0.22558744788929305,0,1283.2630769387285,73.87539419936864,77.42511404572512,0,154.90961486256296
4,392.3,8782.492386789061,0.273735428343769,0,0.21835021503546287,0,1283.2630769387285,73.83882285316955,77.38641929600234,0,154.7494973204571
4,392.40000000000003,8775.110329495743,0.27356657746024043,0,0.1984770079508862,0,1283.2630769387285,73.80232340830253,77.34779800833209,0,154.58976730489977
4,392.5,8767.731918555684,0.2733980418893134,0,0.13992453422304849,0,1283.2630769387285,73.76589578326598,77.30925013287589,0,154.43042449518666
4,392.6,8760.357146790251,0.2732298212646118,0,0.09846382781442571,0,1283.2630769387285,73.72953989167004,77.2707756146904,0,154.2714685385671
4,392.70000000000005,8752.986007034779,0.27306191520264583,0,0.06261873944118987,0,1283.2630769387285,73.6932556423897,77.23237439387289,0,154.11289905116033
4,392.8,8745.61849212367,0.2728943233032607,0,0.10249619963838111,0,1283.2630769387285,73.65704293971488,77.1940464057041,0,153.95471561905188
4,392.90000000000003,8738.254594911821,0.27272704515022694,0,0.14804530396057272,0,1283.2630769387285,73.6209016834953,77.1557915807862,0,153.79691779900483
4,393,8730.894308256917,0.27256008031165735,0,0.11114669695182113,0,1283.2630769387285,73.58483176928435,77.11760984518001,0,153.63950511954295
4,393.1,8723.537625032477,0.2723934283405391,0,0.07651936950118297,0,1283.2630769387285,73.54883308847756,77.07950112053723,0,153.48247708170283
4,393.20000000000005,8716.18453811761,0.27222708877515883,0,0.07131051822893629,0,1283.2630769387285,73.51290552844922,77.04146532423101,0,153.32583315999872
4,393.3,8708.835040408187,0.2720610611396061,0,0.12658738310070247,0,1283.2630769387285,73.47704897268447,77.00350236948252,0,153.16957280315347
4,393.40000000000003,8701.489124811254,0.27189534494419787,0,0.17576635278879263,0,1283.2630769387285,73.44126330090971,76.96561216548577,0,153.01369543497805
4,393.5,8694.1467842469,0.27172993968592263,0,0.2065427631699,0,1283.2630769387285,73.40554838921898,76.92779461752903,0,152.8582004551561
4,393.6,8686.808011639863,0.27156484484883064,0,0.20622343954866426,0,1283.2630769387285,73.36990411019777,76.89004962711373,0,152.70308724010815
4,393.70000000000005,8679.472799935378,0.27140005990451643,0,0.16896500115370658,0,1283.2630769387285,73.33433033304246,76.85237709206949,0,152.54835514359968
4,393.8,8672.141142093576,0.27123558431250355,0,0.12534310727380116,0,1283.2630769387285,73.29882692367914,76.81477690666843,0,152.39400349754675
4,393.90000000000003,8664.813031078316,0.2710714175205958,0,0.054903409590544704,0,1283.2630769387285,73.26339374487871,76.77724896173636,0,152.2400316128525
4,394,8657.488459874876,0.27090755896533675,0,0.08742787578646144,0,1283.2630769387285,73.22803065636755,76.7397931447596,0,152.08643877994172
4,394.1,8650.167421486229,0.2707440080723771,0,0.1371571160530671,0,1283.2630769387285,73.1927375149381,76.70240933999207,0,151.9332242694982
4,394.20000000000005,8642.849908919074,0.2705807642567856,0,0.20208904681739073,0,1283.2630769387285,73.15751417455596,76.66509742855891,0,151.78038733327492
4,394.3,8635.535915205255,0.2704178269234992,0,0.13627997039764955,0,1283.2630769387285,73.12236048646258,76.62785728855621,0,151.62792720454533
4,394.40000000000003,8628.225433384068,0.27025519546760407,0,0.08524036099956851,0,1283.2630769387285,73.08727629927829,76.59068879515108,0,151.47584309892275
4,394.5,8620.918456515297,0.27009286927473386,0,0.08173198937283269,0,1283.2630769387285,73.0522614591003,76.553591820677,0,151.32413421486058
4,394.6,8613.614977670833,0.2699308477213727,0,0.13833746377958944,0,1283.2630769387285,73.0173158096001,76.51656623472876,0,151.17279973434935
4,394.70000000000005,8606.31498993747,0.2697691301751945,0,0.19779664441835584,0,1283.2630769387285,72.9824391921173,76.47961190425393,0,151.0218388234856
4,394.8,8599.018486422487,0.2696077159954078,0,0.22235680179711692,0,1283.2630769387285,72.94763144575134,76.4427286936427,0,150.87125063300374
4,394.90000000000003,8591.725460248068,0.2694466045330469,0,0.2245039877171231,0,1283.2630769387285,72.91289240745171,76.40591646481604,0,150.7210342989002
4,395,8584.435904551297,0.26928579513127754,0,0.19385152809221837,0,1283.2630769387285,72.87822191210518,76.36917507731128,0,150.5711889429881
4,395.1,8577.149812485091,0.2691252871256988,0,0.14715108057045587,0,1283.2630769387285,72.84361979262083,76.33250438836563,0,150.42171367342894
4,395.20000000000005,8569.867177220993,0.26896507984464596,0,0.07129914177391812,0,1283.2630769387285,72.80908588001297,76.29590425299767,0,150.27260758523352
4,395.3,8562.587991944514,0.2688051726094559,0,0.11416968938948419,0,1283.2630769387285,72.7746200034822,76.25937452408738,0,150.12386976082152
4,395.40000000000003,8555.31224986352,0.26864556473477896,0,0.15923127568397255,0,1283.2630769387285,72.74022199049402,76.22291505245353,0,149.97549927044312
4,395.5,8548.039944197983,0.2684862555288089,0,0.21107138933501304,0,1283.2630769387285,72.70589166685637,76.18652568693052,0,149.82749517276733
4,395.6,8540.771068191156,0.26832724429359134,0,0.160126286995343,0,1283.2630769387285,72.67162885679376,76.15020627444169,0,149.67985651525106
4,395.70000000000005,8533.505615099333,0.2681685303252413,0,0.12122403690609251,0,1283.2630769387285,72.63743338302108,76.11395666007253,0,149.53258233470265
4,395.8,8526.24357819464,0.26801011291420407,0,0.09764920430914836,0,1283.2630769387285,72.60330506681402,76.07777668714078,0,149.38567165770516
4,395.90000000000003,8518.984950772487,0.2678519913455311,0,0.11611843034707742,0,1283.2630769387285,72.56924372807812,76.04166619726507,0,149.23912350098803
4,396,8511.729726146907,0.26769416489910236,0,0.14349933833387088,0,1283.2630769387285,72.53524918541683,76.00562503043292,0,149.09293687190404
4,396.1,8504.477897644974,0.26753663284983503,0,0.18137168737308093,0,1283.2630769387285,72.50132125619736,75.96965302506644,0,148.94711076889882
4,396.20000000000005,8497.229458611459,0.2673793944679294,0,0.19153087655714757,0,1283.2630769387285,72.46745975661383,75.93375001808563,0,148.80164418187232
4,396.3,8489.984402415343,0.26722244901911724,0,0.15882960352846545,0,1283.2630769387285,72.43366450174955,75.89791584497092,0,148.6565360925171
4,396.40000000000003,8482.742722442374,0.2670657957648497,0,0.15829182858102692,0,1283.2630769387285,72.3999353056384,75.8621503398248,0,148.5117854747775
4,396.5,8475.504412096925,0.2669094339625143,0,0.14385241656648656,0,1283.2630769387285,72.36627198132352,75.82645333543091,0,148.36739129520765
4,396.6,8468.269464801066,0.2667533628656369,0,0.050116473922159614,0,1283.2630769387285,72.33267434091474,75.79082466331211,0,148.22335251334695
4,396.70000000000005,8461.037873991765,0.26659758172406933,0,0.07734118977834831,0,1283.2630769387285,72.29914219564435,75.75526415378681,0,148.0796680821017
4,396.8,8453.809633133933,0.2664420897842385,0,0.1094542478223361,0,1283.2630769387285,72.26567535592105,75.71977163602374,0,147.93633694797379
4,396.90000000000003,8446.584735702723,0.2662868862892647,0,0.11487728816700433,0,1283.2630769387285,72.23227363138379,75.68434693809655,0,147.7933580515631
4,397,8439.363175198436,0.2661319704792069,0,0.13011360847004458,0,1283.2630769387285,72.19893683095223,75.64898988703533,0,147.65073032775842
4,397.1,8432.144945137203,0.265977341591206,0,0.13873854049493,0,1283.2630769387285,72.1656647628777,75.61370030887836,0,147.50845270614596
4,397.20000000000005,8424.930039057508,0.2658229988596869,0,0.22065792902774953,0,1283.2630769387285,72.13245723479106,75.57847802872145,0,147.36652411125985
4,397.3,8417.718450509943,0.2656689415164877,0,0.2172451542520748,0,1283.2630769387285,72.09931405375089,75.54332287076684,0,147.2249434629803
4,397.40000000000003,8410.510173074901,0.2655151687910979,0,0.21143259851581675,0,1283.2630769387285,72.06623502628815,75.50823465836959,0,147.08370967666588
4,397.5,8403.305200346746,0.26536167991075904,0,0.21623628967659167,0,1283.2630769387285,72.03321995845246,75.47321321408496,0,146.94282166358968
4,397.6,8396.10352593474,0.2652084741006237,0,0.20587499729428976,0,1283.2630769387285,72.0002686558548,75.4382583597125,0,146.80227833120531
4,397.70000000000005,8388.905143474229,0.2650555505839554,0,0.20133232786183541,0,1283.2630769387285,71.96738092370924,75.40336991633949,0,146.66207858331865
4,397.8,8381.710046617314,0.2649029085822413,0,0.20396475905875444,0,1283.2630769387285,71.93455656687469,75.368547704384,0,146.52222132043715
4,397.90000000000003,8374.518229039386,0.2647505473153645,0,0.11936810969326954,0,1283.2630769387285,71.90179538989445,75.33379154363621,0,146.3827054399683
4,398,8367.329684429802,0.2645984660017087,0,0.05987918424364805,0,1283.2630769387285,71.86909719703534,75.29910125329924,0,146.24352983655402
4,398.1,8360.144406497478,0.264446663858317,0,0.021252156119680392,0,1283.2630769387285,71.83646179232474,75.26447665202777,0,146.10469340225987
4,398.20000000000005,8352.962388976477,0.26429514010105,0,0.12282566980628264,0,1283.2630769387285,71.80388897958684,75.22991755796632,0,145.96619502676225
4,398.3,8345.783625616692,0.2641438939446795,0,0.09812750673614917,0,1283.2630769387285,71.7713785624789,75.1954237887872,0,145.82803359766297
4,398.40000000000003,8338.608110189438,0.26399292460303747,0,0.09591525715495755,0,1283.2630769387285,71.73893034452506,75.16099516172629,0,145.69020800066025
4,398.5,8331.435836482793,0.2638422312891213,0,0.19824726772923426,0,1283.2630769387285,71.70654412915005,75.12663149361867,0,145.55271711980737
4,398.6,8324.26679830812,0.26369181321523955,0,0.1733104285528085,0,1283.2630769387285,71.67421971971105,75.09233260093255,0,145.41555983766332
4,398.70000000000005,8317.100989495404,0.2635416695931114,0,0.15223146793740167,0,1283.2630769387285,71.64195691952958,75.05809829980315,0,145.27873503554045
4,398.8,8309.9384038914,0.26339179963397125,0,0.16226064273331223,0,1283.2630769387285,71.60975553192172,75.02392840606497,0,145.14224159371648
4,398.90000000000003,8302.77903536614,0.2632422025487058,0,0.1560094395159854,0,1283.2630769387285,71.57761536022736,74.98982273528333,0,145.0060783915701
4,399,8295.622877803631,0.2630928775479238,0,0.17728766897601292,0,1283.2630769387285,71.5455362078392,74.95578110278534,0,144.87024430784882
4,399.1,8288.469925117679,0.26294382384212406,0,0.20176702105109787,0,1283.2630769387285,71.51351787822975,74.92180332368929,0,144.73473822071085
4,399.20000000000005,8281.320171234198,0.262795040641727,0,0.1030702154844881,0,1283.2630769387285,71.48156017497946,74.88788921293488,0,144.59955900805966
4,399.3,8274.17361009866,0.26264652715720066,0,0.07562738973246608,0,1283.2630769387285,71.4496629018017,74.8540385853105,0,144.464705547644
4,399.40000000000003,8267.030235678889,0.26249828259916824,0,0.07204127611533241,0,1283.2630769387285,71.41782586256804,74.82025125548091,0,144.33017671720057
4,399.5,8259.890041962266,0.26235030617849037,0,0.1279004015647351,0,1283.2630769387285,71.3860488613329,74.7865270380141,0,144.19597139463923
4,399.6,8252.753022951074,0.262202597106335,0,0.058597568276792654,0,1283.2630769387285,71.35433170235711,74.75286574740724,0,144.0620884582375
4,399.70000000000005,8245.619172672741,0.26205515459430634,0,0.09910247205724229,0,1283.2630769387285,71.32267419013033,74.7192671981115,0,143.92852678670164
4,399.8,8238.488485176116,0.2619079778545158,0,0.17325124542669626,0,1283.2630769387285,71.2910761293935,74.68573120455697,0,143.79528525934705
4,399.90000000000003,8231.360954522155,0.2617610660996266,0,0.14241747565666577,0,1283.2630769387285,71.25953732516078,74.65225758117684,0,143.6623627563203
4,400,8224.23657479696,0.26161441854298456,0,0.15205032620589193,0,1283.2630769387285,71.22805758273901,74.61884614242956,0,143.5297581586204
4,400.1,8217.115340100601,0.2614680343986511,0,0.1494174283039898,0,1283.2630769387285,71.19663670774847,74.58549670282181,0,143.39747034832882
4,400.20000000000005,8209.997244559228,0.26132191288152634,0,0.15778559346907522,0,1283.2630769387285,71.16527450614139,74.55220907692973,0,143.2654982086322
4,400.3,8202.88228231296,0.2611760532073747,0,0.1605578853722559,0,1283.2630769387285,71.13397078422152,74.5189830794208,0,143.13384062405365
4,400.40000000000003,8195.770447525196,0.26103045459293106,0,0.18904764263084206,0,1283.2630769387285,71.10272534866128,74.48581852507365,0,143.0024964804896
4,400.5,8188.661734375171,0.2608851162559401,0,0.10221656192899506,0,1283.2630769387285,71.07153800651969,74.45271522879838,0,142.87146466539193
4,400.6,8181.5561370663345,0.2607400374152555,0,0.04970368993019853,0,1283.2630769387285,71.04040856525857,74.41967300565547,0,142.74074406780733
4,400.70000000000005,8174.453649815172,0.2605952172908595,0,0.04807449585177505,0,1283.2630769387285,71.00933683275935,74.38669167087488,0,142.61033357858233
4,400.8,8167.354266860522,0.26045065510396176,0,0.12056964718616174,0,1283.2630769387285,70.97832261733782,74.35377103987373,0,142.48023209038732
4,400.90000000000003,8160.257982461713,0.2603063500770514,0,0.04601556165326227,0,1283.2630769387285,70.94736572775952,74.32091092827388,0,142.35043849783378
4,401,8153.164790894836,0.2601623014339412,0,0.10145583522780126,0,1283.2630769387285,70.91646597325426,74.28811115191927,0,142.2209516976056
4,401.1,8146.074686456472,0.2600185083998376,0,0.17507605387226965,0,1283.2630769387285,70.88562316352971,74.255371526892,0,142.09177058851972
4,401.20000000000005,8138.987663460895,0.2598749702013844,0,0.15610900932895397,0,1283.2630769387285,70.85483710878512,74.22269186952863,0,141.9628940716426
4,401.3,8131.9037162410095,0.259731686066718,0,0.16982588595356635,0,1283.2630769387285,70.82410761972376,74.19007199643521,0,141.83432105036852
4,401.40000000000003,8124.822839151137,0.2595886552255298,0,0.1743504185690723,0,1283.2630769387285,70.79343450756535,74.15751172450241,0,141.70605043048195
4,401.5,8117.7450265670195,0.25944587690911575,0,0.17967854625803864,0,1283.2630769387285,70.76281758405823,74.12501087092006,0,141.5780811202402
4,401.6,8110.670272872783,0.25930335035037144,0,0.18800621794468172,0,1283.2630769387285,70.73225666149102,74.09256925319163,0,141.45041203056215
4,401.70000000000005,8103.59857247863,0.2591610747839059,0,0.20800306454864034,0,1283.2630769387285,70.70175155270232,74.06018668914636,0,141.32304207495068
4,401.8,8096.529919817112,0.2590190494460728,0,0.12352990410536667,0,1283.2630769387285,70.67130207109199,74.02786299695322,0,141.19597016960134
4,401.90000000000003,8089.464309332892,0.25887727357497325,0,0.09788421287830198,0,1283.2630769387285,70.64090803063169,73.99559799513405,0,141.06919523356004
4,402,8082.401735487394,0.25873574641051256,0,0.070931680267691,0,1283.2630769387285,70.61056924587375,73.96339150257491,0,140.94271618874697
4,402.1,8075.342192765325,0.25859446719446566,0,0.06669846995988932,0,1283.2630769387285,70.58028553196002,73.93124333853767,0,140.81653195996745
4,402.20000000000005,8068.285675670952,0.25845343517050173,0,0.14600839240574748,0,1283.2630769387285,70.55005670463132,73.89915332267194,0,140.69064147500816
4,402.3,8061.232178725302,0.2583126495842099,0,0.08882459558363814,0,1283.2630769387285,70.519882580236,73.86712127502618,0,140.56504366472066
4,402.40000000000003,8054.18169646617,0.2581721096831331,0,0.14557599312689543,0,1283.2630769387285,70.48976297573755,73.83514701605796,0,140.4397374630768
4,402.5,8047.134223449044,0.2580318147168062,0,0.1046456140476918,0,1283.2630769387285,70.45969770872235,73.80323036664423,0,140.3147218072168
4,402.6,8040.089754251763,0.257891763936806,0,0.07468614121744507,0,1283.2630769387285,70.42968659740664,73.77137114809084,0,140.18999563746272
4,402.70000000000005,8033.048283468001,0.2577519565967587,0,0.11081753904158821,0,1283.2630769387285,70.39972946064408,73.73956918214263,0,140.0655578974254
4,402.8,8026.009805708192,0.25761239195237157,0,0.10866556633561048,0,1283.2630769387285,70.36982611793194,73.70782429099225,0,139.94140753404352
4,402.90000000000003,8018.97431560047,0.2574730692614657,0,0.1055300205146038,0,1283.2630769387285,70.3399763894172,73.67613629728868,0,139.817543497621
4,403,8011.941807795316,0.2573339877840222,0,0.1315968394984897,0,1283.2630769387285,70.31018009590254,73.64450502414579,0,139.69396474183458
4,403.1,8004.912276957184,0.2571951467821764,0,0.06607300825531029,0,1283.2630769387285,70.28043705885239,73.61293029515089,0,139.57067022384604
4,403.20000000000005,7997.885717767291,0.2570565455202525,0,0.027857829001478665,0,1283.2630769387285,70.25074710039763,73.58141193437199,0,139.44765890431682
4,403.3,7990.862124928273,0.2569181832648067,0,0.0701370006779452,0,1283.2630769387285,70.22111004334074,73.5499497663653,0,139.32492974740936
4,403.40000000000003,7983.84149315767,0.25678005928462516,0,0.12909009187210846,0,1283.2630769387285,70.19152571116072,73.51854361618277,0,139.20248172087776
4,403.5,7976.8238171944395,0.2566421728507714,0,0.18731309078605576,0,1283.2630769387285,70.16199392801722,73.48719330937864,0,139.08031379604887
4,403.6,7969.809091789648,0.2565045232365708,0,0.11479836845357684,0,1283.2630769387285,70.13251451875517,73.45589867201645,0,138.9584249479316
4,403.70000000000005,7962.797311717644,0.2563671097176745,0,0.11574622927715483,0,1283.2630769387285,70.10308730890806,73.42465953067483,0,138.83681415515653
4,403.8,7955.788471763954,0.2562299315720312,0,0.06632215325251747,0,1283.2630769387285,70.07371212470208,73.3934757124541,0,138.71548040010455
4,403.90000000000003,7948.782566736452,0.25609298807994824,0,0.044516428582667765,0,1283.2630769387285,70.04438879305896,73.36234704498146,0,138.5944226688432
4,404,7941.779591456987,0.25595627852407693,0,0.09316098653417089,0,1283.2630769387285,70.01511714159949,73.33127335641687,0,138.47363995122168
4,404.1,7934.779540767893,0.25581980218945416,0,0.09291953971564962,0,1283.2630769387285,69.98589699864615,73.30025447545823,0,138.35313124084337
4,404.20000000000005,7927.782409524545,0.2556835583634889,0,0.08027758124685397,0,1283.2630769387285,69.95672819322613,73.26929023134653,0,138.23289553514928
4,404.3,7920.7881926056,0.2555475463360166,0,0.10004000556744098,0,1283.2630769387285,69.92761055507322,73.2383804538703,0,138.11293183535733
4,404.40000000000003,7913.79688490089,0.25541176539926713,0,0.043762553039474704,0,1283.2630769387285,69.8985439146308,73.20752497337087,0,137.993239146582
4,404.5,7906.808481318876,0.25527621484790475,0,0.06581351037219187,0,1283.2630769387285,69.86952810305317,73.17672362074593,0,137.87381647779148
4,404.6,7899.822976785712,0.25514089397903805,0,0.10191064681283389,0,1283.2630769387285,69.8405629522075,73.14597622745394,0,137.75466284183378
4,404.70000000000005,7892.840366241522,0.25500580209221646,0,0.1341417162093189,0,1283.2630769387285,69.81164829467554,73.11528262551805,0,137.63577725548336
4,404.8,7885.860644645058,0.2548709384894589,0,0.18787228792040245,0,1283.2630769387285,69.78278396375471,73.08464264752948,0,137.5171587394184
4,404.90000000000003,7878.883806972764,0.2547363024752605,0,0.09714084967163121,0,1283.2630769387285,69.75396979345955,73.05405612665119,0,137.39880631824312
4,405,7871.909848222509,0.25460189335661776,0,0.09566400176657462,0,1283.2630769387285,69.72520561852284,73.0235228966213,0,137.2807190204733
4,405.1,7864.9387633940205,0.25446771044296085,0,0.052204062526229784,0,1283.2630769387285,69.69649127439716,72.99304279175684,0,137.16289587870347
4,405.20000000000005,7857.97054751683,0.2543337530462673,0,0.11586871832672672,0,1283.2630769387285,69.66782659725368,72.96261564695473,0,137.04533592939018
4,405.3,7851.005195636302,0.25420002048101914,0,0.11138083837578985,0,1283.2630769387285,69.63921142398435,72.9322412976962,0,136.92803821297966
4,405.40000000000003,7844.042702801526,0.2540665120641612,0,0.11909874236417793,0,1283.2630769387285,69.61064559220222,72.90191958004924,0,136.8110017740099
4,405.5,7837.083064095117,0.25393322711522137,0,0.14194730298319114,0,1283.2630769387285,69.58212894024018,72.87165033066957,0,136.6942256608799
4,405.6,7830.126274602488,0.25380016495619995,0,0.11946279177645172,0,1283.2630769387285,69.55366130715299,72.84143338680464,0,136.57770892610395
4,405.70000000000005,7823.172329428606,0.2536673249116373,0,0.11583290217571654,0,1283.2630769387285,69.52524253271578,72.81126858629443,0,136.4614506261811
4,405.8,7816.221223697998,0.2535347063086186,0,0.09513765321525533,0,1283.2630769387285,69.49687245742402,72.78115576757345,0,136.3454498216007
4,405.90000000000003,7809.272952546366,0.2534023084767467,0,0.11301589182121682,0,1283.2630769387285,69.46855092249379,72.75109476967306,0,136.22970557691434
4,406,7802.327511129901,0.25327013074818044,0,0.14048945402962199,0,1283.2630769387285,69.44027776986064,72.7210854322224,0,136.11421696066387
4,406.1,7795.384894616902,0.25313817245760617,0,0.15967967638819797,0,1283.2630769387285,69.41205284217949,72.6911275954504,0,135.99898304545084
4,406.20000000000005,7788.445098192431,0.253006432942257,0,0.0665172332661059,0,1283.2630769387285,69.38387598282355,72.6612211001866,0,135.88400290790005
4,406.3,7781.508117059246,0.2528749115419195,0,0.09238723393956347,0,1283.2630769387285,69.35574703588351,72.63136578786248,0,135.7692756286541
4,406.40000000000003,7774.573946434073,0.2527436075989206,0,0.10349265347997465,0,1283.2630769387285,69.32766584616687,72.60156150051267,0,135.65480029240257
4,406.5,7767.642581545748,0.25261252045812127,0,0.1691529112960985,0,1283.2630769387285,69.29963225919666,72.5718080807757,0,135.5405759878946
4,406.6,7760.714017645456,0.25248164946695584,0,0.1755846094976198,0,1283.2630769387285,69.27164612120973,72.54210537189424,0,135.4266018078569
4,406.70000000000005,7753.7882499899715,0.25235099397536914,0,0.1835637997734175,0,1283.2630769387285,69.24370727915655,72.51245321771677,0,135.312876849124
4,406.8,7746.865273866802,0.25222055333591176,0,0.19092106818376622,0,1283.2630769387285,69.2158155806984,72.48285146269679,0,135.19940021243795
4,406.90000000000003,7739.945084561594,0.2520903269036166,0,0.1615049750637506,0,1283.2630769387285,69.1879708742079,72.45329995189509,0,135.0861710027016
4,407,7733.0276773851365,0.25196031403609787,0,0.1635092384477403,0,1283.2630769387285,69.16017300876527,72.42379853097802,0,134.97318832875885
4,407.1,7726.113047660328,0.2518305140935026,0,0.15841386943831562,0,1283.2630769387285,69.13242183415798,72.39434704621895,0,134.8604513034958
4,407.20000000000005,7719.201190726832,0.25170092643852576,0,0.1604122143864633,0,1283.2630769387285,69.1047172008785,72.36494534449785,0,134.74795904379695
4,407.3,7712.292101936415,0.25157155043639085,0,0.1484790159686621,0,1283.2630769387285,69.0770589601229,72.33559327330167,0,134.635710670577
4,407.40000000000003,7705.38577665668,0.2514423854548609,0,0.14449971041968662,0,1283.2630769387285,69.04944696378837,72.30629068072369,0,134.52370530874322
4,407.5,7698.482210273854,0.2513134308642474,0,0.16222912431973222,0,1283.2630769387285,69.02188106447144,72.2770374154636,0,134.41194208716908
4,407.6,7691.581398182549,0.2511846860373681,0,0.07523075787135793,0,1283.2630769387285,68.99436111546642,72.2478333268275,0,134.30042013876533
4,407.70000000000005,7684.683335794136,0.2510561503495749,0,0.07232581069028274,0,1283.2630769387285,68.96688697076252,72.21867826472696,0,134.18913860040584
4,407.8,7677.788018539548,0.2509278231787612,0,0.12438597673217103,0,1283.2630769387285,68.93945848504174,72.18957207967857,0,134.07809661289917
4,407.90000000000003,7670.895441859029,0.25079970390532047,0,0.15070168636655065,0,1283.2630769387285,68.91207551367744,72.16051462280411,0,133.9672933210597
4,408,7664.005601205863,0.2506717919121541,0,0.1555490404345754,0,1283.2630769387285,68.8847379127312,72.13150574582926,0,133.85672787366656
4,408.1,7657.118492049165,0.25054408658467814,0,0.13238849077368992,0,1283.2630769387285,68.85744553895047,72.10254530108276,0,133.74639942343296
4,408.20000000000005,7650.234109877609,0.2504165873108329,0,0.1065269702344969,0,1283.2630769387285,68.83019824976606,72.07363314149565,0,133.63630712696866
4,408.3,7643.352450187318,0.25028929348103307,0,0.13155763827631384,0,1283.2630769387285,68.80299590329041,72.04476912060115,0,133.52645014486274
4,408.40000000000003,7636.4735084930435,0.25016220448820414,0,0.17381467821197905,0,1283.2630769387285,68.77583835831425,72.0159530925329,0,133.41682764158605
4,408.5,7629.59728031978,0.25003531972774473,0,0.18394790306544379,0,1283.2630769387285,68.74872547430442,71.98718491202436,0,133.30743878554352
4,408.6,7622.723761208355,0.2499086385975429,0,0.19900561070038855,0,1283.2630769387285,68.72165711140099,71.95846443440756,0,133.19828274902056
4,408.70000000000005,7615.852946711704,0.24978216049795512,0,0.1849988791962598,0,1283.2630769387285,68.69463313041452,71.92979151561183,0,133.08935870819775
4,408.8,7608.98483240325,0.24965588483183299,0,0.20231944416104047,0,1283.2630769387285,68.6676533928232,71.90116601216262,0,132.98066584307728
4,408.90000000000003,7602.119413862936,0.24952981100446478,0,0.12597710587776462,0,1283.2630769387285,68.64071776077098,71.87258778118094,0,132.8722033375764
4,409,7595.2566866874695,0.24940393842360611,0,0.11456499258731717,0,1283.2630769387285,68.61382609706375,71.84405668038114,0,132.76397037943457
4,409.1,7588.396646490321,0.24927826649947477,0,0.15878589833219303,0,1283.2630769387285,68.5869782651668,71.81557256807,0,132.6559661602029
4,409.20000000000005,7581.539288887754,0.24915279464469006,0,0.1695609903944424,0,1283.2630769387285,68.56017412920248,71.78713530314548,0,132.54818987533352
4,409.3,7574.684609520249,0.24902752227434605,0,0.17184350117217995,0,1283.2630769387285,68.53341355394583,71.75874474509425,0,132.4406407240041
4,409.40000000000003,7567.832604040392,0.2489024488059605,0,0.15041403558600772,0,1283.2630769387285,68.506696404823,71.73040075399115,0,132.3333179091979
4,409.5,7560.983268111944,0.24877757365946393,0,0.11337031803663518,0,1283.2630769387285,68.48002254790796,71.70210319049757,0,132.22622063769577
4,409.6,7554.136597410776,0.24865289625719494,0,0.0888540914719825,0,1283.2630769387285,68.45339184991946,71.67385191585959,0,132.11934812005362
4,409.70000000000005,7547.292587628588,0.24852841602390643,0,0.08449319899788321,0,1283.2630769387285,68.42680417821757,71.6456467919061,0,132.01269957055973
4,409.8,7540.451234465465,0.24840413238672993,0,0.06744285432577983,0,1283.2630769387285,68.40025940080113,71.61748768104744,0,131.90627420727526
4,409.90000000000003,7533.61253364291,0.24828004477521698,0,0.08989120203712196,0,1283.2630769387285,68.373757386304,71.58937444627311,0,131.80007125192282
4,410,7526.7764808908105,0.2481561526212829,0,0.09463574741584853,0,1283.2630769387285,68.34729800399298,71.56130695115084,0,131.69408992996927
4,410.1,7519.943071953952,0.24803245535922291,0,0.1537091578822631,0,1283.2630769387285,68.32088112376394,71.53328505982431,0,131.58832947056155
4,410.20000000000005,7513.112302583642,0.24790895242567176,0,0.10931206733533887,0,1283.2630769387285,68.2945066161392,71.50530863701147,0,131.48278910657146
4,410.3,7506.284168553539,0.24778564325965458,0,0.005953783288810889,0,1283.2630769387285,68.26817435226334,71.47737754800194,0,131.37746807446308
4,410.40000000000003,7499.458665642887,0.24766252730251648,0,0.06936644128340551,0,1283.2630769387285,68.24188420390128,71.44949165865606,0,131.27236561440216
4,410.5,7492.63578964863,0.24753960399795877,0,0.12241834775095217,0,1283.2630769387285,68.2156360434341,71.42165083540218,0,131.16748097014928
4,410.6,7485.8155363779515,0.2474168727920036,0,0.14795377553742392,0,1283.2630769387285,68.18942974385659,71.39385494523533,0,131.06281338910088
4,410.70000000000005,7478.997901648283,0.24729433313298338,0,0.13538772325729498,0,1283.2630769387285,68.16326517877356,71.3661038557147,0,130.95836212226934
4,410.8,7472.182881295681,0.2471719844715644,0,0.15964914703852867,0,1283.2630769387285,68.13714222239649,71.33839743496154,0,130.85412642420764
4,410.90000000000003,7465.370471163653,0.24704982626069621,0,0.1807781182318012,0,1283.2630769387285,68.11106074954078,71.31073555165752,0,130.7501055530741
4,411,7458.56066711247,0.24692785795563732,0,0.11079518920761312,0,1283.2630769387285,68.08502063562213,71.28311807504231,0,130.646298770548
4,411.1,7451.753465007991,0.24680607901390478,0,0.07933647361368161,0,1283.2630769387285,68.0590217566536,71.25554487491185,0,130.5427053418938
4,411.20000000000005,7444.948860740289,0.24668448889533348,0,0.02537760433072826,0,1283.2630769387285,68.03306398924167,71.22801582161534,0,130.4393245358087
4,411.3,7438.146850197576,0.24656308706197164,0,0.09509704364638825,0,1283.2630769387285,68.00714721058425,71.2005307860545,0,130.33615562459684
4,411.40000000000003,7431.3474292894825,0.246441872978156,0,0.15376526557745188,0,1283.2630769387285,67.98127129846581,71.1730896396798,0,130.23319788397987
4,411.5,7424.5505939386785,0.24632084611047333,0,0.13800344067698694,0,1283.2630769387285,67.95543613125523,71.14569225448932,0,130.13045059314476
4,411.6,7417.756340068765,0.24620000592770505,0,0.11237437969375556,0,1283.2630769387285,67.92964158790242,71.11833850302646,0,130.02791303481123
4,411.70000000000005,7410.964663628489,0.24607935190090655,0,0.12365438370042858,0,1283.2630769387285,67.90388754793398,71.09102825837664,0,129.92558449503878
4,411.8,7404.175560572185,0.24595888350332804,0,0.14482114885212508,0,1283.2630769387285,67.87817389145125,71.06376139416645,0,129.82346426335468
4,411.90000000000003,7397.38902687002,0.2458386002104413,0,0.1738115202996291,0,1283.2630769387285,67.85250049912635,71.03653778456057,0,129.72155163266018
4,412,7390.605058502406,0.24571850149991045,0,0.19118792891250586,0,1283.2630769387285,67.8268672521993,71.00935730425996,0,129.61984589925504
4,412.1,7383.823651455343,0.2455985868515641,0,0.21018666124293495,0,1283.2630769387285,67.80127403247461,70.98221982849948,0,129.51834636285196
4,412.20000000000005,7377.044801734388,0.24547885574743697,0,0.2404720205027051,0,1283.2630769387285,67.77572072231726,70.95512523304478,0,129.41705232645762
4,412.3,7370.268505357206,0.24535930767173397,0,0.18579017258271327,0,1283.2630769387285,67.75020720465014,70.92807339419079,0,129.31596309641182
4,412.40000000000003,7363.494758344255,0.24523994211078615,0,0.14067656178706084,0,1283.2630769387285,67.72473336295117,70.9010641887596,0,129.21507798243556
4,412.5,7356.723556739278,0.2451207585531153,0,0.0953598488595859,0,1283.2630769387285,67.6992990812487,70.87409749409701,0,129.1143962974653
4,412.6,7349.954896592535,0.2450017564893644,0,0.09425536776174538,0,1283.2630769387285,67.67390424411965,70.84717318807142,0,129.01391735775917
4,412.70000000000005,7343.188773961738,0.2448829354122905,0,0.13086800280983263,0,1283.2630769387285,67.64854873668585,70.82029114907112,0,128.91364048287016
4,412.8,7336.4251849185675,0.24476429481677733,0,0.19684452332546207,0,1283.2630769387285,67.62323244460998,70.79345125600123,0,128.81356499558035
4,412.90000000000003,7329.664125552401,0.2446458341998414,0,0.12448379108355917,0,1283.2630769387285,67.59795525409295,70.76665338828177,0,128.71369022186013
4,413,7322.905591951683,0.2445275530605531,0,0.08440348089427645,0,1283.2630769387285,67.57271705187118,70.73989742584587,0,128.61401549098215
4,413.1,7316.149580231868,0.24440945090012917,0,0.0693348318787337,0,1283.2630769387285,67.54751772521196,70.7131832491361,0,128.51454013530488
4,413.20000000000005,7309.396086505614,0.24429152722181524,0,0.10766997185124806,0,1283.2630769387285,67.52235716191217,70.68651073910381,0,128.41526349046907
4,413.3,7302.645106902346,0.24417378153094477,0,0.12840802766885587,0,1283.2630769387285,67.49723525029322,70.65987977720506,0,128.31618489523692
4,413.40000000000003,7295.896637562662,0.24405621333491087,0,0.1713740739858902,0,1283.2630769387285,67.4721518791987,70.63329024539905,0,128.21730369151763
4,413.5,7289.150674637407,0.2439388221431526,0,0.2175808750479475,0,1283.2630769387285,67.44710693799112,70.60674202614558,0,128.1186192243556
4,413.6,7282.407214289531,0.24382160746715176,0,0.1481789384225181,0,1283.2630769387285,67.42210031654855,70.58023500240255,0,128.02013084189974
4,413.70000000000005,7275.666252696887,0.24370456882043423,0,0.1163206063050444,0,1283.2630769387285,67.39713190526163,70.55376905762367,0,127.92183789536801
4,413.8,7268.9277860391885,0.24358770571851227,0,0.07449070842667066,0,1283.2630769387285,67.37220159503079,70.52734407575653,0,127.82373973912082
4,413.90000000000003,7262.191810512915,0.24347101767892806,0,0.07467072758300168,0,1283.2630769387285,67.34730927726218,70.50095994123924,0,127.72583573053765
4,414,7255.458322325721,0.24335450422122448,0,0.12347131909406446,0,1283.2630769387285,67.3224548438651,70.47461653899852,0,127.62812523004037
4,414.1,7248.727317689918,0.24323816486691108,0,0.22242227027422268,0,1283.2630769387285,67.29763818724888,70.44831375444741,0,127.53060760112078
4,414.20000000000005,7241.998792839237,0.2431219991395157,0,0.10526760683053853,0,1283.2630769387285,67.27285920031917,70.4220514734823,0,127.43328221020697
4,414.3,7235.27274400834,0.24300600656450053,0,0.032222183139374715,0,1283.2630769387285,67.24811777647594,70.39582958248138,0,127.33614842678924
4,414.40000000000003,7228.549167445861,0.24289018666929885,0,0.08342369516557221,0,1283.2630769387285,67.22341380960933,70.36964796830156,0,127.23920562331122
4,414.5,7221.828059411608,0.24277453898329565,0,0.09202867232447404,0,1283.2630769387285,67.19874719409698,70.34350651827617,0,127.14245317517239
4,414.6,7215.109416176565,0.24265906303781826,0,0.12808025064452191,0,1283.2630769387285,67.17411782480104,70.31740512021273,0,127.04589046071183
4,414.70000000000005,7208.393234022893,0.2425437583661264,0,0.1474063057112513,0,1283.2630769387285,67.14952559706504,70.29134366239046,0,126.9495168611911
4,414.8,7201.679509240203,0.2424286245033896,0,0.19722920860855533,0,1283.2630769387285,67.12497040671104,70.26532203355822,0,126.8533317608036
4,414.90000000000003,7194.968238130212,0.2423136609866935,0,0.14118469304745243,0,1283.2630769387285,67.10045215003639,70.23934012293162,0,126.75733454662411
4,415,7188.259417003021,0.2421988673550167,0,0.10002614116856916,0,1283.2630769387285,67.07597072381058,70.21339782019079,0,126.6615246086176
4,415.1,7181.553042182699,0.2420842431492419,0,0.06034566091232869,0,1283.2630769387285,67.05152602527241,70.18749501547788,0,126.56590133958476
4,415.20000000000005,7174.849110003561,0.24196978791213367,0,0.07545559708700762,0,1283.2630769387285,67.02711795212713,70.1616315993951,0,126.47046413517236
4,415.3,7168.147616801783,0.24185550118829688,0,0.1074183429100551,0,1283.2630769387285,67.00274640254366,70.1358074630022,0,126.37521239391127
4,415.40000000000003,7161.448558935896,0.24174138252424193,0,0.20318133860116447,0,1283.2630769387285,66.97841127515062,70.11002249781339,0,126.28014551706026
4,415.5,7154.7519327662885,0.2416274314683019,0,0.0806804213297662,0,1283.2630769387285,66.9541124690347,70.08427659579608,0,126.18526290873133
4,415.6,7148.057734666392,0.24151364757066282,0,0.023054499803849934,0,1283.2630769387285,66.929849883737,70.05856964936785,0,126.0905639757954
4,415.70000000000005,7141.365961019881,0.24140003038334423,0,0.09239211846829593,0,1283.2630769387285,66.9056234192503,70.03290155139423,0,125.99604812788543
4,415.8,7134.676608219743,0.24128657946018692,0,0.11375923592720777,0,1283.2630769387285,66.88143297601624,70.0072721951865,0,125.9017147773868
4,415.90000000000003,7127.989672663622,0.24117329435682547,0,0.14358844522408973,0,1283.2630769387285,66.85727845492247,69.98168147449928,0,125.80756333945128
4,416,7121.30515076872,0.24106017463073307,0,0.16931478730130764,0,1283.2630769387285,66.83315975729907,69.95612928352752,0,125.71359323187929
4,416.1,7114.623038960621,0.24094721984117376,0,0.2103901931740763,0,1283.2630769387285,66.80907678491684,69.93061551690533,0,125.61980387518373
4,416.20000000000005,7107.943333667703,0.24083442954917186,0,0.15805332148437629,0,1283.2630769387285,66.78502943998441,69.9051400697035,0,125.52619469260932
4,416.3,7101.266031333245,0.24072180331754536,0,0.1403484541413668,0,1283.2630769387285,66.76101762514456,69.87970283742636,0,125.43276511003292
4,416.40000000000003,7094.591128408909,0.24060934071087411,0,0.1051932202000463,0,1283.2630769387285,66.73704124347195,69.85430371601005,0,125.33951455599345
4,416.5,7087.918621352874,0.24049704129548372,0,0.047342288703450766,0,1283.2630769387285,66.71310019847037,69.82894260182017,0,125.24644246168789
4,416.6,7081.248506641015,0.24038490463947634,0,0.06262815274662771,0,1283.2630769387285,66.68919439406953,69.80361939164905,0,125.1535482608803
4,416.70000000000005,7074.580780751072,0.24027293031266606,0,0.14198869381137422,0,1283.2630769387285,66.66532373462323,69.77833398271441,0,125.06083138999432
4,416.8,7067.915440175682,0.24016111788661554,0,0.07049118085499137,0,1283.2630769387285,66.64148812490585,69.75308627265629,0,124.96829128800846
4,416.90000000000003,7061.252481414005,0.24004946693459703,0,0.09715186093755572,0,1283.2630769387285,66.6176874701101,69.72787615953517,0,124.87592739649719
4,417,7054.591900973581,0.2399379770315903,0,0.13156390337584503,0,1283.2630769387285,66.59392167584419,69.70270354182966,0,124.78373915960282
4,417.1,7047.933695374988,0.23982664775429016,0,0.18066886539090354,0,1283.2630769387285,66.57019064812889,69.67756831843404,0,124.69172602398909
4,417.20000000000005,7041.277861144394,0.2397154786810709,0,0.1996627292562198,0,1283.2630769387285,66.54649429339544,69.65247038865633,0,124.59988743887564
4,417.3,7034.624394818209,0.23960446939199395,0,0.21472307782273153,0,1283.2630769387285,66.52283251848233,69.62740965221576,0,124.50822285599106
4,417.40000000000003,7027.973292947747,0.23949361946881634,0,0.23553005356018458,0,1283.2630769387285,66.49920523063292,69.60238600924067,0,124.41673172952844
4,417.5,7021.324552085251,0.23938292849493206,0,0.2123084549356504,0,1283.2630769387285,66.47561233749342,69.57739936026682,0,124.32541351622292
4,417.6,7014.6781687978655,0.2392723960554124,0,0.18300661415878783,0,1283.2630769387285,66.45205374710929,69.55244960623438,0,124.23426767524283
4,417.70000000000005,7008.034139660187,0.23916202173697146,0,0.15143018086123342,0,1283.2630769387285,66.42852936792355,69.52753664848626,0,124.1432936682252
4,417.8,7001.392461254261,0.23905180512795698,0,0.11796711694764302,0,1283.2630769387285,66.40503910877372,69.50266038876588,0,124.05249095926061
4,417.90000000000003,6994.753130171448,0.23894174581834807,0,0.05766860970634929,0,1283.2630769387285,66.38158287888945,69.47782072921471,0,123.96185901486521
4,418,6988.116143015213,0.2388318433997572,0,0.09219697950427858,0,1283.2630769387285,66.35816058788983,69.4530175723703,0,123.87139730394895
4,418.1,6981.481496395543,0.2387220974654017,0,0.09891961275486273,0,1283.2630769387285,66.33477214578126,69.42825082116423,0,123.78110529783753
4,418.20000000000005,6974.849186933599,0.23861250761011202,0,0.07012929162382366,0,1283.2630769387285,66.31141746295471,69.40352037891988,0,123.6909824702277
4,418.3,6968.2192112561315,0.23850307343030328,0,0.08515872822794208,0,1283.2630769387285,66.28809645018356,69.37882614935052,0,123.60102829720931
4,418.40000000000003,6961.591566001996,0.23839379452398968,0,0.1267653677917927,0,1283.2630769387285,66.26480901862071,69.35416803655679,0,123.51124225720791
4,418.5,6954.966247813776,0.23828467049074645,0,0.13832352203647152,0,1283.2630769387285,66.24155507979658,69.32954594502495,0,123.42162383102506
4,418.6,6948.343253349885,0.23817570093174442,0,0.14527456541770045,0,1283.2630769387285,66.21833454561612,69.30495977962428,0,123.33217250174523
4,418.70000000000005,6941.722579272464,0.23806688544969967,0,0.16373249553677105,0,1283.2630769387285,66.19514732835718,69.28040944560576,0,123.24288775480215
4,418.8,6935.104222254828,0.23795822364889074,0,0.149187584265893,0,1283.2630769387285,66.1719933406676,69.25589484859935,0,123.15376907791476
4,418.90000000000003,6928.488178980537,0.23784971513514824,0,0.1381495500052072,0,1283.2630769387285,66.14887249556313,69.23141589461238,0,123.064815961081
4,419,6921.874446136877,0.2377413595158229,0,0.11921372205247108,0,1283.2630769387285,66.12578470642526,69.20697249002743,0,122.97602789660533
4,419.1,6915.263020426966,0.23763315639982044,0,0.07819039493435019,0,1283.2630769387285,66.1027298869983,69.1825645415999,0,122.88740437900657
4,419.20000000000005,6908.653898552991,0.23752510539753455,0,0.02418495827759722,0,1283.2630769387285,66.07970795138796,69.1581919564568,0,122.79894490511366
4,419.3,6902.047077233903,0.23741720612090034,0,0.07116611117505006,0,1283.2630769387285,66.05671881405796,69.1338546420936,0,122.71064897393542
4,419.40000000000003,6895.442553189583,0.2373094581833313,0,0.15024390246460415,0,1283.2630769387285,66.03376238982868,69.10955250637315,0,122.6225160867512
4,419.5,6888.840323156677,0.23720186119976702,0,0.11072210976699307,0,1283.2630769387285,66.01083859387417,69.08528545752294,0,122.53454574699431
4,419.6,6882.240383875556,0.23709441478662005,0,0.14671772403563765,0,1283.2630769387285,65.98794734172064,69.06105340413392,0,122.44673746032464
4,419.70000000000005,6875.642732096836,0.23698711856179036,0,0.13479062643237968,0,1283.2630769387285,65.96508854924384,69.03685625515799,0,122.35909073457206
4,419.8,6869.047364579514,0.23687997214465165,0,0.14219003658673318,0,1283.2630769387285,65.9422621326671,69.01269391990635,0,122.27160507973647
4,419.90000000000003,6862.454278090037,0.23677297515603973,0,0.170354783777101,0,1283.2630769387285,65.91946800855895,68.9885663080474,0,122.1842800079795
4,420,6855.863469402306,0.23666612721824543,0,0.15924025740822753,0,1283.2630769387285,65.89670609383114,68.96447332960491,0,122.09711503361271
4,420.1,6849.274935300462,0.2365594279550159,0,0.17148475856388076,0,1283.2630769387285,65.87397630573618,68.9404148949558,0,122.01010967306526
4,420.20000000000005,6842.688672573306,0.23645287699152773,0,0.1481694288576504,0,1283.2630769387285,65.85127856186554,68.91639091482854,0,121.92326344490793
4,420.3,6836.104678022675,0.23634647395440883,0,0.1353085807874422,0,1283.2630769387285,65.828612780147,68.89240130030085,0,121.83657586978607
4,420.40000000000003,6829.5229484578595,0.23624021847171192,0,0.11871531152799307,0,1283.2630769387285,65.8059788788432,68.86844596279825,0,121.75004647044432
4,420.5,6822.9434806918725,0.23613411017289374,0,0.04894575361325509,0,1283.2630769387285,65.78337677654949,68.84452481409224,0,121.663674771737
4,420.6,6816.366271550767,0.2360281486888394,0,0.050458445945648786,0,1283.2630769387285,65.76080639219127,68.82063776629782,0,121.57746030055534
4,420.70000000000005,6809.7913178680465,0.235922333651837,0,0.16110758738505643,0,1283.2630769387285,65.73826764502259,68.79678473187225,0,121.49140258585264
4,420.8,6803.218616479076,0.2358166646955492,0,0.13933910021331114,0,1283.2630769387285,65.71576045462399,68.77296562361306,0,121.40550115866569
4,420.90000000000003,6796.648164235987,0.2357111414550585,0,0.18033702549661879,0,1283.2630769387285,65.69328474089977,68.74918035465562,0,121.31975555200792
4,421,6790.079957994632,0.23560576356681526,0,0.17423570942732525,0,1283.2630769387285,65.67084042407697,68.7254288384722,0,121.23416530094192
4,421.1,6783.513994620182,0.23550053066864937,0,0.1808357277631554,0,1283.2630769387285,65.64842742470297,68.70171098886968,0,121.14872994253093
4,421.20000000000005,6776.9502709833905,0.23539544239975035,0,0.19659331104192845,0,1283.2630769387285,65.6260456636436,68.67802671998795,0,121.06344901585042
4,421.3,6770.388783962466,0.2352904984006659,0,0.17848034877702804,0,1283.2630769387285,65.60369506208087,68.65437594629788,0,120.97832206196354
4,421.40000000000003,6763.829530450515,0.23518569831332187,0,0.19874974383709734,0,1283.2630769387285,65.58137554151122,68.63075858259938,0,120.89334862386366
4,421.5,6757.272507338785,0.2350810417809567,0,0.19406739547084834,0,1283.2630769387285,65.55908702374404,68.6071745440205,0,120.80852824656853
4,421.6,6750.71771153342,0.23497652844817218,0,0.1859363277283346,0,1283.2630769387285,65.53682943089895,68.58362374601452,0,120.72386047700155
4,421.70000000000005,6744.165139944293,0.23487215796088817,0,0.15496807316713043,0,1283.2630769387285,65.51460268540453,68.56010610435911,0,120.63934486405198
4,421.8,6737.614789490588,0.23476792996635493,0,0.10119938497762206,0,1283.2630769387285,65.49240670999609,68.53662153515405,0,120.55498095852744
4,421.90000000000003,6731.0666571017355,0.23466384411314964,0,0.028335925827996378,0,1283.2630769387285,65.47024142771393,68.51316995481965,0,120.47076831313727
4,422,6724.52073971089,0.2345599000511476,0,0.12610471838879728,0,1283.2630769387285,65.44810676190177,68.4897512800954,0,120.38670648252292
4,422.1,6717.977034256794,0.23445609743152007,0,0.20699247067490625,0,1283.2630769387285,65.42600263620452,68.46636542803778,0,120.30279502323238
4,422.20000000000005,6711.435537694953,0.2343524359067679,0,0.19404882122730435,0,1283.2630769387285,65.40392897456613,68.44301231601833,0,120.21903349364094
4,422.3,6704.896246979013,0.2342489151306504,0,0.17768038840583994,0,1283.2630769387285,65.38188570122892,68.419691861723,0,120.1354214540575
4,422.40000000000003,6698.359159074724,0.23414553475822605,0,0.15889477226486962,0,1283.2630769387285,65.35987274073072,68.39640398314945,0,120.05195846662409
4,422.5,6691.824270954356,0.23404229444582705,0,0.1266107131916421,0,1283.2630769387285,65.33789001790342,68.37314859860584,0,119.96864409534086
4,422.6,6685.29157959763,0.233939193851056,0,0.09508006404036645,0,1283.2630769387285,65.31593745787134,68.34992562670904,0,119.88547790604926
4,422.70000000000005,6678.761081991717,0.2338362326327795,0,0.1365406148851233,0,1283.2630769387285,65.29401498604935,68.32673498638312,0,119.80245946642158
4,422.8,6672.232775132172,0.23373341045112475,0,0.17970607060741836,0,1283.2630769387285,65.27212252814114,68.30357659685758,0,119.71958834594412
4,422.90000000000003,6665.706656019203,0.23363072696746046,0,0.17606044689025638,0,1283.2630769387285,65.25026001013765,68.28045037766596,0,119.63686411592991
4,423,6659.182721668854,0.23352818184442933,0,0.17237116023836174,0,1283.2630769387285,65.22842735831497,68.2573562486438,0,119.55428634943958
4,423.1,6652.660969092511,0.23342577474587065,0,0.11158986698911123,0,1283.2630769387285,65.2066244992336,68.2342941299279,0,119.4718546213971
4,423.20000000000005,6646.141395315528,0.23332350533687796,0,0.0764458512472867,0,1283.2630769387285,65.18485135973553,68.21126394195373,0,119.38956850846336
4,423.3,6639.623997369781,0.23322137328376702,0,0.1470562786058667,0,1283.2630769387285,65.16310786694322,68.18826560545426,0,119.30742758907238
4,423.40000000000003,6633.10877229739,0.2331193782540837,0,0.19479663176576273,0,1283.2630769387285,65.14139394825789,68.16529904145845,0,119.22543144339926
4,423.5,6626.595717139542,0.23301751991655795,0,0.14238788242936828,0,1283.2630769387285,65.11970953135815,68.14236417128998,0,119.14357965341765
4,423.6,6620.084828952327,0.23291579794115222,0,0.07406814270223992,0,1283.2630769387285,65.09805454419761,68.11946091656485,0,119.06187180279126
4,423.70000000000005,6613.576104796492,0.2328142119990209,0,0.04112065791408467,0,1283.2630769387285,65.07642891500393,68.0965891991906,0,118.98030747692904
4,423.8,6607.0695417393,0.23271276176251027,0,0.0537082691753752,0,1283.2630769387285,65.05483257227708,68.07374894136458,0,118.89888626296228
4,423.90000000000003,6600.5651368563995,0.2326114469051592,0,0.09877481160254806,0,1283.2630769387285,65.03326544478766,68.05094006557242,0,118.81760774972427
4,424,6594.062887226231,0.23251026710167283,0,0.07618082256912308,0,1283.2630769387285,65.01172746157543,68.02816249458647,0,118.73647152777276
4,424.1,6587.562789943069,0.23240922202796266,0,0.10662648058566772,0,1283.2630769387285,64.99021855194728,68.005416151464,0,118.6554771893024
4,424.20000000000005,6581.064842100255,0.232308311361083,0,0.09196959710520103,0,1283.2630769387285,64.96873864547658,67.98270095954658,0,118.57462432823736
4,424.3,6574.5690407995135,0.23220753477925604,0,0.0931021231807844,0,1283.2630769387285,64.94728767200093,67.96001684245773,0,118.49391254016314
4,424.40000000000003,6568.075383154675,0.23210689196187995,0,0.020285097757892397,0,1283.2630769387285,64.92586556162057,67.9373637241017,0,118.41334142229609
4,424.5,6561.583866282366,0.23200638258949102,0,0.06040627617108408,0,1283.2630769387285,64.90447224469762,67.91474152866239,0,118.33291057353081
4,424.6,6555.094487303868,0.23190600634376365,0,0.16616643556454375,0,1283.2630769387285,64.88310765185399,67.8921501806016,0,118.25261959441778
4,424.70000000000005,6548.607243350707,0.2318057629075239,0,0.18620960743680712,0,1283.2630769387285,64.86177171396974,67.86958960465738,0,118.1724680871204
4,424.8,6542.122131565586,0.23170565196474743,0,0.10423885717961318,0,1283.2630769387285,64.84046436218188,67.8470597258427,0,118.09245565540131
4,424.90000000000003,6535.639149089344,0.2316056732005097,0,0.056674438335635985,0,1283.2630769387285,64.81918552788333,67.8245604694447,0,118.01258190469207
4,425,6529.158293072134,0.2315058263010171,0,0.07396436571244788,0,1283.2630769387285,64.79793514272072,67.8020917610224,0,117.93284644201415
4,425.1,6522.679560677148,0.23140611095361507,0,0.09682245246251328,0,1283.2630769387285,64.77671313859307,67.77965352640537,0,117.85324887594953
4,425.20000000000005,6516.202949062921,0.23130652684672195,0,0.17856992619784487,0,1283.2630769387285,64.75551944765095,67.7572456916931,0,117.77378881673731
4,425.3,6509.728455407545,0.23120707366990603,0,0.13870284840515887,0,1283.2630769387285,64.73435400229403,67.73486818325244,0,117.69446587611893
4,425.40000000000003,6503.256076886319,0.23110775111380435,0,0.10600447472832836,0,1283.2630769387285,64.7132167351709,67.71252092771748,0,117.6152796674648
4,425.5,6496.785810687579,0.23100855887017085,0,0.09983564390566392,0,1283.2630769387285,64.69210757917672,67.69020385198725,0,117.53622980566955
4,425.6,6490.317654002458,0.23090949663183646,0,0.07144551183127487,0,1283.2630769387285,64.67102646745246,67.66791688322499,0,117.45731590720504
4,425.70000000000005,6483.851604027674,0.23081056409271247,0,0.08661089665742781,0,1283.2630769387285,64.64997333338314,67.64565994885643,0,117.37853759009406
4,425.8,6477.387657971121,0.2307117609478046,0,0.11380074972210667,0,1283.2630769387285,64.62894811059641,67.62343297656832,0,117.29989447386842
4,425.90000000000003,6470.925813046284,0.23061308689318952,0,0.1707255559560848,0,1283.2630769387285,64.60795073296151,67.60123589430755,0,117.2213861795954
4,426,6464.46606647037,0.23051454162600238,0,0.17759265165359756,0,1283.2630769387285,64.58698113458797,67.57906863027972,0,117.14301232987883
4,426.1,6458.008415467106,0.23041612484444113,0,0.09506430710837689,0,1283.2630769387285,64.566039249824,67.55693111294762,0,117.06477254883355
4,426.20000000000005,6451.552857268602,0.23031783624776728,0,0.0543875652765753,0,1283.2630769387285,64.54512501325499,67.53482327102981,0,116.98666646206594
4,426.3,6445.099389118142,0.23021967553631165,0,0.09713152777951684,0,1283.2630769387285,64.5242383597026,67.51274503349958,0,116.908693696651
4,426.40000000000003,6438.648008254357,0.23012164241141478,0,0.15652920683838942,0,1283.2630769387285,64.50337922422383,67.49069632958413,0,116.83085388121634
4,426.5,6432.198711932637,0.23002373657549355,0,0.2193830597638473,0,1283.2630769387285,64.48254754210852,67.46867708876209,0,116.75314664580628
4,426.6,6425.751497411169,0.22992595773199043,0,0.18507596887232255,0,1283.2630769387285,64.46174324887924,67.44668724076337,0,116.67557162195844
4,426.70000000000005,6419.306361950003,0.22982830558536427,0,0.17104362765254108,0,1283.2630769387285,64.44096628028963,67.42472671556754,0,116.59812844269936
4,426.8,6412.863302825019,0.22973077984113255,0,0.15560259177168032,0,1283.2630769387285,64.42021657232267,67.40279544340208,0,116.52081674245433
4,426.90000000000003,6406.422317310236,0.22963338020580756,0,0.13569668733542567,0,1283.2630769387285,64.39949406119032,67.38089335474208,0,116.44363615714482
4,427,6399.983402689919,0.22953610638693098,0,0.12440366223073632,0,1283.2630769387285,64.37879868333151,67.35902038030814,0,116.36658632410729
4,427.1,6393.5465562539175,0.22943895809305453,0,0.13069547838692686,0,1283.2630769387285,64.3581303754113,67.33717645106563,0,116.2896668821144
4,427.20000000000005,6387.111775298603,0.22934193503373773,0,0.168839987137231,0,1283.2630769387285,64.33748907431966,67.31536149822337,0,116.2128774713611
4,427.3,6380.679057126865,0.22924503691954307,0,0.1425101462525519,0,1283.2630769387285,64.3168747171701,67.29357545323235,0,116.13621773345665
4,427.40000000000003,6374.248399044387,0.2291482634620183,0,0.16744782598491667,0,1283.2630769387285,64.29628724129857,67.27181824778461,0,116.05968731143824
4,427.5,6367.819798372686,0.22905161437373683,0,0.08557787961525133,0,1283.2630769387285,64.27572658426203,67.25008981381177,0,115.98328584968867
4,427.6,6361.393252426758,0.22895508936821676,0,0.0698515141003111,0,1283.2630769387285,64.2551926838381,67.22839008348465,0,115.90701299405839
4,427.70000000000005,6354.968758533709,0.2288586881599781,0,0.11079451075510928,0,1283.2630769387285,64.23468547802268,67.20671898921096,0,115.83086839174723
4,427.8,6348.546314030886,0.22876241046453327,0,0.1874505032266194,0,1283.2630769387285,64.21420490502933,67.18507646363464,0,115.75485169131079
4,427.90000000000003,6342.125916256569,0.22866625599835094,0,0.1414224026751456,0,1283.2630769387285,64.19375090328852,67.16346243963505,0,115.67896254270607
4,428,6335.707562557422,0.22857022447887634,0,0.10881225643729743,0,1283.2630769387285,64.17332341144603,67.14187685032547,0,115.60320059724113
4,428.1,6329.2912502856925,0.22847431562451698,0,0.10906646787007622,0,1283.2630769387285,64.15292236836197,67.12031962905195,0,115.5275655075832
4,428.20000000000005,6322.87697679922,0.22837852915463847,0,0.08702873711819162,0,1283.2630769387285,64.1325477131096,67.09879070939229,0,115.45205692775201
4,428.3,6316.464739459567,0.22828286478955298,0,0.08246613604898748,0,1283.2630769387285,64.11219938497426,67.07729002515478,0,115.3766745131221
4,428.40000000000003,6310.054535641335,0.22818732225054697,0,0.09176985961693936,0,1283.2630769387285,64.09187732345188,67.05581751037687,0,115.3014179203629
4,428.5,6303.646362716332,0.2280919012598231,0,0.17622303374838133,0,1283.2630769387285,64.07158146824868,67.03437309932471,0,115.22628680752288
4,428.6,6297.24021807313,0.22799660154056203,0,0.13577024975717097,0,1283.2630769387285,64.05131175927922,67.01295672649125,0,115.15128083391
4,428.70000000000005,6290.83609909378,0.22790142281683906,0,0.1794935058426257,0,1283.2630769387285,64.03106813666616,66.99156832659601,0,115.07639966021786
4,428.8,6284.434003177099,0.22780636481369818,0,0.12746580160991308,0,1283.2630769387285,64.01085054073826,66.97020783458294,0,115.00164294838478
4,428.90000000000003,6278.033927719109,0.22771142725708218,0,0.07232329789010038,0,1283.2630769387285,63.99065891203017,66.94887518562031,0,114.92701036169979
4,429,6271.635870130733,0.22761660987388763,0,0.11214450556799631,0,1283.2630769387285,63.970493191280575,66.92757031509878,0,114.85250156469364
4,429.1,6265.2398278201,0.22752191239190156,0,0.15812980817399608,0,1283.2630769387285,63.950353319432054,66.90629315863121,0,114.77811622323429
4,429.20000000000005,6258.845798208378,0.22742733453984976,0,0.10995732946576849,0,1283.2630769387285,63.930239237629046,66.88504365205073,0,114.70385400442804
4,429.3,6252.453778717667,0.2273328760473529,0,0.1029207409360592,0,1283.2630769387285,63.91015088721782,66.86382173141045,0,114.62971457668401
4,429.40000000000003,6246.063766778447,0.22723853664494578,0,0.09668591649766521,0,1283.2630769387285,63.890088209744555,66.84262733298176,0,114.55569760966227
4,429.5,6239.675759826787,0.2271443160640653,0,0.08261730379532176,0,1283.2630769387285,63.87005114695489,66.82146039325369,0,114.48180277428534
4,429.6,6233.289755300619,0.22705021403703246,0,0.0908548528635065,0,1283.2630769387285,63.85003964079273,66.8003208489317,0,114.40802974275067
4,429.70000000000005,6226.9057506537065,0.22695623029709622,0,0.07893495411011302,0,1283.2630769387285,63.830053633398876,66.77920863693645,0,114.33437818844676
4,429.8,6220.523743336089,0.22686236457836398,0,0.1567931192916845,0,1283.2630769387285,63.81009306711106,66.75812369440354,0,114.26084778605754
4,429.90000000000003,6214.143730804324,0.22676861661583056,0,0.11023142176025409,0,1283.2630769387285,63.79015788446202,66.7370659586817,0,114.18743821149558
4,430,6207.765710526146,0.22667498614539056,0,0.1572151624846178,0,1283.2630769387285,63.77024802817854,66.7160353673319,0,114.11414914187118
4,430.1,6201.389679969288,0.2265814729037968,0,0.10049588947126778,0,1283.2630769387285,63.75036344118102,66.69503185812667,0,114.04098025554828
4,430.20000000000005,6195.015636609867,0.22648807662868406,0,0.03724190463943922,0,1283.2630769387285,63.73050406658203,66.67405536904872,0,113.96793123209063
4,430.3,6188.6435779333115,0.2263947970585692,0,0.08968017591098666,0,1283.2630769387285,63.7106698476855,66.65310583829017,0,113.89500175225191
4,430.40000000000003,6182.273501420394,0.2263016339327995,0,0.15136648464184513,0,1283.2630769387285,63.690860727986234,66.63218320425187,0,113.822191498046
4,430.5,6175.9054045677185,0.22620858699161706,0,0.1307279671640144,0,1283.2630769387285,63.67107665116782,66.61128740554146,0,113.7495001526256
4,430.6,6169.539284873754,0.22611565597610914,0,0.12928222084916227,0,1283.2630769387285,63.651317561102815,66.59041838097335,0,113.67692740035612
4,430.70000000000005,6163.175139841624,0.22602284062821315,0,0.14667567311036767,0,1283.2630769387285,63.63158340185142,66.56957606956739,0,113.6044729267928
4,430.8,6156.812966982834,0.22593014069072548,0,0.13457797348034614,0,1283.2630769387285,63.61187411766035,66.54876041054787,0,113.53213641865405
4,430.90000000000003,6150.452763811685,0.22583755590727905,0,0.10025846223862954,0,1283.2630769387285,63.592189652962375,66.5279713433428,0,113.45991756384684
4,431,6144.094527847134,0.22574508602234497,0,0.07239605001238186,0,1283.2630769387285,63.57252995237502,66.50720880758266,0,113.38781605144914
4,431.1,6137.738256618381,0.22565273078124792,0,0.10715926065482184,0,1283.2630769387285,63.55289496069958,66.48647274309938,0,113.3158315716735
4,431.20000000000005,6131.383947655559,0.22556048993013184,0,0.07328416111919128,0,1283.2630769387285,63.53328462292067,66.46576308992591,0,113.24396381591352
4,431.3,6125.031598496251,0.22546836321597713,0,0.11914657975389278,0,1283.2630769387285,63.513698884204985,66.44507978829482,0,113.17221247670078
4,431.40000000000003,6118.68120668456,0.22537635038659423,0,0.027893444348993348,0,1283.2630769387285,63.494137689900484,66.42442277863748,0,113.10057724770458
4,431.5,6112.332769768313,0.2252844511906108,0,0.06636534731685642,0,1283.2630769387285,63.474600985535645,66.40379200158334,0,113.02905782374185
4,431.6,6105.986285299994,0.22519266537747093,0,0.11009574704591471,0,1283.2630769387285,63.45508871681854,66.3831873979589,0,112.95765390076583
4,431.70000000000005,6099.64175084047,0.22510099269744352,0,0.17338973576273825,0,1283.2630769387285,63.43560082963571,66.36260890878656,0,112.88636517583926
4,431.8,6093.29916395247,0.22500943290159772,0,0.17373575682016867,0,1283.2630769387285,63.416137270051735,66.3420564752841,0,112.81519134716545
4,431.90000000000003,6086.958522208035,0.22491798574182365,0,0.20201659865670837,0,1283.2630769387285,63.396697984308,66.32153003886347,0,112.74413211404132
4,432,6080.619823178276,0.22482665097079457,0,0.2035435316043359,0,1283.2630769387285,63.37728291882212,66.30102954113022,0,112.67318717690748
4,432.1,6074.283064449206,0.22473542834201626,0,0.19542855629050462,0,1283.2630769387285,63.35789202018669,66.280554923882,0,112.602356237256
4,432.20000000000005,6067.948243601248,0.22464431760975567,0,0.17893390763305703,0,1283.2630769387285,63.33852523516921,66.2601061291086,0,112.531638997738
4,432.3,6061.615358230658,0.224553318529108,0,0.1304740766834653,0,1283.2630769387285,63.31918251071026,66.23968309899018,0,112.46103516203972
4,432.40000000000003,6055.28440593183,0.22446243085593526,0,0.11950081887075294,0,1283.2630769387285,63.29986379392374,66.21928577589715,0,112.3905444349751
4,432.5,6048.955384305678,0.22437165434688972,0,0.03880380105935038,0,1283.2630769387285,63.28056903209527,66.1989141023888,0,112.32016652243298
4,432.6,6042.628290959634,0.22428098875941077,0,0.06372426623261115,0,1283.2630769387285,63.26129817268158,66.17856802121251,0,112.24990113137221
4,432.70000000000005,6036.30312350858,0.22419043385172494,0,0.12456531881741127,0,1283.2630769387285,63.24205116330972,66.15824747530303,0,112.17974796981196
4,432.8,6029.979879570194,0.22409998938282719,0,0.06900837662529713,0,1283.2630769387285,63.22282795177663,66.13795240778177,0,112.10970674685171
4,432.90000000000003,6023.658556764014,0.22400965511247403,0,0.036706358862636804,0,1283.2630769387285,63.20362848604794,66.11768276195585,0,112.03977717267024
4,433,6017.339152720757,0.22391943080121032,0,0.09443894624302036,0,1283.2630769387285,63.184452714256935,66.09743848131679,0,111.96995895846875
4,433.1,6011.021665072069,0.2238293162103335,0,0.10521465888456602,0,1283.2630769387285,63.16530058470444,66.07721950954046,0,111.90025181652388
4,433.20000000000005,6004.706091453321,0.22373931110189776,0,0.15156238543611153,0,1283.2630769387285,63.146172045857455,66.05702579048557,0,111.83065546016373
4,433.3,5998.392429515719,0.22364941523875217,0,0.1676914187681249,0,1283.2630769387285,63.12706704634832,66.03685726819297,0,111.76116960370061
4,433.40000000000003,5992.080676903017,0.2235596283844613,0,0.1654601537797214,0,1283.2630769387285,63.107985534975136,66.01671388688577,0,111.69179396255181
4,433.5,5985.770831268281,0.22346995030335448,0,0.13995961539979568,0,1283.2630769387285,63.088927460699445,65.99659559096713,0,111.62252825314023
4,433.6,5979.462890270166,0.22338038076051223,0,0.08794470042067697,0,1283.2630769387285,63.069892772646206,65.97650232502022,0,111.55337219291236
4,433.70000000000005,5973.1568515775725,0.2232909195217785,0,0.05458009325894347,0,1283.2630769387285,63.05088142010298,65.95643403380721,0,111.48432550030813
4,433.8,5966.852712855674,0.22320156635371124,0,0.07604890455602999,0,1283.2630769387285,63.03189335251959,65.93639066226898,0,111.41538789483099
4,433.90000000000003,5960.550471778028,0.22311232102361808,0,0.13197945199687852,0,1283.2630769387285,63.01292851950663,65.91637215552353,0,111.34655909697616
4,434,5954.2501260228455,0.22302318329954166,0,0.17257215744767837,0,1283.2630769387285,62.993986870835,65.89637845886558,0,111.27783882824662
4,434.1,5947.951673277654,0.22293415295027189,0,0.13850275844745855,0,1283.2630769387285,62.97506835643527,65.87640951776568,0,111.20922681112386
4,434.20000000000005,5941.655111229047,0.2228452297453092,0,0.09815223673885719,0,1283.2630769387285,62.956172926397144,65.85646527786976,0,111.14072276911757
4,434.3,5935.360437572002,0.22275641345489203,0,0.05653981298949557,0,1283.2630769387285,62.93730053096837,65.836545684998,0,111.07232642671086
4,434.40000000000003,5929.067650005221,0.2226677038499779,0,0.11833041703524604,0,1283.2630769387285,62.918451120554224,65.81665068514418,0,111.00403750937993
4,434.5,5922.776746234857,0.2225791007022533,0,0.15929891186489054,0,1283.2630769387285,62.89962464571671,65.7967802244749,0,110.93585574357022
4,434.6,5916.48772396706,0.22249060378410598,0,0.20707945484377754,0,1283.2630769387285,62.88082105717415,65.77693424932903,0,110.86778085673087
4,434.70000000000005,5910.200580914505,0.22240221286864267,0,0.21056155639765564,0,1283.2630769387285,62.86204030579998,65.75711270621656,0,110.79981257727442
4,434.8,5903.915314798243,0.2223139277296923,0,0.16542618202671316,0,1283.2630769387285,62.84328234262209,65.73731554181785,0,110.7319506345628
4,434.90000000000003,5897.631923340261,0.22222574814177956,0,0.14260361935467775,0,1283.2630769387285,62.82454711882268,65.71754270298337,0,110.66419475894305
4,435,5891.350404271856,0.22213767388014877,0,0.09081248076163848,0,1283.2630769387285,62.805834585737045,65.69779413673253,0,110.59654468169781
4,435.1,5885.070755322464,0.2220497047207239,0,0.06411624703043622,0,1283.2630769387285,62.78714469485331,65.67806979025322,0,110.52900013509905
4,435.20000000000005,5878.792974233627,0.22196184044015202,0,0.12304775399828023,0,1283.2630769387285,62.76847739781119,65.65836961090073,0,110.46156085233056
4,435.3,5872.517058747821,0.22187408081576362,0,0.17620318334962146,0,1283.2630769387285,62.74983264640193,65.63869354619743,0,110.39422656754223
4,435.40000000000003,5866.243006611243,0.221786425625579,0,0.12837682524432822,0,1283.2630769387285,62.73121039256736,65.61904154383191,0,110.32699701583093
4,435.5,5859.970815578476,0.22169887464831958,0,0.09011936837999604,0,1283.2630769387285,62.712610588399,65.59941355165793,0,110.25987193321025
4,435.6,5853.700483405963,0.22161142766338524,0,0.07373663233521908,0,1283.2630769387285,62.69403318613782,65.57980951769419,0,110.19285105664194
4,435.70000000000005,5847.432007854804,0.22152408445085922,0,0.14768786858783012,0,1283.2630769387285,62.675478138173325,65.56022939012333,0,110.12593412401566
4,435.8,5841.1653866916895,0.22143684479150894,0,0.20041879539844984,0,1283.2630769387285,62.656945397042826,65.54067311729119,0,110.05912087413964
4,435.90000000000003,5834.900617691688,0.22134970846679236,0,0.2419687144317254,0,1283.2630769387285,62.638434915430885,65.52114064770618,0,109.99241104672254
4,436,5828.63769862894,0.22126267525882537,0,0.24792218424942344,0,1283.2630769387285,62.61994664616909,65.50163193003895,0,109.92580438241829
4,436.1,5822.3766272850335,0.2211757449504048,0,0.21056357794074385,0,1283.2630769387285,62.60148054223474,65.48214691312108,0,109.85930062277578
4,436.20000000000005,5816.117401447147,0.22108891732500108,0,0.18293990473413815,0,1283.2630769387285,62.58303655675062,65.4626855459448,0,109.7928995102465
4,436.3,5809.860018904321,0.22100219216674258,0,0.12358490617161734,0,1283.2630769387285,62.564614642984374,65.44324777766222,0,109.72660078819857
4,436.40000000000003,5803.604477451183,0.2209155692604247,0,0.10483712752024153,0,1283.2630769387285,62.54621475434753,65.42383355758449,0,109.6604042008924
4,436.5,5797.350774887949,0.22082904839150758,0,0.14262214427667785,0,1283.2630769387285,62.52783684439519,65.40444283518121,0,109.5943094934777
4,436.6,5791.098909015767,0.22074262934609767,0,0.17182588376168484,0,1283.2630769387285,62.509480866825236,65.38507556007976,0,109.5283164120119
4,436.70000000000005,5784.848877649754,0.22065631191098822,0,0.15797930476714175,0,1283.2630769387285,62.491146775477546,65.36573168206438,0,109.46242470338991
4,436.8,5778.60067859944,0.2205700958735932,0,0.14779390689843971,0,1283.2630769387285,62.47283452433422,65.34641115107631,0,109.39663411544177
4,436.90000000000003,5772.35430968646,0.2204839810220012,0,0.1339366885985377,0,1283.2630769387285,62.45454406751794,65.32711391721219,0,109.3309443968352
4,437,5766.10976873152,0.22039796714493154,0,0.1812804882340663,0,1283.2630769387285,62.436275359292225,65.30783993072414,0,109.2653552971406
4,437.1,5759.867053560913,0.22031205403175103,0,0.20028960374140437,0,1283.2630769387285,62.41802835406009,65.28858914201847,0,109.19986656679087
4,437.20000000000005,5753.626162010245,0.2202262414724852,0,0.21730844446966832,0,1283.2630769387285,62.399803006363705,65.2693615016553,0,109.13447795706051
4,437.3,5747.387091910467,0.2201405292577696,0,0.21940426996801066,0,1283.2630769387285,62.38159927088431,65.25015696034825,0,109.06918922013266
4,437.40000000000003,5741.149841109291,0.22005491717891634,0,0.2118891615123032,0,1283.2630769387285,62.36341710244054,65.23097546896295,0,109.00400010898433
4,437.5,5734.914407447912,0.2199694050278372,0,0.18212888173403793,0,1283.2630769387285,62.345256455989194,65.21181697851752,0,108.93891037750366
4,437.6,5728.680788775906,0.2198839925970877,0,0.16734443195838086,0,1283.2630769387285,62.3271172866235,65.19268144018093,0,108.87391978040719
4,437.70000000000005,5722.448982948437,0.21979867967985656,0,0.11997450666050158,0,1283.2630769387285,62.3089995495729,65.1735688052728,0,108.80902807325158
4,437.8,5716.218987825327,0.21971346606995976,0,0.06580028855111285,0,1283.2630769387285,62.290903200202706,65.15447902526269,0,108.74423501243436
4,437.90000000000003,5709.9908012691885,0.21962835156183255,0,0.07503395840208835,0,1283.2630769387285,62.27282819401339,65.13541205176969,0,108.6795403551999
4,438,5703.76442115102,0.21954333595054462,0,0.10688151946373736,0,1283.2630769387285,62.25477448663995,65.11636783656152,0,108.61494385960691
4,438.1,5697.539845342748,0.21945841903177424,0,0.04242656109036486,0,1283.2630769387285,62.23674203385168,65.09734633155433,0,108.55044528456328
4,438.20000000000005,5691.3170717172325,0.21937360060180428,0,0.05835138596794006,0,1283.2630769387285,62.218730791551266,65.07834748881169,0,108.48604438982014
4,438.3,5685.096098156646,0.21928888045754721,0,0.15021794285451495,0,1283.2630769387285,62.200740715773954,65.05937126054377,0,108.42174093592617
4,438.40000000000003,5678.876922547817,0.21920425839652818,0,0.13592647521461237,0,1283.2630769387285,62.18277176268743,65.04041759910707,0,108.3575346842479
4,438.5,5672.659542782232,0.21911973421688272,0,0.15181101121844315,0,1283.2630769387285,62.16482388859125,65.0214864570039,0,108.29342539696677
4,438.6,5666.443956750445,0.21903530771733604,0,0.15173738613745946,0,1283.2630769387285,62.14689704991639,65.00257778688184,0,108.22941283710304
4,438.70000000000005,5660.230162351392,0.21895097869722965,0,0.15880634937236215,0,1283.2630769387285,62.1289912032242,64.98369154153255,0,108.16549676846338
4,438.8,5654.018157490529,0.2188667469565141,0,0.1480519976874555,0,1283.2630769387285,62.111106305206135,64.96482767389159,0,108.1016769556484
4,438.90000000000003,5647.807940077968,0.21878261229574134,0,0.17090765895496682,0,1283.2630769387285,62.09324231268356,64.94598613703812,0,108.03795316405969
4,439,5641.599508019164,0.2186985745160311,0,0.10128051093744381,0,1283.2630769387285,62.0753991826072,64.92716688419422,0,107.97432515994117
4,439.1,5635.392859230749,0.21861463341911846,0,0.02302152869936824,0,1283.2630769387285,62.057576872055655,64.90836986872347,0,107.91079271029372
4,439.20000000000005,5629.187991635874,0.2185307888073383,0,0.06022142470253841,0,1283.2630769387285,62.039775338235714,64.88959504413111,0,107.84735558289847
4,439.3,5622.98490315862,0.21844704048360514,0,0.1344943221335754,0,1283.2630769387285,62.021994538481934,64.8708423640636,0,107.78401354634084
4,439.40000000000003,5616.783591726795,0.2183633882514186,0,0.08622833263500815,0,1283.2630769387285,62.004234430255735,64.85211178230776,0,107.72076636999196
4,439.5,5610.584055271,0.21827983191485853,0,0.08793017334285293,0,1283.2630769387285,61.98649497114498,64.83340325279009,0,107.65761382400927
4,439.6,5604.386291731149,0.2181963712786031,0,0.18819604138437251,0,1283.2630769387285,61.968776118863175,64.81471672957613,0,107.59455567930085
4,439.70000000000005,5598.1902990508825,0.21811300614791038,0,0.1575158785011405,0,1283.2630769387285,61.95107783124957,64.79605216687035,0,107.53159170755141
4,439.8,5591.996075171977,0.2180297363285965,0,0.14235463544344926,0,1283.2630769387285,61.93340006626851,64.7774095190155,0,107.46872168124541
4,439.90000000000003,5585.803618046455,0.21794656162707243,0,0.15173579672457718,0,1283.2630769387285,61.91574278200836,64.75878874049155,0,107.40594537360244
4,440,5579.612925625406,0.21786348185030613,0,0.15327139200485687,0,1283.2630769387285,61.898105936681624,64.74018978591566,0,107.34326255863051
4,440.1,5573.423995871097,0.2177804968058589,0,0.17656925083349617,0,1283.2630769387285,61.88048948862393,64.72161261004115,0,107.28067301106191
4,440.20000000000005,5567.236826741137,0.21769760630183274,0,0.20770714269384488,0,1283.2630769387285,61.86289339629413,64.70305716775755,0,107.21817650642885
4,440.3,5561.051416205242,0.2176148101469214,0,0.11293834696572619,0,1283.2630769387285,61.845317618273135,64.68452341408937,0,107.15577282097625
4,440.40000000000003,5554.867762234062,0.2175321081503731,0,0.07879263417627487,0,1283.2630769387285,61.82776211326397,64.66601130419615,0,107.09346173171491
4,440.5,5548.685862801038,0.21744950012199366,0,0.06667524148082765,0,1283.2630769387285,61.81022684009116,64.64752079337167,0,107.03124301640818
4,440.6,5542.505715887994,0.2173669858721626,0,0.11732856825871628,0,1283.2630769387285,61.792711757699976,64.62905183704335,0,106.96911645354129
4,440.70000000000005,5536.327319477685,0.2172845652118074,0,0.05689208535105344,0,1283.2630769387285,61.77521682515646,64.610604390772,0,106.90708182235538
4,440.8,5530.150671551935,0.21720223795239427,0,0.11241911433031787,0,1283.2630769387285,61.757742001646584,64.59217841025102,0,106.84513890285166
4,440.90000000000003,5523.975770105608,0.21712000390597078,0,0.1938502060001209,0,1283.2630769387285,61.74028724647532,64.57377385130553,0,106.78328747571962
4,441,5517.802613134496,0.21703786288512622,0,0.16885449084453352,0,1283.2630769387285,61.722852519066976,64.55539066989249,0,106.72152732239503
4,441.1,5511.63119863905,0.21695581470300088,0,0.17632348302456968,0,1283.2630769387285,61.70543777896446,64.53702882209993,0,106.65985822503765
4,441.20000000000005,5505.461524617858,0.21687385917326268,0,0.17936208639138673,0,1283.2630769387285,61.688042985828865,64.51868826414658,0,106.59827996655976
4,441.3,5499.293589078821,0.21679199611014044,0,0.18733853669667744,0,1283.2630769387285,61.67066809943844,64.50036895238077,0,106.5367923305668
4,441.40000000000003,5493.127390034497,0.21671022532840745,0,0.197574841292039,0,1283.2630769387285,61.6533130796887,64.48207084328034,0,106.47539510137865
4,441.5,5486.962925500236,0.2166285466433738,0,0.22356882063597983,0,1283.2630769387285,61.63597788659184,64.46379389345228,0,106.41408806403598
4,441.6,5480.80019349698,0.2165469598708928,0,0.13753757927837718,0,1283.2630769387285,61.61866248027625,64.4455380596319,0,106.35287100428242
4,441.70000000000005,5474.63919204846,0.21646546482735074,0,0.09123387594667837,0,1283.2630769387285,61.60136682098631,64.42730329868274,0,106.29174370857662
4,441.8,5468.479919180274,0.21638406132966093,0,0.04923076149283428,0,1283.2630769387285,61.58409086908162,64.40908956759576,0,106.23070596409195
4,441.90000000000003,5462.3223729217425,0.21630274919526757,0,0.0718704417573637,0,1283.2630769387285,61.56683458503662,64.39089682348876,0,106.16975755870445
4,442,5456.166551312432,0.21622152824216465,0,0.14923093712412874,0,1283.2630769387285,61.54959792943982,64.3727250236058,0,106.10889828095837
4,442.1,5450.012452388182,0.2161403982888502,0,0.11759733473906354,0,1283.2630769387285,61.53238086299411,64.35457412531724,0,106.04812792013195
4,442.20000000000005,5443.860074194148,0.21605935915436467,0,0.16649976947072923,0,1283.2630769387285,61.51518334651559,64.33644408611863,0,105.98744626616943
4,442.3,5437.709414776415,0.21597841065826315,0,0.1106222877472681,0,1283.2630769387285,61.4980053409336,64.31833486363065,0,105.92685310972017
4,442.40000000000003,5431.560472183861,0.21589755262061866,0,0.08914925655236466,0,1283.2630769387285,61.48084680729007,64.30024641559842,0,105.86634824212558
4,442.5,5425.413244474679,0.21581678486204076,0,0.10021709601916286,0,1283.2630769387285,61.46370770673877,64.28217869989075,0,105.80593145538421
4,442.6,5419.2677297052,0.21573610720363925,0,0.10824616337746931,0,1283.2630769387285,61.446588000545674,64.26413167450036,0,105.74560254220489
4,442.70000000000005,5413.123925938271,0.21565551946704736,0,0.14390487412237593,0,1283.2630769387285,61.42948765008775,64.2461052975427,0,105.68536129596083
4,442.8,5406.981831240468,0.21557502147441188,0,0.17262012529945506,0,1283.2630769387285,61.412406616852905,64.22809952725582,0,105.62520751070163
4,442.90000000000003,5400.8414436792955,0.21549461304838166,0,0.12196015458654132,0,1283.2630769387285,61.395344862439494,64.21011432199978,0,105.56514098116287
4,443,5394.702761334367,0.2154142940121418,0,0.03825709968852387,0,1283.2630769387285,61.37830234855567,64.19214964025609,0,105.50516150271037
4,443.1,5388.565782280639,0.21533406418935894,0,0.06268289730950305,0,1283.2630769387285,61.36127903701966,64.17420544062774,0,105.44526887141843
4,443.20000000000005,5382.430504601449,0.2152539234042198,0,0.15079440422083742,0,1283.2630769387285,61.3442748897586,64.15628168183818,0,105.38546288400308
4,443.3,5376.296926381066,0.21517387148140596,0,0.1983914216574711,0,1283.2630769387285,61.327289868808506,64.13837832273109,0,105.32574333785524
4,443.40000000000003,5370.165045706555,0.2150939082460975,0,0.1558707932939449,0,1283.2630769387285,61.31032393631364,64.12049532226976,0,105.26611003102848
4,443.5,5364.034860671498,0.21501403352398268,0,0.14702324246439377,0,1283.2630769387285,61.29337705452592,64.10263263953652,0,105.20656276221807
4,443.6,5357.906369375996,0.21493424714125747,0,0.07337173933959372,0,1283.2630769387285,61.276449185804914,64.0847902337326,0,105.14710133076021
4,443.70000000000005,5351.7795699173585,0.21485454892459324,0,0.07518590254808692,0,1283.2630769387285,61.25954029261751,64.0669680641777,0,105.08772553667228
4,443.8,5345.654460402206,0.21477493870117315,0,0.06728880793092921,0,1283.2630769387285,61.24265033753692,64.04916609030914,0,105.02843518059207
4,443.90000000000003,5339.53103893809,0.21469541629866432,0,0.08277807974206734,0,1283.2630769387285,61.22577928324293,64.03138427168184,0,104.96923006381596
4,444,5333.40930363629,0.21461598154522446,0,0.1324981032872664,0,1283.2630769387285,61.208927092521144,64.01362256796766,0,104.91010998828213
4,444.1,5327.2892526090145,0.2145366342694908,0,0.15058576954698147,0,1283.2630769387285,61.192093728262535,63.99588093895487,0,104.85107475658054
4,444.20000000000005,5321.170883979648,0.21445737430061068,0,0.11202850391814896,0,1283.2630769387285,61.175279153462846,63.978159344547485,0,104.7921241719016
4,444.3,5315.054195872508,0.2143782014682089,0,0.033684049874192615,0,1283.2630769387285,61.15848333122291,63.96045774476556,0,104.7332580380846
4,444.40000000000003,5308.939186412841,0.21429911560238504,0,0.06699760343424686,0,1283.2630769387285,61.14170622474792,63.94277609974441,0,104.67447615961312
4,444.5,5302.825853726827,0.21422011653371054,0,0.1439953002275123,0,1283.2630769387285,61.12494779734681,63.9251143697339,0,104.6157783416112
4,444.6,5296.714195952751,0.2141412040932628,0,0.1845797018339651,0,1283.2630769387285,61.10820801243163,63.907472515097844,0,104.5571643897883
4,444.70000000000005,5290.604211224243,0.2140623781125714,0,0.1239028104476713,0,1283.2630769387285,61.09148683351796,63.88985049631433,0,104.49863411051749
4,444.8,5284.495897686109,0.21398363842366513,0,0.11307347262563722,0,1283.2630769387285,61.07478422422365,63.87224827397449,0,104.4401873107564
4,444.90000000000003,5278.389253483154,0.2139049848590362,0,0.0549188729665671,0,1283.2630769387285,61.05810014826924,63.85466580878273,0,104.38182379809878
4,445,5272.284276762046,0.2138264172516435,0,0.06487226908555538,0,1283.2630769387285,61.04143456947718,63.837103061555986,0,104.32354338076213
4,445.1,5266.180965675041,0.21374793543492268,0,0.09672752621876778,0,1283.2630769387285,61.02478745177132,63.819559993223216,0,104.26534586756738
4,445.20000000000005,5260.079318380915,0.21366953924278756,0,0.10666550561417809,0,1283.2630769387285,61.00815875917669,63.80203656482506,0,104.20723106793267
4,445.3,5253.979333036579,0.21359122850960235,0,0.11594909039948956,0,1283.2630769387285,60.99154845581934,63.784532737513665,0,104.14919879191017
4,445.40000000000003,5247.881007804535,0.21351300307020243,0,0.1304444506670187,0,1283.2630769387285,60.974956505925554,63.76704847255184,0,104.09124885014741
4,445.5,5241.784340851009,0.21343486275988738,0,0.08119975153924912,0,1283.2630769387285,60.95838287382164,63.74958373131283,0,104.03338105389435
4,445.6,5235.689330346882,0.213356807414422,0,0.06156849150716643,0,1283.2630769387285,60.94182752393351,63.73213847527983,0,103.97559521499609
4,445.70000000000005,5229.595974466763,0.21327883687003227,0,0.07559265678545248,0,1283.2630769387285,60.92529042078647,63.71471266604574,0,103.91789114589557
4,445.8,5223.504271384329,0.21320095096338834,0,0.09546806608354233,0,1283.2630769387285,60.90877152900483,63.697306265312704,0,103.86026865965177
4,445.90000000000003,5217.414219281636,0.2131231495316321,0,0.142114995735382,0,1283.2630769387285,60.892270813311185,63.6799192348914,0,103.80272756989375
4,446,5211.3258163435385,0.21304543241235818,0,0.05098157885398132,0,1283.2630769387285,60.87578823852637,63.6625515367009,0,103.7452676908447
4,446.1,5205.239060755819,0.21296779944360686,0,0.10020506836628161,0,1283.2630769387285,60.8593237695692,63.6452031327684,0,103.68788883732844
4,446.20000000000005,5199.153950713575,0.21289025046388807,0,0.08551784477131537,0,1283.2630769387285,60.842877371455714,63.627873985228405,0,103.63059082472743
4,446.3,5193.070484407246,0.212812785312137,0,0.14392058712695607,0,1283.2630769387285,60.826449009299466,63.61056405632298,0,103.57337346904623
4,446.40000000000003,5186.988660041243,0.21273540382776926,0,0.15301335503419786,0,1283.2630769387285,60.810038648310325,63.59327330840048,0,103.51623658682112
4,446.5,5180.908475810662,0.2126581058506083,0,0.16544920853722037,0,1283.2630769387285,60.793646253795174,63.57600170391623,0,103.45917999522759
4,446.6,5174.82992992457,0.21258089122095436,0,0.18193824629536795,0,1283.2630769387285,60.77727179115624,63.5587492054309,0,103.4022035119672
4,446.70000000000005,5168.753020587377,0.2125037597795262,0,0.1695344991634814,0,1283.2630769387285,60.760915225891885,63.54151577561105,0,103.34530695535378
4,446.8,5162.6777460174635,0.21242671136751715,0,0.15035829165591857,0,1283.2630769387285,60.74457652359541,63.52430137722811,0,103.28849014422407
4,446.90000000000003,5156.6041044238955,0.21234974582652144,0,0.12517866691718213,0,1283.2630769387285,60.72825564995565,63.50710597315875,0,103.23175289804357
4,447,5150.532094027847,0.2122728629985979,0,0.11698586131308487,0,1283.2630769387285,60.71195257075546,63.48992952638348,0,103.1750950368033
4,447.1,5144.461713051423,0.21219606272623517,0,0.10552955024449272,0,1283.2630769387285,60.69566725187227,63.472771999987046,0,103.11851638107142
4,447.20000000000005,5138.392959721386,0.21211934485236109,0,0.10369099083559176,0,1283.2630769387285,60.67939965927738,63.45563335715774,0,103.06201675197255
4,447.3,5132.325832264498,0.21204270922032667,0,0.14451745239308567,0,1283.2630769387285,60.66314975903581,63.438513561187186,0,103.00559597120724
4,447.40000000000003,5126.260328917764,0.2119661556739366,0,0.09729639945320898,0,1283.2630769387285,60.64691751730562,63.42141257546969,0,102.94925386100257
4,447.5,5120.196447913535,0.21188968405740136,0,0.04061393909586992,0,1283.2630769387285,60.6307029003382,63.40433036350231,0,102.8929902441786
4,447.6,5114.134187490679,0.21181329421536976,0,0.09968015178696568,0,1283.2630769387285,60.61450587447718,63.38726688888395,0,102.83680494409352
4,447.70000000000005,5108.073545892723,0.21173698599292232,0,0.10960341501605528,0,1283.2630769387285,60.598326406158485,63.37022211531521,0,102.7806977846509
4,447.8,5102.014521365054,0.21166075923556055,0,0.11811099314309903,0,1283.2630769387285,60.5821644619099,63.35319600659801,0,102.72466859030992
4,447.90000000000003,5095.957112154923,0.21158461378920568,0,0.11890459392754084,0,1283.2630769387285,60.56602000835084,63.33618852663523,0,102.668717186083
4,448,5089.901316522621,0.21150854950023215,0,0.10046976001303408,0,1283.2630769387285,60.54989301219174,63.319199639430195,0,102.6128433974836
4,448.1,5083.847132716328,0.21143256621538858,0,0.10223909631527982,0,1283.2630769387285,60.533783440234664,63.30222930908702,0,102.55704705063857
4,448.20000000000005,5077.794558995403,0.2113566637818662,0,0.13171113669637652,0,1283.2630769387285,60.517691259371546,63.285277499809034,0,102.50132797217705
4,448.3,5071.743593624793,0.21128084204728179,0,0.1518990418536142,0,1283.2630769387285,60.501616436584605,63.26834417589909,0,102.44568598925643
4,448.40000000000003,5065.694234870374,0.21120510085966201,0,0.14283411628008955,0,1283.2630769387285,60.48555893894617,63.2514293017593,0,102.39012092958117
4,448.5,5059.646481005475,0.21112944006746198,0,0.16916477968568877,0,1283.2630769387285,60.46951873361825,63.23453284189058,0,102.33463262137134
4,448.6,5053.600330295041,0.21105385951951436,0,0.19646575739856761,0,1283.2630769387285,60.45349578785241,63.21765476089249,0,102.27922089343123
4,448.70000000000005,5047.555781017058,0.21097835906509335,0,0.09304965636457654,0,1283.2630769387285,60.43749006898862,63.20079502346213,0,102.22388557504911
4,448.8,5041.512831453234,0.21090293855388573,0,0.07679524981896185,0,1283.2630769387285,60.42150154445565,63.18395359439431,0,102.16862649603905
4,448.90000000000003,5035.471479881555,0.21082759783596627,0,0.10278147495569012,0,1283.2630769387285,60.40553018177086,63.167130438581516,0,102.11344348677248
4,449,5029.431724590249,0.2107523367618386,0,0.15137041569122953,0,1283.2630769387285,60.38957594853923,63.150325521012796,0,102.05833637811153
4,449.1,5023.393563869409,0.21067715518240887,0,0.1592958182079848,0,1283.2630769387285,60.37363881245373,63.133538806773984,0,102.00330500144638
4,449.20000000000005,5017.356996006332,0.21060205294896953,0,0.12282242903458487,0,1283.2630769387285,60.357718741294775,63.11677026104735,0,101.94834918871331
4,449.3,5011.322019299492,0.21052702991324035,0,0.12427038860572866,0,1283.2630769387285,60.3418157029295,63.10001984911067,0,101.89346877232894
4,449.40000000000003,5005.288632048294,0.21045208592733666,0,0.13668330469055154,0,1283.2630769387285,60.32592966531206,63.08328753633752,0,101.83866358523593
4,449.5,4999.25683255028,0.21037738732201322,0,0.15254507345811347,0,1283.2630769387285,60.31006059648319,63.06657328819682,0,101.78574874975386
4,449.6,4993.2266208883375,0.2103038376269402,0,0.16877031684287286,0,1283.2630769387285,60.294172925579915,63.049843029531395,0,101.7456397555203
4,449.70000000000005,4987.198011506349,0.21022944766575988,0,0.17211795560527243,0,1283.2630769387285,60.27801503787394,63.03285570222557,0,101.70423706767902
4,449.8,4981.171030973084,0.2101542453810276,0,0.17123023357923123,0,1283.2630769387285,60.26159599328441,63.01561959932286,0,101.66158129728927
4,449.90000000000003,4975.145704957657,0.21007825797283236,0,0.18534489557651898,0,1283.2630769387285,60.244924604772926,62.99814279490114,0,101.61771201228154
4,450,4969.122058272362,0.21000151191689687,0,0.08180051371138436,0,1283.2630769387285,60.22800944448492,62.98043314936675,0,101.57266776028939
4,450.1,4963.1001148708165,0.20992403298216972,0,0.09271858295443151,0,1283.2630769387285,60.21085884975774,62.96249831463881,0,101.5264860914503
4,450.20000000000005,4957.079897899181,0.20984584624818564,0,0.14013725017284914,0,1283.2630769387285,60.19348092899148,62.94434573921958,0,101.47920358048363
4,450.3,4951.061429692432,0.20976697612190492,0,0.18175070888532177,0,1283.2630769387285,60.175883567392624,62.92598267315981,0,101.43085584880562
4,450.40000000000003,4945.044731806964,0.2096874463542809,0,0.19325039199622626,0,1283.2630769387285,60.15807443258483,62.907416172913116,0,101.3814775860268
4,450.5,4939.029825052246,0.20960728005647075,0,0.16577322062292707,0,1283.2630769387285,60.14006098009483,62.888653106086544,0,101.33110257110734
4,450.6,4933.016729494557,0.20952649971561305,0,0.15885663659435434,0,1283.2630769387285,60.12185045871495,62.86970015608843,0,101.27976369334706
4,450.70000000000005,4927.005464491434,0.20944512721033984,0,0.14435106529324562,0,1283.2630769387285,60.1034499157414,62.85056382667183,0,101.22749297279883
4,450.8,4920.996048699133,0.20936318382587374,0,0.09810290704167864,0,1283.2630769387285,60.08486620209458,62.83125044637967,0,101.17432158051298
4,450.90000000000003,4914.988500108011,0.20928069026886362,0,0.08296116731733076,0,1283.2630769387285,60.0661059773199,62.811766172889094,0,101.12027985822537
4,451,4908.9828360388055,0.20919766668178283,0,0.0536790857360526,0,1283.2630769387285,60.04717571447559,62.79211699726125,0,101.06539733795897
4,451.1,4902.979073184542,0.20911413265712564,0,0.07920877046163102,0,1283.2630769387285,60.02808170490409,62.772308748092655,0,101.00970276094729
4,451.20000000000005,4896.977227614261,0.20903010725118315,0,0.12543278814155975,0,1283.2630769387285,60.00883006289565,62.75234709557601,0,100.95322409647022
4,451.3,4890.977314791642,0.20894560899754339,0,0.08442733677110971,0,1283.2630769387285,59.989426730241085,62.73223755546721,0,100.89598856022573
4,451.40000000000003,4884.97934959922,0.20886065592030018,0,0.07093943722005816,0,1283.2630769387285,59.969877480678115,62.711985492962235,0,100.83802263231158
4,451.5,4878.983346343972,0.20877526554690978,0,0.11173349035133996,0,1283.2630769387285,59.95018792423393,62.69159612648655,0,100.77935207498439
4,451.6,4872.989318789914,0.20868945492082447,0,0.15768606049847575,0,1283.2630769387285,59.9303635114638,62.67107453139585,0,100.72000194988267
4,451.70000000000005,4866.997280150652,0.20860324061372632,0,0.17836901869232946,0,1283.2630769387285,59.91040953759149,62.65042564359389,0,100.65999663518024
4,451.8,4861.007243131287,0.20851663873761062,0,0.19757632885070006,0,1283.2630769387285,59.89033114654823,62.629654263063635,0,100.59935984205565
4,451.90000000000003,4855.0192199237645,0.20842966495646462,0,0.19519295420867808,0,1283.2630769387285,59.87013333491866,62.608765057319715,0,100.53811463114569
4,452,4849.033222228289,0.20834233449774078,0,0.21808974651108032,0,1283.2630769387285,59.84982095579002,62.587762564778025,0,100.47628342847858
4,452.1,4843.049261260778,0.208254662163524,0,0.1853345270550557,0,1283.2630769387285,59.829398722509715,62.56665119804736,0,100.41388804117067
4,452.20000000000005,4837.067347780801,0.20816666234149203,0,0.13519412573015643,0,1283.2630769387285,59.80887121235138,62.54543524714283,0,100.3509496726554
4,452.3,4831.087492093444,0.2080783490155491,0,0.10475443092788522,0,1283.2630769387285,59.78824287009455,62.52411888262556,0,100.28748893776815
4,452.40000000000003,4825.109704062343,0.20798973577623467,0,0.04893799653681324,0,1283.2630769387285,59.76751801151596,62.502706158666655,0,100.22352587742924
4,452.5,4819.133993135765,0.20790083583092206,0,0.09015347754502881,0,1283.2630769387285,59.74670082679575,62.48120101603834,0,100.15907997292472
4,452.6,4813.160368341021,0.20781166201368984,0,0.1846414888035283,0,1283.2630769387285,59.72579538384288,62.459607285035915,0,100.094170160091
4,452.70000000000005,4807.188838303089,0.20772222679501837,0,0.08380987352023408,0,1283.2630769387285,59.70480563153659,62.43792868832758,0,100.02881484302188
4,452.8,4801.219411265105,0.2076325422912623,0,0.03302446030970299,0,1283.2630769387285,59.68373540288937,62.41616884373679,0,99.96303190746359
4,452.90000000000003,4795.252095089294,0.20754262027384357,0,0.0911128838417515,0,1283.2630769387285,59.66258841813342,62.39433126695919,0,99.89683873404536
4,453,4789.286897268146,0.20745247217824675,0,0.10656088532763416,0,1283.2630769387285,59.641368287729634,62.37241937421254,0,99.83025221114038
4,453.1,4783.323824942112,0.2073621091128164,0,0.14336094799614726,0,1283.2630769387285,59.62007851530231,62.35043648482288,0,99.76328874739676
4,453.20000000000005,4777.362884907052,0.20727154186731453,0,0.15598381470464043,0,1283.2630769387285,59.598722500502035,62.328385823748825,0,99.69596428405288
4,453.3,4771.404083620757,0.20718078092126607,0,0.20525370578129276,0,1283.2630769387285,59.577303541797136,62.30627052404436,0,99.6282943069776
4,453.40000000000003,4765.447427216917,0.20708983645212056,0,0.15944547210525514,0,1283.2630769387285,59.555824839195125,62.28409362926099,0,99.56029385838306
4,453.5,4759.492921516299,0.2069987183432086,0,0.10492370577180332,0,1283.2630769387285,59.534289496896776,62.261858095792036,0,99.49197754828879
4,453.6,4753.540572029538,0.2069074361914796,0,0.07848863743000178,0,1283.2630769387285,59.512700525884114,62.239566795159696,0,99.4233595657736
4,453.70000000000005,4747.590383974835,0.20681599931508957,0,0.08040891665839138,0,1283.2630769387285,59.49106084644246,62.217222516245016,0,99.3544536898659
4,453.8,4741.642362284474,0.20672441676077424,0,0.1410153612501563,0,1283.2630769387285,59.46937329062042,62.19482796746446,0,99.2852733002558
4,453.90000000000003,4735.6965116057545,0.20663269731102246,0,0.2235941274711025,0,1283.2630769387285,59.44764060462752,62.17238577889226,0,99.215831387788
4,454,4729.752836317755,0.20654084949111465,0,0.131997673454143,0,1283.2630769387285,59.42586545117026,62.14989850432949,0,99.14614056460205
4,454.1,4723.811340539716,0.20644888157596655,0,0.07191983914685217,0,1283.2630769387285,59.40405041173018,62.12736862332301,0,99.0762130740888
4,454.20000000000005,4717.872028133832,0.206356801596787,0,0.054568017339714045,0,1283.2630769387285,59.38219798878433,62.104798543134336,0,99.00606080064485
4,454.3,4711.934902719222,0.20626461734759943,0,0.09061056461038351,0,1283.2630769387285,59.36031060796843,62.08219060065885,0,98.93569527911848
4,454.40000000000003,4705.999967671931,0.20617233639156396,0,0.12115926745825667,0,1283.2630769387285,59.338390620185876,62.05954706429806,0,98.86512770412055
4,454.5,4700.06722614076,0.206079966067183,0,0.16794587081516887,0,1283.2630769387285,59.31644030366198,62.03687013578415,0,98.79436893900537
4,454.6,4694.136681047268,0.20598751349430994,0,0.2216536261390702,0,1283.2630769387285,59.29446186594659,62.01416195195987,0,98.72342952473744
4,454.70000000000005,4688.208335097879,0.20589498558003877,0,0.1545698577612847,0,1283.2630769387285,59.272457445864816,61.991424586513105,0,98.6523196884627
4,454.8,4682.282190782018,0.2058023890244078,0,0.12280777473607513,0,1283.2630769387285,59.250429115417994,61.968660051668316,0,98.58104935195925
4,454.90000000000003,4676.358250398189,0.20570973032603557,0,0.0852123757013608,0,1283.2630769387285,59.22837888163484,61.945870299834475,0,98.50962813970109
4,455,4670.4365160362795,0.2056170157874981,0,0.08350376407858673,0,1283.2630769387285,59.206308688377305,61.92305722521382,0,98.438065387007
4,455.1,4664.516989598051,0.20552425152066897,0,0.12751652159390026,0,1283.2630769387285,59.18422041809671,61.90022266536701,0,98.36637014773643
4,455.20000000000005,4658.599672796205,0.20543144345186815,0,0.2215697767728374,0,1283.2630769387285,59.162115893546314,61.87736840274038,0,98.29455120193501
4,455.3,4652.684567173012,0.20533859732693432,0,0.10670309058724371,0,1283.2630769387285,59.13999687944854,61.854496166153744,0,98.2226170631642
4,455.40000000000003,4646.771674090065,0.2052457187160904,0,0.047801970638875584,0,1283.2630769387285,59.11786508412051,61.83160763225184,0,98.15057598583354
4,455.5,4640.860994744115,0.2051528130187526,0,0.09186570614926302,0,1283.2630769387285,59.09572216105522,61.80870442691687,0,98.07843597217838
4,455.6,4634.952530165203,0.2050598854681715,0,0.11392520891897967,0,1283.2630769387285,59.0735697104629,61.785788126646494,0,98.00620477917802
4,455.70000000000005,4629.046281229705,0.20496694113599248,0,0.15027329022668456,0,1283.2630769387285,59.05140928077105,61.762860259895476,0,97.93388992520158
4,455.8,4623.14224866312,0.20487398493667516,0,0.1812914540678195,0,1283.2630769387285,59.02924237008625,61.73992230838424,0,97.8614986965544
4,455.90000000000003,4617.240433038212,0.20478102163178394,0,0.2303046621512393,0,1283.2630769387285,59.00707042761746,61.71697570837337,0,97.78903815388453
4,456,4611.340834788978,0.20468805583421068,0,0.17438872433626254,0,1283.2630769387285,58.984894855060745,61.69402185190472,0,97.71651513832533
4,456.1,4605.443454209715,0.2045950920122507,0,0.14308370200115608,0,1283.2630769387285,58.96271700794917,61.67106208801169,0,97.64393627757764
4,456.20000000000005,4599.548291464336,0.2045021344936002,0,0.1049827985834727,0,1283.2630769387285,58.94053819696604,61.648097723897706,0,97.57130799177033
4,456.3,4593.655346584506,0.20440918746922035,0,0.07934138432957163,0,1283.2630769387285,58.91835968922415,61.62513002608479,0,97.49863649924097
4,456.40000000000003,4587.764619479887,0.2043162549971339,0,0.0969044386130263,0,1283.2630769387285,58.89618270951049,61.60216022153179,0,97.42592782209051
4,456.5,4581.876109939069,0.20422334100609837,0,0.17979922597374326,0,1283.2630769387285,58.87400844149855,61.57918949872429,0,97.35318779165421
4,456.6,4575.9898176305,0.20413044929918422,0,0.08141342177010961,0,1283.2630769387285,58.85183802892819,61.55621900873606,0,97.28042205383007
4,456.70000000000005,4570.105742114596,0.20403758355728857,0,0.07901926881472106,0,1283.2630769387285,58.8296725767536,61.533249866262416,0,97.2076360741984
4,456.8,4564.223882844672,0.20394474734253054,0,0.12566092972787316,0,1283.2630769387285,58.80751315226175,61.51028315062776,0,97.13483514308032
4,456.90000000000003,4558.344239162281,0.20385194410154087,0,0.16568702867031856,0,1283.2630769387285,58.785360786160616,61.48731990676657,0,97.06202438049793
4,457,4552.466810314916,0.20375917716872466,0,0.19464279457184108,0,1283.2630769387285,58.76321647363728,61.46436114617781,0,96.98920874086373
4,457.1,4546.591595448554,0.20366644976937448,0,0.23442962874984247,0,1283.2630769387285,58.7410811753894,61.441407847856034,0,96.91639301770738
4,457.20000000000005,4540.718593611382,0.20357376502272878,0,0.2619997883512022,0,1283.2630769387285,58.71895581862776,61.41846095919701,0,96.8435818482055
4,457.3,4534.8478037705645,0.20348112594498602,0,0.23806335822084818,0,1283.2630769387285,58.6968412980516,61.395521396879346,0,96.77077971751201
4,457.40000000000003,4528.979224795476,0.2033885354521524,0,0.18968459266998072,0,1283.2630769387285,58.67473847679981,61.372590047724934,0,96.69799096318549
4,457.5,4523.112855477259,0.2032959963629076,0,0.1567793630247841,0,1283.2630769387285,58.652648187373636,61.34966776953427,0,96.62521977926933
4,457.6,4517.248694524169,0.20320351140133358,0,0.15355016146059502,0,1283.2630769387285,58.63057123253654,61.32675539190167,0,96.55247022041775
4,457.70000000000005,4511.386740556918,0.20311108319956897,0,0.11114014587049424,0,1283.2630769387285,58.608508386188966,61.30385371700828,0,96.47974620590932
4,457.8,4505.52699213475,0.20301871430047602,0,0.16120059170415518,0,1283.2630769387285,58.586460394218214,61.280963520393165,0,96.40705152336481
4,457.90000000000003,4499.669447730295,0.20292640716010285,0,0.10856489714275847,0,1283.2630769387285,58.56442797532821,61.25808555170671,0,96.33438983268432
4,458,4493.814105757512,0.20283416415021804,0,0.024664297268084556,0,1283.2630769387285,58.54241182184321,61.235220535441,0,96.26176466954854
4,458.1,4487.960964549333,0.20274198756064732,0,0.08141321843040492,0,1283.2630769387285,58.52041260049284,61.21236917164358,0,96.1891794491385
4,458.20000000000005,4482.110022388399,0.20264987960168643,0,0.0935784043561479,0,1283.2630769387285,58.49843095317236,61.18953213660951,0,96.1166374694271
4,458.3,4476.261277481914,0.20255784240630548,0,0.1239061866075257,0,1283.2630769387285,58.476467497685974,61.166710083558314,0,96.04414191472878
4,458.40000000000003,4470.41472797934,0.20246587803240243,0,0.17718344054588303,0,1283.2630769387285,58.45452282846612,61.14390364328969,0,95.97169585888562
4,458.5,4464.570371976122,0.2023739884649636,0,0.19978125630715643,0,1283.2630769387285,58.43259751727481,61.121113424823335,0,95.89930226845684
4,458.6,4458.728207508102,0.2022821756181422,0,0.18482550864724553,0,1283.2630769387285,58.4106921138863,61.09834001602229,0,95.8269640058799
4,458.70000000000005,4452.888232559897,0.20219044133731567,0,0.13457445902209228,0,1283.2630769387285,58.388807146749535,61.07558398419833,0,95.75468383245799
4,458.8,4447.050445061177,0.20209878740105752,0,0.1073332598695403,0,1283.2630769387285,58.36694312363342,61.05284587670211,0,95.68246441134197
4,458.90000000000003,4441.214842895046,0.20200721552308684,0,0.11431051267940995,0,1283.2630769387285,58.34510053225324,61.03012622149661,0,95.61030831035634
4,459,4435.381423893385,0.20191572735413263,0,0.06821239080851843,0,1283.2630769387285,58.323279840880815,61.007425527716194,0,95.53821800482899
4,459.1,4429.550185840577,0.20182432448376772,0,0.13325807206825654,0,1283.2630769387285,58.3014814989367,60.98474428620966,0,95.46619588029085
4,459.20000000000005,4423.721126482822,0.20173300844221007,0,0.12667489431425283,0,1283.2630769387285,58.279705937566305,60.96208297006897,0,95.39424423506954
4,459.3,4417.8942435262725,0.20164178070204727,0,0.06149004570259987,0,1283.2630769387285,58.25795357020072,60.93944203514459,0,95.32236528288162
4,459.40000000000003,4412.0695346212015,0.2015506426798745,0,0.07023733693561118,0,1283.2630769387285,58.23622479310172,60.91682192054658,0,95.25056115543453
4,459.5,4406.246997398324,0.20145959573802455,0,0.09532853505129371,0,1283.2630769387285,58.21451998588906,60.894223049129906,0,95.17883390464175
4,459.6,4400.426629438996,0.20136864118608364,0,0.11269739024823072,0,1283.2630769387285,58.192839512057596,60.87164582797089,0,95.1071855051819
4,459.70000000000005,4394.608428291045,0.2012777802824777,0,0.13745368904718988,0,1283.2630769387285,58.1711837194758,60.84909064882689,0,95.03561785670486
4,459.8,4388.792391473427,0.2011870142359919,0,0.16095701532066006,0,1283.2630769387285,58.14955294087219,60.82655788858529,0,94.96413278604923
4,459.90000000000003,4382.978516468778,0.20109634420721584,0,0.14689251283265964,0,1283.2630769387285,58.12794749430835,60.80404790970059,0,94.89273204947048
4,460,4377.166800725274,0.20100577130997183,0,0.1297722042111721,0,1283.2630769387285,58.10636768363754,60.78156106061863,0,94.8214173347492
4,460.1,4371.3572416659445,0.2009152966127244,0,0.11193199550759482,0,1283.2630769387285,58.08481379895053,60.75909767618918,0,94.75019026319764
4,460.20000000000005,4365.549836683087,0.20082492113991385,0,0.07652638314034475,0,1283.2630769387285,58.063286117009596,60.73665807806834,0,94.67905239170042
4,460.3,4359.744583147578,0.20073464587329165,0,0.023337704414076066,0,1283.2630769387285,58.04178490166947,60.71424257510899,0,94.60800521460915
4,460.40000000000003,4353.9414783986285,0.2006444717531683,0,0.07399334018927742,0,1283.2630769387285,58.02031040428739,60.691851463741635,0,94.5370501657011
4,460.5,4348.1405197503045,0.20055439967966832,0,0.13653833117114436,0,1283.2630769387285,57.99886286411994,60.6694850283434,0,94.46618861998122
4,460.6,4342.341704498045,0.20046443051395316,0,0.09322948954275986,0,1283.2630769387285,57.977442508709245,60.647143541597444,0,94.3954218954355
4,460.70000000000005,4336.54502990935,0.20037456507936885,0,0.13686335023080304,0,1283.2630769387285,57.956049554258925,60.62482726484324,0,94.32475125482956
4,460.8,4330.750493235886,0.2002848041626169,0,0.13553556691151658,0,1283.2630769387285,57.93468420599784,60.602536448415954,0,94.25417790732862
4,460.90000000000003,4324.958091706969,0.20019514851484585,0,0.15186185338617442,0,1283.2630769387285,57.91334665853483,60.58027133197766,0,94.18370301018335
4,461,4319.167822534218,0.2001055988527404,0,0.18211661556340655,0,1283.2630769387285,57.89203709620238,60.55803214483872,0,94.11332767030173
4,461.1,4313.37968291156,0.20001615585956914,0,0.18293106033528153,0,1283.2630769387285,57.87075569339075,60.535819106270495,0,94.04305294580398
4,461.20000000000005,4307.593670011498,0.19992682018619243,0,0.18857777817551122,0,1283.2630769387285,57.84950261487244,60.51363242580945,0,93.97287984755509
4,461.3,4301.809780993499,0.1998375924520733,0,0.17196591381894955,0,1283.2630769387285,57.82827801611656,60.4914723035521,0,93.90280934058204
4,461.40000000000003,4296.028013003059,0.19974847324623843,0,0.15794980502891434,0,1283.2630769387285,57.807082043595216,60.46933893044285,0,93.83284234550798
4,461.5,4290.248363171704,0.1996594631282135,0,0.12867003263385587,0,1283.2630769387285,57.785914835080526,60.44723248855343,0,93.76297973993907
4,461.6,4284.470828616992,0.19957056262893264,0,0.0672177226439985,0,1283.2630769387285,57.76477651993314,60.42515315135452,0,93.6932223598117
4,461.70000000000005,4278.695406445302,0.19948177225162925,0,0.026242904503586836,0,1283.2630769387285,57.74366721938213,60.40310108397974,0,93.62357100068526
4,461.8,4272.922093746252,0.19939309247267983,0,0.10914292651255587,0,1283.2630769387285,57.72258704679691,60.38107644348241,0,93.55402641904602
4,461.90000000000003,4267.150887601078,0.19930452374246,0,0.18237949148673513,0,1283.2630769387285,57.70153610795053,60.35907937908443,0,93.48458933349218
4,462,4261.381785088219,0.19921606648617166,0,0.16586428210688667,0,1283.2630769387285,57.680514501276015,60.337110032419034,0,93.41526042590372
4,462.1,4255.61478326004,0.19912772110457053,0,0.1323565867473907,0,1283.2630769387285,57.659522318116025,60.31516853776743,0,93.34604034274473
4,462.20000000000005,4249.8498791782185,0.19903948797482268,0,0.11323682277510365,0,1283.2630769387285,57.63855964296201,60.293255022285784,0,93.27692969598579
4,462.3,4244.08706988208,0.19895136745116893,0,0.10749083595787688,0,1283.2630769387285,57.617626553690535,60.27136960622998,0,93.2079290643934
4,462.40000000000003,4238.326352414675,0.19886335986571427,0,0.08765283289753091,0,1283.2630769387285,57.59672312178886,60.2495124031703,0,93.13903899444321
4,462.5,4232.567723805085,0.19877546552908637,0,0.11357480562826806,0,1283.2630769387285,57.5758494125768,60.22768352020292,0,93.07026000146377
4,462.6,4226.811181074008,0.1986876847311308,0,0.13601497231695894,0,1283.2630769387285,57.55500548541972,60.205883058153354,0,93.00159257060864
4,462.70000000000005,4221.05672124587,0.1986000177416066,0,0.14301517318388232,0,1283.2630769387285,57.534191393935906,60.184111111774605,0,92.93303715776561
4,462.8,4215.304341330193,0.19851246481078375,0,0.10872906224347414,0,1283.2630769387285,57.51340718619913,60.162367769941305,0,92.86459419061777
4,462.90000000000003,4209.554038341157,0.19842502617011828,0,0.09552678581262554,0,1283.2630769387285,57.492652904932704,60.14065311583568,0,92.7962640694499
4,463,4203.805809279904,0.19833770203281584,0,0.08201335215606374,0,1283.2630769387285,57.471928587700226,60.11896722713083,0,92.72804716814973
4,463.1,4198.059651150368,0.19825049259446212,0,0.14251402271543528,0,1283.2630769387285,57.45123426708817,60.09731017616643,0,92.65994383498366
4,463.20000000000005,4192.315560953692,0.19816339803358377,0,0.23350540201818182,0,1283.2630769387285,57.43056997088499,60.07568203012132,0,92.59195439347668
4,463.3,4186.573535684496,0.19807641851219515,0,0.19653992958939406,0,1283.2630769387285,57.409935722254005,60.054082851180304,0,92.52407914325265
4,463.40000000000003,4180.833572338335,0.19798955417635872,0,0.18341885773538824,0,1283.2630769387285,57.38933153990059,60.03251269669586,0,92.45631836078694
4,463.5,4175.095667903312,0.19790280515668837,0,0.1594604301999047,0,1283.2630769387285,57.36875743823497,60.0109716193458,0,92.38867230022689
4,463.6,4169.359819373116,0.1978161715688934,0,0.10372426510880547,0,1283.2630769387285,57.348213427529316,59.98945966728562,0,92.32114119406653
4,463.70000000000005,4163.626023741439,0.19772965351426153,0,0.09663992085654582,0,1283.2630769387285,57.327699514071256,59.967976884297755,0,92.2537252539095
4,463.8,4157.894277996384,0.197643251080125,0,0.1269776844222674,0,1283.2630769387285,57.307215700312184,59.94652330993589,0,92.18642467120672
4,463.90000000000003,4152.164579125121,0.19755696434033812,0,0.14876776690711538,0,1283.2630769387285,57.28676198501012,59.9250989796643,0,92.11923961791281
4,464,4146.436924123205,0.19747079335575654,0,0.15397470735361915,0,1283.2630769387285,57.266338363368824,59.903703924993856,0,92.05217024710039
4,464.1,4140.711309980601,0.19738473817464203,0,0.14039000263396945,0,1283.2630769387285,57.24594482717371,59.88233817361494,0,91.9852166936868
4,464.20000000000005,4134.98773368448,0.1972987988330955,0,0.0995940147831063,0,1283.2630769387285,57.225581364921716,59.8610017495249,0,91.9183790750417
4,464.3,4129.26619223319,0.19721297535550833,0,0.06735624991481962,0,1283.2630769387285,57.205247961947464,59.839694673152046,0,91.85165749151574
4,464.40000000000003,4123.546682620421,0.19712726775492578,0,0.1633328044873734,0,1283.2630769387285,57.18494460054731,59.81841696147766,0,91.78505202712306
4,464.5,4117.829201844521,0.19704167603346107,0,0.24489061094579376,0,1283.2630769387285,57.164671260097364,59.79716862815256,0,91.71856275005874
4,464.6,4112.113746901043,0.19695620018265536,0,0.21806949922204483,0,1283.2630769387285,57.14442791716905,59.775949683611245,0,91.65218971329585
4,464.70000000000005,4106.400314791128,0.19687084018386694,0,0.20398074341659447,0,1283.2630769387285,57.124214545639994,59.75476013518182,0,91.58593295507526
4,464.8,4100.688902519643,0.1967855960086245,0,0.18452188014159435,0,1283.2630769387285,57.10403111680255,59.73359998719363,0,91.5197924994397
4,464.90000000000003,4094.9795070979744,0.19670046761898194,0,0.13907454524995602,0,1283.2630769387285,57.083877599468494,59.71246924108146,0,91.45376835672539
4,465,4089.2721255356446,0.1966154549678333,0,0.12453685705496757,0,1283.2630769387285,57.06375396007076,59.69136789548694,0,91.38786052410079
4,465.1,4083.5667548431084,0.19653055799924474,0,0.16709746075620924,0,1283.2630769387285,57.043660162760986,59.67029594635603,0,91.32206898602477
4,465.20000000000005,4077.863392041065,0.19644577664879562,0,0.18878469467835923,0,1283.2630769387285,57.02359616950411,59.649253387033774,0,91.25639371465644
4,465.3,4072.162034153007,0.1963611108438678,0,0.19598559559679377,0,1283.2630769387285,57.00356194017126,59.62824020835743,0,91.19083467034704
4,465.40000000000003,4066.4626782005653,0.19627656050393072,0,0.17614840797716608,0,1283.2630769387285,56.98355743262846,59.60725639874582,0,91.12539180209849
4,465.5,4060.7653212118894,0.19619212554085094,0,0.14066597022066807,0,1283.2630769387285,56.963582602822136,59.58630194428555,0,91.0600650479359
4,465.6,4055.069960226305,0.1961078058591858,0,0.08764689593213872,0,1283.2630769387285,56.943637404862756,59.56537682881552,0,90.99485433529149
4,465.70000000000005,4049.376592282206,0.1960236013564249,0,0.06759249601031221,0,1283.2630769387285,56.92372179110619,59.54448103400941,0,90.92975958146901
4,465.8,4043.685214421712,0.1959395119232648,0,0.14532720900088741,0,1283.2630769387285,56.90383571223128,59.52361453945441,0,90.86478069399935
4,465.90000000000003,4037.9958236925304,0.1958555374438687,0,0.08981654979639088,0,1283.2630769387285,56.88397911731495,59.502777322727866,0,90.7999175710007
4,466,4032.308417151682,0.19577167779612492,0,0.09493552302141915,0,1283.2630769387285,56.86415195390549,59.48196935947203,0,90.73517010151973
4,466.1,4026.622991860844,0.19568793285187625,0,0.09813857456294604,0,1283.2630769387285,56.844354168093545,59.461190623466784,0,90.67053816590716
4,466.20000000000005,4020.9395448835567,0.1956043024771452,0,0.13686896704125395,0,1283.2630769387285,56.82458570458045,59.44044108669973,0,90.60602163617077
4,466.3,4015.258073288016,0.19552078653236604,0,0.1552027737177927,0,1283.2630769387285,56.8048465067438,59.4197207194338,0,90.54162037628608
4,466.40000000000003,4009.5785741498694,0.19543738487261084,0,0.16114889817321632,0,1283.2630769387285,56.785136516701066,59.39902949027294,0,90.47733424249772
4,466.5,4003.9010445531458,0.19535409734780512,0,0.19010966464657378,0,1283.2630769387285,56.76545567537167,59.3783673662264,0,90.4131630836238
4,466.6,3998.225481586531,0.19527092380292424,0,0.17653659995973955,0,1283.2630769387285,56.74580392253682,59.3577343127708,0,90.34910674137396
4,466.70000000000005,3992.551882344298,0.19518786407819483,0,0.16436966335185152,0,1283.2630769387285,56.72618119689708,59.33713029391016,0,90.28516505063276
4,466.8,3986.880243929103,0.1951049180092954,0,0.10616405564633609,0,1283.2630769387285,56.70658743612798,59.316555272233984,0,90.2213378397239
4,466.90000000000003,3981.21056344267,0.1950220854275191,0,0.06056717571042874,0,1283.2630769387285,56.687022576934005,59.29600920897391,0,90.15762493073085
4,467,3975.5428380006924,0.19493936615999247,0,0.10429354962967856,0,1283.2630769387285,56.6674865550998,59.275492064057545,0,90.09402613967626
4,467.1,3969.877064724453,0.19485676002983143,0,0.07663058533704223,0,1283.2630769387285,56.64797930554122,59.255003796162306,0,90.03054127682412
4,467.20000000000005,3964.213240735233,0.1947742668562962,0,0.14141301769250186,0,1283.2630769387285,56.62850076235375,59.234544362766634,0,89.96717014695413
4,467.3,3958.5513631682843,0.19469188645499114,0,0.09899446177321507,0,1283.2630769387285,56.609050858858446,59.214113720198974,0,89.90391254952232
4,467.40000000000003,3952.891429164447,0.19460961863800444,0,0.04840566959905204,0,1283.2630769387285,56.58962952764804,59.19371182368671,0,89.840768278939
4,467.5,3947.2334358682856,0.19452746321405756,0,0.10438800806818718,0,1283.2630769387285,56.57023670063042,59.173338627402764,0,89.7777371248009
4,467.6,3941.5773804327473,0.19444541998866618,0,0.14136954099748605,0,1283.2630769387285,56.550872309070236,59.15299408451037,0,89.71481887208034
4,467.70000000000005,3935.923260019161,0.1943634887642853,0,0.10584473471527485,0,1283.2630769387285,56.53153628362981,59.13267814720696,0,89.65201330133438
4,467.8,3930.2710717907175,0.19428166934043356,0,0.12331409415742331,0,1283.2630769387285,56.5122285544084,59.11239076676688,0,89.58932018894225
4,467.90000000000003,3924.620812924579,0.19419996151385854,0,0.10344712354299926,0,1283.2630769387285,56.49294905097935,59.09213189358158,0,89.52673930723341
4,468,3918.972480598837,0.19411836507863658,0,0.09584436256782225,0,1283.2630769387285,56.47369770242739,59.07190147720034,0,89.46427042474903
4,468.1,3913.326072008349,0.19403687982633985,0,0.061270665916818644,0,1283.2630769387285,56.454474437382935,59.05169946636788,0,89.40191330633836
4,468.20000000000005,3907.681584345177,0.1939555055461107,0,0.08001169086028631,0,1283.2630769387285,56.4352791840571,59.031525809062714,0,89.33966771344228
4,468.3,3902.0390148060396,0.19387424202479717,0,0.14608239533851333,0,1283.2630769387285,56.416111870273184,59.011380452532066,0,89.2775334042203
4,468.40000000000003,3896.3983606072143,0.19379308904710696,0,0.1373108181642182,0,1283.2630769387285,56.396972423497736,58.991263343326395,0,89.21551013363658
4,468.5,3890.7596189593896,0.19371204639565645,0,0.18201156004084018,0,1283.2630769387285,56.37786077087224,58.97117442733453,0,89.1535976537567
4,468.6,3885.122787094675,0.19363111385114568,0,0.10156834779587746,0,1283.2630769387285,56.35877683924077,58.951113649814815,0,89.09179571375515
4,468.70000000000005,3879.487862239592,0.1935502911923962,0,0.05628927368800485,0,1283.2630769387285,56.33972055517983,58.9310809554284,0,89.03010406021207
4,468.8,3873.8548416337,0.19346957819649632,0,0.09138061169637009,0,1283.2630769387285,56.32069184502362,58.91107628826812,0,88.96852243715365
4,468.90000000000003,3868.2237225240096,0.1933889746388864,0,0.16628601457774062,0,1283.2630769387285,56.30169063489089,58.891099591888896,0,88.90705058622396
4,469,3862.594502164051,0.19330848029345013,0,0.12313146002184869,0,1283.2630769387285,56.28271685070985,58.871150809336065,0,88.84568824682353
4,469.1,3856.9671778138727,0.1932280949326057,0,0.09814450158860479,0,1283.2630769387285,56.26377041824214,58.85122988317312,0,88.78443515623962
4,469.20000000000005,3851.3417467447,0.1931478183274056,0,0.10393589989876502,0,1283.2630769387285,56.24485126310578,58.831336755508076,0,88.72329104974658
4,469.3,3845.718206227757,0.19306765024759384,0,0.08580280600790521,0,1283.2630769387285,56.225959310798025,58.81147136801992,0,88.6622556607871
4,469.40000000000003,3840.096553550102,0.19298759046172723,0,0.08020924356161241,0,1283.2630769387285,56.20709448671565,58.79163366198262,0,88.60132872100394
4,469.5,3834.4767860043794,0.19290763873723085,0,0.08668744675174156,0,1283.2630769387285,56.18825671617657,58.771823578290174,0,88.54050996040976
4,469.6,3828.858900886029,0.19282779484046636,0,0.16857565778590838,0,1283.2630769387285,56.16944592443922,58.75204105747963,0,88.47979910750927
4,469.70000000000005,3823.242895502597,0.19274805853682964,0,0.12455629197357208,0,1283.2630769387285,56.1506620367211,58.73228603975323,0,88.41919588935501
4,469.8,3817.6287671662867,0.1926684295908039,0,0.1635958053221702,0,1283.2630769387285,56.131904978217264,58.71255846500051,0,88.35870003168897
4,469.90000000000003,3812.016513197683,0.1925889077660377,0,0.10687366008182889,0,1283.2630769387285,56.1131746741175,58.69285827281904,0,88.29831125901997
4,470,3806.4061309238896,0.19250949282540725,0,0.06031839265748789,0,1283.2630769387285,56.09447104962325,58.67318540253485,0,88.23802929472883
4,470.1,3800.7976176850498,0.19243018453109742,0,0.1132672658230896,0,1283.2630769387285,56.07579402996327,58.653539793221796,0,88.17785386112523
4,470.20000000000005,3795.190970821306,0.19235098264463166,0,0.174663009134162,0,1283.2630769387285,56.057143540409875,58.63392138372118,0,88.11778467960517
4,470.3,3789.586187683046,0.19227188692695615,0,0.1398436262393783,0,1283.2630769387285,56.03851950629255,58.61433011265911,0,88.0578214706796
4,470.40000000000003,3783.983265629038,0.19219289713849363,0,0.13052775276940556,0,1283.2630769387285,56.01992185301251,58.59476591846436,0,87.99796395406695
4,470.5,3778.382202025503,0.19211401303919742,0,0.13489577405138037,0,1283.2630769387285,56.0013505060562,58.57522873938561,0,87.93821184877764
4,470.6,3772.7829942461103,0.1920352343886047,0,0.12192351713586273,0,1283.2630769387285,55.98280539100809,58.55571851350764,0,87.87856487318906
4,470.70000000000005,3767.1856396691874,0.19195656094588118,0,0.10855059446548468,0,1283.2630769387285,55.96428643356317,58.53623517876725,0,87.81902274513322
4,470.8,3761.5901356823742,0.19187799246988255,0,0.09711779484577963,0,1283.2630769387285,55.94579355953827,58.51677867296819,0,87.75958518194233
4,470.90000000000003,3755.9964796835557,0.1917995287192055,0,0.15360796196708867,0,1283.2630769387285,55.92732669488349,58.497348933796,0,87.70025190051257
4,471,3750.4046690734103,0.19172116945221557,0,0.09064837852381787,0,1283.2630769387285,55.90888576569341,58.47794589883252,0,87.64102261740827
4,471.1,3744.8147012628615,0.19164291442710987,0,0.11564904187279078,0,1283.2630769387285,55.89047069821664,58.45856950556907,0,87.58189704888514
4,471.20000000000005,3739.2265736721456,0.19156476340195872,0,0.05094173883056229,0,1283.2630769387285,55.872081418865974,58.43921969141987,0,87.52287491095669
4,471.3,3733.640283723362,0.19148671613472792,0,0.06045335685599431,0,1283.2630769387285,55.85371785422786,58.419896393734874,0,87.4639559194903
4,471.40000000000003,3728.0558288488537,0.1914087723833389,0,0.1260202526502984,0,1283.2630769387285,55.83537993107067,58.40059954981142,0,87.40513979021871
4,471.5,3722.4732064884156,0.19133093190570086,0,0.20665231948265053,0,1283.2630769387285,55.817067576353395,58.3813290969063,0,87.34642623880907
4,471.6,3716.8924140874296,0.1912531944597425,0,0.19861951209116807,0,1283.2630769387285,55.79878071723369,58.36208497224704,0,87.28781498092378
4,471.70000000000005,3711.3134491015226,0.19117555980345974,0,0.19126424491515662,0,1283.2630769387285,55.78051928107531,58.34286711304265,0,87.22930573224639
4,471.8,3705.7363089928403,0.19109802769494025,0,0.2131388861972283,0,1283.2630769387285,55.762283195455566,58.323675456494314,0,87.17089820854862
4,471.90000000000003,3700.160991226323,0.19102059789238737,0,0.2020050620766242,0,1283.2630769387285,55.74407238817226,58.304509939805556,0,87.1125921257552
4,472,3694.5874932846054,0.19094327015418797,0,0.16132346910529863,0,1283.2630769387285,55.72588678724939,58.285370500191185,0,87.05438719991047
4,472.1,3689.015812641941,0.19086604423887896,0,0.14666501300770138,0,1283.2630769387285,55.707726320944715,58.26625707488798,0,86.99628314735592
4,472.20000000000005,3683.4459467949346,0.19078891990525074,0,0.1496854880506007,0,1283.2630769387285,55.689590917753605,58.24716960116175,0,86.93827968460998
4,472.3,3677.8778932364658,0.19071189691231277,0,0.11103226329575322,0,1283.2630769387285,55.67148050641635,58.2281080163177,0,86.88037652854379
4,472.40000000000003,3672.311649473384,0.19063497501936227,0,0.10623905392796539,0,1283.2630769387285,55.65339501592198,58.20907225770739,0,86.82257339632508
4,472.5,3666.7472130199894,0.190558153985996,0,0.12239425210678698,0,1283.2630769387285,55.63533437551402,58.19006226273757,0,86.76487000549011
4,472.6,3661.1845813896507,0.19048143357211214,0,0.09948345912960513,0,1283.2630769387285,55.61729851469494,58.1710779688776,0,86.70726607401802
4,472.70000000000005,3655.6237521106377,0.1904048135379733,0,0.09128483899889232,0,1283.2630769387285,55.599287363229614,58.15211931366599,0,86.6497613202825
4,472.8,3650.0647227140144,0.1903282936441999,0,0.1258333313790387,0,1283.2630769387285,55.581300851150225,58.13318623471826,0,86.59235546314598
4,472.90000000000003,3644.5074907392263,0.1902518736518049,0,0.10676188220376849,0,1283.2630769387285,55.563338908759505,58.1142786697331,0,86.53504822196
4,473,3638.952053735964,0.19017555332222003,0,0.12372661052569445,0,1283.2630769387285,55.54540146663438,58.095396556499004,0,86.4778393165854
4,473.1,3633.398409252055,0.19009933241728513,0,0.14544859130055426,0,1283.2630769387285,55.52748845562966,58.076539832900764,0,86.42072846748036
4,473.20000000000005,3627.8465548548847,0.1900232106993199,0,0.1415838863607631,0,1283.2630769387285,55.50959980687996,58.05770843692436,0,86.36371539561735
4,473.3,3622.296488107182,0.18994718793108348,0,0.11172332102832581,0,1283.2630769387285,55.4917354518041,58.03890230666404,0,86.30679982263264
4,473.40000000000003,3616.7482065828517,0.18987126387582864,0,0.08516937321268774,0,1283.2630769387285,55.47389532210618,58.02012138032638,0,86.24998147076667
4,473.5,3611.201707863249,0.1897954382973105,0,0.0998492758150086,0,1283.2630769387285,55.4560793497786,58.00136559623594,0,86.19326006290721
4,473.6,3605.656989536248,0.18971971095979973,0,0.07929136666500645,0,1283.2630769387285,55.43828746710418,57.982634892840196,0,86.1366353226154
4,473.70000000000005,3600.114049198106,0.18964408162810278,0,0.11396402145456752,0,1283.2630769387285,55.42051960665832,57.96392920871431,0,86.08010697413762
4,473.8,3594.5728844478726,0.1895685500675618,0,0.152902578756503,0,1283.2630769387285,55.4027757013107,57.94524848256568,0,86.02367474245203
4,473.90000000000003,3589.033492894843,0.1894931160440865,0,0.11343488678962463,0,1283.2630769387285,55.38505568422668,57.92659265323781,0,85.96733835324947
4,474,3583.4958721501753,0.1894177793241467,0,0.08121599299297136,0,1283.2630769387285,55.367359488869084,57.907961659714836,0,85.91109753299348
4,474.1,3577.9600198362023,0.18934253967480685,0,0.08858538273392308,0,1283.2630769387285,55.3496870489989,57.889355441124785,0,85.85495200888903
4,474.20000000000005,3572.4259335827082,0.18926739686373006,0,0.09300958724773774,0,1283.2630769387285,55.33203829867702,57.87077393674381,0,85.79890150891903
4,474.3,3566.8936110232025,0.18919235065917944,0,0.12274950471378138,0,1283.2630769387285,55.31441317226518,57.85221708599977,0,85.74294576187735
4,474.40000000000003,3561.363049798645,0.1891174008300376,0,0.162462425590211,0,1283.2630769387285,55.29681160442664,57.83368482847528,0,85.68708449736366
4,474.5,3555.8342475574464,0.18904254714581697,0,0.16409142763630466,0,1283.2630769387285,55.27923353012681,57.815177103910926,0,85.63131744579722
4,474.6,3550.307201950811,0.18896778937665704,0,0.12368531140415184,0,1283.2630769387285,55.26167888463401,57.79669385220834,0,85.57564433845194
4,474.70000000000005,3544.7819106392562,0.1888931272933495,0,0.10274750711364611,0,1283.2630769387285,55.2441476035195,57.77823501343277,0,85.52006490743585
4,474.8,3539.2583712926134,0.18881856066734745,0,0.08476772814300815,0,1283.2630769387285,55.22663962265809,57.759800527815955,0,85.46457888570312
4,474.90000000000003,3533.7365815807134,0.18874408927074993,0,0.03671454176311572,0,1283.2630769387285,55.20915487822866,57.741390335759,0,85.40918600711045
4,475,3528.216539184563,0.18866971287633658,0,0.07984406402258588,0,1283.2630769387285,55.19169330671351,57.72300437783413,0,85.35388600637069
4,475.1,3522.6982417926192,0.1885954312575663,0,0.15540093038457461,0,1283.2630769387285,55.17425484489889,57.70464259478743,0,85.29867861908203
4,475.20000000000005,3517.181687094271,0.18852124418856753,0,0.07268586987887678,0,1283.2630769387285,55.15683942987499,57.68630492754109,0,85.24356358176794
4,475.3,3511.6668727882206,0.1884471514441643,0,0.025431711110760098,0,1283.2630769387285,55.13944699903517,57.667991317194854,0,85.18854063184293
4,475.40000000000003,3506.153796577826,0.18837315279987069,0,0.10184521797954887,0,1283.2630769387285,55.12207749007584,57.64970170502821,0,85.13360950764331
4,475.5,3500.6424561757594,0.18829924803190815,0,0.1200938632832498,0,1283.2630769387285,55.10473084099606,57.63143603250198,0,85.07876994841163
4,475.6,3495.1328492984176,0.18822543691719676,0,0.17263800263013684,0,1283.2630769387285,55.087406990097186,57.613194241260295,0,85.02402169433051
4,475.70000000000005,3489.624973668717,0.18815171923336638,0,0.19251007747556242,0,1283.2630769387285,55.070105875982264,57.594976273131884,0,84.96936448651444
4,475.8,3484.118827017024,0.18807809475876336,0,0.19576919541585205,0,1283.2630769387285,55.05282743755513,57.57678207013148,0,84.9147980670107
4,475.90000000000003,3478.6144070792943,0.1880045632724503,0,0.1718092774193427,0,1283.2630769387285,55.0355716140201,57.55861157446138,0,84.86032217881392
4,476,3473.111711596139,0.187931124554207,0,0.1320585464397152,0,1283.2630769387285,55.01833834488094,57.54046472851256,0,84.80593656587453
4,476.1,3467.610738313757,0.1878577783845357,0,0.09007335266041483,0,1283.2630769387285,55.001127569939904,57.522341474865655,0,84.75164097309768
4,476.20000000000005,3462.1114849885926,0.18778452454467592,0,0.07978788191633795,0,1283.2630769387285,54.98393922929677,57.50424175629196,0,84.6974351463248
4,476.3,3456.6139493770897,0.18771136281658224,0,0.08936686948610341,0,1283.2630769387285,54.96677326334831,57.486165515754834,0,84.64331883238694
4,476.40000000000003,3451.118129246868,0.1876382929829534,0,0.14313646702204094,0,1283.2630769387285,54.949629612786474,57.46811269640989,0,84.58929177905206
4,476.5,3445.624022369273,0.1875653148272174,0,0.08750024345309967,0,1283.2630769387285,54.932508218598095,57.45008324160646,0,84.5353537350657
4,476.6,3440.1316265221685,0.18749242813353945,0,0.08616290253438386,0,1283.2630769387285,54.91540902206327,57.43207709488789,0,84.48150445013783
4,476.70000000000005,3434.640939486213,0.1874196326868143,0,0.13339021150101954,0,1283.2630769387285,54.89833196475432,57.41409419999233,0,84.42774367496293
4,476.8,3429.1519590523094,0.18734692827268623,0,0.18033952521588278,0,1283.2630769387285,54.88127698853418,57.39613450085297,0,84.37407116118521
4,476.90000000000003,3423.6646830169484,0.18727431467753938,0,0.23206630182004276,0,1283.2630769387285,54.864244035555686,57.37819794159905,0,84.32048666142364
4,477,3418.179109177552,0.18720179168848672,0,0.26177829220445636,0,1283.2630769387285,54.847233048260065,57.360284466556074,0,84.26698992929377
4,477.1,3412.6952353399247,0.18712935909338846,0,0.26795470011455164,0,1283.2630769387285,54.830243969375104,57.342394020245834,0,84.21358071937185
4,477.20000000000005,3407.2130593173206,0.18705701668085106,0,0.24049884147054126,0,1283.2630769387285,54.813276741914045,57.324526547386895,0,84.16025878720043
4,477.3,3401.7325789285824,0.18698476424022328,0,0.21071781773974532,0,1283.2630769387285,54.79633130917429,57.30668199289501,0,84.10702388929784
4,477.40000000000003,3396.2537919981405,0.1869126015615967,0,0.16137439886799754,0,1283.2630769387285,54.77940761473598,57.288860301883325,0,84.05387578315805
4,477.5,3390.776696352288,0.18684052843579568,0,0.1293803414262119,0,1283.2630769387285,54.762505602460394,57.27106141966247,0,84.0008142272671
4,477.6,3385.301289827563,0.1867685446543978,0,0.12889627127885905,0,1283.2630769387285,54.745625216488044,57.253285291740205,0,83.94783898106189
4,477.70000000000005,3379.827570259571,0.18669665000970623,0,0.13222323593642907,0,1283.2630769387285,54.72876640123765,57.23553186382196,0,83.89494980498309
4,477.8,3374.355535497889,0.18662484429478526,0,0.16478137817227884,0,1283.2630769387285,54.71192910140376,57.217801081810066,0,83.84214646040192
4,477.90000000000003,3368.8851833948866,0.18655312730343399,0,0.1121436784180057,0,1283.2630769387285,54.69511326195614,57.20009289180465,0,83.78942870967481
4,478,3363.4165118038654,0.18648149883017964,0,0.05171314350791422,0,1283.2630769387285,54.6783188281378,57.18240724010312,0,83.7367963161482
4,478.1,3357.949518590234,0.18640995867030402,0,0.1499775191453641,0,1283.2630769387285,54.66154574546287,57.16474407319961,0,83.68424904410425
4,478.20000000000005,3352.4842016194016,0.18633850661981347,0,0.20337731616124136,0,1283.2630769387285,54.6447939597157,57.14710333778542,0,83.63178665881681
4,478.3,3347.020558765158,0.18626714247545748,0,0.23373406871896846,0,1283.2630769387285,54.62806341694848,57.12948498074824,0,83.57940892650888
4,478.40000000000003,3341.558587904088,0.18619586603471389,0,0.23724132407865953,0,1283.2630769387285,54.61135406347993,57.11188894917209,0,83.52711561437675
4,478.5,3336.098286923021,0.18612467709580582,0,0.2209309481078794,0,1283.2630769387285,54.59466584589331,57.094315190336836,0,83.4749064905528
4,478.6,3330.639653709717,0.18605357545767787,0,0.17104611815188345,0,1283.2630769387285,54.577998711035164,57.07676365171827,0,83.42278132414742
4,478.70000000000005,3325.1826861537993,0.1859825609199956,0,0.10834000818168951,0,1283.2630769387285,54.561352606013266,57.05923428098731,0,83.37073988524017
4,478.8,3319.727382163517,0.1859116332831851,0,0.13271233845320357,0,1283.2630769387285,54.54472747819428,57.0417270260092,0,83.3187819447989
4,478.90000000000003,3314.2737396415323,0.18584079234837422,0,0.14894871371027132,0,1283.2630769387285,54.528123275203605,57.02424183484445,0,83.26690727479318
4,479,3308.8217564933,0.18577003791740831,0,0.17483291801310805,0,1283.2630769387285,54.511539944922504,57.006778655747326,0,83.21511564814821
4,479.1,3303.371430637315,0.1856993697928733,0,0.20088803539154051,0,1283.2630769387285,54.49497743548582,56.98933743716489,0,83.16340683869353
4,479.20000000000005,3297.9227599948645,0.18562878777807024,0,0.13643580767283103,0,1283.2630769387285,54.478435695281306,56.97191812773749,0,83.11178062121027
4,479.3,3292.4757424918935,0.1855582916770173,0,0.06101511095862525,0,1283.2630769387285,54.46191467294746,56.95452067629785,0,83.060236771418
4,479.40000000000003,3287.030376055278,0.18548788129443752,0,0.0891037776246332,0,1283.2630769387285,54.445414317371714,56.937145031870465,0,83.00877506598779
4,479.5,3281.5866586258635,0.18541755643578867,0,0.11719093531550966,0,1283.2630769387285,54.428934577688224,56.919791143670594,0,82.95739528247778
4,479.6,3276.144588141702,0.18534731690722084,0,0.14469173636550806,0,1283.2630769387285,54.41247540327706,56.90245896110453,0,82.90609719940942
4,479.70000000000005,3270.704162548296,0.18527716251559773,0,0.15449297585949068,0,1283.2630769387285,54.39603674376152,56.88514843376819,0,82.85488059621369
4,479.8,3265.265379796736,0.18520709306849006,0,0.14908448012725053,0,1283.2630769387285,54.37961854900661,56.86785951144662,0,82.80374525323667
4,479.90000000000003,3259.828237844631,0.1851371083741754,0,0.12949819584805713,0,1283.2630769387285,54.3632207691174,56.850592144113456,0,82.75269095173192
4,480,3254.392734652385,0.18506720824162723,0,0.12457260809368008,0,1283.2630769387285,54.346843354437354,56.83334628193045,0,82.70171747387414
4,480.1,3248.9588681850582,0.1849973924805156,0,0.06615698050268684,0,1283.2630769387285,54.3304862555463,56.81612187524636,0,82.65082460274503
4,480.20000000000005,3243.5266364160925,0.18492766090121396,0,0.05650213014410869,0,1283.2630769387285,54.314149423258606,56.7989188745963,0,82.60001212231295
4,480.3,3238.0960373179987,0.18485801331477447,0,0.07966097782177498,0,1283.2630769387285,54.297832808621926,56.78173723070146,0,82.54927981747211
4,480.40000000000003,3232.6670688744634,0.18478844953295315,0,0.14743185989919205,0,1283.2630769387285,54.281536362914586,56.764576894467524,0,82.49862747398097
4,480.5,3227.2397290701047,0.18471896936818363,0,0.06822956277766955,0,1283.2630769387285,54.265260037644666,56.747437816984736,0,82.44805487850707
4,480.6,3221.8140158932656,0.18464957263358023,0,0.1026189154756924,0,1283.2630769387285,54.24900378454777,56.73031994952667,0,82.39756181860832
4,480.70000000000005,3216.3899273406714,0.18458025914294615,0,0.14134047744361702,0,1283.2630769387285,54.23276755558512,56.713223243549336,0,82.3471480827076
4,480.8,3210.9674614127725,0.1845110287107601,0,0.14137244428849613,0,1283.2630769387285,54.21655130294228,56.69614765069076,0,82.29681346011049
4,480.90000000000003,3205.546616111882,0.18444188115216822,0,0.18509545845982803,0,1283.2630769387285,54.200354979027246,56.679093122770034,0,82.24655774100854
4,481,3200.1273894505575,0.18437281628300148,0,0.18114238310366287,0,1283.2630769387285,54.18417853646836,56.66205961178623,0,82.19638071643675
4,481.1,3194.709779442288,0.1843038339197507,0,0.19390819908873233,0,1283.2630769387285,54.168021928113326,56.645047069918185,0,82.14628217831257
4,481.20000000000005,3189.2937841033563,0.18423493387956733,0,0.17235622918641297,0,1283.2630769387285,54.151885107026935,56.62805544952321,0,82.09626191942135
4,481.3,3183.879401463084,0.18416611598028534,0,0.18662154278976018,0,1283.2630769387285,54.135768026489245,56.611084703136136,0,82.04631973336612
4,481.40000000000003,3178.4666295424104,0.1840973800403672,0,0.12915612118470401,0,1283.2630769387285,54.119670639994816,56.5941347834693,0,81.99645541466097
4,481.5,3173.0554663799703,0.1840287258789616,0,0.05857476600342974,0,1283.2630769387285,54.10359290124946,56.577205643410295,0,81.94666875860553
4,481.6,3167.645910009742,0.18396015331584908,0,0.025185559480709146,0,1283.2630769387285,54.08753476417013,56.560297236022535,0,81.89695956138506
4,481.70000000000005,3162.237958475016,0.1838916621714708,0,0.11484221326029145,0,1283.2630769387285,54.07149618288223,56.54340951454349,0,81.84732762000031
4,481.8,3156.8316098218784,0.18382325226691018,0,0.15977731704062975,0,1283.2630769387285,54.05547711171837,56.52654243238416,0,81.79777273229318
4,481.90000000000003,3151.426862104796,0.1837549234239039,0,0.14202139352528997,0,1283.2630769387285,54.03947750521668,56.50969594312821,0,81.74829469691747
4,482,3146.0237133773044,0.18368667546481618,0,0.1516148684310761,0,1283.2630769387285,54.02349731811945,56.49287000053136,0,81.69889331337637
4,482.1,3140.622161696665,0.18361850821264564,0,0.0972855333286218,0,1283.2630769387285,54.00753650537102,56.47606455852001,0,81.64956838199491
4,482.20000000000005,3135.2222051369026,0.18355042149105452,0,0.12213016878675094,0,1283.2630769387285,53.991595022115966,56.459279571190265,0,81.60031970385842
4,482.3,3129.8238417590037,0.18348241512429503,0,0.10587164001903368,0,1283.2630769387285,53.975672823698964,56.44251499280837,0,81.55114708094321
4,482.40000000000003,3124.4270696416497,0.18341448893727721,0,0.12680009833668773,0,1283.2630769387285,53.95976986566119,56.42577077780794,0,81.50205031597012
4,482.5,3119.031886857003,0.18334664275550977,0,0.12623895801700258,0,1283.2630769387285,53.943886103740205,56.409046880790555,0,81.45302921251134
4,482.6,3113.6382914911956,0.18327887640514426,0,0.1699775988879473,0,1283.2630769387285,53.92802149386727,56.39234325652367,0,81.4040835748917
4,482.70000000000005,3108.2462816303596,0.18321118971294034,0,0.09050596687559687,0,1283.2630769387285,53.912175992166745,56.37565985994077,0,81.35521320824927
4,482.8,3102.8558553680778,0.18314358250627993,0,0.04365561884388729,0,1283.2630769387285,53.89634955495407,56.358996646140035,0,81.30641791849622
4,482.90000000000003,3097.4670107970014,0.18307605461314383,0,0.057540956933163065,0,1283.2630769387285,53.880542138734725,56.34235357038379,0,81.25769751235215
4,483,3092.0797460200265,0.18300860586213477,0,0.12275201638170506,0,1283.2630769387285,53.86475370020187,56.32573058809701,0,81.20905179728844
4,483.1,3086.6940591381863,0.18294123608244625,0,0.19087534621887653,0,1283.2630769387285,53.84898419623566,56.30912765486714,0,81.16048058157898
4,483.20000000000005,3081.3099482627586,0.18287394510388727,0,0.1452527701506017,0,1283.2630769387285,53.8332335839011,56.292544726442536,0,81.11198367424042
4,483.3,3075.9274115059525,0.1828067327568582,0,0.1674906037073556,0,1283.2630769387285,53.817501820447156,56.275981758732264,0,81.06356088507066
4,483.40000000000003,3070.546446985565,0.1827395988723578,0,0.10073197928564413,0,1283.2630769387285,53.80178886330487,56.25943870780475,0,81.01521202462222
4,483.5,3065.1670528221875,0.18267254328197394,0,0.07292980884633574,0,1283.2630769387285,53.78609467008613,56.242915529887185,0,80.96693690421098
4,483.6,3059.78922714293,0.1826055658178889,0,0.08184449231565614,0,1283.2630769387285,53.77041919858204,56.2264121813644,0,80.91873533589452
4,483.70000000000005,3054.412968077697,0.1825386663128682,0,0.09470389585806996,0,1283.2630769387285,53.75476240676178,56.20992861877835,0,80.87060713248509
4,483.8,3049.0382737573236,0.18247184460025198,0,0.1370510291508877,0,1283.2630769387285,53.73912425277096,56.19346479882697,0,80.82255210755203
4,483.90000000000003,3043.665142324753,0.18240510051397885,0,0.17138543406059056,0,1283.2630769387285,53.72350469492987,56.177020678363064,0,80.77457007536823
4,484,3038.293571919203,0.1823384338885461,0,0.11839892024745904,0,1283.2630769387285,53.70790369173307,56.16059621439426,0,80.72666085097715
4,484.1,3032.923560688272,0.18227184455903397,0,0.035633060289765345,0,1283.2630769387285,53.692321201847044,56.14419136408131,0,80.6788242501328
4,484.20000000000005,3027.5551067832857,0.18220533236109257,0,0.055576121589856115,0,1283.2630769387285,53.6767571841093,56.12780608473768,0,80.63106008931737
4,484.3,3022.188208357431,0.18213889713093406,0,0.13822969822976858,0,1283.2630769387285,53.661211597527036,56.111440333828696,0,80.58336818574458
4,484.40000000000003,3016.822863572277,0.18207253870534484,0,0.1867656280385015,0,1283.2630769387285,53.64568440127546,56.09509406897038,0,80.5357483573263
4,484.5,3011.459070588462,0.18200625692166128,0,0.1429866760193259,0,1283.2630769387285,53.63017555469711,56.07876724792919,0,80.48820042271035
4,484.6,3006.096827575937,0.18194005161778995,0,0.15249561225345593,0,1283.2630769387285,53.61468501729973,56.06245982862048,0,80.44072420122966
4,484.70000000000005,3000.7361326999962,0.18187392263217228,0,0.08880617698180933,0,1283.2630769387285,53.59921274875582,56.046171769108376,0,80.39331951296026
4,484.8,2995.3769841408357,0.1818078698038267,0,0.08264680865007337,0,1283.2630769387285,53.583758708900184,56.029903027603936,0,80.34598617862986
4,484.90000000000003,2990.0193800767884,0.18174189297230808,0,0.09612640105907215,0,1283.2630769387285,53.56832285773001,56.01365356246551,0,80.29872401968963
4,485,2984.6633186899126,0.18167599197771644,0,0.11145519069076734,0,1283.2630769387285,53.552905155402854,55.997423332197265,0,80.25153285828371
4,485.1,2979.308798169717,0.18161016666070343,0,0.14368227830231411,0,1283.2630769387285,53.53750556223535,55.98121229544837,0,80.2044125172291
4,485.20000000000005,2973.9558167010546,0.1815444168624403,0,0.16931745460731834,0,1283.2630769387285,53.52212403870251,55.96502041101253,0,80.15736282006421
4,485.3,2968.6043724874035,0.18147874242467005,0,0.11318020125909843,0,1283.2630769387285,53.50676054543536,55.94884763782628,0,80.11038359094266
4,485.40000000000003,2963.254463721998,0.1814131431896378,0,0.03716473561243752,0,1283.2630769387285,53.49141504322149,55.932693934969706,0,80.06347465475748
4,485.5,2957.906088608317,0.18134761900013394,0,0.01941376276125622,0,1283.2630769387285,53.47608749300216,55.91655926166416,0,80.01663583704425
4,485.6,2952.559245354496,0.18128216969947952,0,0.08635345402685013,0,1283.2630769387285,53.46077785587196,55.9004435772721,0,79.96986696400329
4,485.70000000000005,2947.2139321677387,0.18121679513151004,0,0.13361552371066385,0,1283.2630769387285,53.445486093077655,55.884346841296455,0,79.9231678625199
4,485.8,2941.870147269219,0.18115149514060777,0,0.07990245381704314,0,1283.2630769387285,53.43021216601644,55.86826901337929,0,79.87653836009547
4,485.90000000000003,2936.5278888726607,0.1810862695716492,0,0.1370391825083753,0,1283.2630769387285,53.41495603623595,55.85221005330202,0,79.82997828493741
4,486,2931.187155202031,0.18102111827004236,0,0.11651255902742967,0,1283.2630769387285,53.39971766543192,55.83616992098351,0,79.78348746587646
4,486.1,2925.847944480367,0.1809560410816989,0,0.1196960801670771,0,1283.2630769387285,53.3844970154477,55.82014857648003,0,79.73706573241249
4,486.20000000000005,2920.5102549390867,0.1808910378530522,0,0.16387242469971391,0,1283.2630769387285,53.36929404827261,55.80414597998385,0,79.69071291466905
4,486.3,2915.1740848142654,0.18082610843104727,0,0.17570186730108256,0,1283.2630769387285,53.35410872604143,55.78816209182309,0,79.64442884340771
4,486.40000000000003,2909.8394323410466,0.1807612526631245,0,0.17095798979641125,0,1283.2630769387285,53.33894101103333,55.77219687246094,0,79.59821335004732
4,486.5,2904.506295762025,0.18069647039723613,0,0.19289565332792638,0,1283.2630769387285,53.32379086567024,55.75625028249447,0,79.55206626662353
4,486.6,2899.1746733197942,0.18063176148182644,0,0.13673112354947667,0,1283.2630769387285,53.30865825251636,55.740322282654326,0,79.50598742581774
4,486.70000000000005,2893.844563262537,0.1805671257658414,0,0.12721791037451394,0,1283.2630769387285,53.29354313427644,55.72441283380345,0,79.45997666092792
4,486.8,2888.515963844955,0.18050256309872925,0,0.11008005685531898,0,1283.2630769387285,53.278445473795166,55.70852189693667,0,79.41403380586243
4,486.90000000000003,2883.188873323612,0.18043807333042705,0,0.05539046939969474,0,1283.2630769387285,53.26336523405634,55.69264943318017,0,79.36815869515658
4,487,2877.8632899569348,0.1803736563113577,0,0.10174979107636603,0,1283.2630769387285,53.248302378181585,55.676795403790635,0,79.32235116396811
4,487.1,2872.5392120070755,0.18030931189243127,0,0.15494749970539134,0,1283.2630769387285,53.233256869429276,55.660959770154264,0,79.27661104806495
4,487.20000000000005,2867.216637743637,0.18024503992505164,0,0.11776140017728194,0,1283.2630769387285,53.21822867119351,55.64514249378618,0,79.23093818380674
4,487.3,2861.8955654362217,0.18018084026109674,0,0.031367531095331844,0,1283.2630769387285,53.203217747003436,55.629343536329976,0,79.18533240817298
4,487.40000000000003,2856.575993359089,0.18011671275292634,0,0.05006190399668064,0,1283.2630769387285,53.18822406052196,55.613562859556666,0,79.13979355873889
4,487.5,2851.257919792086,0.1800526572533823,0,0.08393988280605726,0,1283.2630769387285,53.173247575544906,55.59780042536415,0,79.09432147366869
4,487.6,2845.941343013197,0.17998867361576826,0,0.10018907363816502,0,1283.2630769387285,53.15828825600025,55.58205619577667,0,79.0489159917434
4,487.70000000000005,2840.626261310652,0.17992476169387517,0,0.10730031077349911,0,1283.2630769387285,53.143346065946524,55.56633013294356,0,79.00357695230525
4,487.8,2835.3126729708165,0.17986092134195122,0,0.1250180915016393,0,1283.2630769387285,53.128420969572744,55.55062219913924,0,78.95830419530674
4,487.90000000000003,2830.000576290302,0.17979715241472735,0,0.08193881416045362,0,1283.2630769387285,53.1135129311967,55.53493235676196,0,78.91309756125531
4,488,2824.6899695610628,0.17973345476738076,0,0.09608627072796554,0,1283.2630769387285,53.09862191526494,55.51926056833389,0,78.86795689127396
4,488.1,2819.3808510852978,0.17966982825556566,0,0.10843694296780118,0,1283.2630769387285,53.083747886350906,55.50360679649947,0,78.82288202703295
4,488.20000000000005,2814.073219165206,0.17960627273538865,0,0.09203435162733387,0,1283.2630769387285,53.06889080915472,55.48797100402553,0,78.7778728107916
4,488.3,2808.7670721057802,0.17954278806341178,0,0.13700126253031608,0,1283.2630769387285,53.05405064850197,55.472353153800235,0,78.73292908538176
4,488.40000000000003,2803.462408219464,0.17947937409666143,0,0.18331651123199652,0,1283.2630769387285,53.03922736934281,55.4567532088324,0,78.68805069418563
4,488.5,2798.159225818701,0.17941603069260884,0,0.11156907292836067,0,1283.2630769387285,53.02442093675143,55.44117113225118,0,78.64323748116402
4,488.6,2792.8575232215226,0.1793527577091804,0,0.03816716895517674,0,1283.2630769387285,53.00963131592479,55.42560688730502,0,78.59848929082901
4,488.70000000000005,2787.5572987450287,0.17928955500474053,0,0.05041066852320706,0,1283.2630769387285,52.994858472182194,55.41006043736143,0,78.55380596826846
4,488.8,2782.2585507174954,0.17922642243811673,0,0.10217027258072625,0,1283.2630769387285,52.98010237096373,55.394531745905645,0,78.50918735909121
4,488.90000000000003,2776.961277462542,0.17916335986856208,0,0.11532375061297474,0,1283.2630769387285,52.96536297783051,55.379020776541,0,78.46463330949204
4,489,2771.6654773131013,0.17910036715578373,0,0.09630607479931155,0,1283.2630769387285,52.950640258462776,55.363527492987345,0,78.42014366618807
4,489.1,2766.3711486039683,0.17903744415992473,0,0.11477140336445242,0,1283.2630769387285,52.93593417865995,55.348051859081075,0,78.3757182764484
4,489.20000000000005,2761.0782896708697,0.17897459074155914,0,0.0935068528435953,0,1283.2630769387285,52.921244704339394,55.332593838774336,0,78.3313569880941
4,489.3,2755.786898860708,0.17891180676171367,0,0.11435685969369705,0,1283.2630769387285,52.906571801535556,55.31715339613416,0,78.28705964945279
4,489.40000000000003,2750.4969745129347,0.17884909208182295,0,0.11858029866307562,0,1283.2630769387285,52.89191543639997,55.30173049534267,0,78.242826109434
4,489.5,2745.208514975384,0.17878644656376239,0,0.13579190300932945,0,1283.2630769387285,52.877275575199306,55.286325100695365,0,78.19865621745771
4,489.6,2739.921518601477,0.1787238700698406,0,0.1255565058947032,0,1283.2630769387285,52.862652184315145,55.27093717660102,0,78.15454982346466
4,489.70000000000005,2734.635983741842,0.178661362462778,0,0.16131241304891583,0,1283.2630769387285,52.84804523024346,55.255566687581336,0,78.11050677794825
4,489.8,2729.3519087601453,0.17859892360574073,0,0.10825551031559441,0,1283.2630769387285,52.83345467959319,55.24021359826974,0,78.06652693188524
4,489.90000000000003,2724.0692920144647,0.17853655336229682,0,0.05570860122190438,0,1283.2630769387285,52.81888049908665,55.22487787341173,0,78.02261013681161
4,490,2718.7881318684667,0.17847425159643837,0,0.11211048774235231,0,1283.2630769387285,52.80432265555769,55.209559477863486,0,77.97875624477136
4,490.1,2713.508426692337,0.1784120181725822,0,0.12819834597707214,0,1283.2630769387285,52.78978111595131,55.19425837659145,0,77.9349651083106
4,490.20000000000005,2708.2301748590544,0.17834985295556005,0,0.1424878276422638,0,1283.2630769387285,52.77525584732323,55.17897453467211,0,77.89123658049118
4,490.3,2702.9533747397363,0.17828775581060496,0,0.13998296435000152,0,1283.2630769387285,52.760746816839216,55.16370791729136,0,77.84757051490595
4,490.40000000000003,2697.6780247120187,0.17822572660336808,0,0.13107900834926914,0,1283.2630769387285,52.74625399177376,55.1484584897435,0,77.80396676564071
4,490.5,2692.4041231600568,0.17816376519991756,0,0.13770029564693298,0,1283.2630769387285,52.73177733950976,55.133226217430895,0,77.76042518727245
4,490.6,2687.131668465212,0.17810187146671505,0,0.16821815450254346,0,1283.2630769387285,52.71731682753813,55.11801106586382,0,77.71694563490524
4,490.70000000000005,2681.8606590172276,0.17804004527063902,0,0.1649299287851911,0,1283.2630769387285,52.70287242345657,55.10281300065931,0,77.67352796412054
4,490.8,2676.591093205847,0.1779782864789642,0,0.16651358556809465,0,1283.2630769387285,52.688444094969434,55.08763198754117,0,77.63017203101008
4,490.90000000000003,2671.3229694217443,0.17791659495936044,0,0.1314306703302614,0,1283.2630769387285,52.67403180988665,55.07246799233897,0,77.58687769216742
4,491,2666.056286068633,0.17785497057991995,0,0.13172246776770707,0,1283.2630769387285,52.65963553612288,55.057320980987456,0,77.54364480463735
4,491.1,2660.7910415446386,0.177793413209113,0,0.06808454636272797,0,1283.2630769387285,52.64525524169791,55.042190919526895,0,77.50047322599042
4,491.20000000000005,2655.5272342525423,0.1777319227158082,0,0.08885771283044598,0,1283.2630769387285,52.630890894735025,55.027077774101684,0,77.45736281427618
4,491.3,2650.2648625969887,0.17767049896926454,0,0.15711974556736474,0,1283.2630769387285,52.616542463460654,55.01198151096005,0,77.41431342803251
4,491.40000000000003,2645.003924991004,0.17760914183914442,0,0.19427139585171666,0,1283.2630769387285,52.602209916203456,54.99690209645332,0,77.3713249262566
4,491.5,2639.7444198466837,0.17754785119549132,0,0.21335413120861046,0,1283.2630769387285,52.58789322139438,54.981839497035956,0,77.32839716844121
4,491.6,2634.486345580779,0.17748662690874004,0,0.20417011090372544,0,1283.2630769387285,52.573592347565565,54.966793679264676,0,77.28553001454864
4,491.70000000000005,2629.2297006156296,0.1774254688497175,0,0.20064433810913132,0,1283.2630769387285,52.55930726334981,54.951764609798026,0,77.24272332500496
4,491.8,2623.9744833689183,0.17736437688961731,0,0.21408542680351514,0,1283.2630769387285,52.54503793748042,54.93675225539619,0,77.19997696073887
4,491.90000000000003,2618.7206922704354,0.17730335090003554,0,0.22252203391683897,0,1283.2630769387285,52.5307843387896,54.921756582919684,0,77.1572907831101
4,492,2613.4683257453144,0.1772423907529319,0,0.22096253287184983,0,1283.2630769387285,52.51654643620901,54.90677755932982,0,77.11466465397679
4,492.1,2608.2173822261393,0.17718149632065416,0,0.199753861053309,0,1283.2630769387285,52.502324198768164,54.89181515168737,0,77.07209843564192
4,492.20000000000005,2602.967860150151,0.17712066747593122,0,0.1681445291084813,0,1283.2630769387285,52.48811759559444,54.8768693271525,0,77.02959199086372
4,492.3,2597.7197579527274,0.17705990409185654,0,0.12986167769765483,0,1283.2630769387285,52.473926595912694,54.861940052984586,0,76.98714518287986
4,492.40000000000003,2592.4730740766972,0.17699920604190672,0,0.12036582312288174,0,1283.2630769387285,52.459751169044054,54.84702729654107,0,76.94475787536598
4,492.5,2587.227806966752,0.17693857319992795,0,0.12236213066155616,0,1283.2630769387285,52.44559128440596,54.83213102527755,0,76.90242993245751
4,492.6,2581.9839550703764,0.1768780054401364,0,0.14955113631824224,0,1283.2630769387285,52.4314469115114,54.81725120674713,0,76.86016121874296
4,492.70000000000005,2576.741516836919,0.17681750263711424,0,0.17731819082548844,0,1283.2630769387285,52.4173180199685,54.80238780860003,0,76.81795159926538
4,492.8,2571.500490720384,0.1767570646658135,0,0.17990305480585855,0,1283.2630769387285,52.40320457947951,54.78754079858278,0,76.7758009395079
4,492.90000000000003,2566.260875175707,0.17669669140154703,0,0.1748988217909166,0,1283.2630769387285,52.38910655984075,54.77271014453816,0,76.73370910540748
4,493,2561.022668662481,0.1766363827199947,0,0.13968582058310086,0,1283.2630769387285,52.37502393094187,54.75789581440447,0,76.69167596333712
4,493.1,2555.785869645886,0.17657613849720435,0,0.12678413819140666,0,1283.2630769387285,52.36095666276533,54.74309777621518,0,76.64970138010042
4,493.20000000000005,2550.55047658924,0.1765159586095735,0,0.1255412194912173,0,1283.2630769387285,52.346904725386246,54.72831599809882,0,76.60778522295954
4,493.3,2545.3164879614487,0.17645584293386363,0,0.10088594000407321,0,1283.2630769387285,52.33286808897131,54.71355044827798,0,76.56592735960183
4,493.40000000000003,2540.083902235143,0.17639579134719544,0,0.08717993162416535,0,1283.2630769387285,52.31884672377869,54.69880109506921,0,76.52412765814638
4,493.5,2534.8527178829536,0.1763358037270382,0,0.05332104176771028,0,1283.2630769387285,52.30484060015745,54.684067906882596,0,76.48238598715615
4,493.6,2529.622933381237,0.1762758799512163,0,0.08358633019244409,0,1283.2630769387285,52.29084968854684,54.66935085222106,0,76.44070221562029
4,493.70000000000005,2524.3945472119376,0.1762160198979123,0,0.16026036506138353,0,1283.2630769387285,52.276873959475864,54.65464989967996,0,76.3990762129451
4,493.8,2519.1675578597933,0.17615622344565987,0,0.07990200307989527,0,1283.2630769387285,52.26291338356308,54.639965017947056,0,76.35750784896425
4,493.90000000000003,2513.9419638076797,0.1760964904733307,0,0.05594812035272834,0,1283.2630769387285,52.24896793151607,54.62529617580194,0,76.31599699395377
4,494,2508.717763545923,0.17603682086015376,0,0.0872828625556808,0,1283.2630769387285,52.23503757413047,54.610643342115154,0,76.27454351859248
4,494.1,2503.4949555657804,0.17597721448569986,0,0.10190949707597907,0,1283.2630769387285,52.22112228229003,54.5960064858483,0,76.23314729398706
4,494.20000000000005,2498.2735383640975,0.17591767122989044,0,0.11881176307242436,0,1283.2630769387285,52.207222026965866,54.58138557605336,0,76.19180819165103
4,494.3,2493.053510436788,0.1758581909729816,0,0.12632105552252884,0,1283.2630769387285,52.19333677921637,54.56678058187263,0,76.15052608352909
4,494.40000000000003,2487.834870287217,0.1757987735955811,0,0.16370150114842147,0,1283.2630769387285,52.17946651018621,54.55219147253782,0,76.10930084196094
4,494.5,2482.617616415024,0.17573941897862194,0,0.12034564778172482,0,1283.2630769387285,52.165611191106514,54.5376182173702,0,76.06813233972423
4,494.6,2477.4017473291606,0.17568012700338975,0,0.08397370164322124,0,1283.2630769387285,52.15177079329361,54.52306078577952,0,76.0270204499801
4,494.70000000000005,2472.1872615395114,0.17562089755150348,0,0.04592113839736918,0,1283.2630769387285,52.13794528814933,54.5085191472642,0,75.98596504630555
4,494.8,2466.9741575578228,0.17556173050491558,0,0.07706741678741803,0,1283.2630769387285,52.12413464716034,54.49399327141084,0,75.94496600268741
4,494.90000000000003,2461.7624338958412,0.1755026257459059,0,0.12683741714526325,0,1283.2630769387285,52.1103388418976,54.479483127893666,0,75.90402319352697
4,495,2456.552089075558,0.17544358315710334,0,0.18995141478630967,0,1283.2630769387285,52.09655784401563,54.46498868647382,0,75.86313649359762
4,495.1,2451.34312161617,0.17538460262145647,0,0.12560582142274276,0,1283.2630769387285,52.08279162525292,54.45050991699985,0,75.82230577809618
4,495.20000000000005,2446.1355300415307,0.17532568402224746,0,0.09558884918759838,0,1283.2630769387285,52.069040157430805,54.4360467894066,0,75.7815309226097
4,495.3,2440.9293128764257,0.1752668272430827,0,0.07620586775127743,0,1283.2630769387285,52.055303412453355,54.42159927371514,0,75.74081180312884
4,495.40000000000003,2435.724468652159,0.17520803216790412,0,0.1253168906175698,0,1283.2630769387285,52.04158136230669,54.40716734003213,0,75.70014829602395
4,495.5,2430.520995900035,0.17514929868097343,0,0.14232980432305178,0,1283.2630769387285,52.02787397905895,54.39275095854986,0,75.65954027806949
4,495.6,2425.3188931513578,0.17509062666686998,0,0.19584458511522637,0,1283.2630769387285,52.01418123485971,54.37835009954559,0,75.61898762644081
4,495.70000000000005,2420.1181589476764,0.17503201601051277,0,0.23955251652212822,0,1283.2630769387285,52.0005031019392,54.36396473338092,0,75.57849021867295
4,495.8,2414.9187918296084,0.17497346659713484,0,0.1757967951562324,0,1283.2630769387285,51.986839552608565,54.34959483050204,0,75.53804793270324
4,495.90000000000003,2409.720790337771,0.17491497831228314,0,0.1635125857037427,0,1283.2630769387285,51.97319055925931,54.33524036143917,0,75.49766064686509
4,496,2404.524153020233,0.17485655104183426,0,0.12590827212996358,0,1283.2630769387285,51.95955609436257,54.320901296805914,0,75.45732823985728
4,496.1,2399.3288784222677,0.17479818467196975,0,0.06975253325410763,0,1283.2630769387285,51.945936130469086,54.306577607299225,0,75.41705059078164
4,496.20000000000005,2394.134965095669,0.17473987908919544,0,0.10142259361687006,0,1283.2630769387285,51.93233064020831,54.292269263698586,0,75.37682757910467
4,496.3,2388.942411596887,0.1746816341803371,0,0.17841174933424875,0,1283.2630769387285,51.918739596288475,54.2779762368661,0,75.33665908466459
4,496.40000000000003,2383.751216479577,0.17462344983252187,0,0.09823177280188673,0,1283.2630769387285,51.90516297149635,54.263698497746205,0,75.29654498769754
4,496.5,2378.5613783076406,0.1745653259332062,0,0.09240261812418904,0,1283.2630769387285,51.891600738696376,54.24943601736489,0,75.25648516878566
4,496.6,2373.372895640321,0.17450726237014172,0,0.12332858086794271,0,1283.2630769387285,51.878052870830935,54.23518876683001,0,75.21647950891335
4,496.70000000000005,2368.1857670443133,0.17444925903140007,0,0.16761916948985398,0,1283.2630769387285,51.86451934091931,54.2209567173302,0,75.17652788941768
4,496.8,2362.9999910825863,0.17439131580534728,0,0.19669376358308371,0,1283.2630769387285,51.85100012205787,54.20673984013515,0,75.1366301920305
4,496.90000000000003,2357.815566330217,0.17433343258067724,0,0.2411663350397833,0,1283.2630769387285,51.837495187418924,54.19253810659445,0,75.09678629881472
4,497,2352.6324913604185,0.1742756092463809,0,0.2832664417161812,0,1283.2630769387285,51.82400451025139,54.1783514881383,0,75.05699609221901
4,497.1,2347.450764745474,0.1742178456917458,0,0.23002614232394117,0,1283.2630769387285,51.81052806388004,54.16417995627669,0,75.01725945507032
4,497.20000000000005,2342.2703850641847,0.1741601418063712,0,0.21483903569744053,0,1283.2630769387285,51.79706582170469,54.15002348259878,0,74.97757627054357
4,497.3,2337.0913509009406,0.1741024974801656,0,0.17890461442423786,0,1283.2630769387285,51.78361775720021,54.13588203877279,0,74.93794642216443
4,497.40000000000003,2331.9136608345434,0.17404491260332067,0,0.12194087562859518,0,1283.2630769387285,51.77018384391662,54.12175559654612,0,74.89836979385082
4,497.5,2326.737313453108,0.17398738706634234,0,0.11852182849043102,0,1283.2630769387285,51.75676405547782,54.10764412774417,0,74.8588462698527
4,497.6,2321.562307345681,0.17392992076003175,0,0.15963356920268248,0,1283.2630769387285,51.743358365581926,54.09354760427064,0,74.81937573478396
4,497.70000000000005,2316.388641103171,0.1738725135754861,0,0.1463413460601427,0,1283.2630769387285,51.72996674800079,54.07946599810706,0,74.77995807361684
4,497.8,2311.2163133192807,0.17381516540409947,0,0.0898121208158272,0,1283.2630769387285,51.71658917657962,54.06539928131249,0,74.74059317167688
4,497.90000000000003,2306.0453225933015,0.17375787613756777,0,0.048651717519707524,0,1283.2630769387285,51.70322562523661,54.05134742602306,0,74.70128091463063
4,498,2300.8756675207987,0.17370064566786703,0,0.1109753414391381,0,1283.2630769387285,51.689876067962864,54.037310404452,0,74.66202118851955
4,498.1,2295.707346708514,0.17364347388728532,0,0.13412982852965988,0,1283.2630769387285,51.67654047882161,54.02328818888882,0,74.62281387970182
4,498.20000000000005,2290.5403587557375,0.17358636068838032,0,0.16434116950135774,0,1283.2630769387285,51.66321883194853,54.00928075169968,0,74.58365887492181
4,498.3,2285.374702271074,0.1735293059640147,0,0.21306956033218163,0,1283.2630769387285,51.64991110155061,53.995288065326214,0,74.54455606124355
4,498.40000000000003,2280.210375867784,0.17347230960734586,0,0.17467230464035852,0,1283.2630769387285,51.63661726190641,53.98131010228586,0,74.50550532606901
4,498.5,2275.047378152609,0.17341537151179953,0,0.13662815368223022,0,1283.2630769387285,51.62333728736598,53.967346835171725,0,74.46650655717795
4,498.6,2269.885707744397,0.17335849157110925,0,0.10520493013636424,0,1283.2630769387285,51.610071152349605,53.95339823665141,0,74.42755964265493
4,498.70000000000005,2264.7253632592037,0.17330166967928343,0,0.09324463483478584,0,1283.2630769387285,51.59681883134852,53.939464279467664,0,74.38866447094604
4,498.8,2259.5663433140144,0.17324490573061152,0,0.08516796778977544,0,1283.2630769387285,51.583580298923984,53.925544936437554,0,74.34982093084169
4,498.90000000000003,2254.4086465379223,0.17318819961968823,0,0.1579480179010245,0,1283.2630769387285,51.57035552970693,53.91164018045202,0,74.31102891143381
4,499,2249.252271551639,0.17313155124136764,0,0.14357096434551278,0,1283.2630769387285,51.557144498398486,53.89774998447647,0,74.27228830219269
4,499.1,2244.0972169796005,0.17307496049078724,0,0.06203984049283183,0,1283.2630769387285,51.54394717976869,53.88387432154949,0,74.23359899291717
4,499.20000000000005,2238.9434814564884,0.17301842726338204,0,0.02369137620671983,0,1283.2630769387285,51.53076354865627,53.870013164782634,0,74.19496087371004
4,499.3,2233.7910636132583,0.17296195145485366,0,0.07726920857094911,0,1283.2630769387285,51.51759357996907,53.85616648736087,0,74.15637383503037
4,499.40000000000003,2228.6399620855227,0.17290553296118683,0,0.10699076726224893,0,1283.2630769387285,51.504437248683296,53.84233426254177,0,74.11783776765937
4,499.5,2223.490175508894,0.172849171678638,0,0.14776094531407954,0,1283.2630769387285,51.49129452984326,53.828516463655326,0,74.07935256271635
4,499.6,2218.341702525504,0.17279286750374898,0,0.19115762360573457,0,1283.2630769387285,51.478165398560996,53.81471306410354,0,74.04091811163325
4,499.70000000000005,2213.1945417756215,0.1727366203333273,0,0.16112268052979764,0,1283.2630769387285,51.46504983001624,53.800924037360396,0,74.00253430618436
4,499.8,2208.048691908829,0.17268043006446998,0,0.1274299511540235,0,1283.2630769387285,51.4519477994558,53.7871493569713,0,73.96420103844389
4,499.90000000000003,2202.904151567258,0.17262429659452597,0,0.10097269968754588,0,1283.2630769387285,51.43885928219394,53.77338899655337,0,73.92591820084687
4,500,2197.7609194023535,0.17256821982113035,0,0.08051024651819282,0,1283.2630769387285,51.42578425361113,53.759642929794246,0,73.8876856861238
4,500.1,2192.618994067423,0.17251219964218875,0,0.05826053096733879,0,1283.2630769387285,51.41272268915436,53.74591113045245,0,73.8495033873289
4,500.20000000000005,2187.478374218568,0.17245623595587795,0,0.12475001196494717,0,1283.2630769387285,51.399674564336934,53.73219357235706,0,73.811371197835
4,500.3,2182.339058510028,0.17240032866063437,0,0.12871284849679077,0,1283.2630769387285,51.38663985473818,53.71849022940752,0,73.77328901134923
4,500.40000000000003,2177.2010456034914,0.17234447765517352,0,0.07613630419278862,0,1283.2630769387285,51.37361853600274,53.70480107557295,0,73.73525672187672
4,500.5,2172.0643341606483,0.17228868283847273,0,0.05957662353966799,0,1283.2630769387285,51.360610583840845,53.691126084892275,0,73.69727422374736
4,500.6,2166.928922845982,0.17223294410977638,0,0.12489730791183064,0,1283.2630769387285,51.34761597402766,53.677465231473775,0,73.65934141160395
4,500.70000000000005,2161.7948103277013,0.17217726136859696,0,0.14722440964392758,0,1283.2630769387285,51.334634682403255,53.6638184894949,0,73.62145818039774
4,500.8,2156.6619952730834,0.1721216345147039,0,0.15768034261556585,0,1283.2630769387285,51.3216666848724,53.650185833202094,0,73.58362442540417
4,500.90000000000003,2151.530476355925,0.17206606344813866,0,0.19890157707969006,0,1283.2630769387285,51.30871195740387,53.6365672369102,0,73.54584004219363
4,501,2146.400252249092,0.17201054806919794,0,0.1736438194017986,0,1283.2630769387285,51.29577047603077,53.62296267500265,0,73.50810492665848
4,501.1,2141.2713216282427,0.1719550882784402,0,0.1749306110992343,0,1283.2630769387285,51.28284221684981,53.609372121930804,0,73.470418974997
4,501.20000000000005,2136.143683171831,0.17189968397668487,0,0.15877901881499548,0,1283.2630769387285,51.26992715602116,53.59579555221383,0,73.43278208371252
4,501.3,2131.0173355629668,0.17184433506501598,0,0.10606180863549629,0,1283.2630769387285,51.25702526976826,53.58223294043844,0,73.39519414960566
4,501.40000000000003,2125.8922774866223,0.17178904144477516,0,0.09195198686929773,0,1283.2630769387285,51.24413653437769,53.5686842612588,0,73.35765506978356
4,501.5,2120.7685076259077,0.1717338030175523,0,0.09666712795112731,0,1283.2630769387285,51.23126092619898,53.55514948939636,0,73.32016474167217
4,501.6,2115.6460246695206,0.17167861968520037,0,0.070965734249854,0,1283.2630769387285,51.21839842164389,53.541628599639125,0,73.28272306298669
4,501.70000000000005,2110.524827311747,0.1716234913498353,0,0.15179101071981105,0,1283.2630769387285,51.20554899718649,53.528121566841634,0,73.24532993173135
4,501.8,2105.404914241284,0.1715684179138106,0,0.11093309954099403,0,1283.2630769387285,51.19271262936326,53.514628365925184,0,73.20798524623945
4,501.90000000000003,2100.2862841580063,0.17151339927975257,0,0.07957756815349121,0,1283.2630769387285,51.17988929477201,53.50114897187673,0,73.17068890510956
4,502,2095.168935758993,0.1714584353505297,0,0.06515876045057536,0,1283.2630769387285,51.16707897007259,53.48768335974948,0,73.13344080725705
4,502.1,2090.0528677403927,0.17140352602925468,0,0.0776345645925029,0,1283.2630769387285,51.154281631986024,53.474231504662164,0,73.09624085190417
4,502.20000000000005,2084.938078810461,0.17134867121931277,0,0.10730568239676402,0,1283.2630769387285,51.1414972572941,53.46079338179859,0,73.05908893853231
4,502.3,2079.824567670934,0.1712938708243202,0,0.09570840656916027,0,1283.2630769387285,51.128725822839975,53.44736896640811,0,73.02198496694918
4,502.40000000000003,2074.7123330272734,0.17123912474814532,0,0.10619513103552218,0,1283.2630769387285,51.11596730552716,53.4339582338048,0,72.98492883724896
4,502.5,2069.601373590529,0.17118443289491136,0,0.10615342740965293,0,1283.2630769387285,51.103221682319344,53.42056115936715,0,72.94792044980481
4,502.6,2064.491688074544,0.17112979516899102,0,0.06127253567403905,0,1283.2630769387285,51.09048893024056,53.40717771853831,0,72.91095970527896
4,502.70000000000005,2059.383275189437,0.17107521147498997,0,0.061769288321091485,0,1283.2630769387285,51.077769026375,53.39380788682571,0,72.87404650464426
4,502.8,2054.276133653708,0.17102068171777263,0,0.08637954927773861,0,1283.2630769387285,51.06506194786613,53.38045163980048,0,72.8371807491387
4,502.90000000000003,2049.1702621877193,0.17096620580244773,0,0.12044790386935977,0,1283.2630769387285,51.05236767191709,53.36710895309757,0,72.80036234028908
4,503,2044.0656595090404,0.17091178363435683,0,0.2049513460956697,0,1283.2630769387285,51.03968617579045,53.353779802415644,0,72.76359117992621
4,503.1,2038.9623243408278,0.17085741511909122,0,0.1572808442715429,0,1283.2630769387285,51.02701743680751,53.34046416351631,0,72.7268671701524
4,503.20000000000005,2033.8602554108948,0.17080310016248984,0,0.12641644957230314,0,1283.2630769387285,51.014361432348345,53.3271620122242,0,72.69019021334503
4,503.3,2028.7594514442608,0.17074883867062216,0,0.09771524884556375,0,1283.2630769387285,51.00171813985186,53.313873324427,0,72.65356021218223
4,503.40000000000003,2023.6599111715332,0.1706946305498048,0,0.05759600513746964,0,1283.2630769387285,50.989087536815035,53.300598076074685,0,72.6169770696104
4,503.5,2018.5616333289072,0.17064047570660212,0,0.0770776527165914,0,1283.2630769387285,50.976469600793116,53.28733624317972,0,72.58044068884506
4,503.6,2013.4646166460589,0.17058637404779817,0,0.08325084149879565,0,1283.2630769387285,50.96386430939959,53.274087801817004,0,72.54395097341212
4,503.70000000000005,2008.3688598619774,0.17053232548042987,0,0.12430594307407747,0,1283.2630769387285,50.951271640305286,53.260852728122934,0,72.50750782708933
4,503.8,2003.2743617137894,0.17047832991176262,0,0.11741267803051508,0,1283.2630769387285,50.9386915712387,53.247630998295854,0,72.47111115394625
4,503.90000000000003,1998.1811209442094,0.1704243872493052,0,0.12223052705664873,0,1283.2630769387285,50.926124079985456,53.23442258859535,0,72.43476085831577
4,504,1993.0891362978145,0.17037049740080148,0,0.05325494725380887,0,1283.2630769387285,50.91356914438842,53.22122747534245,0,72.39845684480736
4,504.1,1987.9984065145254,0.17031666027421472,0,0.060739748569140946,0,1283.2630769387285,50.90102674234743,53.20804563491931,0,72.36219901832817
4,504.20000000000005,1982.908930350095,0.1702628757777714,0,0.15862853284110567,0,1283.2630769387285,50.88849685181846,53.1948770437684,0,72.325987284009
4,504.3,1977.8207065481693,0.17020914381990082,0,0.22176629550267862,0,1283.2630769387285,50.8759794508147,53.181721678393544,0,72.28982154730438
4,504.40000000000003,1972.7337338626385,0.1701554643092808,0,0.19329854727297943,0,1283.2630769387285,50.863474517404946,53.16857951535833,0,72.25370171390917
4,504.5,1967.6480110492557,0.1701018371548205,0,0.14834817415024298,0,1283.2630769387285,50.85098202971425,53.155450531286725,0,72.21762768978955
4,504.6,1962.5635368619114,0.17004826226565073,0,0.12299665848094217,0,1283.2630769387285,50.83850196592361,53.14233470286279,0,72.18159938119464
4,504.70000000000005,1957.4803100610152,0.16999473955114122,0,0.10825792858149849,0,1283.2630769387285,50.82603430426942,53.12923200683005,0,72.14561669462483
4,504.8,1952.398329407908,0.16994126892088857,0,0.08827586398203062,0,1283.2630769387285,50.813579023043694,53.116142419991824,0,72.10967953685224
4,504.90000000000003,1947.3175936620682,0.16988785028470832,0,0.12379265461444783,0,1283.2630769387285,50.80113610059367,53.10306591921072,0,72.07378781492787
4,505,1942.2381015922874,0.1698344835526588,0,0.172751989141026,0,1283.2630769387285,50.78870551532134,53.09000248140821,0,72.03794143614168
4,505.1,1937.1598519654945,0.16978116863501685,0,0.1650848569297907,0,1283.2630769387285,50.77628724568385,53.076952083565,0,72.00214030806188
4,505.20000000000005,1932.0828435523435,0.16972790544228872,0,0.16202739371552455,0,1283.2630769387285,50.763881270192954,53.06391470272046,0,71.96638433851368
4,505.3,1927.0070751216263,0.16967469388519685,0,0.09070876472065549,0,1283.2630769387285,50.751487567414976,53.050890315972616,0,71.93067343559775
4,505.40000000000003,1921.9325454495847,0.1696215338746993,0,0.03448652924214236,0,1283.2630769387285,50.73910611597019,53.037878900477494,0,71.89500750765592
4,505.5,1916.8592533133924,0.16956842532197558,0,0.14526184048489765,0,1283.2630769387285,50.72673689453316,53.024880433449454,0,71.85938646329446
4,505.6,1911.78719748836,0.16951536813841944,0,0.20520119149414384,0,1283.2630769387285,50.71437988183248,53.01189489216093,0,71.82381021139234
4,505.70000000000005,1906.7163767544553,0.16946236223565148,0,0.19376503391239447,0,1283.2630769387285,50.702035056650125,52.99892225394176,0,71.78827866107623
4,505.8,1901.6467898953706,0.16940940752551722,0,0.1783422935697237,0,1283.2630769387285,50.68970239782154,52.98596249617927,0,71.75279172172375
4,505.90000000000003,1896.5784356938675,0.16935650392007617,0,0.17258513445424573,0,1283.2630769387285,50.6773818842356,52.97301559631824,0,71.71734930297907
4,506,1891.5113129392266,0.16930365133161732,0,0.15688919320605477,0,1283.2630769387285,50.66507349483416,52.96008153186044,0,71.68195131472548
4,506.1,1886.4454204151407,0.16925084967263174,0,0.15310034848115708,0,1283.2630769387285,50.652777208612214,52.94716028036472,0,71.64659766712666
4,506.20000000000005,1881.3807569192722,0.16919809885585452,0,0.1910928887318945,0,1283.2630769387285,50.640493004617056,52.93425181944628,0,71.61128827055742
4,506.3,1876.3173212371767,0.16914539879420812,0,0.21761415961306918,0,1283.2630769387285,50.62822086194923,52.92135612677746,0,71.5760230356948
4,506.40000000000003,1871.2551121683791,0.1690927494008566,0,0.2178805769027521,0,1283.2630769387285,50.61596075976092,52.90847318008627,0,71.54080187342383
4,506.5,1866.1941285105422,0.1690401505891725,0,0.19864998177464585,0,1283.2630769387285,50.6037126772569,52.89560295715724,0,71.50562469489446
4,506.6,1861.1343690603971,0.16898760227273713,0,0.15167936008951616,0,1283.2630769387285,50.591476593694125,52.882745435830984,0,71.47049141151629
4,506.70000000000005,1856.0758326211944,0.16893510436535597,0,0.08534076777708816,0,1283.2630769387285,50.579252488381066,52.86990059400362,0,71.4354019349309
4,506.8,1851.018517991528,0.16888265678103362,0,0.03371808361714804,0,1283.2630769387285,50.567040340678105,52.85706840962703,0,71.40035617705054
4,506.90000000000003,1845.9624239820987,0.16883025943400934,0,0.07584056540418654,0,1283.2630769387285,50.55484012999657,52.844248860708056,0,71.36535404999823
4,507,1840.9075493961573,0.1687779122387151,0,0.15185512250386782,0,1283.2630769387285,50.54265183579971,52.83144192530924,0,71.33039546617633
4,507.1,1835.853893045336,0.16872561510980766,0,0.10866765695801259,0,1283.2630769387285,50.530475437601396,52.81864758154774,0,71.29548033820885
4,507.20000000000005,1830.8014537394047,0.16867336796214666,0,0.05532303990458493,0,1283.2630769387285,50.51831091496674,52.805865807595744,0,71.26060857897734
4,507.3,1825.7502302946523,0.16862117071081187,0,0.08519534730763866,0,1283.2630769387285,50.50615824751143,52.79309658167995,0,71.22578010159043
4,507.40000000000003,1820.7002215245739,0.16856902327108267,0,0.10366000060554544,0,1283.2630769387285,50.49401741490201,52.78033988208175,0,71.19099481941579
4,507.5,1815.6514262454584,0.16851692555844855,0,0.09499900993126364,0,1283.2630769387285,50.481888396855304,52.76759568713664,0,71.1562526460587
4,507.6,1810.603843279183,0.16846487748861477,0,0.13369645706732178,0,1283.2630769387285,50.46977117313817,52.75486397523403,0,71.12155349535192
4,507.70000000000005,1805.557471446693,0.16841287897748847,0,0.12027436950316327,0,1283.2630769387285,50.45766572356784,52.74214472481749,0,71.08689728137819
4,507.8,1800.5123095726594,0.16836092994118726,0,0.1146461816722913,0,1283.2630769387285,50.44557202801138,52.72943791438427,0,71.05228391845276
4,507.90000000000003,1795.4683564798906,0.16830903029602656,0,0.0576413638169247,0,1283.2630769387285,50.433490066385694,52.71674352248524,0,71.01771332114137
4,508,1790.4256109995767,0.16825717995854106,0,0.04397462430399312,0,1283.2630769387285,50.42141981865699,52.704061527724384,0,70.98318540422422
4,508.1,1785.3840719591826,0.16820537884545808,0,0.12119037567404173,0,1283.2630769387285,50.409361264841166,52.691391908759165,0,70.94870008273732
4,508.20000000000005,1780.3437381880358,0.1681536268737086,0,0.11554837939399701,0,1283.2630769387285,50.39731438500325,52.678734644299915,0,70.91425727195144
4,508.3,1775.3046085257083,0.16810192396044482,0,0.1727782667334058,0,1283.2630769387285,50.385279159257045,52.666089713109535,0,70.87985688734295
4,508.40000000000003,1770.2666818005964,0.16805027002299405,0,0.10870715537768406,0,1283.2630769387285,50.37325556776588,52.653457094004175,0,70.84549884466726
4,508.5,1765.2299568550661,0.16799866497891064,0,0.04885579040102864,0,1283.2630769387285,50.36124359074108,52.640836765851816,0,70.81118305986989
4,508.6,1760.1944325277582,0.16794710874593885,0,0.09371550474517805,0,1283.2630769387285,50.34924320844306,52.62822870757309,0,70.77690944914805
4,508.70000000000005,1755.16010766197,0.1678956012420299,0,0.1470568671747618,0,1283.2630769387285,50.337254401180516,52.615632898140795,0,70.74267792892077
4,508.8,1750.1269810972735,0.16784414238532283,0,0.10436064884496059,0,1283.2630769387285,50.32527714931064,52.60304931657982,0,70.70848841585632
4,508.90000000000003,1745.0950516825542,0.1677927320941715,0,0.10599621443029225,0,1283.2630769387285,50.313311433238255,52.59047794196645,0,70.67434082682605
4,509,1740.064318260178,0.1677413702871107,0,0.09423983591346947,0,1283.2630769387285,50.301357233416496,52.57791875342891,0,70.64023507895871
4,509.1,1735.0347796855494,0.16769005688289707,0,0.08390306792801712,0,1283.2630769387285,50.289414530345795,52.56537173014647,0,70.60617108957224
4,509.20000000000005,1730.006434807554,0.1676387918004673,0,0.0845970069911639,0,1283.2630769387285,50.27748330457472,52.552836851350136,0,70.57214877624095
4,509.3,1724.9792824778706,0.16758757495895665,0,0.11026523304812934,0,1283.2630769387285,50.26556353669916,52.540314096321914,0,70.5381680567614
4,509.40000000000003,1719.9533215537667,0.16753640627770408,0,0.16025892056498459,0,1283.2630769387285,50.25365520736206,52.5278034443945,0,70.50422884914231
4,509.5,1714.9285508906469,0.1674852856762367,0,0.151978676068787,0,1283.2630769387285,50.241758297253774,52.51530487495167,0,70.47033107163001
4,509.6,1709.9049693485722,0.16743421307428213,0,0.18188894337915767,0,1283.2630769387285,50.229872787111475,52.50281836742759,0,70.43647464268446
4,509.70000000000005,1704.8825757885352,0.16738318839176036,0,0.08798211740094167,0,1283.2630769387285,50.217998657719214,52.490343901306936,0,70.40265948099159
4,509.8,1699.8613690743223,0.1673322115487873,0,0.07521139370019118,0,1283.2630769387285,50.20613588990775,52.477881456124685,0,70.36888550545632
4,509.90000000000003,1694.84134806972,0.16728128246566804,0,0.11100849324180415,0,1283.2630769387285,50.19428446455449,52.46543101146605,0,70.3351526352113
4,510,1689.82251164224,0.16723040106290388,0,0.2016541783521651,0,1283.2630769387285,50.18244436258307,52.45299254696604,0,70.30146078960273
4,510.1,1684.8048586584628,0.16717956726118205,0,0.16941481442367898,0,1283.2630769387285,50.17061556496343,52.44056604230958,0,70.26780988820609
4,510.20000000000005,1679.788387991488,0.16712878098139086,0,0.13853148188832526,0,1283.2630769387285,50.158798052711425,52.428151477231005,0,70.2341998507994
4,510.3,1674.7730985097587,0.16707804214459518,0,0.15461619155612255,0,1283.2630769387285,50.14699180688902,52.41574883151432,0,70.20063059740076
4,510.40000000000003,1669.758989092894,0.16702735067206995,0,0.1377258270332544,0,1283.2630769387285,50.13519680860364,52.40335808499256,0,70.16710204821406
4,510.5,1664.746058613062,0.16697670648525992,0,0.10563053616716951,0,1283.2630769387285,50.12341303900876,52.39097921754829,0,70.13361412369134
4,510.6,1659.7343059498817,0.16692610950581024,0,0.11325634389628496,0,1283.2630769387285,50.111640479303006,52.37861220911277,0,70.10016674448099
4,510.70000000000005,1654.7237299829721,0.16687555965555043,0,0.16883681771935719,0,1283.2630769387285,50.09987911073043,52.366257039666166,0,70.06675983145259
4,510.8,1649.714329593815,0.16682505685649757,0,0.11712267205850795,0,1283.2630769387285,50.08812891458027,52.3539136892373,0,70.03339330568973
4,510.90000000000003,1644.7061036666855,0.16677460103085787,0,0.1304733495410609,0,1283.2630769387285,50.076389872186766,52.34158213790352,0,70.00006708848632
4,511,1639.6990510867909,0.16672419210102202,0,0.061841070195344905,0,1283.2630769387285,50.06466196492906,52.32926236579051,0,69.96678110135178
4,511.1,1634.693170743063,0.16667382998957064,0,0.08154523233180022,0,1283.2630769387285,50.05294517423105,52.31695435307216,0,69.93353526600137
4,511.20000000000005,1629.688461523503,0.166623514619264,0,0.1435158021658885,0,1283.2630769387285,50.04123948156133,52.30465807997056,0,69.90032950437094
4,511.3,1624.6849223189056,0.16657324591304873,0,0.2267486097754407,0,1283.2630769387285,50.02954486843287,52.29237352675555,0,69.86716373860313
4,511.40000000000003,1619.6825520200655,0.16652302379405107,0,0.20802080810945883,0,1283.2630769387285,50.01786131640285,52.28010067374461,0,69.8340378910556
4,511.5,1614.6813495252281,0.1664728481855932,0,0.19304015212888362,0,1283.2630769387285,50.006188807072526,52.267839501302745,0,69.80095188427669
4,511.6,1609.6813137317076,0.1664227190111746,0,0.20823184772586673,0,1283.2630769387285,49.99452732208743,52.25558998984259,0,69.76790564103256
4,511.70000000000005,1604.6824435377494,0.1663726361944755,0,0.1957802982008687,0,1283.2630769387285,49.98287684313701,52.24335211982414,0,69.73489908429994
4,511.8,1599.6847378415987,0.16632259965935375,0,0.16374204775921333,0,1283.2630769387285,49.97123735195451,52.23112587175451,0,69.70193213726817
4,511.90000000000003,1594.6881955461577,0.1662726093298542,0,0.15635800960205545,0,1283.2630769387285,49.959608830316554,52.21891122618761,0,69.66900472332264
4,512,1589.6928155543283,0.1662226651301983,0,0.17775723000243335,0,1283.2630769387285,49.94799126004328,52.20670816372421,0,69.63611676605996
4,512.1,1584.6985967727378,0.16617276698479166,0,0.11667694311037101,0,1283.2630769387285,49.93638462299813,52.19451666501169,0,69.60326818927493
4,512.2,1579.7055381098762,0.1661229148182199,0,0.09515283956861022,0,1283.2630769387285,49.92478890108772,52.18233671074404,0,69.57045891696636
4,512.3000000000001,1574.7136384714395,0.16607310855523716,0,0.12137119582365247,0,1283.2630769387285,49.91320407626186,52.17016828166166,0,69.5376888733509
4,512.4,1569.7228967752308,0.16602334812079833,0,0.0854476413039047,0,1283.2630769387285,49.90163013051295,52.15801135855094,0,69.50495798281383
4,512.5,1564.7333119306713,0.1659736334400151,0,0.09649336915167829,0,1283.2630769387285,49.89006704587675,52.14586592224487,0,69.47226616997678
4,512.6,1559.744882851839,0.1659239644381817,0,0.16504321361396626,0,1283.2630769387285,49.87851480443132,52.133731953622096,0,69.43961335965189
4,512.7,1554.7576084546745,0.16587434104076923,0,0.12243155718193054,0,1283.2630769387285,49.866973388297204,52.12160943360698,0,69.40699947685125
4,512.8000000000001,1549.7714876597747,0.16582476317343092,0,0.13506219548199697,0,1283.2630769387285,49.85544277963724,52.10949834316947,0,69.37442444677723
4,512.9,1544.786519384943,0.16577523076198625,0,0.12853968509135377,0,1283.2630769387285,49.8439229606567,52.09739866332524,0,69.34188819484646
4,513,1539.8027025535703,0.1657257437324376,0,0.12415345125922168,0,1283.2630769387285,49.832413913602835,52.08531037513513,0,69.3093906466611
4,513.1,1534.8200360881165,0.16567630201095582,0,0.1271237376905846,0,1283.2630769387285,49.82091562076487,52.07323345970525,0,69.27693172802954
4,513.2,1529.8385189166293,0.16562690552389434,0,0.10565109671568909,0,1283.2630769387285,49.80942806447387,52.06116789818675,0,69.24451136494498
4,513.3000000000001,1524.8581499643624,0.16557755419777045,0,0.15068235812967218,0,1283.2630769387285,49.7979512271028,52.04911367177594,0,69.21212948361207
4,513.4,1519.878928160295,0.1655282479592781,0,0.07106746760840683,0,1283.2630769387285,49.78648509106606,52.03707076171372,0,69.17978601042412
4,513.5,1514.900852437131,0.1654789867352879,0,0.08241716008498964,0,1283.2630769387285,49.77502963881946,52.02503914928565,0,69.1474808719631
4,513.6,1509.9239217257127,0.16542977045283488,0,0.14767712995445906,0,1283.2630769387285,49.763584852860376,52.01301881582196,0,69.11521399501729
4,513.7,1504.9481349624693,0.1653805990391333,0,0.07584229997171439,0,1283.2630769387285,49.752150715727126,52.00100974269711,0,69.08298530655581
4,513.8000000000001,1499.9734910801053,0.16533147242155666,0,0.06157426795203025,0,1283.2630769387285,49.74072720999937,51.989011911329996,0,69.05079473375882
4,513.9,1494.9999890150502,0.16528239052765223,0,0.1401615492988028,0,1283.2630769387285,49.72931431829737,51.9770253031833,0,69.01864220399109
4,514,1490.0276277093217,0.165233353285145,0,0.09872206248418909,0,1283.2630769387285,49.717912023282075,51.96504989976355,0,68.98652764479662
4,514.1,1485.0564061058685,0.165184360621928,0,0.12716347166029648,0,1283.2630769387285,49.70652030765537,51.9530856826213,0,68.95445098391363
4,514.2,1480.0863231439143,0.16513541246605173,0,0.12580055712561,0,1283.2630769387285,49.69513915415987,51.941132633351,0,68.92241214928859
4,514.3000000000001,1475.11737777479,0.16508650874575606,0,0.12514389022996064,0,1283.2630769387285,49.68376854557821,51.92919073359024,0,68.8904110690235
4,514.4,1470.1495689367875,0.16503764938941834,0,0.12083753838935136,0,1283.2630769387285,49.672408464734026,51.917259965020676,0,68.85844767145821
4,514.5,1465.1828955821693,0.16498883432560743,0,0.08875166713380284,0,1283.2630769387285,49.66105889449034,51.90534030936647,0,68.82652188507947
4,514.6,1460.217356659472,0.164940063483048,0,0.11816130979519722,0,1283.2630769387285,49.649719817750615,51.893431748395315,0,68.79463363858036
4,514.7,1455.2529511200264,0.16489133679063284,0,0.055953344737917896,0,1283.2630769387285,49.63839121745816,51.881534263917814,0,68.76278286083732
4,514.8000000000001,1450.28967791982,0.16484265417742666,0,0.08341569370673918,0,1283.2630769387285,49.62707307659602,51.86964783778738,0,68.73096948090374
4,514.9,1445.327536006458,0.1647940155726379,0,0.13197750287233015,0,1283.2630769387285,49.61576537818723,51.85777245190045,0,68.69919342805139
4,515,1440.3665243461728,0.1647454209056746,0,0.0822796076948563,0,1283.2630769387285,49.60446810529369,51.84590808819541,0,68.667454631682
4,515.1,1435.4066418930888,0.16469687010608122,0,0.066732432640863,0,1283.2630769387285,49.593181241017646,51.83405472865397,0,68.63575302142817
4,515.2,1430.4478876059875,0.16464836310357117,0,0.11149573106307258,0,1283.2630769387285,49.581904768500245,51.82221235529981,0,68.60408852709573
4,515.3000000000001,1425.4902604464442,0.1645998998280229,0,0.11273628808141443,0,1283.2630769387285,49.57063867092178,51.810380950198734,0,68.57246107867
4,515.4,1420.533759378828,0.16455148020947968,0,0.14426981731259478,0,1283.2630769387285,49.559382931501545,51.79856049545858,0,68.54087060631548
4,515.5,1415.5783833665773,0.16450310417814154,0,0.17732595860450162,0,1283.2630769387285,49.54813753349789,51.78675097322925,0,68.50931704038727
4,515.6,1410.6241313777864,0.16445477166437608,0,0.1812806848561077,0,1283.2630769387285,49.53690246020793,51.77495236570235,0,68.47780031141221
4,515.7,1405.6710023824126,0.16440648259871277,0,0.15038078728705234,0,1283.2630769387285,49.52567769496759,51.763164655111275,0,68.446320350098
4,515.8000000000001,1400.7189953494817,0.1643582369118363,0,0.132348210768626,0,1283.2630769387285,49.51446322115149,51.75138782373112,0,68.414877087341
4,515.9,1395.7681092498824,0.16431003453459167,0,0.11736063662513695,0,1283.2630769387285,49.503259022172735,51.73962185387837,0,68.38347045421655
4,516,1390.8183430563658,0.16426187539798362,0,0.052935928150590436,0,1283.2630769387285,49.49206508148265,51.7278667279107,0,68.3521003819779
4,516.1,1385.8696957454085,0.16421375943318023,0,0.04240561513134645,0,1283.2630769387285,49.48088138257075,51.71612242822692,0,68.32076680205027
4,516.2,1380.922166293487,0.1641656865715051,0,0.11073302999822757,0,1283.2630769387285,49.469707908964864,51.70438893726704,0,68.28946964604243
4,516.3000000000001,1375.9757536789402,0.16411765674444034,0,0.04232720090420623,0,1283.2630769387285,49.458544644230805,51.692666237511986,0,68.2582088457396
4,516.4,1371.0304568801075,0.1640696698836222,0,0.06860085509127861,0,1283.2630769387285,49.447391571972275,51.68095431148351,0,68.22698433310902
4,516.5,1366.0862748799846,0.16402172592085004,0,0.14243535602096596,0,1283.2630769387285,49.43624867583062,51.66925314174385,0,68.19579604028387
4,516.6,1361.1432066624984,0.16397382478807898,0,0.16696143771467598,0,1283.2630769387285,49.42511593948498,51.65756271089599,0,68.16464389957581
4,516.7,1356.2012512115762,0.1639259664174168,0,0.21152306787730404,0,1283.2630769387285,49.413993346652155,51.64588300158335,0,68.1335278434765
4,516.8000000000001,1351.2604075139388,0.1638781507411294,0,0.23620596930123217,0,1283.2630769387285,49.402880881086254,51.63421399648963,0,68.10244780464826
4,516.9,1346.3206745563075,0.16383037769163442,0,0.24158267422373536,0,1283.2630769387285,49.39177852657875,51.622555678338664,0,68.07140371593195
4,517,1341.3820513300598,0.1637826472015106,0,0.21841789184202073,0,1283.2630769387285,49.38068626695823,51.61090802989432,0,68.04039551033225
4,517.1,1336.4445368219167,0.16373495920347772,0,0.19139175999929742,0,1283.2630769387285,49.36960408609052,51.59927103396048,0,68.00942312104587
4,517.2,1331.5081300297752,0.16368731363042915,0,0.15751528678178692,0,1283.2630769387285,49.35853196787801,51.587644673380495,0,67.97848648141114
4,517.3000000000001,1326.5728299515322,0.16363971041540934,0,0.11261588946082429,0,1283.2630769387285,49.34746989626044,51.576028931037825,0,67.94758552494432
4,517.4,1321.6386355757713,0.16359214949159304,0,0.08643779863621018,0,1283.2630769387285,49.3364178552147,51.564423789855844,0,67.91672018536724
4,517.5,1316.7055459050462,0.16354463079233203,0,0.09439885187318266,0,1283.2630769387285,49.325375828753465,51.552829232796626,0,67.88589039653144
4,517.6,1311.7735599363223,0.16349715425111613,0,0.12351090030466193,0,1283.2630769387285,49.314343800926565,51.54124524286212,0,67.85509609248221
4,517.7,1306.8426766721532,0.1634497198015944,0,0.05648271649370678,0,1283.2630769387285,49.303321755819944,51.52967180309316,0,67.82433720742071
4,517.8000000000001,1301.9128951122984,0.16340232737755822,0,0.04905686626513392,0,1283.2630769387285,49.292309677556105,51.51810889656993,0,67.79361367573098
4,517.9,1296.9842142648995,0.16335497691296344,0,0.10819988714592774,0,1283.2630769387285,49.281307550293455,51.5065565064113,0,67.7629254319435
4,518,1292.0566331315786,0.16330766834189972,0,0.16512743513061853,0,1283.2630769387285,49.2703153582269,51.49501461577537,0,67.73227241078224
4,518.1,1287.1301507223397,0.16326040159862018,0,0.21231025841813855,0,1283.2630769387285,49.259333085586995,51.48348320785863,0,67.70165454711632
4,518.2,1282.2047660462558,0.1632131766175224,0,0.21182766874911138,0,1283.2630769387285,49.24836071664044,51.47196226589646,0,67.67107177598982
4,518.3000000000001,1277.280478110537,0.16316599333314563,0,0.20854903061433636,0,1283.2630769387285,49.237398235689724,51.46045177316274,0,67.64052403262318
4,518.4,1272.357285930775,0.1631188516801912,0,0.14962730550846845,0,1283.2630769387285,49.22644562707273,51.44895171296947,0,67.61001125238053
4,518.5,1267.4351885179058,0.16307175159349616,0,0.10685347637980949,0,1283.2630769387285,49.215502875163246,51.43746206866728,0,67.57953337081098
4,518.6,1262.5141848865896,0.16302469300804887,0,0.13610624872719995,0,1283.2630769387285,49.2045699643703,51.4259828236447,0,67.54909032362038
4,518.7,1257.5942740570754,0.1629776758589935,0,0.12578138155454135,0,1283.2630769387285,49.19364687913824,51.4145139613283,0,67.51868204666617
4,518.8000000000001,1252.675455044955,0.16293070008160843,0,0.16141114096590073,0,1283.2630769387285,49.182733603947,51.4030554651829,0,67.48830847598897
4,518.9,1247.7577268695459,0.16288376561132217,0,0.16765386788577852,0,1283.2630769387285,49.171830123311416,51.39160731871091,0,67.45796954778463
4,519,1242.8410885538906,0.16283687238371372,0,0.08882767658529983,0,1283.2630769387285,49.16093642178135,51.38016950545241,0,67.4276651984045
4,519.1,1237.9255391228944,0.16279002033450846,0,0.06457711854137821,0,1283.2630769387285,49.15005248394174,51.36874200898521,0,67.39739536436112
4,519.2,1233.0110775986686,0.16274320939956782,0,0.1156898574062235,0,1283.2630769387285,49.13917829441259,51.35732481292479,0,67.36715998234187
4,519.3000000000001,1228.0977030051872,0.1626964395148981,0,0.1804746871958469,0,1283.2630769387285,49.12831383784836,51.34591790092383,0,67.33695898919312
4,519.4,1223.1854143710807,0.16264971061665556,0,0.23462074593013357,0,1283.2630769387285,49.11745909893805,51.33452125667207,0,67.30679232191106
4,519.5,1218.274210725911,0.16260302264113932,0,0.2323029966515879,0,1283.2630769387285,49.10661406240526,51.323134863896534,0,67.27665991765386
4,519.6,1213.3640911011025,0.1625563755247925,0,0.22767209627899657,0,1283.2630769387285,49.095778713008045,51.311758706361275,0,67.24656171373762
4,519.7,1208.4550545262173,0.16250976920419402,0,0.1654268158652293,0,1283.2630769387285,49.08495303553893,51.30039276786743,0,67.21649764764771
4,519.8000000000001,1203.5471000345424,0.16246320361606917,0,0.11043704935199614,0,1283.2630769387285,49.074137014824394,51.28903703225268,0,67.1864676570198
4,519.9,1198.6402266640216,0.162416678697292,0,0.14882995513852887,0,1283.2630769387285,49.063330635725066,51.27769148339143,0,67.15647167963785
4,520,1193.734433450736,0.16237019438487152,0,0.14725401914596642,0,1283.2630769387285,49.052533883135794,51.2663561051949,0,67.1265096534536
4,520.1,1188.829719430767,0.16232375061595444,0,0.17311541342819603,0,1283.2630769387285,49.041746741985364,51.2550308816108,0,67.09658151657977
4,520.2,1183.9260836485773,0.16227734732784255,0,0.17917212652476236,0,1283.2630769387285,49.03096919723619,51.24371579662301,0,67.06668720726385
4,520.3000000000001,1179.0235251411796,0.16223098445795975,0,0.1112709843631207,0,1283.2630769387285,49.020201233884826,51.23241083425209,0,67.03682666393699
4,520.4,1174.122042951174,0.16218466194387768,0,0.06358916949856101,0,1283.2630769387285,49.00944283696109,51.221115978554465,0,67.00699982517183
4,520.5,1169.22163612023,0.16213837972330225,0,0.09981654911820088,0,1283.2630769387285,48.99869399152837,51.20983121362261,0,66.97720662970274
4,520.6,1164.3223037002608,0.16209213773409645,0,0.13192064383762628,0,1283.2630769387285,48.98795468268322,51.19855652358469,0,66.94744701639115
4,520.7,1159.4240447347984,0.16204593591424246,0,0.16938297908493413,0,1283.2630769387285,48.97722489555611,51.18729189260533,0,66.91772092428347
4,520.8000000000001,1154.526858269237,0.1619997742018606,0,0.1783949769555842,0,1283.2630769387285,48.96650461531044,51.17603730488455,0,66.88802829257669
4,520.9,1149.6307433582842,0.16195365253522487,0,0.17948655228593421,0,1283.2630769387285,48.95579382714242,51.16479274465773,0,66.85836906059606
4,521,1144.7356990538538,0.16190757085273896,0,0.16171643035936067,0,1283.2630769387285,48.945092516281775,51.15355819619622,0,66.82874316783315
4,521.1,1139.8417244069278,0.1618615290929384,0,0.15973718570215079,0,1283.2630769387285,48.93440066799119,51.1423336438068,0,66.79915055393822
4,521.2,1134.9488184740767,0.16181552719450365,0,0.10568845419750215,0,1283.2630769387285,48.92371826756598,51.131119071831385,0,66.76959115869961
4,521.3000000000001,1130.0569803062826,0.16176956509623686,0,0.07139867135150114,0,1283.2630769387285,48.91304530033447,51.11991446464732,0,66.74006492207788
4,521.4,1125.1662089657038,0.16172364273709547,0,0.054984419964996305,0,1283.2630769387285,48.90238175165713,51.10871980666662,0,66.71057178415329
4,521.5,1120.2765035079792,0.16167776005615656,0,0.10876463591709731,0,1283.2630769387285,48.89172760692746,51.097535082336705,0,66.68111168518072
4,521.6,1115.3878629989922,0.16163191699265014,0,0.05387580146098075,0,1283.2630769387285,48.8810828515711,51.08636027613965,0,66.65168456553742
4,521.7,1110.500286495313,0.1615861134859194,0,0.12665571489684713,0,1283.2630769387285,48.870447471046596,51.07519537259278,0,66.62229036578256
4,521.8000000000001,1105.6137730618939,0.1615403494754551,0,0.18417252086890434,0,1283.2630769387285,48.85982145084431,51.06404035624773,0,66.59292902660154
4,521.9,1100.7283217618242,0.16149462490087538,0,0.19243384901853672,0,1283.2630769387285,48.8492047764869,51.052895211690824,0,66.56360048883761
4,522,1095.8439316619188,0.16144893970193616,0,0.2284382846177288,0,1283.2630769387285,48.83859743352902,51.04175992354278,0,66.53430469347403
4,522.1,1090.9606018317863,0.16140329381852972,0,0.23147836608619038,0,1283.2630769387285,48.82799940755738,51.030634476458786,0,66.5050415816372
4,522.2,1086.0783313382417,0.1613576871906723,0,0.24200905377343152,0,1283.2630769387285,48.81741068419071,51.01951885512845,0,66.47581109461265
4,522.3000000000001,1081.1971192546189,0.16131211975852291,0,0.23168172357819364,0,1283.2630769387285,48.806831249079444,51.00841304427544,0,66.44661317381629
4,522.4,1076.316964648664,0.1612665914623582,0,0.24233839292998852,0,1283.2630769387285,48.79626108790595,50.997317028657754,0,66.41744776083075
4,522.5,1071.4378665983677,0.161221102242604,0,0.18121210210113037,0,1283.2630769387285,48.785700186383856,50.98623079306701,0,66.3883147973565
4,522.6,1066.5598241761327,0.16117565203980383,0,0.12410282866143274,0,1283.2630769387285,48.77514853025876,50.97515432232915,0,66.35921422526039
4,522.7,1061.682836458087,0.1611302407946361,0,0.06655798113069769,0,1283.2630769387285,48.76460610530751,50.964087601303724,0,66.33014598654582
4,522.8000000000001,1056.8069025203586,0.1610848684479065,0,0.06520139955898467,0,1283.2630769387285,48.75407289733823,50.95303061488393,0,66.30111002336362
4,522.9,1051.9320214446634,0.1610395349405596,0,0.09015382372767919,0,1283.2630769387285,48.743548892190304,50.941983347996505,0,66.27210627799536
4,523,1047.0581923099235,0.16099424021366104,0,0.10831104565789094,0,1283.2630769387285,48.73303407573442,50.93094578560188,0,66.24313469287806
4,523.1,1042.1854141969234,0.16094898420840656,0,0.1692466073888181,0,1283.2630769387285,48.72252843387229,50.91991791269379,0,66.21419521058925
4,523.2,1037.3136861892417,0.16090376686612337,0,0.14261569160567644,0,1283.2630769387285,48.7120319525365,50.90889971429919,0,66.18528777384373
4,523.3000000000001,1032.443007373251,0.16085858812827034,0,0.16028687494963018,0,1283.2630769387285,48.701544617690566,50.89789117547826,0,66.15641232549362
4,523.4,1027.5733768362552,0.16081344793643396,0,0.16632085333845392,0,1283.2630769387285,48.69106641532904,50.88689228132448,0,66.12756880853397
4,523.5,1022.7047936590388,0.160768346232312,0,0.18062334245242156,0,1283.2630769387285,48.680597331477266,50.875903016964436,0,66.09875716612324
4,523.6,1017.8372569363564,0.1607232829577547,0,0.19712562429829886,0,1283.2630769387285,48.67013735219062,50.86492336755708,0,66.06997734152142
4,523.7,1012.9707657583058,0.16067825805472813,0,0.22877212667230812,0,1283.2630769387285,48.65968646355563,50.85395331829472,0,66.04122927814751
4,523.8000000000001,1008.1053192159161,0.16063327146532394,0,0.14853059813307976,0,1283.2630769387285,48.64924465168922,50.84299285440236,0,66.01251291956066
4,523.9,1003.2409164030105,0.16058832313176302,0,0.11428379532916566,0,1283.2630769387285,48.63881190273865,50.832041961137584,0,65.98382820945442
4,524,998.3775564115494,0.1605434129963856,0,0.07402067885651831,0,1283.2630769387285,48.628388202881574,50.821100623790635,0,65.95517509167013
4,524.1,993.5152383372188,0.1604985410016619,0,0.041749272085786715,0,1283.2630769387285,48.617973538325636,50.81016882768399,0,65.92655351017937
4,524.2,988.6539612775669,0.16045370709018816,0,0.12237893970516854,0,1283.2630769387285,48.607567895308506,50.799246558172406,0,65.8979634090893
4,524.3000000000001,983.7937243329361,0.16040891120468903,0,0.1021640260005089,0,1283.2630769387285,48.59717126009806,50.78833380064305,0,65.86940473264043
4,524.4,978.9345266027376,0.16036415328800924,0,0.18881188290834283,0,1283.2630769387285,48.58678361899223,50.777430540515404,0,65.84087742521687
4,524.5,974.0763671863824,0.1603194332831145,0,0.15794068273848294,0,1283.2630769387285,48.57640495831873,50.766536763240914,0,65.81238143134219
4,524.6,969.2192451860756,0.16027475113309692,0,0.14192517421382117,0,1283.2630769387285,48.56603526443492,50.755652454302904,0,65.78391669567105
4,524.7,964.3631597077474,0.1602301067811772,0,0.17182686069621111,0,1283.2630769387285,48.55567452372786,50.744777599216576,0,65.75548316298647
4,524.8000000000001,959.5081098582596,0.16018550017069866,0,0.18020542770474657,0,1283.2630769387285,48.54532272261434,50.73391218352908,0,65.72708077820793
4,524.9,954.6540947407484,0.16014093124511708,0,0.1885541807859849,0,1283.2630769387285,48.53497984754081,50.72305619281942,0,65.69870948640438
4,525,949.8011134667322,0.16009639994802466,0,0.21865109703357383,0,1283.2630769387285,48.524645884982895,50.71220961269792,0,65.67036923275735
4,525.1,944.9491651458666,0.16005190622312973,0,0.15053438755420073,0,1283.2630769387285,48.514320821445814,50.701372428806714,0,65.64205996259219
4,525.2,940.0982488850132,0.1600074500142537,0,0.09413101721415426,0,1283.2630769387285,48.504004643464164,50.69054462681942,0,65.61378162137915
4,525.3000000000001,935.2483637994155,0.15996303126535322,0,0.04564115984670489,0,1283.2630769387285,48.493697337601304,50.67972619244065,0,65.5855341546999
4,525.4,930.3995090005919,0.15991864992049623,0,0.04428633223695189,0,1283.2630769387285,48.48339889045006,50.668917111406586,0,65.55731750828376
4,525.5,925.5516836047173,0.15987430592387772,0,0.10328264905284751,0,1283.2630769387285,48.47310928863208,50.65811736948439,0,65.52913162798185
4,525.6,920.7048867261037,0.15982999921980673,0,0.09194970341368627,0,1283.2630769387285,48.462828518798055,50.64732695247242,0,65.50097645978616
4,525.7,915.8591174855828,0.15978572975272284,0,0.17931984063767403,0,1283.2630769387285,48.45255656762741,50.63654584619989,0,65.47285194980446
4,525.8000000000001,911.0143749983981,0.15974149746717162,0,0.1596157530602235,0,1283.2630769387285,48.44229342182868,50.62577403652721,0,65.4447580442959
4,525.9,906.1706583872437,0.15969730230782997,0,0.15810403791456468,0,1283.2630769387285,48.432039068138735,50.61501150934532,0,65.41669468963129
4,526,901.3279667729512,0.1596531442194877,0,0.19250871010576448,0,1283.2630769387285,48.42179349332331,50.60425825057608,0,65.38866183232105
4,526.1,896.4862992772833,0.15960902314705241,0,0.2042508697105275,0,1283.2630769387285,48.41155668417666,50.593514246171964,0,65.36065941900597
4,526.2,891.6456550247967,0.15956493903555288,0,0.20817151802450856,0,1283.2630769387285,48.401328627521366,50.58277948211591,0,65.33268739645132
4,526.3000000000001,886.806033141911,0.15952089183013718,0,0.2326651688953497,0,1283.2630769387285,48.39110931020845,50.57205394442137,0,65.30474571154961
4,526.4,881.9674327559769,0.15947688147607048,0,0.17029145001698148,0,1283.2630769387285,48.38089871911733,50.56133761913227,0,65.27683431132296
4,526.5,877.1298529878259,0.1594329079187191,0,0.13358048544217865,0,1283.2630769387285,48.370696841155734,50.550630492322895,0,65.24895314294358
4,526.6,872.2932929750532,0.15938897110359687,0,0.09500676949084738,0,1283.2630769387285,48.360503663258804,50.539932550097085,0,65.22110215366504
4,526.7,867.457751845941,0.15934507097631437,0,0.018897611898893513,0,1283.2630769387285,48.35031917239057,50.52924377858959,0,65.19328129090088
4,526.8000000000001,862.6232287334278,0.1593012074826047,0,0.069005521373258,0,1283.2630769387285,48.34014335554277,50.51856416396492,0,65.16549050218075
4,526.9,857.7897227657959,0.15925738056830502,0,0.14551257837251966,0,1283.2630769387285,48.32997619973522,50.50789369241768,0,65.13772973517774
4,527,852.9572330843657,0.1592135901793914,0,0.1570401318542419,0,1283.2630769387285,48.31981769201505,50.49723235017191,0,65.10999893765624
4,527.1,848.1257588239387,0.15916983626194095,0,0.07883236745379082,0,1283.2630769387285,48.30966781945779,50.48658012348204,0,65.08229805753031
4,527.2,843.2952991155908,0.15912611876213456,0,0.09216508393636558,0,1283.2630769387285,48.29952656916651,50.475936998632044,0,65.0546270428525
4,527.3000000000001,838.4658531015739,0.1590824376262875,0,0.08541027713233837,0,1283.2630769387285,48.28939392827138,50.46530296193507,0,65.0269858417707
4,527.4,833.6374199232087,0.1590387928008256,0,0.10701472899173646,0,1283.2630769387285,48.27926988393042,50.45467799973412,0,64.99937440256451
4,527.5,828.809998719953,0.1589951842322827,0,0.14786190989686268,0,1283.2630769387285,48.2691544233292,50.444062098401744,0,64.97179267364666
4,527.6,823.9835886331275,0.15895161186730727,0,0.16556417989852787,0,1283.2630769387285,48.25904753368058,50.43345524433979,0,64.94424060355149
4,527.7,819.1581888096407,0.15890807565266987,0,0.11757533208638499,0,1283.2630769387285,48.24894920222457,50.422857423979245,0,64.91671814092402
4,527.8000000000001,814.3337983908132,0.15886457553524097,0,0.05757934914945206,0,1283.2630769387285,48.23885941622873,50.41226862378065,0,64.8892252345524
4,527.9,809.5104165244848,0.15882111146201386,0,0.04035104696617478,0,1283.2630769387285,48.22877816298745,50.401688830233354,0,64.8617618333315
4,528,804.6880423594266,0.15877768338009404,0,0.05990745047657472,0,1283.2630769387285,48.218705429822315,50.39111802985587,0,64.83432788627958
4,528.1,799.8666750397533,0.15873429123668728,0,0.09883554175668871,0,1283.2630769387285,48.20864120408204,50.380556209195824,0,64.80692334255369
4,528.2,795.0463137179613,0.15869093497912495,0,0.1739321364111951,0,1283.2630769387285,48.19858547314183,50.37000335482932,0,64.77954815141081
4,528.3000000000001,790.2269575446844,0.15864761455484405,0,0.1581861072329153,0,1283.2630769387285,48.18853822440401,50.35945945336147,0,64.75220226223834
4,528.4,785.4086056714877,0.15860432991139237,0,0.06641033901702552,0,1283.2630769387285,48.178499445297575,50.34892449142611,0,64.72488562454527
4,528.5,780.5912572545931,0.15856108099643515,0,0.07891673589709042,0,1283.2630769387285,48.16846912327815,50.33839845568557,0,64.69759818795075
4,528.6,775.7749114483595,0.15851786775774282,0,0.059768283865141825,0,1283.2630769387285,48.158447245828214,50.327881332831026,0,64.6703399022035
4,528.7,770.9595674080774,0.15847469014319512,0,0.08122246257872794,0,1283.2630769387285,48.14843380045674,50.317373109582036,0,64.64311071717232
4,528.8000000000001,766.1452242899686,0.15843154810078103,0,0.11755436019547987,0,1283.2630769387285,48.1384287746991,50.30687377268649,0,64.6159105828456
4,528.9,761.3318812567741,0.15838844157861,0,0.1299366992851015,0,1283.2630769387285,48.12843215611691,50.2963833089205,0,64.5887394493157
4,529,756.5195374675095,0.15834537052489162,0,0.09010284305766841,0,1283.2630769387285,48.1184439322985,50.28590170508874,0,64.56159726680826
4,529.1,751.7081920802593,0.1583023348879397,0,0.07244193142207916,0,1283.2630769387285,48.108464090858355,50.275428948023986,0,64.53448398567265
4,529.2,746.8978442568332,0.1582593346161816,0,0.0825637279719656,0,1283.2630769387285,48.09849261943693,50.26496502458686,0,64.50739955636818
4,529.3000000000001,742.0884931627661,0.158216369658158,0,0.07554357601225731,0,1283.2630769387285,48.088529505700656,50.2545099216659,0,64.48034392946435
4,529.4,737.2801379617304,0.15817343996251193,0,0.11554854425154637,0,1283.2630769387285,48.0785747373422,50.244063626177734,0,64.45331705565667
4,529.5,732.4727778201923,0.1581305454779975,0,0.1676334912939404,0,1283.2630769387285,48.06862830208013,50.233626125066806,0,64.42631888575285
4,529.6,727.6664119102061,0.15808768615348542,0,0.11101752203382974,0,1283.2630769387285,48.05869018765888,50.22319740530528,0,64.39934937066478
4,529.7,722.8610393935814,0.1580448619379313,0,0.0191589230861849,0,1283.2630769387285,48.04876038184915,50.21277745389346,0,64.37240846145332
4,529.8000000000001,718.0566594433039,0.1580020727804165,0,0.05421252568933723,0,1283.2630769387285,48.03883887244678,50.20236625785866,0,64.34549610926534
4,529.9,713.2532712295651,0.15795931863012205,0,0.10430419104256021,0,1283.2630769387285,48.02892564727361,50.19196380425607,0,64.31861226537512
4,530,708.450873923488,0.15791659943633427,0,0.12490177491327305,0,1283.2630769387285,48.01902069417698,50.18157008016823,0,64.29175688117222
4,530.1,703.6494667017832,0.15787391514845475,0,0.11912096678087213,0,1283.2630769387285,48.00912400102973,50.171185072705015,0,64.26492990814855
4,530.2,698.8490487365052,0.15783126571597939,0,0.14085006858651147,0,1283.2630769387285,47.99923555573039,50.16080876900383,0,64.23813129792694
4,530.3000000000001,694.0496192025021,0.15778865108851253,0,0.11617496303495815,0,1283.2630769387285,47.98935534620269,50.15044115622917,0,64.21136100223927
4,530.4,689.2511772792786,0.1577460712157706,0,0.1236457726548442,0,1283.2630769387285,47.97948336039563,50.14008222157257,0,64.18461897292102
4,530.5,684.4537221444771,0.15770352604756932,0,0.1167112211294516,0,1283.2630769387285,47.96961958628365,50.129731952252854,0,64.15790516192989
4,530.6,679.6572529766709,0.15766101553382858,0,0.11952200651780426,0,1283.2630769387285,47.95976401186637,50.11939033551585,0,64.13121952133714
4,530.7,674.8617689600214,0.15761853962458142,0,0.09295305150822308,0,1283.2630769387285,47.949916625168434,50.10905735863422,0,64.1045620033141
4,530.8000000000001,670.0672692684457,0.1575760982699423,0,0.1201334091003112,0,1283.2630769387285,47.940077414239845,50.098733008907786,0,64.07793256017654
4,530.9,665.2737530907616,0.15753369142015586,0,0.08084459510969633,0,1283.2630769387285,47.93024636715488,50.08841727366248,0,64.05133114431207
4,531,660.4812196101993,0.1574913190255579,0,0.051328968241041065,0,1283.2630769387285,47.9204234720133,50.07811014025147,0,64.02475770824027
4,531.1,655.6896680137143,0.15744898103659252,0,0.12272941183610281,0,1283.2630769387285,47.910608716939585,50.067811596054476,0,63.998212204584604
4,531.2,650.8990974863991,0.15740667740380082,0,0.15765061553595805,0,1283.2630769387285,47.900802090083126,50.05752162847791,0,63.971694586087985
4,531.3000000000001,646.1095072152093,0.15736440807782776,0,0.1800693097926906,0,1283.2630769387285,47.89100357961796,50.04724022495454,0,63.945204805601485
4,531.4,641.3208963880315,0.15732217300942006,0,0.18038901093804519,0,1283.2630769387285,47.88121317374262,50.03696737294352,0,63.9187428160868
4,531.5,636.5332641983405,0.15727997214943537,0,0.1853979867630352,0,1283.2630769387285,47.871430860680185,50.02670305993024,0,63.89230857060307
4,531.6,631.7466098340228,0.15723780544882024,0,0.18224463740250801,0,1283.2630769387285,47.861656628678524,50.016447273426664,0,63.86590202233831
4,531.7,626.9609324932098,0.1571956728586406,0,0.1894153775133233,0,1283.2630769387285,47.8518904660096,50.006200000970644,0,63.83952312456406
4,531.8000000000001,622.1762313637882,0.1571535743300417,0,0.17929456741061636,0,1283.2630769387285,47.842132360970346,49.995961230126674,0,63.81317183069334
4,531.9,617.392505642958,0.1571115098142852,0,0.1612241901685753,0,1283.2630769387285,47.83238230188146,49.98573094848482,0,63.78684809422383
4,532,612.6097545269877,0.1570694792627298,0,0.11595569782938103,0,1283.2630769387285,47.82264027708807,49.97550914366133,0,63.7605518687678
4,532.1,607.8279772102833,0.1570274826268286,0,0.08414102982633707,0,1283.2630769387285,47.81290627495955,49.96529580329839,0,63.73428310805361
4,532.2,603.0471728928387,0.15698551985814338,0,0.1283707124383515,0,1283.2630769387285,47.80318028388916,49.955090915063835,0,63.70804176590439
4,532.3000000000001,598.2673407765105,0.1569435909083379,0,0.07899837963196982,0,1283.2630769387285,47.79346229229434,49.94489446665142,0,63.68182779624926
4,532.4,593.48848005943,0.15690169572916593,0,0.10154799867038691,0,1283.2630769387285,47.78375228861672,49.93470644578073,0,63.65564115313771
4,532.5,588.710589944385,0.15685983427248754,0,0.14562901213861137,0,1283.2630769387285,47.77405026132164,49.9245268401969,0,63.629481790716085
4,532.6,583.9336696332321,0.1568180064902578,0,0.1626475666475538,0,1283.2630769387285,47.764356198898426,49.91435563767063,0,63.60334966324266
4,532.7,579.157718331553,0.1567762123345356,0,0.13771672340047286,0,1283.2630769387285,47.75467008986,49.90419282599802,0,63.57724472507424
4,532.8000000000001,574.3827352439985,0.156734451757475,0,0.15369684554467572,0,1283.2630769387285,47.74499192274328,49.89403839300081,0,63.551166930679784
4,532.9,569.6087195761502,0.15669272471132736,0,0.17088157461910305,0,1283.2630769387285,47.7353216861087,49.88389232652597,0,63.52511623463347
4,533,564.8356705373153,0.15665103114844758,0,0.17382657207114355,0,1283.2630769387285,47.725659368540256,49.87375461444573,0,63.49909259160767
4,533.1,560.063587334007,0.1566093710212807,0,0.1898152886583957,0,1283.2630769387285,47.71600495864565,49.863625244657676,0,63.47309595639024
4,533.2,555.2924691773951,0.1565677442823761,0,0.17339569970246585,0,1283.2630769387285,47.706358445055876,49.85350420508442,0,63.447126283863774
4,533.3000000000001,550.5223152758554,0.15652615088437247,0,0.17396002357263518,0,1283.2630769387285,47.69671981642543,49.84339148367367,0,63.42118352902529
4,533.4,545.7531248461455,0.1564845907800201,0,0.16223991870506468,0,1283.2630769387285,47.68708906143197,49.83328706839802,0,63.395267646955894
4,533.5,540.984897098504,0.1564430639221516,0,0.16313439038701152,0,1283.2630769387285,47.677466168776824,49.82319094725542,0,63.36937859286198
4,533.6,536.2176312478259,0.1564015702637024,0,0.15142548960081714,0,1283.2630769387285,47.66785112718431,49.81310310826838,0,63.34351632204256
4,533.7,531.4513265071437,0.1563601097576984,0,0.15377460572159005,0,1283.2630769387285,47.65824392540195,49.80302353948434,0,63.31768078990786
4,533.8000000000001,526.6859820950776,0.15631868235726995,0,0.15172417467275875,0,1283.2630769387285,47.64864455220016,49.792952228975274,0,63.29187195195793
4,533.9,521.9215972302482,0.1562772880156415,0,0.15812068780782834,0,1283.2630769387285,47.63905299637256,49.782889164837975,0,63.26608976379876
4,534,517.158171129413,0.15623592668612712,0,0.14289666884110733,0,1283.2630769387285,47.62946924673589,49.77283433519399,0,63.2403341811465
4,534.1,512.395703015849,0.15619459832214658,0,0.1299210829394902,0,1283.2630769387285,47.619893292129504,49.76278772818917,0,63.214605159803945
4,534.2,507.634192106314,0.15615330287720006,0,0.12781853419800387,0,1283.2630769387285,47.61032512141604,49.752749331994174,0,63.18890265569657
4,534.3000000000001,502.8736376268789,0.15611204030489792,0,0.10001572496287982,0,1283.2630769387285,47.600764723480445,49.7427191348037,0,63.16322662482779
4,534.4,498.11403879895806,0.15607081055893443,0,0.09100711436538417,0,1283.2630769387285,47.591212087230815,49.732697124837124,0,63.13757702331834
4,534.5,493.3553948448971,0.15602961359309733,0,0.06348385364141332,0,1283.2630769387285,47.58166720159774,49.72268329033801,0,63.11195380738945
4,534.6,488.5977049926296,0.1559884493612769,0,0.08444251556953118,0,1283.2630769387285,47.57213005553427,49.7126776195739,0,63.086356933349805
4,534.7,483.84096846729517,0.15594731781744967,0,0.11405110808695601,0,1283.2630769387285,47.56260063801613,49.7026801008367,0,63.06078635761909
4,534.8000000000001,479.08518450241536,0.15590621891570033,0,0.16470662294265015,0,1283.2630769387285,47.55307893804149,49.6926907224423,0,63.03524203669702
4,534.9,474.3303523203358,0.1558651526101833,0,0.10973618083314662,0,1283.2630769387285,47.543564944631456,49.68270947273111,0,63.00972392721675
4,535,469.5764711527154,0.155824118855161,0,0.09019531821204589,0,1283.2630769387285,47.53405864682893,49.672736340066976,0,62.98423198588684
4,535.1,464.82354023028165,0.1557831176049851,0,0.08275259544135302,0,1283.2630769387285,47.524560033699274,49.66277131283776,0,62.9587661695204
4,535.2,460.0715587856248,0.15574214881410092,0,0.12020223594193534,0,1283.2630769387285,47.51506909433009,49.65281437945513,0,62.933326435026835
4,535.3000000000001,455.32052605133504,0.15570121243704432,0,0.1314701818875588,0,1283.2630769387285,47.50558581783123,49.642865528354584,0,62.90791273941677
4,535.4,450.57044126465917,0.15566030842845005,0,0.16864430971653793,0,1283.2630769387285,47.4961101933346,49.63292474799525,0,62.882525039789165
4,535.5,445.82130365632474,0.15561943674303008,0,0.2057279615729894,0,1283.2630769387285,47.48664220999451,49.62299202686019,0,62.85716329336144
4,535.6,441.0731124645099,0.15557859733559964,0,0.15081269407470163,0,1283.2630769387285,47.47718185698682,49.61306735345564,0,62.831827457430194
4,535.7,436.3258669245988,0.15553779016105768,0,0.13394949142579637,0,1283.2630769387285,47.46772912350955,49.60315071631148,0,62.80651748939964
4,535.8000000000001,431.5795662822202,0.15549701517441258,0,0.09428928083434761,0,1283.2630769387285,47.45828399878241,49.59324210398091,0,62.781233346746326
4,535.9,426.83420977182686,0.15545627233074008,0,0.05929877918641622,0,1283.2630769387285,47.448846472047585,49.583341505041055,0,62.75597498707723
4,536,422.08979663439095,0.1554155615852165,0,0.08188895269025358,0,1283.2630769387285,47.439416532568586,49.57344890809196,0,62.73074236807979
4,536.1,417.34632611181587,0.15537488289310802,0,0.17542373305108083,0,1283.2630769387285,47.42999416963069,49.56356430175697,0,62.70553544753775
4,536.2,412.6037974478677,0.15533423620977266,0,0.07035330669593556,0,1283.2630769387285,47.42057937254082,49.553687674682585,0,62.68035418332835
4,536.3000000000001,407.86220988538116,0.1552936214906546,0,0.06691888399498984,0,1283.2630769387285,47.41117213062768,49.54381901553862,0,62.65519853342991
4,536.4,403.12156266812235,0.15525303869128665,0,0.13111771917213508,0,1283.2630769387285,47.40177243324129,49.53395831301774,0,62.63006845591539
4,536.5,398.3818550463766,0.15521248776730218,0,0.16098096087670627,0,1283.2630769387285,47.39238026975318,49.52410555583565,0,62.60496390893841
4,536.6,393.64308626390994,0.15517196867440922,0,0.19673678989002566,0,1283.2630769387285,47.3829956295567,49.514260732731316,0,62.57988485076789
4,536.7,388.9052555691451,0.15513148136841115,0,0.2228996301405094,0,1283.2630769387285,47.37361850206623,49.50442383246632,0,62.554831239756666
4,536.8000000000001,384.1683622132987,0.15509102580520365,0,0.2655739907750448,0,1283.2630769387285,47.36424887671753,49.494594843825105,0,62.52980303434713
4,536.9,379.4324054457247,0.1550506019407653,0,0.22232442077805048,0,1283.2630769387285,47.35488674296782,49.48477375561503,0,62.504800193083454
4,537,374.6973845139146,0.1550102097311568,0,0.19154047630006685,0,1283.2630769387285,47.34553209029543,49.47496055666612,0,62.47982267461055
4,537.1,369.96329867839813,0.15496984913255032,0,0.15572701393406094,0,1283.2630769387285,47.33618490819959,49.46515523583074,0,62.454870437634455
4,537.2,365.23014718759805,0.15492952010118086,0,0.13132837259552993,0,1283.2630769387285,47.32684518620125,49.45535778198448,0,62.4299434409903
4,537.3000000000001,360.4979292936623,0.15488922259337518,0,0.11884875395184318,0,1283.2630769387285,47.317512913842016,49.44556818402508,0,62.405041643597535
4,537.4,355.76664425618947,0.15484895656555991,0,0.17992487695822187,0,1283.2630769387285,47.308188080684346,49.435786430872575,0,62.380165004450824
4,537.5,351.03629133012146,0.15480872197423795,0,0.13523101962960915,0,1283.2630769387285,47.29887067631192,49.42601251146972,0,62.355313482652676
4,537.6,346.3068697731942,0.15476851877600234,0,0.051731380944785875,0,1283.2630769387285,47.28956069032921,49.41624641478151,0,62.33048703739253
4,537.7,341.5783788440749,0.15472834692753246,0,0.0652135487528452,0,1283.2630769387285,47.280258112361494,49.406488129795235,0,62.305685627951604
4,537.8000000000001,336.8508178051561,0.1546882063855995,0,0.08762928771252718,0,1283.2630769387285,47.27096293205487,49.39673764552043,0,62.28090921369564
4,537.9,332.1241859123111,0.15464809710704616,0,0.13055544902696212,0,1283.2630769387285,47.26167513907637,49.386994950989035,0,62.256157754101544
4,538,327.39848243258893,0.1546080190488205,0,0.17800836079842147,0,1283.2630769387285,47.25239472311328,49.37726003525471,0,62.23143120870953
4,538.1,322.6737066246569,0.15456797216793833,0,0.236695891124711,0,1283.2630769387285,47.24312167387398,49.36753288739359,0,62.206729537176
4,538.2,317.94985775463283,0.1545279564215132,0,0.1806213562412098,0,1283.2630769387285,47.23385598108703,49.357813496503525,0,62.18205269923011
4,538.3000000000001,313.2269350849092,0.15448797176673457,0,0.16240302474014945,0,1283.2630769387285,47.22459763450174,49.348101851704456,0,62.15740065470362
4,538.4,308.5049378834665,0.15444801816088577,0,0.13178437329473175,0,1283.2630769387285,47.21534662388763,49.33839794213805,0,62.132773363505834
4,538.5,303.7838654173538,0.15440809556133137,0,0.0927880799062178,0,1283.2630769387285,47.206102939034835,49.328701756967945,0,62.108170785641015
4,538.6,299.063716952689,0.1543682039255167,0,0.11412623717968737,0,1283.2630769387285,47.19686656975383,49.31901328537959,0,62.083592881207885
4,538.7,294.3444917630404,0.15432834321098404,0,0.17921070924568505,0,1283.2630769387285,47.18763750587522,49.30933251657999,0,62.059039610376956
4,538.8000000000001,289.6261891145259,0.15428851337534372,0,0.17169525977963088,0,1283.2630769387285,47.1784157372503,49.299659439798184,0,62.03451093343061
4,538.9,284.90880827698857,0.15424871437629473,0,0.09845618528972318,0,1283.2630769387285,47.16920125375019,49.28999404428453,0,62.01000681073165
4,539,280.1923485249281,0.15420894617162656,0,0.03081269473662196,0,1283.2630769387285,47.15999404526607,49.28033631931081,0,61.985527202721315
4,539.1,275.4768091291189,0.1541692087192036,0,0.09330494841027441,0,1283.2630769387285,47.150794101709415,49.27068625417052,0,61.961072069941785
4,539.2,270.7621893649921,0.1541295019769801,0,0.120987472338427,0,1283.2630769387285,47.14160141301162,49.26104383817843,0,61.93664137301307
4,539.3000000000001,266.04848850890994,0.15408982590299372,0,0.15872326501259382,0,1283.2630769387285,47.13241596912406,49.251409060670774,0,61.91223507264308
4,539.4,261.33570583257824,0.15405018045535382,0,0.21473884753101236,0,1283.2630769387285,47.123237760018284,49.24178191100525,0,61.88785312964194
4,539.5,256.6238406198099,0.15401056559227377,0,0.1741542441854053,0,1283.2630769387285,47.11406677568527,49.23216237856044,0,61.863495504877136
4,539.6,251.91289214324206,0.1539709812720265,0,0.1387032116570161,0,1283.2630769387285,47.10490300613646,49.22255045273675,0,61.83916215933597
4,539.7,247.2028596829623,0.15393142745297872,0,0.11052678823446925,0,1283.2630769387285,47.095746441402596,49.212946122955245,0,61.81485305407409
4,539.8000000000001,242.49374251812696,0.1538919040935756,0,0.09650260755686246,0,1283.2630769387285,47.08659707153421,49.203349378658174,0,61.79056815023854
4,539.9,237.78553993068635,0.15385241115234755,0,0.09605316797509982,0,1283.2630769387285,47.07745488660153,49.19376020930885,0,61.76630740905785
4,540,233.07825120631605,0.1538129485879123,0,0.16295477051660265,0,1283.2630769387285,47.068319876694424,49.1841786043916,0,61.742070791839524
4,540.1,228.37187562230974,0.15377351635895092,0,0.1426489484337862,0,1283.2630769387285,47.05919203192266,49.17460455341197,0,61.717858260001314
4,540.2,223.666412464343,0.15373411442423918,0,0.068224654775459,0,1283.2630769387285,47.05007134241506,49.16503804589596,0,61.69366977502588
4,540.3000000000001,218.96186101995409,0.15369474274263592,0,0.03534847882507354,0,1283.2630769387285,47.04095779832005,49.155479071390545,0,61.66950529847935
4,540.4,214.25822057202458,0.15365540127307,0,0.105066627574194,0,1283.2630769387285,47.03185138980572,49.14592761946364,0,61.645364792027415
4,540.5,209.55549040809274,0.15361608997455758,0,0.13788278958489827,0,1283.2630769387285,47.02275210705931,49.1363836797037,0,61.621248217410376
4,540.6,204.85366981755942,0.1535768088061969,0,0.17110601533743638,0,1283.2630769387285,47.013659940287326,49.126847241719844,0,61.59715553645072
4,540.7,200.1527580898255,0.15353755772716476,0,0.2202133566878326,0,1283.2630769387285,47.004574879715804,49.11731829514193,0,61.573086711057776
4,540.8000000000001,195.45275450963527,0.15349833669670682,0,0.1878757740056244,0,1283.2630769387285,46.99549691559002,49.10779682962047,0,61.54904170323935
4,540.9,190.75365837477148,0.15345914567417132,0,0.16742645669346662,0,1283.2630769387285,46.98642603817394,49.09828283482602,0,61.52502047505477
4,541,186.05546897277236,0.15341998461896517,0,0.14427565466341383,0,1283.2630769387285,46.9773622377513,49.088776300450185,0,61.50102298867704
4,541.1,181.3581855976954,0.15338085349058478,0,0.1084476601155747,0,1283.2630769387285,46.96830550462458,49.07927721620462,0,61.47704920634726
4,541.2,176.66180754452944,0.15334175224860563,0,0.09276005249746484,0,1283.2630769387285,46.95925582911531,49.06978557182139,0,61.45309909038952
4,541.3000000000001,171.9663341064006,0.15330268085267704,0,0.1269274054076801,0,1283.2630769387285,46.950213201564175,49.06030135705302,0,61.429172603218454
4,541.4,167.2717645773664,0.15326363926252634,0,0.10847498534931678,0,1283.2630769387285,46.94117761233066,49.05082456167211,0,61.40526970733043
4,541.5,162.57809825614095,0.1532246274379665,0,0.052562481932883445,0,1283.2630769387285,46.93214905179295,49.041355175471345,0,61.38139036529457
4,541.6,157.88533443957567,0.1531856453388836,0,0.1266495154091718,0,1283.2630769387285,46.92312751034832,49.03189318826371,0,61.357534539769446
4,541.7,153.193472427316,0.15314669292524527,0,0.14642931229097364,0,1283.2630769387285,46.9141129784127,49.02243858988222,0,61.3337021934907
4,541.8000000000001,148.50251151807606,0.1531077701570936,0,0.18458060758385447,0,1283.2630769387285,46.90510544642094,49.01299137018004,0,61.30989328928057
4,541.9,143.81245101150125,0.15306887699454796,0,0.23426645988830253,0,1283.2630769387285,46.896104904826394,49.00355151903018,0,61.28610779004218
4,542,139.12329021189362,0.15303001339781264,0,0.2585521732780586,0,1283.2630769387285,46.88711134410113,48.99411902632563,0,61.262345658750526
4,542.1,134.43502841796726,0.15299117932715678,0,0.24811906571227466,0,1283.2630769387285,46.878124754735964,48.98469388197942,0,61.238606858478526
4,542.2,129.74766493681818,0.15295237474294057,0,0.21963476314144878,0,1283.2630769387285,46.869145127240024,48.97527607592415,0,61.214891352360084
4,542.3000000000001,125.06119906995445,0.1529135996055889,0,0.19825090884588287,0,1283.2630769387285,46.86017245214117,48.96586559811246,0,61.19119910362674
4,542.4,120.37563012354076,0.15287485387561017,0,0.17360297388754534,0.7336571802922522,1281.406036211572,46.851206719985576,48.956462438516546,0,61.16753007558035
4,542.5,115.78991501778364,0.14637877584601858,0,0.12652063387560367,0.7500939987578205,1279.5073904376231,44.86309571902162,46.87898111350174,0,53.716260656377585
4,542.6,111.40120471362025,0.13997943261813398,0,0.11634187565605171,0.7328320093755746,1277.6524383917201,42.911110656841984,44.83211624657246,0,46.99113540482803
4,542.7,107.20158697571605,0.1339600838555017,0,0.09108702614925804,0.7153570975979312,1275.841719025257,41.0812443968136,42.906619864701455,0,41.19976376512515
4,542.8000000000001,103.17921601980925,0.12830026852358017,0,0.10585736291636375,0.6991917935165104,1274.0719174455373,39.36617499026895,41.09597884670744,0,36.20681093097471
4,542.9,99.32314299512655,0.12296843278690921,0,0.11573818335215519,0.6842707616012841,1272.3398841378419,37.75528571259209,39.39012210710078,0,31.88759766898377
4,543,95.62342912238091,0.1179360411145845,0,0.0923202718501349,0.6704683618439597,1270.6427876087541,36.23899195787501,37.77994048267619,0,28.138983479151584
4,543.1,92.07104010879993,0.11317776869593645,0,0.11590116113697937,0.6576722939331787,1268.9780806205802,34.80878856964274,36.25734910645997,0,24.875677574359365
4,543.2,88.65774516109377,0.10867108111000458,0,0.1628934820599393,0.6457846757210203,1267.3434636959425,33.45711059732292,34.81515340719905,0,22.026801631882257
4,543.3000000000001,85.37602925300598,0.104395853586416,0,0.18223463491745295,0.6347199590467755,1265.7368538978628,32.1772077913802,33.44692767938708,0,19.533164316421377
4,543.4,82.2190169421956,0.10033404949927845,0,0.17882921054208623,0.6244030686033668,1264.1563583207649,30.96303858345586,32.1469125362588,0,17.345104830314867
4,543.5,79.18040600325912,0.0964694487221705,0,0.1643889270808581,0.614767857066844,1262.6002514918707,29.8091804288311,30.909928261066355,0,15.420776526102133
4,543.6,76.25440930947661,0.09278741711869588,0,0.1535011748596239,0.6057558212754621,1261.0669560222175,28.710753632985767,29.731301275420854,0,13.724772464689545
4,543.7,73.43570382054895,0.08927471010979075,0,0.12196559181996282,0.5973150302820548,1259.5550259709983,27.663356332992286,28.606801474465012,0,12.22701843664911
4,543.8000000000001,70.71938557457179,0.0859193046157322,0,0.08372661709349237,0.5893992256076036,1258.0631324873525,26.663008750996813,27.53258861111876,0,10.901876520689475
4,543.9,68.10092988517135,0.08271025474692546,0,0.07063239094148387,0.5819670627893874,1256.590051371956,25.706105191506406,26.50516625457952,0,9.727415371512489
4,544,65.57615600712597,0.07963756746432224,0,0.05928114226702294,0.5749814690902104,1255.1346522643844,24.78937253383761,25.521342118186148,0,8.684813299709736
4,544.1,63.14119567722082,0.07669209510902963,0,0.13352953804071727,0.5684090974316509,1253.695889212687,23.909834195582224,24.5781937680859,0,7.757867689721412
4,544.2,60.792465038597584,0.07386544224204585,0,0.11102609673585753,0.5622198603515052,1252.2727924226124,23.064778722529514,23.673038896712647,0,6.9325900116613965
4,544.3000000000001,58.52663949504495,0.07114988467182921,0,0.1085735108613993,0.5563865307779724,1250.8644610173578,22.251732305781342,22.803409484330057,0,6.196870068588318
4,544.4,56.34063115436584,0.06853829890142359,0,0.11855544678635731,0.5508843989997485,1249.4700566656002,21.468434644908957,21.967029284734743,0,5.540196510002808
4,544.5,54.23156854510307,0.06602410051324724,0,0.1257188467044828,0.545690976925448,1248.0887979581084,20.712817671947075,21.161794162521538,0,4.953423276308997
4,544.6,52.19677833188325,0.06360119024537494,0,0.15564677489362877,0.5407857423860283,1246.7199554315807,19.982986730246772,20.385754884465932,0,4.428573698182326
4,544.7,50.23376880772412,0.06126390670574636,0,0.15999957955353472,0.5361499175081287,1245.3628471534641,19.277203867212254,19.637102028979413,0,3.9586755925340817
4,544.8000000000001,48.3402149733156,0.059006984829223896,0,0.1804922835439847,0.5317662761219689,1244.0168347942672,18.593872953650965,18.914152728124893,0,3.5376219743588764
4,544.9,46.51394501328468,0.05682551931423642,0,0.16810540087987946,0.527618975977792,1242.6813201245666,17.93152638727035,18.215338998713946,0,3.160053017782665
4,545,44.75292804092169,0.05471493238557328,0,0.15639787923966553,0.5236934123587564,1241.355741882551,17.288813175257747,17.539197454016808,0,2.8212557080727776
4,545.1,43.0552629744634,0.0526709453204022,0,0.08766022434287622,0.5199760900280656,1240.0395729656937,16.664488221784516,16.884360216481987,0,2.5170782735953496
4,545.2,41.41916843689978,0.050689553252268475,0,0.04504139666199656,0.5164545110337461,1238.7323179064147,16.057402672721512,16.249546876632373,0,2.2438570075266315
4,545.3000000000001,39.84297354798764,0.048767002832306526,0,0.10337142087406298,0.5131170762030299,1237.433510597081,15.46649519175898,15.633557363872308,0,1.9983535094993499
4,545.4,38.3251095879823,0.0468997723822354,0,0.15631807219295152,0.5099529987043928,1236.1427122338011,14.890784060750285,15.035265612568223,0,1.7777007182369169
4,545.5,36.86410238686949,0.04508455421871226,0,0.15136089615963452,0.5069522276865552,1234.859509453503,14.32936001215548,14.453613921145244,0,1.5793563833930275
4,545.6,35.45856540556997,0.04331823887277111,0,0.1439548230804445,0.5041053810477115,1233.5835126411887,13.7813797158675,13.887607916008893,0,1.4010628517919501
4,545.7,34.10719343088567,0.04159790095917061,0,0.15445079690400831,0.5014036859488263,1232.3143543877623,13.246059852695412,13.336312042026409,0,1.240812228417198
4,545.8000000000001,32.80875685531646,0.03992078648266944,0,0.16195198113714662,0.49883892613832703,1231.05168808119,12.722671716807723,12.798845511568743,0,1.0968161253756687
4,545.9,31.56209645885974,0.03828430139386257,0,0.17790381575154932,0.4964033949621193,1229.7951866166009,12.210536297134194,12.274378652297685,0,0.9674793378671203
4,546,30.36611865554005,0.03668600123260126,0,0.19885160654032336,0.4940898534691719,1228.5445412124332,11.70901979509346,11.762129601980455,0,0.851376890504075
4,546.1,29.21979119349271,0.03512358171585829,0,0.22174652747032195,0.4918914928298346,1227.2994603217057,11.217529541097894,11.26136130462241,0,0.7472339835545514
4,546.2,28.12213920801878,0.033594870145989414,0,0.21377533895915665,0.4898019000632678,1226.0596686300414,10.735510277293033,10.771378768318742,0,0.6539084406604544
4,546.3000000000001,27.072241657413542,0.032097817535284054,0,0.1952427169500025,0.487815026977783,1224.8249061323093,10.262440779094902,10.291526551578436,0,0.5703753197465271
4,546.4,26.0692280838266,0.030630491353282024,0,0.13602920343398772,0.4859251610662702,1223.5949272829362,9.7978307901368,9.821186448264001,0,0.49571339868535225
4,546.5,25.112275634892285,0.029191068823505955,0,0.07102195625859692,0.4841268978062853,1222.3695002163324,9.34121825025944,9.359775347742795,0,0.4290932897220662
4,546.6,24.200606384314597,0.02777783070924178,0,0.10054464287502718,0.48241511404051907,1221.148406034698,8.89216679885411,8.906743250981995,0,0.36976697188824087
4,546.7,23.333484870381653,0.026389155538118582,0,0.15344535287654504,0.4807849407313613,1219.9314381647916,8.450263537646249,8.461571426569007,0,0.317058560267371
4,546.8000000000001,22.510215842165053,0.025023514237239787,0,0.22297013554592066,0.4792317345172884,1218.7184017866973,8.015117042577835,8.023770697673946,0,0.27035615646820743
4,546.9,21.73014221061021,0.023679465161728083,0,0.187467790382894,0.4777510464224762,1217.5091133417934,7.586355616588991,7.5928798545253064,0,0.22910464568180147
4,547,20.992643143981695,0.022355649519825056,0,0.15871732097004865,0.47633858511307825,1216.3034001337269,7.1636257802442245,7.168464193471732,0,0.19279932382903278
4,547.1,20.297132306732237,0.02105078722616422,0,0.10701824337391107,0.4749901719870168,1215.1011000430665,6.7465910049907425,6.750114192821543,0,0.1609802537547938
4,547.2,19.64305622410029,0.019763673243821476,0,0.11507531851154504,0.4737016826788182,1213.9020613900177,6.334930701947665,6.337444344943738,0,0.13322726233435958
4,547.3000000000001,19.029892714694142,0.018493174528850867,0,0.15287869588020062,0.47246896633377267,1212.7061430014728,5.928339495072245,5.930092181141844,0,0.10915550164226971
4,547.4,18.45714940223843,0.01723822777308645,0,0.1682099555099344,0.4712877290759215,1211.513214573028,5.526526832889055,5.527717552120436,0,0.08841150695251765
4,547.5,17.924362210556865,0.015997838267534273,0,0.18076749712281448,0.47015335494004373,1210.3231574842591,5.129217032700564,5.130002267449265,0,0.07066969247013412
4,547.6,17.431093863211572,0.014771080454520679,0,0.15696218471100185,0.4690606171478717,1209.1358663448173,4.736149929282342,4.736650276253141,0,0.05562923305862976
4,547.7,16.976932243444026,0.01355710116779101,0,0.1351008203182021,0.46800317834995536,1207.9512518055192,4.347082437677989,4.347388709587131,0,0.04301128634142126
4,547.8000000000001,16.56148854084313,0.01235512748390954,0,0.09271113252309161,0.46697266354610106,1206.7692457160695,3.961791635549814,3.9619704013056523,0,0.03255651566235391
4,547.9,16.18439493048936,0.01116448307729304,0,0.1306291187007649,0.4659567710869933,1205.5898110642363,3.5800806015686977,3.580179135655848,0,0.02402287987772602
4,548,15.84530141018331,0.009984621834444662,0,0.21924142976506034,0.4649349377195758,1204.4129628877088,3.201789805583528,3.201840429372284,0,0.017183663060917745
4,548.1,15.543870862573385,0.008815200979184121,0,0.28210446864876537,0.4638665727984996,1203.2388189676421,2.8268211741296936,2.8268449840572387,0,0.01182572893705071
4,548.2,15.279769977554679,0.007656261288112162,0,0.22743786568250476,0.46264983395837095,1202.067754869652,2.455196490455574,2.4552064803474636,0,0.007748017585053239
4,548.3000000000001,15.052648352459073,0.0065087822626782085,0,0.17889284223314159,0.4608924783744685,1200.9011390084938,2.0872360168005133,2.0872396139486655,0,0.004760443433413012
4,548.4,14.862066289409995,0.005377320970641248,0,0.12716644804901553,0.4525005213836933,1199.7557649566315,1.7244052807846724,1.7244063278222277,0,0.0026844333224648026
